
[1m▸ xcodegen drift[0m
  project.pbxproj matches project.yml

[1m▸ swiftlint --strict[0m

[1m▸ evaluation tooling[0m
....................................................
----------------------------------------------------------------------
Ran 52 tests in 4.670s

OK
classic  a:classic                    + 0 identical  fallback 0.0000 unfinished 0
expert   a:expert                     + 0 identical  fallback 0.0000 unfinished 0
expert   b:expert                     + 0 identical  fallback 0.0000 unfinished 0
expert   local:expert                 + 1 identical  fallback 0.0000 unfinished 0
classic  b:classic                    + 0 identical  fallback 0.0000 unfinished 0
classic  a:classic                    + 0 identical  fallback 0.0000 unfinished 0
3 variants, 3 pairs, 120 games -> /var/folders/_m/cfbn0s7j7zx3sx1lwv6w4mr80000gn/T/tmp3ksubg2h/schedule.jsonl
2 variants, 1 pairs, 8 games -> /var/folders/_m/cfbn0s7j7zx3sx1lwv6w4mr80000gn/T/tmp4xkhhs29/schedule.jsonl

[1m▸ packages build (W=E)[0m
[0/1] Planning build
Building for debugging...
[0/1] Write swift-version--58304C5D6DBC2206.txt
[2/26] Compiling CatanEngine Board.swift
[3/26] Compiling CatanEngine BoardGeneration.swift
[4/26] Compiling CatanEngine BoardShape.swift
[5/26] Compiling CatanEngine Building.swift
[6/26] Compiling CatanEngine CatanEngine.swift
[7/26] Compiling CatanEngine Conquest.swift
[8/26] Compiling CatanEngine DevCards.swift
[9/26] Compiling CatanEngine DiceOdds.swift
[10/26] Compiling CatanEngine GameSession.swift
[11/26] Compiling CatanEngine LongestRoad.swift
[12/26] Compiling CatanEngine MainPhase.swift
[13/26] Compiling CatanEngine DevCardPlayStatus.swift
[14/26] Compiling CatanEngine DevCardType.swift
[15/26] Compiling CatanEngine EdgeID.swift
[16/26] Compiling CatanEngine GameEvent.swift
[17/26] Compiling CatanEngine GameMode.swift
[18/26] Compiling CatanEngine GamePhase.swift
[19/26] Compiling CatanEngine GameState.swift
[20/26] Compiling CatanEngine GameVariant.swift
[21/26] Compiling CatanEngine HexCoordinate.swift
[22/26] Compiling CatanEngine Move.swift
[23/26] Compiling CatanEngine Player.swift
[24/26] Compiling CatanEngine PlayerID.swift
[25/26] Compiling CatanEngine Port.swift
[26/26] Emitting module CatanEngine
[27/49] Compiling CatanEngine RandomSource.swift
[28/49] Compiling CatanEngine Resource.swift
[29/49] Compiling CatanEngine Tile.swift
[30/49] Compiling CatanEngine VertexID.swift
[31/49] Compiling CatanEngine Naval.swift
[32/49] Compiling CatanEngine NavalFallback.swift
[33/49] Compiling CatanEngine NavalMapGenerator.swift
[34/49] Compiling CatanEngine NavalMapValidation.swift
[35/49] Compiling CatanEngine NavalModels.swift
[36/49] Compiling CatanEngine NavalMoves.swift
[37/49] Compiling CatanEngine NavalPorts.swift
[38/49] Compiling CatanEngine NavalProduction.swift
[39/49] Compiling CatanEngine NavalSightGeometry.swift
[40/49] Compiling CatanEngine NavalStateValidation.swift
[41/49] Compiling CatanEngine NavalTerrain.swift
[42/49] Compiling CatanEngine NavalVisibility.swift
[43/49] Compiling CatanEngine PublicLedger.swift
[44/49] Compiling CatanEngine Robber.swift
[45/49] Compiling CatanEngine RulesEngine.swift
[46/49] Compiling CatanEngine Ruleset.swift
[47/49] Compiling CatanEngine SetupPhase.swift
[48/49] Compiling CatanEngine Trading.swift
[49/49] Compiling CatanEngine WinCondition.swift
Build complete! (3.44s)
[0/1] Planning build
Building for debugging...
[0/16] Write swift-version--58304C5D6DBC2206.txt
[2/41] Emitting module CatanEngine
[3/41] Compiling CatanEngine Board.swift
[4/41] Compiling CatanEngine BoardGeneration.swift
[5/41] Compiling CatanEngine BoardShape.swift
[6/41] Compiling CatanEngine Building.swift
[7/41] Compiling CatanEngine CatanEngine.swift
[8/41] Compiling CatanEngine Conquest.swift
[9/41] Compiling CatanEngine DevCards.swift
[10/41] Compiling CatanEngine DiceOdds.swift
[11/41] Compiling CatanEngine GameSession.swift
[12/41] Compiling CatanEngine LongestRoad.swift
[13/41] Compiling CatanEngine MainPhase.swift
[14/41] Compiling CatanEngine DevCardPlayStatus.swift
[15/41] Compiling CatanEngine DevCardType.swift
[16/41] Compiling CatanEngine EdgeID.swift
[17/41] Compiling CatanEngine GameEvent.swift
[18/41] Compiling CatanEngine GameMode.swift
[19/41] Compiling CatanEngine GamePhase.swift
[20/41] Compiling CatanEngine GameState.swift
[21/41] Compiling CatanEngine GameVariant.swift
[22/41] Compiling CatanEngine HexCoordinate.swift
[23/41] Compiling CatanEngine Move.swift
[24/41] Compiling CatanEngine Player.swift
[25/41] Compiling CatanEngine PlayerID.swift
[26/41] Compiling CatanEngine Port.swift
[27/64] Compiling CatanEngine RandomSource.swift
[28/64] Compiling CatanEngine Resource.swift
[29/64] Compiling CatanEngine Tile.swift
[30/64] Compiling CatanEngine VertexID.swift
[31/64] Compiling CatanEngine Naval.swift
[32/64] Compiling CatanEngine NavalFallback.swift
[33/64] Compiling CatanEngine NavalMapGenerator.swift
[34/64] Compiling CatanEngine NavalMapValidation.swift
[35/64] Compiling CatanEngine NavalModels.swift
[36/64] Compiling CatanEngine NavalMoves.swift
[37/64] Compiling CatanEngine NavalPorts.swift
[38/64] Compiling CatanEngine NavalProduction.swift
[39/64] Compiling CatanEngine NavalSightGeometry.swift
[40/64] Compiling CatanEngine NavalStateValidation.swift
[41/64] Compiling CatanEngine NavalTerrain.swift
[42/64] Compiling CatanEngine NavalVisibility.swift
[43/64] Compiling CatanEngine PublicLedger.swift
[44/64] Compiling CatanEngine Robber.swift
[45/64] Compiling CatanEngine RulesEngine.swift
[46/64] Compiling CatanEngine Ruleset.swift
[47/64] Compiling CatanEngine SetupPhase.swift
[48/64] Compiling CatanEngine Trading.swift
[49/64] Compiling CatanEngine WinCondition.swift
[50/90] Emitting module CatanAI
[51/90] Compiling CatanAI Bot.swift
[52/90] Compiling CatanAI BotPersonality.swift
[53/90] Compiling CatanAI BotWeights.swift
[54/90] Compiling CatanAI BuildPlanner.swift
[55/90] Compiling CatanAI CatanAI.swift
[56/90] Compiling CatanAI ConquestHeuristics.swift
[57/90] Compiling CatanAI DevCardHeuristics.swift
[58/90] Compiling CatanAI BoardIndex.swift
[59/90] Compiling CatanAI EvaluationPolicy.swift
[60/90] Compiling CatanAI EvaluationProjections.swift
[61/90] Compiling CatanAI EvaluationWeights.swift
[62/90] Compiling CatanAI ExpertRevision.swift
[63/90] Compiling CatanAI HandDiscipline.swift
[64/90] Compiling CatanAI PointCompletingCards.swift
[65/90] Compiling CatanAI PositionEvaluator.swift
[66/90] Compiling CatanAI TradeCascade.swift
[67/90] Compiling CatanAI TradeValuation.swift
[68/90] Compiling CatanAI CandidateScoring.swift
[69/90] Compiling CatanAI DecisionExtractor.swift
[70/90] Compiling CatanAI DecisionRecord.swift
[71/90] Compiling CatanAI GhostPolicy.swift
[72/90] Compiling CatanAI GhostProfile.swift
[73/90] Compiling CatanAI PersonFitter.swift
[74/90] Compiling CatanAI PersonModel.swift
[75/90] Compiling CatanAI SeatStats.swift
[76/114] Compiling CatanAI StyleFeatures.swift
[77/114] Compiling CatanAI GreedyPolicy.swift
[78/114] Compiling CatanAI HeuristicPolicy.swift
[79/114] Compiling CatanAI JointTradeResponsePolicy.swift
[80/114] Compiling CatanAI NavalCards.swift
[81/114] Compiling CatanAI NavalDecisionContext.swift
[82/114] Compiling CatanAI NavalEconomy.swift
[83/114] Compiling CatanAI NavalLandControl.swift
[84/114] Compiling CatanAI NavalNavigation.swift
[85/114] Compiling CatanAI NavalNavigationDiagnostics.swift
[86/114] Compiling CatanAI NavalPolicy.swift
[87/114] Compiling CatanAI NavalTrading.swift
[88/114] Compiling CatanAI PlacementHeuristics.swift
[89/114] Compiling CatanAI PlannerTradeEvaluator.swift
[90/114] Compiling CatanAI ProductionModel.swift
[91/114] Compiling CatanAI PlanningContext.swift
[92/114] Compiling CatanAI PolicyBehaviorMetrics.swift
[93/114] Compiling CatanAI RobberHeuristics.swift
[94/114] Compiling CatanAI ThreatAssessment.swift
[95/114] Compiling CatanAI TradeAssessment.swift
[96/114] Compiling CatanAI TradeHeuristics.swift
[97/114] Compiling CatanAI TradeMessages.swift
[98/114] Compiling CatanAI TradeRefusingPolicy.swift
[99/114] Compiling CatanAI TradeReviewContext.swift
[100/118] Emitting module trade_bench
[101/118] Compiling trade_bench main.swift
[102/122] Emitting module naval_sim
[103/125] Compiling sim main.swift
[104/125] Emitting module sim
[105/128] Compiling ghost LogFile.swift
[106/128] Compiling ghost Selftest.swift
[107/128] Compiling naval_sim EvaluationProtocol.swift
[110/128] Emitting module ghost
[111/130] Compiling ghost main.swift
[112/130] Compiling naval_sim Rendering.swift
[113/130] Compiling naval_sim main.swift
[114/132] Compiling ghost Strength.swift
[115/132] Write Objects.LinkFileList
[118/132] Emitting module arena
[119/132] Compiling arena main.swift
[119/132] Linking trade-bench
[120/132] Write Objects.LinkFileList
[121/132] Applying trade-bench
[122/132] Linking sim
[123/132] Write Objects.LinkFileList
[124/132] Applying sim
[125/132] Linking naval-sim
[126/132] Write Objects.LinkFileList
[127/132] Applying naval-sim
[128/132] Linking ghost
[129/132] Applying ghost
[130/132] Linking arena
[131/132] Applying arena
Build complete! (8.75s)

[1m▸ CatanEngine tests[0m
[0/1] Planning build
Building for debugging...
[0/2] Write swift-version--58304C5D6DBC2206.txt
[2/27] Emitting module CatanEngine
[3/27] Compiling CatanEngine Board.swift
[4/27] Compiling CatanEngine BoardGeneration.swift
[5/27] Compiling CatanEngine BoardShape.swift
[6/27] Compiling CatanEngine Building.swift
[7/27] Compiling CatanEngine CatanEngine.swift
[8/27] Compiling CatanEngine Conquest.swift
[9/27] Compiling CatanEngine DevCards.swift
[10/27] Compiling CatanEngine DiceOdds.swift
[11/27] Compiling CatanEngine GameSession.swift
[12/27] Compiling CatanEngine LongestRoad.swift
[13/27] Compiling CatanEngine MainPhase.swift
[14/27] Compiling CatanEngine DevCardPlayStatus.swift
[15/27] Compiling CatanEngine DevCardType.swift
[16/27] Compiling CatanEngine EdgeID.swift
[17/27] Compiling CatanEngine GameEvent.swift
[18/27] Compiling CatanEngine GameMode.swift
[19/27] Compiling CatanEngine GamePhase.swift
[20/27] Compiling CatanEngine GameState.swift
[21/27] Compiling CatanEngine GameVariant.swift
[22/27] Compiling CatanEngine HexCoordinate.swift
[23/27] Compiling CatanEngine Move.swift
[24/27] Compiling CatanEngine Player.swift
[25/27] Compiling CatanEngine PlayerID.swift
[26/27] Compiling CatanEngine Port.swift
[27/50] Compiling CatanEngine RandomSource.swift
[28/50] Compiling CatanEngine Resource.swift
[29/50] Compiling CatanEngine Tile.swift
[30/50] Compiling CatanEngine VertexID.swift
[31/50] Compiling CatanEngine Naval.swift
[32/50] Compiling CatanEngine NavalFallback.swift
[33/50] Compiling CatanEngine NavalMapGenerator.swift
[34/50] Compiling CatanEngine NavalMapValidation.swift
[35/50] Compiling CatanEngine NavalModels.swift
[36/50] Compiling CatanEngine NavalMoves.swift
[37/50] Compiling CatanEngine NavalPorts.swift
[38/50] Compiling CatanEngine NavalProduction.swift
[39/50] Compiling CatanEngine NavalSightGeometry.swift
[40/50] Compiling CatanEngine NavalStateValidation.swift
[41/50] Compiling CatanEngine NavalTerrain.swift
[42/50] Compiling CatanEngine NavalVisibility.swift
[43/50] Compiling CatanEngine PublicLedger.swift
[44/50] Compiling CatanEngine Robber.swift
[45/50] Compiling CatanEngine RulesEngine.swift
[46/50] Compiling CatanEngine Ruleset.swift
[47/50] Compiling CatanEngine SetupPhase.swift
[48/50] Compiling CatanEngine Trading.swift
[49/50] Compiling CatanEngine WinCondition.swift
[49/51] Write Objects.LinkFileList
[50/51] Linking CatanEnginePackageTests
Build complete! (3.63s)
Test Suite 'All tests' started at 2026-10-07 03:02:02.210.
Test Suite 'All tests' passed at 2026-10-07 03:02:02.211.
	 Executed 0 tests, with 0 failures (0 unexpected) in 0.000 (0.001) seconds
◇ Test run started.
↳ Testing Library Version: 1902
↳ Target Platform: arm64e-apple-macos14.0
◇ Suite PublicLedgerTests started.
◇ Suite PublicLedgerCheckpointTests started.
◇ Test anUnoccupiedHexPaysEveryoneAsNormal() started.
◇ Suite NavalProductionValidationTests started.
◇ Suite NavalCornerVisibilityTests started.
◇ Suite NavalDeterminismTests started.
◇ Test devCardStatusExplainsTurnLimitAndMissingCard() started.
◇ Test negativeDiscardAmountIsRejected() started.
◇ Test randomizedBoardIsDeterministicForSameSeed() started.
◇ Suite RulesVersionReplayTests started.
◇ Test theSameSeedProducesTheSameSession() started.
◇ Suite NavalTradeCheckpointTests started.
◇ Test expandedHasFourteenPortsOnDistinctCoastalEdges() started.
◇ Suite NavalPortCheckpointTests started.
◇ Test noPlayerEverExceedsTheirPieceSupply() started.
◇ Suite SessionCheckpointValidationTests started.
◇ Suite TradeDraftConstraintTests started.
◇ Suite NavalGameplayTests started.
◇ Suite NavalVisibilityVersionTests started.
◇ Suite ExternalActionCheckpointTests started.
◇ Suite NavalSaveTests started.
◇ Test legalMovesOfferEachSingleCardAndTheCheapestWinningSet() started.
◇ Test discardingOffersOnlyTheActingSeatsOwnCombinations() started.
◇ Suite VastBoardTests started.
◇ Test setupPhaseFollowsSnakeOrder() started.
◇ Test newGameDevCardDeckPreservesStandardComposition() started.
◇ Test standardBoardHasNoAdjacentSixOrEight() started.
◇ Test anUnsupportedTargetIsRefused() started.
◇ Test aCoherentTerminalTradeQueueCannotReviveTheGame() started.
◇ Test deployMovesOfferEveryCardSetOnEveryReachableHex() started.
◇ Test replacingTheStateResetsTurnBookkeeping() started.
◇ Suite DevCardConservationTests started.
◇ Test aNegativeRadiusIsRejected() started.
◇ Suite TerminalTradeBookkeepingTests started.
◇ Test vastDoublesTheArmyDeck() started.
◇ Test cityRequiresExistingOwnSettlement() started.
◇ Test legalMovesEnumeratesMoveRobberTargetsAndVictims() started.
◇ Test anExternalMoveAdvancesTheSameGame() started.
◇ Suite ComposedProposalTests started.
◇ Test buildRoadDeductsCostAndReturnsResourcesToBank() started.
◇ Test branchingNetworkScoresOnlyLongestSimplePath() started.
◇ Suite NavalMapTests started.
◇ Suite NavalProductionTests started.
◇ Test legalMovesEnumeratesDiscardCombinationsForEachPendingPlayer() started.
◇ Test roadMustConnectToOwnNetwork() started.
◇ Test anyThreePricePaysFromTheBiggestPilesFirst() started.
◇ Test buyingPaysExactlyTheChosenThreeCardsAndDrawsTheTopCard() started.
◇ Test aHexYourBuildingsDoNotTouchCannotBeDeployedTo() started.
◇ Test classicShapeReproducesTheStandardBoardExactly() started.
◇ Test deployingCardsNotHeldIsRefusedWithoutMutation() started.
◇ Test boardHas9Ports() started.
◇ Test rollOfSevenProducesNoResources() started.
◇ Test monopolyTransfersAllMatchingCardsFromEveryOtherPlayer() started.
◇ Suite NavalSettlementScopeTests started.
◇ Test aThreeSeatGameCompletesSetupAcrossExactlyThreeSeats() started.
◇ Test fastSearchAgreesWithTheExhaustiveOneOnManyRandomNetworks() started.
◇ Test randomizedTerminatesForAFeasibleCountedShape() started.
◇ Test checkForWinnerIsNoOpOnceGameIsAlreadyOver() started.
◇ Test anOccupiedHexPaysOnlyTheOccupierPlusOne() started.
◇ Test onlyOneDevCardMayBePlayedPerTurn() started.
◇ Test expandedWinsAtTwentyFiveNotTen() started.
◇ Test opponentSettlementBreaksRoadChain() started.
◇ Suite BankTradeResourceRuleTests started.
◇ Test aClassicSaveCarryingAnExpandedTargetIsRefused() started.
◇ Test expandedPieceSuppliesAreNeverExceededOverAFullGame() started.
◇ Test fullSetupSequenceEndsAtRollDiceForPlayerZero() started.
◇ Suite DiceFairnessTests started.
◇ Test validationAgreesWithWhatApplyingActuallyDoes() started.
◇ Test aFullyOwnedGameRunsToCompletion() started.
◇ Test aCardBoughtThisTurnCanBeDeployedAtOnce() started.
◇ Test aSeatWithNoPolicyStopsTheLoop() started.
◇ Suite TradingTests started.
◇ Test movingTheRobberWithNobodyToRobReportsNoSteal() started.
◇ Test aSaveWithoutATargetLoadsAndPlaysToTen() started.
◇ Test anyThreePriceIsUnaffordableWithTwoCards() started.
◇ Test aTwelvePointGameDoesNotEndAtTen() started.
◇ Test aWinningMoveReportsTheWinExactlyOnce() started.
◇ Test scaledFromBoardOnAnExpandedSizedBoardRoundsAwayFromZero() started.
◇ Test aSaveMissingFieldsAddedAfterItWasWrittenStillLoads() started.
◇ Test expandedRandomizedBoardIsReproducibleFromItsSeed() started.
◇ Suite NavalPortVisibilityTests started.
◇ Test everyResourceGetsBankStockAndAFeatureSlot() started.
◇ Test expandedRandomizedBoardNeverAdjoinsSixAndEight() started.
◇ Test derivedPortsSitOnDistinctCoastalEdgesOfTheBoard() started.
◇ Test expandedDeckIsExactlyTwiceClassic() started.
◇ Test everyPhaseWithASeatReportsIt() started.
◇ Test aTribeHeldHexPaysEveryoneAsNormal() started.
◇ Test endingATurnReportsIt() started.
◇ Test aSaveMissingTheBoardIsRejectedRatherThanSilentlyDiscarded() started.
◇ Suite EngineFairnessTests started.
◇ Test anyOnePriceTakesASingleCard() started.
◇ Test settlementRespectsDistanceRuleAndRoadConnection() started.
◇ Suite NavalObservationTests started.
◇ Suite NavalOpeningTests started.
◇ Test legalMovesIsAPureFunctionOfTheState() started.
◇ Test phasesNoSingleSeatOwnsReportNobody() started.
◇ Test attackingPastATribeTakesTheHexWithTheOverflow() started.
◇ Test aTokenCountThatMissesTheProducingTilesIsRejected() started.
◇ Test expandedBoardHasThirtySevenTilesAndOneDesert() started.
◇ Test pipsMatchTheWaysTwoDiceRollEachNumber() started.
◇ Test theSameOfferAlwaysCarriesTheSameIdentifier() started.
◇ Test thirdKnightGrantsLargestArmy() started.
◇ Test serializedSessionKeepsTheAlreadySampledTradeResponse() started.
◇ Test buyingDevCardDeductsCostAndDraws() started.
◇ Test fragmentedRoadNetworkDoesNotSumAcrossDisconnectedPieces() started.
◇ Test armyCardsCostAnyThreeResourcesByDefault() started.
◇ Test newGameShufflesDevCardDeckDifferentlyForDifferentSeeds() started.
◇ Test scaledFromBoardReproducesClassicOnAClassicSizedBoard() started.
◇ Test aConquestSaveRoundTripsGarrisonsAndHands() started.
◇ Test soleDemandingPlayerGetsWhateverBankHasLeft() started.
◇ Test aShapeNoShuffleCanSatisfyIsRepairedRatherThanRefused() started.
◇ Test serializedSessionResumesTheSameDecisionsWithoutRestartingPolicyRandomness() started.
◇ Test buildCityUpgradesSettlementAndDeductsCost() started.
◇ Test devCardPlayLimitResetsAfterEndTurn() started.
◇ Test aRecordedMoveListReplaysToTheSameOutcome() started.
◇ Test distinctOffersGetDistinctIdentifiers() started.
◇ Test identifiersDoNotShareLongPrefixes() started.
◇ Test multipleDemandingPlayersGetNothingWhenBankCannotCoverAll() started.
◇ Test cannotPlayDevCardBoughtThisTurn() started.
◇ Test victoryPointsMatchesGameStateComputation() started.
◇ Test setupPlacementsReportThemselves() started.
◇ Test oneOfEachStillNeedsAllFive() started.
◇ Test newTieBetweenTwoOtherPlayersDisplacesCurrentHolder() started.
◇ Test theAccessorAgreesWithTheSessionsOwnNotionOfWhoActs() started.
◇ Test aTargetSurvivesASaveAndReload() started.
◇ Test aPaymentThatIsNotExactlyTheHeldPriceIsRefusedWithoutMutation() started.
◇ Test expandedSeatsAThirtyEightCardBankAndAFiftyCardDeck() started.
◇ Test buildingSettlementOnOpponentRoadRecomputesLongestRoadImmediately() started.
◇ Test belowTenVictoryPointsDoesNotEndGame() started.
◇ Test aThreeSeatGameCyclesTurnsAmongThreeSeats() started.
◇ Test tradingAResourceForItselfIsRejected() started.
◇ Test devCardsBoughtThisTurnBecomePlayableAfterEndTurn() started.
◇ Test endTurnClearsPendingTradeOffers() started.
◇ Test tileCountFollowsTheHexFormulaAtEveryRadius() started.
◇ Test setupEndDealsEveryPlayerOnePlayableArmyCard() started.
◇ Test playingMonopolyBeforeRollingStillRequiresTheRoll() started.
◇ Test vertexCanonicalizationIsConsistentAcrossSharedTiles() started.
◇ Test discardingHalfRoundedDownResolvesPhase() started.
◇ Test aPlayerAtTheRoadLimitHasNoLegalRoadToBuild() started.
◇ Test anExpandedSaveRoundTripsWithItsModeAndTarget() started.
◇ Test anEmptyArmyDeckCannotBeBoughtFrom() started.
◇ Test armyCardsRunFromOneToFourSoTribesAreHardToBreak() started.
◇ Test yearOfPlentyRequiresTwoCardsTheBankCanSupply() started.
◇ Test aCompositionThatDoesNotFillTheBoardIsRejected() started.
◇ Test expandedTokenMultisetIsExactlyTwiceClassic() started.
◇ Test tenVictoryPointsEndsGame() started.
◇ Test deployingOnYourOwnHexReinforcesIt() started.
◇ Test aRobberStealReportsWhichCardWasTaken() started.
◇ Test bankTradeIsRejectedWhenTheBankCannotSupplyTheWantedResource() started.
◇ Test playingKnightMovesRobberAndConsumesCard() started.
◇ Test aConquestGameShufflesTheFullClassicArmyDeck() started.
◇ Test aSaveWrittenBeforeModesExistedLoadsAsClassic() started.
◇ Test theIdentifierDependsOnEveryPartOfTheOffer() started.
◇ Test expandedRulesetMatchesTheSpec() started.
◇ Test everyModeIsCoherentAndReachable() started.
◇ Test roadBuildingBuildsTwoFreeRoads() started.
◇ Test equalLedgersEncodeIdentically() started.
◇ Test aStealLeavesTheVictimsCompositionUncertainButTheCountExact() started.
◇ Test startingBankIsUniformAcrossEveryResource() started.
◇ Test aLedgerEqualsItselfAfterARoundTrip() started.
◇ Test aRollPayoutIsCountedExactly() started.
◇ Test aFreshGameCarriesTheCurrentSchemaVersion() started.
◇ Test theRejectionMessageNamesTheBankRatherThanThePlayersHand() started.
◇ Test aBuildSpendsExactlyWhatItCosts() started.
◇ Test anExpandedGamePlaysToTwentyFiveWithoutStalling() started.
◇ Test theDesertCannotBeDeployedTo() started.
◇ Test anExactlyEqualAttackLeavesTheHexUnoccupied() started.
◇ Test everyEventCarryingAPrivateDetailIsMaskedForABystander() started.
◇ Test expandedAllowsThirtyRoadsWhereClassicStopsAtFifteen() started.
◇ Test outOfOrderSettlementBeforePendingRoadIsRejected() started.
◇ Test monopolyEmptiesEveryOtherHandOfThatResource() started.
◇ Test theKnownFloorNeverExceedsTheTruth() started.
◇ Test fastSearchAgreesWithTheExhaustiveOneAtThePlayableRoadCap() started.
◇ Test theEncodedLedgerIsOrderedBySeat() started.
◇ Test aFloorSpentToZeroLeavesNoEntryBehind() started.
◇ Test theRobberBlocksAnOccupiedHexIncludingTheBonus() started.
◇ Test aThreeSeatGameHasThreeSeats() started.
◇ Test aKnightStealIsMaskedTheSameWay() started.
◇ Test classicDiscardThresholdIsStillSeven() started.
◇ Test buyingIsLimitedByDeckSize() started.
◇ Test expandedBonusesAreWorthFourPointsInBothFormulas() started.
◇ Test aStealHidesTheResourceFromEveryoneButThiefAndVictim() started.
◇ Test classicRulesetMatchesTheValuesTheEngineShippedWith() started.
◇ Test occupierBonusRespectsBankShortage() started.
◇ Test tiedKnightCountsKeepCurrentLargestArmyHolder() started.
◇ Test aCountedCompositionExpandsToOnePinnedInterleavedOrder() started.
◇ Test standardBoardHas19TilesAndOneDesert() started.
◇ Test theObserverAlwaysKnowsItsOwnHandExactly() started.
◇ Test roadBuildingThrowsIfEitherEdgeIsIllegal() started.
◇ Test monopolyReportsHowManyCardsItSweptUp() started.
◇ Test devCardStatusDistinguishesNewAndOlderCopiesInOneStack() started.
◇ Test knightCanBePlayedBeforeRolling() started.
◇ Test tieKeepsCurrentHolder() started.
◇ Test aSaveWrittenBeforeConquestExistedLoadsAsStandard() started.
◇ Test robberTileProducesNothing() started.
◇ Test newTieBetweenTwoPlayersAwardsNoOne() started.
◇ Test aSaveResumesTheSameRandomSequenceItWouldHaveHad() started.
◇ Test aStandardGameListsNoArmyMovesAndRefusesThem() started.
◇ Test devCardStatusExplainsRequiredPlacementAndMissingRoadChoices() started.
◇ Test positionOnlyZeroHoldingsSurviveCheckpointRoundTrip(oreCount:) started.
◇ Test aThreeSeatGameSurvivesASaveAndReload() started.
◇ Test aCompositionExpandsToExactlyTheDeclaredCounts() started.
◇ Test yearOfPlentyWithSameResourceTwiceDoesNotCrash() started.
◇ Test robberMoveCannotSkipAnEligibleVictim() started.
◇ Test buildingReportsWhatWasBuilt() started.
◇ Test monopolySurvivesCheckpointRoundTrip(external:) started.
◇ Test fiveConnectedRoadsGrantsLongestRoad() started.
◇ Test expandedTerrainIsExactlyTwiceClassic() started.
◇ Test onlyMainTurnCountsAsAPlayableTurnForThatSeat() started.
◇ Test anUnsupportedTableSizeIsRefusedAtConstruction() started.
◇ Test settlementProducesOneResourceOnMatchingRoll() started.
◇ Test buildRoadWithInsufficientResourcesThrows() started.
◇ Test knightPlayedBeforeRollingBlocksAnotherCardThatSameTurn() started.
◇ Test devCardStatusOwnsTurnTimingAndPassiveCardRules() started.
◇ Test theRunawayBackstopForcesATurnToEnd() started.
◇ Test captureRequiresElevenButAResolvedElevenHasNoPendingCapture() started.
◇ Test everyPartialChoiceAndClockwiseSuffixSurvivesColdCheckpoint() started.
◇ Test mapFingerprintsRemainStableAcrossTestProcesses() started.
◇ Test secondSettlementGrantsResources() started.
◇ Test previousPublicDiscoveriesStayVisibleAndRepeatedDiscoveryProducesNoEvent() started.
◇ Test serializedSessionRejectsChangingThePolicyRoster() started.
◇ Test aConquestGameStartsWithEveryProducingHexHeldByATribeAtItsPipCount() started.
◇ Test aModeWhoseRoadLimitOutrunsTheSearchIsRefused() started.
◇ Test rollingReportsTheTotalThatWasActuallyRolled() started.
◇ Test terrainDoesNotChangeTheCornerOriginOrDiscoveryEvents(rotation:landMask:) started.
◇ Test aLegalBankTradeReportsNoProblemAndApplies() started.
◇ Test cornerFootprintIsCenteredSymmetricAndHasExactCutoff(rotation:origin:) started.
◇ Test theCompleteCanonicalCornerIncludesSeaAndOffEnvelopeCoordinates() started.
◇ Test everyActiveDevCardIsOfferedBeforeRolling() started.
◇ Test completedPositionDoesNotReconstructAnOpenTradeResponse() started.
◇ Test numbersThatAreNotOnTheBoardProduceNothing() started.
◇ Test deckBuildOrderRanksArePreservedAndDistinct() started.
◇ Test buyingDevCardReportsTheExactCardDrawn(card:) started.
◇ Test movingRobberCanStealFromAdjacentPlayer() started.
◇ Test illegalPlacementTooCloseIsRejected() started.
◇ Test settlementNotTouchingTheRolledTileGetsNothing() started.
◇ Test theGameEndsAtItsOwnTarget() started.
◇ Test engineNameIsSet() started.
◇ Test cityProducesTwoResourcesOnMatchingRoll() started.
◇ Test conquestDoesNotChangeTheDevDeckOrDiceSeedOfTheSameSeed() started.
◇ Test proposeTradeStopsBeingLegalAtTheTurnRetryLimit() started.
◇ Test randomLegalPlayReachesGameOverWithoutErrors() started.
◇ Test rollingSevenWithOverEightCardsRequiresDiscard() started.
◇ Test impossibleChoiceObligationsAreRejected(corruption:) started.
◇ Test roadCannotBeBuiltOnAnEdgeAnotherPlayerAlreadyOwns() started.
◇ Test expandedDiscardThresholdIsTenNotSeven() started.
◇ Test aStandardGameHasNoConquestStateAndDrawsTheSameRandomSequence() started.
◇ Test invalidRobberVictimLeavesTheWholeStateUntouched() started.
◇ Test roadCannotExtendThroughAnOpponentsSettlement() started.
◇ Test yearOfPlentyEnumeratesOnlyPairsTheBankCanSupply() started.
◇ Test sameSeedProducesAnIdenticalGame() started.
◇ Test aSaveWithAnInvalidTargetIsRejectedAsCorrupt() started.
◇ Test anAttackThatFallsShortWeakensTheDefender() started.
◇ Test yearOfPlentyRejectsAnUnavailablePairWithoutConsumingTheCard() started.
◇ Test wrongTurnMoveIsRejected() started.
◇ Test fastSearchHandlesTheShapesThatBreakNaiveSearches() started.
◇ Test winningWithAnOpenTradeEndsAutomatedNegotiation() started.
◇ Test ordinaryMovesReplayUnderEverySupportedVersion(rulesVersion:) started.
◇ Test versionOneStillReplaysAnExplicitRobberVictimExactly() started.
◇ Test unsupportedRulesVersionCannotMutateAReplay() started.
◇ Test versionOnePreservesNilVictimRobberHistory() started.
◇ Test versionOnePreservesNilVictimKnightHistory(beforeRoll:) started.
◇ Test versionOnePreservesPartialYearOfPlentyHistory() started.
◇ Test externalEndTurnCancelsCachedReply() started.
◇ Test externalBankSpendRefreshesCachedObservationWithoutRandomDraws() started.
◇ Test externalProposalQueuesAndExternalConsumptionClearsResponse() started.
◇ Test legacyQueuedReplyResumesWithChartedHarborsWithoutResampling(nearHarbor:) started.
◇ Test legacyProjectionDoesNotPermitOtherQueuedReplyCorruption(field:) started.
◇ Test shipVisionRetainsItsNineteenHexFootprintAndSixCardinalBoundaries(origin:) started.
◇ Test scaledFromBoardOnAMuchLargerBoardRoundsDownWhenTheFractionIsBelowHalf() started.
◇ Test clearDraftConstraintsAreNotPermissionToCommit() started.
◇ Test sameResourceIsExcludedInEitherDraftMode(_:) started.
◇ Test overlapPrecedesStableResourceOrderForBundleErrorsWithoutMutatingState() started.
◇ Test bankDraftNamesTheRequiredBundleAtThePlayersActualPortRate(_:) started.
◇ Test bankDraftChecksEachResourcesOwnRateInACompoundTrade() started.
◇ Test historicalOverlappingDomesticTradesStillApplyAndReplay(_:) started.
◇ Test rejectsQueuedResponseFromProposer() started.
◇ Test stockBelongsToBuilderAndSeaHexesAllowStacking() started.
◇ Test acceptsCheckpointAtTurnBackstop() started.
◇ Test landingRequiresSettlementBeforeRoadAndScoresDistinctIslands() started.
◇ Test rejectsQueuedNonResponseMove() started.
◇ Test captureIsGlobalOptionalAndLastsUntilRecapture() started.
◇ Test rejectsInvalidCurrentTurnSeat(index:) started.
◇ Test shipsPayExactCostSailAndRefresh(table:) started.
◇ Test rejectsZeroEvaluationsWithQueuedDecision() started.
◇ Test rejectsChangedPolicyRosterAfterDecoding() started.
◇ Test shipsCannotTeleportCrossLandOrMoveForAnotherSeat() started.
◇ Test aFirstColonyBonusCanCompleteTheFourteenPointWin() started.
◇ Test rejectsUnsupportedCheckpointVersion(version:) started.
◇ Test validHumanActionsBeyondAutomatedCapColdResume(mode:) started.
◇ Test rejectsUnsupportedStateSchema(version:) started.
◇ Test legacyDuplicateOffersStillReplayUnderRecordedRules(version:) started.
◇ Test rejectsCurrentTurnSeatWithoutActions() started.
◇ Test legacyNavalOneReplaysItsOriginalExactRevealUnderEveryEngineVersion(engineVersion:) started.
◇ Test rejectsActionsWithoutACurrentTurnSeat() started.
◇ Test decodedCheckpointContinuesIdenticalTranscriptAndLedger(table:) started.
◇ Test rejectsActionsBeyondTurnBackstop(actions:) started.
◇ Test fogDisabledRetainsTheEntireWorldUnderEitherVisionRule(version:) started.
◇ Test aMissingNavalVersionAlwaysDecodesAsLegacyOneWithoutRefogging() started.
◇ Test newGamesUseCornerVisionWithoutChangingOpeningMapOrEngineVersions() started.
◇ Test rejectsQueuedResponseToUnknownOffer() started.
◇ Test coldCheckpointKeepsItsVisionRuleAndPreviouslyDiscoveredTiles(version:) started.
◇ Test corruptNavalAuthoritativeStateIsRejected(corruption:) started.
◇ Test unsupportedNavalVisionVersionsRemainRejected(version:) started.
◇ Test duplicateOfferIDIsExcludedRejectedAndNeverMutates() started.
◇ Test rejectsQueuedResponseWithoutPendingOffer() started.
◇ Test queuedNavalTradeResponseUsesMaskedSnapshotAndValidatesCounts() started.
◇ Test rejectsInvalidQueuedResponseActor(index:) started.
◇ Test rejectsQueuedResponseWithoutActorPolicy() started.
◇ Test malformedMaximumShipIDCanDecodeAndBeRejectedWithoutOverflow() started.
◇ Test rejectsQueuedEvaluationOutsideRecordedRange(index:) started.
◇ Test allNewFieldsDecodeDefaultsAndOldModesKeepNilNavalState() started.
◇ Test rejectsCountersThatCannotAdvanceWithoutOverflow(field:) started.
◇ Test rejectsNegativeCounters(field:) started.
◇ Test rejectsInvalidPhasePlayerIndex(phase:index:) started.
◇ Test legitimateDecodedSnapshotsResume() started.
✔ Test anUnoccupiedHexPaysEveryoneAsNormal() passed after 0.048 seconds.
◇ Test thePieceLimitsAloneCanReachTheTarget() started.
◇ Test theRulesetIsPlayable() started.
◇ Test theBoardIsSixtyOneTilesWithThreeDeserts() started.
◇ Test thePortsCoverThreeGenericsPerFiveAndEveryResourceTwice() started.
◇ Test brickAndOreStayScarcerThanTheOtherThree() started.
◇ Test theDeckIsNotRequiredToReachTheTarget() started.
◇ Test theBoardHasOneHundredFiftyVertices() started.
◇ Test boardsAreDeterministicForOneSeed() started.
◇ Test theTokenSpreadIsSymmetricAboutSeven() started.
✔ Test negativeDiscardAmountIsRejected() passed after 0.072 seconds.
✔ Test devCardStatusExplainsTurnLimitAndMissingCard() passed after 0.073 seconds.
◇ Test terminalOfferDoesNotRequestAnotherDecision(restoration:) started.
◇ Test aLiveHumanOfferStillQueuesAndAppliesAPolicyResponse() started.
◇ Test knightWithoutAResourceHoldingNeighbourConsumesOneCardWithoutTheft(fixture:) started.
◇ Test monopolyTransfersOneResourceAndCannotBeReusedAfterResume(fixture:) started.
◇ Test olderCopyCanBePlayedButNewCopyWaitsUntilNextTurn(fixture:) started.
◇ Test invalidKnightVictimCannotConsumeOrPartiallyApply(fixture:) started.
✔ Test anUnsupportedTargetIsRefused() passed after 0.077 seconds.
◇ Test aSecondMatureMonopolyNeedsAnotherTurnAndAZeroGainStillConsumes(fixture:) started.
◇ Test knightTakesExactlyOneCardFromOnlyTheChosenVictim(fixture:) started.
✔ Test vastDoublesTheArmyDeck() passed after 0.079 seconds.
✔ Test discardingOffersOnlyTheActingSeatsOwnCombinations() passed after 0.081 seconds.
✔ Test standardBoardHasNoAdjacentSixOrEight() passed after 0.081 seconds.
◇ Test aComposedOfferMustCarryItsContentDerivedID() started.
◇ Test malformedOrExcessiveCompositionsAreRefused() started.
◇ Test noCompositionWhenProposingIsNotAllowed() started.
◇ Test aSessionAcceptsAndTablesAPermittedComposedOffer() started.
◇ Test jakesBundleForTheCityIsPermitted() started.
✔ Test aNegativeRadiusIsRejected() passed after 0.081 seconds.
◇ Test case passing 1 argument oreCount → 0 to positionOnlyZeroHoldingsSurviveCheckpointRoundTrip(oreCount:) started.
◇ Test case passing 1 argument oreCount → 2 to positionOnlyZeroHoldingsSurviveCheckpointRoundTrip(oreCount:) started.
◇ Test seededWorldStudy(family:) started.
◇ Test togglesPreserveWorldAndRandomStream(family:) started.
◇ Test sameFamilyFallbackIsValidForEitherProductionOption(family:) started.
✔ Test legalMovesOfferEachSingleCardAndTheCheapestWinningSet() passed after 0.090 seconds.
◇ Test citiesChooseTwoUnitsClockwiseAfterFixedProduction() started.
◇ Test robberBlocksFlexibleProductionAndNeverTargetsFogOrShips() started.
◇ Test unavailableChoicesAreRejectedAndEmptyBankExpiresObligations() started.
✔ Test randomizedBoardIsDeterministicForSameSeed() passed after 0.091 seconds.
✔ Test deployMovesOfferEveryCardSetOnEveryReachableHex() passed after 0.090 seconds.
✔ Test setupPhaseFollowsSnakeOrder() passed after 0.091 seconds.
✔ Test expandedHasFourteenPortsOnDistinctCoastalEdges() passed after 0.097 seconds.
✔ Test legalMovesEnumeratesDiscardCombinationsForEachPendingPlayer() passed after 0.098 seconds.
◇ Test case passing 1 argument external → false to monopolySurvivesCheckpointRoundTrip(external:) started.
◇ Test case passing 1 argument external → true to monopolySurvivesCheckpointRoundTrip(external:) started.
✔ Test aCoherentTerminalTradeQueueCannotReviveTheGame() passed after 0.108 seconds.
✔ Test legalMovesEnumeratesMoveRobberTargetsAndVictims() passed after 0.109 seconds.
✔ Test cityRequiresExistingOwnSettlement() passed after 0.115 seconds.
✔ Test anyThreePricePaysFromTheBiggestPilesFirst() passed after 0.119 seconds.
✔ Test anExternalMoveAdvancesTheSameGame() passed after 0.120 seconds.
◇ Test foundingNeedsAnOwnedShipAtThatExactCoastalCorner() started.
◇ Test resumedSetupOffersInlandSitesWithoutChangingSavedVision(version:) started.
◇ Test inlandOpeningIsLegalWithEitherFogSetting(family:fog:) started.
◇ Test setupStillCannotSkipToAnOverseasIslandOrIgnoreDistance() started.
◇ Test foundedIslandCanExpandInlandByRoadAfterItsShipLeaves() started.
◇ Test inlandPaidSettlementRequiresOwnRoadAndShipDoesNotSubstitute() started.
◇ Test bothOpeningSettlementsCanBeInland(family:count:) started.
✔ Test buildRoadDeductsCostAndReturnsResourcesToBank() passed after 0.120 seconds.
✔ Test buyingPaysExactlyTheChosenThreeCardsAndDrawsTheTopCard() passed after 0.210 seconds.
✔ Test branchingNetworkScoresOnlyLongestSimplePath() passed after 0.210 seconds.
✔ Test boardHas9Ports() passed after 0.212 seconds.
✔ Test classicShapeReproducesTheStandardBoardExactly() passed after 0.212 seconds.
✔ Test newGameDevCardDeckPreservesStandardComposition() passed after 0.212 seconds.
◇ Test case passing 2 arguments rotation → 0, landMask → 1 to terrainDoesNotChangeTheCornerOriginOrDiscoveryEvents(rotation:landMask:) started.
◇ Test case passing 2 arguments rotation → 0, landMask → 2 to terrainDoesNotChangeTheCornerOriginOrDiscoveryEvents(rotation:landMask:) started.
◇ Test case passing 2 arguments rotation → 0, landMask → 3 to terrainDoesNotChangeTheCornerOriginOrDiscoveryEvents(rotation:landMask:) started.
◇ Test case passing 2 arguments rotation → 0, landMask → 4 to terrainDoesNotChangeTheCornerOriginOrDiscoveryEvents(rotation:landMask:) started.
◇ Test case passing 2 arguments rotation → 0, landMask → 5 to terrainDoesNotChangeTheCornerOriginOrDiscoveryEvents(rotation:landMask:) started.
◇ Test case passing 2 arguments rotation → 0, landMask → 6 to terrainDoesNotChangeTheCornerOriginOrDiscoveryEvents(rotation:landMask:) started.
◇ Test case passing 2 arguments rotation → 0, landMask → 7 to terrainDoesNotChangeTheCornerOriginOrDiscoveryEvents(rotation:landMask:) started.
◇ Test case passing 2 arguments rotation → 1, landMask → 1 to terrainDoesNotChangeTheCornerOriginOrDiscoveryEvents(rotation:landMask:) started.
✔ Test monopolyTransfersAllMatchingCardsFromEveryOtherPlayer() passed after 0.217 seconds.
◇ Test case passing 2 arguments rotation → 1, landMask → 2 to terrainDoesNotChangeTheCornerOriginOrDiscoveryEvents(rotation:landMask:) started.
◇ Test case passing 2 arguments rotation → 1, landMask → 3 to terrainDoesNotChangeTheCornerOriginOrDiscoveryEvents(rotation:landMask:) started.
◇ Test case passing 2 arguments rotation → 1, landMask → 4 to terrainDoesNotChangeTheCornerOriginOrDiscoveryEvents(rotation:landMask:) started.
◇ Test case passing 2 arguments rotation → 1, landMask → 5 to terrainDoesNotChangeTheCornerOriginOrDiscoveryEvents(rotation:landMask:) started.
◇ Test case passing 2 arguments rotation → 1, landMask → 6 to terrainDoesNotChangeTheCornerOriginOrDiscoveryEvents(rotation:landMask:) started.
◇ Test case passing 2 arguments rotation → 1, landMask → 7 to terrainDoesNotChangeTheCornerOriginOrDiscoveryEvents(rotation:landMask:) started.
◇ Test case passing 2 arguments rotation → 2, landMask → 1 to terrainDoesNotChangeTheCornerOriginOrDiscoveryEvents(rotation:landMask:) started.
◇ Test case passing 2 arguments rotation → 2, landMask → 2 to terrainDoesNotChangeTheCornerOriginOrDiscoveryEvents(rotation:landMask:) started.
◇ Test case passing 2 arguments rotation → 2, landMask → 3 to terrainDoesNotChangeTheCornerOriginOrDiscoveryEvents(rotation:landMask:) started.
◇ Test case passing 2 arguments rotation → 2, landMask → 4 to terrainDoesNotChangeTheCornerOriginOrDiscoveryEvents(rotation:landMask:) started.
◇ Test case passing 2 arguments rotation → 2, landMask → 5 to terrainDoesNotChangeTheCornerOriginOrDiscoveryEvents(rotation:landMask:) started.
◇ Test case passing 2 arguments rotation → 2, landMask → 6 to terrainDoesNotChangeTheCornerOriginOrDiscoveryEvents(rotation:landMask:) started.
✔ Test deployingCardsNotHeldIsRefusedWithoutMutation() passed after 0.222 seconds.
✔ Test rollOfSevenProducesNoResources() passed after 0.222 seconds.
◇ Test case passing 2 arguments rotation → 0, origin → HexCoordinate(q: 0, r: 0) to cornerFootprintIsCenteredSymmetricAndHasExactCutoff(rotation:origin:) started.
◇ Test disjointCompoundBankTradeStillAppliesAtEachResourcesRate(rate:) started.
◇ Test case passing 2 arguments rotation → 2, landMask → 7 to terrainDoesNotChangeTheCornerOriginOrDiscoveryEvents(rotation:landMask:) started.
◇ Test mixedBankTradesWithOverlapAreRejectedWithoutMutation(rate:) started.
◇ Test case passing 2 arguments rotation → 0, origin → HexCoordinate(q: 4, r: -3) to cornerFootprintIsCenteredSymmetricAndHasExactCutoff(rotation:origin:) started.
◇ Test emptyAndNonpositiveBankTradesAreRejectedWithoutMutation() started.
◇ Test case passing 2 arguments rotation → 3, landMask → 1 to terrainDoesNotChangeTheCornerOriginOrDiscoveryEvents(rotation:landMask:) started.
◇ Test sameResourceBankTradeIsRejectedWithoutMutation(rate:quantity:) started.
◇ Test case passing 2 arguments rotation → 3, landMask → 2 to terrainDoesNotChangeTheCornerOriginOrDiscoveryEvents(rotation:landMask:) started.
◇ Test case passing 2 arguments rotation → 1, origin → HexCoordinate(q: 0, r: 0) to cornerFootprintIsCenteredSymmetricAndHasExactCutoff(rotation:origin:) started.
◇ Test case passing 2 arguments rotation → 3, landMask → 3 to terrainDoesNotChangeTheCornerOriginOrDiscoveryEvents(rotation:landMask:) started.
◇ Test case passing 2 arguments rotation → 1, origin → HexCoordinate(q: 4, r: -3) to cornerFootprintIsCenteredSymmetricAndHasExactCutoff(rotation:origin:) started.
◇ Test case passing 2 arguments rotation → 3, landMask → 4 to terrainDoesNotChangeTheCornerOriginOrDiscoveryEvents(rotation:landMask:) started.
◇ Test case passing 2 arguments rotation → 2, origin → HexCoordinate(q: 0, r: 0) to cornerFootprintIsCenteredSymmetricAndHasExactCutoff(rotation:origin:) started.
◇ Test case passing 2 arguments rotation → 3, landMask → 5 to terrainDoesNotChangeTheCornerOriginOrDiscoveryEvents(rotation:landMask:) started.
◇ Test case passing 2 arguments rotation → 2, origin → HexCoordinate(q: 4, r: -3) to cornerFootprintIsCenteredSymmetricAndHasExactCutoff(rotation:origin:) started.
◇ Test case passing 2 arguments rotation → 3, landMask → 6 to terrainDoesNotChangeTheCornerOriginOrDiscoveryEvents(rotation:landMask:) started.
◇ Test case passing 2 arguments rotation → 3, landMask → 7 to terrainDoesNotChangeTheCornerOriginOrDiscoveryEvents(rotation:landMask:) started.
◇ Test case passing 2 arguments rotation → 3, origin → HexCoordinate(q: 0, r: 0) to cornerFootprintIsCenteredSymmetricAndHasExactCutoff(rotation:origin:) started.
◇ Test case passing 2 arguments rotation → 4, landMask → 1 to terrainDoesNotChangeTheCornerOriginOrDiscoveryEvents(rotation:landMask:) started.
◇ Test case passing 2 arguments rotation → 3, origin → HexCoordinate(q: 4, r: -3) to cornerFootprintIsCenteredSymmetricAndHasExactCutoff(rotation:origin:) started.
◇ Test case passing 2 arguments rotation → 4, landMask → 2 to terrainDoesNotChangeTheCornerOriginOrDiscoveryEvents(rotation:landMask:) started.
◇ Test case passing 2 arguments rotation → 4, origin → HexCoordinate(q: 0, r: 0) to cornerFootprintIsCenteredSymmetricAndHasExactCutoff(rotation:origin:) started.
◇ Test case passing 2 arguments rotation → 4, landMask → 3 to terrainDoesNotChangeTheCornerOriginOrDiscoveryEvents(rotation:landMask:) started.
◇ Test case passing 2 arguments rotation → 4, origin → HexCoordinate(q: 4, r: -3) to cornerFootprintIsCenteredSymmetricAndHasExactCutoff(rotation:origin:) started.
◇ Test case passing 2 arguments rotation → 4, landMask → 4 to terrainDoesNotChangeTheCornerOriginOrDiscoveryEvents(rotation:landMask:) started.
◇ Test case passing 2 arguments rotation → 5, origin → HexCoordinate(q: 0, r: 0) to cornerFootprintIsCenteredSymmetricAndHasExactCutoff(rotation:origin:) started.
◇ Test case passing 2 arguments rotation → 4, landMask → 5 to terrainDoesNotChangeTheCornerOriginOrDiscoveryEvents(rotation:landMask:) started.
◇ Test case passing 2 arguments rotation → 5, origin → HexCoordinate(q: 4, r: -3) to cornerFootprintIsCenteredSymmetricAndHasExactCutoff(rotation:origin:) started.
◇ Test case passing 2 arguments rotation → 4, landMask → 6 to terrainDoesNotChangeTheCornerOriginOrDiscoveryEvents(rotation:landMask:) started.
◇ Test case passing 2 arguments rotation → 4, landMask → 7 to terrainDoesNotChangeTheCornerOriginOrDiscoveryEvents(rotation:landMask:) started.
◇ Test case passing 2 arguments rotation → 5, landMask → 1 to terrainDoesNotChangeTheCornerOriginOrDiscoveryEvents(rotation:landMask:) started.
◇ Test case passing 2 arguments rotation → 5, landMask → 2 to terrainDoesNotChangeTheCornerOriginOrDiscoveryEvents(rotation:landMask:) started.
◇ Test case passing 2 arguments rotation → 5, landMask → 3 to terrainDoesNotChangeTheCornerOriginOrDiscoveryEvents(rotation:landMask:) started.
◇ Test case passing 2 arguments rotation → 5, landMask → 4 to terrainDoesNotChangeTheCornerOriginOrDiscoveryEvents(rotation:landMask:) started.
◇ Test case passing 2 arguments rotation → 5, landMask → 5 to terrainDoesNotChangeTheCornerOriginOrDiscoveryEvents(rotation:landMask:) started.
◇ Test case passing 2 arguments rotation → 5, landMask → 6 to terrainDoesNotChangeTheCornerOriginOrDiscoveryEvents(rotation:landMask:) started.
◇ Test case passing 2 arguments rotation → 5, landMask → 7 to terrainDoesNotChangeTheCornerOriginOrDiscoveryEvents(rotation:landMask:) started.
✔ Test roadMustConnectToOwnNetwork() passed after 0.244 seconds.
◇ Test humanAndBotsWithDifferentPolicyDrawCountsGetIdenticalDice(fixture:) started.
◇ Test diceMatchTwoUnweightedDrawsRegardlessOfSeatOrHand(fixture:) started.
◇ Test anUnauthorizedRollCannotAdvanceTheRandomSequence(fixture:) started.
◇ Test choosingAMoveDoesNotAdvanceEngineDiceAndResumePreservesThem(fixture:) started.
◇ Test case passing 1 argument card → .knight to buyingDevCardReportsTheExactCardDrawn(card:) started.
◇ Test case passing 1 argument card → .roadBuilding to buyingDevCardReportsTheExactCardDrawn(card:) started.
◇ Test case passing 1 argument card → .yearOfPlenty to buyingDevCardReportsTheExactCardDrawn(card:) started.
◇ Test case passing 1 argument card → .monopoly to buyingDevCardReportsTheExactCardDrawn(card:) started.
◇ Test case passing 1 argument card → .victoryPoint to buyingDevCardReportsTheExactCardDrawn(card:) started.
✔ Test checkForWinnerIsNoOpOnceGameIsAlreadyOver() passed after 0.250 seconds.
✔ Test onlyOneDevCardMayBePlayedPerTurn() passed after 0.250 seconds.
✔ Test anOccupiedHexPaysOnlyTheOccupierPlusOne() passed after 0.250 seconds.
✔ Test replacingTheStateResetsTurnBookkeeping() passed after 0.251 seconds.
◇ Test rulesEngineAppliesProposeTrade() started.
◇ Test bankTradeRejectsNegativeGetAmount() started.
◇ Test respondRejectsWhenResponderIsProposer() started.
◇ Test legalMovesIncludesAcceptWhenBothSidesCanAfford() started.
◇ Test rulesEngineStillRejectsUnrelatedOutOfTurnMoves() started.
◇ Test bankTradeRejectedWhenBankLacksResource() started.
◇ Test legalMovesIncludeGiveCountsUpToTheGenerousCeiling() started.
◇ Test acceptFailsIfProposerNoLongerHoldsGiveCards() started.
◇ Test bankTradeRejectsNegativeGiveAmount() started.
◇ Test legalMovesExcludesAcceptWhenResponderCannotAffordWantedCards() started.
◇ Test threeToOneBankTradeWithGenericPort() started.
◇ Test endTurnClearsTradesAcceptedThisTurn() started.
◇ Test decliningATradeRecordsItAgainstTheProposer() started.
◇ Test legalMovesExcludesAcceptWhenProposerNoLongerAffordsGiveCards() started.
◇ Test fourToOneBankTradeWithNoPort() started.
◇ Test proposeAndRejectLeavesResourcesUntouched() started.
◇ Test rulesEngineAllowsNonActivePlayerToRespondToTrade() started.
◇ Test acceptFailsIfResponderLacksWantedCards() started.
◇ Test acceptingATradeIncrementsTheProposersAcceptedCountAndRejectingDoesNot() started.
◇ Test endTurnClearsDeclinedTradeHistory() started.
◇ Test bankTradeRejectedWhenRatioWrong() started.
✔ Test aSeatWithNoPolicyStopsTheLoop() passed after 0.257 seconds.
◇ Test proposeAndAcceptTradeSwapsCardsBetweenPlayers() started.
◇ Test proposeTradeFailsIfProposerLacksGiveCards() started.
◇ Test twoToOneBankTradeWithMatchingResourcePort() started.
◇ Test rulesEngineAppliesBankTrade() started.
◇ Test rulesEngineProposeTradeRejectsWrongProposer() started.
◇ Test proposeTradeRejectsNegativeAmounts() started.
◇ Test case passing 1 argument corruption → "maximum" to impossibleChoiceObligationsAreRejected(corruption:) started.
◇ Test case passing 1 argument corruption → "overYield" to impossibleChoiceObligationsAreRejected(corruption:) started.
◇ Test case passing 1 argument corruption → "wrongRoll" to impossibleChoiceObligationsAreRejected(corruption:) started.
◇ Test case passing 1 argument corruption → "captureFlag" to impossibleChoiceObligationsAreRejected(corruption:) started.
✔ Test opponentSettlementBreaksRoadChain() passed after 0.568 seconds.
◇ Test case passing 1 argument corruption → "missingLater" to impossibleChoiceObligationsAreRejected(corruption:) started.
◇ Test case passing 1 argument corruption → "reordered" to impossibleChoiceObligationsAreRejected(corruption:) started.
◇ Test case passing 1 argument corruption → "partialLater" to impossibleChoiceObligationsAreRejected(corruption:) started.
◇ Test case passing 1 argument corruption → "emptyBank" to impossibleChoiceObligationsAreRejected(corruption:) started.
◇ Test case passing 1 argument corruption → "wrongPhaseSeat" to impossibleChoiceObligationsAreRejected(corruption:) started.
✔ Test aHexYourBuildingsDoNotTouchCannotBeDeployedTo() passed after 0.868 seconds.
✔ Test movingTheRobberWithNobodyToRobReportsNoSteal() passed after 0.870 seconds.
✔ Test scaledFromBoardOnAnExpandedSizedBoardRoundsAwayFromZero() passed after 0.879 seconds.
✔ Test randomizedTerminatesForAFeasibleCountedShape() passed after 0.880 seconds.
✔ Test anyThreePriceIsUnaffordableWithTwoCards() passed after 0.887 seconds.
◇ Test discoveringAnOverseasCoastChartsItsHarborWhileOtherHexesStayFogged() started.
◇ Test chartedPortNeedsAnOwnedBuildingAndPreservesActualBankRates(kind:) started.
◇ Test openingChartsHomeHarborsWithoutDiscoveringTheirSea(family:) started.
◇ Test concealedTerrainAndPortsCannotChangeChartedHarbors() started.
✔ Test aTwelvePointGameDoesNotEndAtTen() passed after 0.888 seconds.
✔ Test aWinningMoveReportsTheWinExactlyOnce() passed after 0.888 seconds.
✔ Test everyResourceGetsBankStockAndAFeatureSlot() passed after 0.888 seconds.
✔ Test expandedDeckIsExactlyTwiceClassic() passed after 0.888 seconds.
✔ Test everyPhaseWithASeatReportsIt() passed after 0.888 seconds.
✔ Test aClassicSaveCarryingAnExpandedTargetIsRefused() passed after 0.889 seconds.
✔ Test aTribeHeldHexPaysEveryoneAsNormal() passed after 0.889 seconds.
✔ Test aCardBoughtThisTurnCanBeDeployedAtOnce() passed after 0.896 seconds.
◇ Test wrongSeatCannotPlayAndNeitherCommitPathMutates(fixture:) started.
✔ Test derivedPortsSitOnDistinctCoastalEdgesOfTheBoard() passed after 0.898 seconds.
◇ Test requiredRobberyAndDiscardHaveControllerParity(fixture:) started.
◇ Test humanAndPolicyApplyTheSameLegalCardMoves(fixture:) started.
✔ Test aThreeSeatGameCompletesSetupAcrossExactlyThreeSeats() passed after 0.905 seconds.
✔ Test anyOnePriceTakesASingleCard() passed after 0.907 seconds.
◇ Test observationsMaskGeographyAndPrivateCardsWithoutLosingPublicCounts() started.
◇ Test decodedRawInputMasksAndKeepsCounts(fog:flexible:) started.
◇ Test publicTranscriptHidesUninvolvedTheftIdentity() started.
◇ Test unobservedWorldAndFutureRandomnessDoNotChangeAnObservation() started.
◇ Test responseOnlyInformationDoesNotExposePrivateComposition(fog:flexible:) started.
◇ Test case passing 1 argument rulesVersion → 1 to ordinaryMovesReplayUnderEverySupportedVersion(rulesVersion:) started.
◇ Test case passing 1 argument rulesVersion → 3 to ordinaryMovesReplayUnderEverySupportedVersion(rulesVersion:) started.
◇ Test firstPlacementAndRoadArePlayable(family:) started.
✔ Test endingATurnReportsIt() passed after 0.915 seconds.
◇ Test case passing 1 argument beforeRoll → false to versionOnePreservesNilVictimKnightHistory(beforeRoll:) started.
◇ Test case passing 1 argument beforeRoll → true to versionOnePreservesNilVictimKnightHistory(beforeRoll:) started.
✔ Test phasesNoSingleSeatOwnsReportNobody() passed after 0.917 seconds.
✔ Test expandedWinsAtTwentyFiveNotTen() passed after 0.918 seconds.
✔ Test aTokenCountThatMissesTheProducingTilesIsRejected() passed after 0.918 seconds.
✔ Test attackingPastATribeTakesTheHexWithTheOverflow() passed after 0.918 seconds.
✔ Test pipsMatchTheWaysTwoDiceRollEachNumber() passed after 0.918 seconds.
✔ Test theSameOfferAlwaysCarriesTheSameIdentifier() passed after 0.918 seconds.
✔ Test settlementRespectsDistanceRuleAndRoadConnection() passed after 0.918 seconds.
✔ Test aSaveWithoutATargetLoadsAndPlaysToTen() passed after 1.043 seconds.
✔ Test expandedRandomizedBoardIsReproducibleFromItsSeed() passed after 1.070 seconds.
◇ Test case passing 1 argument nearHarbor → false to legacyQueuedReplyResumesWithChartedHarborsWithoutResampling(nearHarbor:) started.
◇ Test case passing 1 argument nearHarbor → true to legacyQueuedReplyResumesWithChartedHarborsWithoutResampling(nearHarbor:) started.
✔ Test thirdKnightGrantsLargestArmy() passed after 1.172 seconds.
◇ Test case passing 1 argument field → "bank" to legacyProjectionDoesNotPermitOtherQueuedReplyCorruption(field:) started.
◇ Test case passing 1 argument field → "handCounts" to legacyProjectionDoesNotPermitOtherQueuedReplyCorruption(field:) started.
◇ Test case passing 1 argument field → "devCardCounts" to legacyProjectionDoesNotPermitOtherQueuedReplyCorruption(field:) started.
◇ Test case passing 1 argument field → "devCardDeckCount" to legacyProjectionDoesNotPermitOtherQueuedReplyCorruption(field:) started.
◇ Test case passing 1 argument field → "legalMoves" to legacyProjectionDoesNotPermitOtherQueuedReplyCorruption(field:) started.
◇ Test case passing 1 argument field → "seat" to legacyProjectionDoesNotPermitOtherQueuedReplyCorruption(field:) started.
◇ Test case passing 1 argument field → "move" to legacyProjectionDoesNotPermitOtherQueuedReplyCorruption(field:) started.
◇ Test case passing 1 argument field → "evaluationIndex" to legacyProjectionDoesNotPermitOtherQueuedReplyCorruption(field:) started.
◇ Test case passing 1 argument field → "partialPorts" to legacyProjectionDoesNotPermitOtherQueuedReplyCorruption(field:) started.
◇ Test case passing 1 argument origin → HexCoordinate(q: 0, r: 0) to shipVisionRetainsItsNineteenHexFootprintAndSixCardinalBoundaries(origin:) started.
◇ Test case passing 1 argument origin → HexCoordinate(q: 4, r: -3) to shipVisionRetainsItsNineteenHexFootprintAndSixCardinalBoundaries(origin:) started.
✔ Test buyingDevCardDeductsCostAndDraws() passed after 1.626 seconds.
✔ Test scaledFromBoardReproducesClassicOnAClassicSizedBoard() passed after 1.626 seconds.
✔ Test armyCardsCostAnyThreeResourcesByDefault() passed after 1.626 seconds.
✔ Test soleDemandingPlayerGetsWhateverBankHasLeft() passed after 1.626 seconds.
✔ Test fragmentedRoadNetworkDoesNotSumAcrossDisconnectedPieces() passed after 1.626 seconds.
✔ Test newGameShufflesDevCardDeckDifferentlyForDifferentSeeds() passed after 1.626 seconds.
✔ Test fullSetupSequenceEndsAtRollDiceForPlayerZero() passed after 1.627 seconds.
✔ Test devCardPlayLimitResetsAfterEndTurn() passed after 1.626 seconds.
✔ Test buildCityUpgradesSettlementAndDeductsCost() passed after 1.626 seconds.
✔ Test expandedBoardHasThirtySevenTilesAndOneDesert() passed after 1.627 seconds.
◇ Test case passing 1 argument mode → .players to sameResourceIsExcludedInEitherDraftMode(_:) started.
◇ Test case passing 1 argument mode → .bank to sameResourceIsExcludedInEitherDraftMode(_:) started.
✔ Test aSaveMissingTheBoardIsRejectedRatherThanSilentlyDiscarded() passed after 1.630 seconds.
✔ Test multipleDemandingPlayersGetNothingWhenBankCannotCoverAll() passed after 1.632 seconds.
◇ Test case passing 1 argument rate → 2 to bankDraftNamesTheRequiredBundleAtThePlayersActualPortRate(_:) started.
◇ Test case passing 1 argument rate → 3 to bankDraftNamesTheRequiredBundleAtThePlayersActualPortRate(_:) started.
◇ Test case passing 1 argument rate → 4 to bankDraftNamesTheRequiredBundleAtThePlayersActualPortRate(_:) started.
✔ Test aConquestSaveRoundTripsGarrisonsAndHands() passed after 1.636 seconds.
◇ Test case passing 1 argument rulesVersion → 1 to historicalOverlappingDomesticTradesStillApplyAndReplay(_:) started.
◇ Test case passing 1 argument rulesVersion → 2 to historicalOverlappingDomesticTradesStillApplyAndReplay(_:) started.
✔ Test validationAgreesWithWhatApplyingActuallyDoes() passed after 1.671 seconds.
✔ Test serializedSessionKeepsTheAlreadySampledTradeResponse() passed after 1.692 seconds.
◇ Test case passing 1 argument index → -1 to rejectsInvalidCurrentTurnSeat(index:) started.
◇ Test case passing 1 argument index → 4 to rejectsInvalidCurrentTurnSeat(index:) started.
✔ Test oneOfEachStillNeedsAllFive() passed after 1.766 seconds.
◇ Test case passing 1 argument table → 3 to shipsPayExactCostSailAndRefresh(table:) started.
◇ Test case passing 1 argument table → 4 to shipsPayExactCostSailAndRefresh(table:) started.
✔ Test victoryPointsMatchesGameStateComputation() passed after 1.776 seconds.
✔ Test distinctOffersGetDistinctIdentifiers() passed after 1.805 seconds.
✔ Test setupPlacementsReportThemselves() passed after 1.842 seconds.
✔ Test aPaymentThatIsNotExactlyTheHeldPriceIsRefusedWithoutMutation() passed after 1.842 seconds.
✔ Test aShapeNoShuffleCanSatisfyIsRepairedRatherThanRefused() passed after 1.842 seconds.
◇ Test case passing 1 argument version → -1 to rejectsUnsupportedCheckpointVersion(version:) started.
◇ Test case passing 1 argument version → 0 to rejectsUnsupportedCheckpointVersion(version:) started.
◇ Test case passing 1 argument version → 2 to rejectsUnsupportedCheckpointVersion(version:) started.
✔ Test identifiersDoNotShareLongPrefixes() passed after 1.861 seconds.
◇ Test case passing 1 argument mode → .classic to validHumanActionsBeyondAutomatedCapColdResume(mode:) started.
◇ Test case passing 1 argument mode → .naval to validHumanActionsBeyondAutomatedCapColdResume(mode:) started.
✔ Test newTieBetweenTwoOtherPlayersDisplacesCurrentHolder() passed after 1.869 seconds.
✔ Test belowTenVictoryPointsDoesNotEndGame() passed after 1.869 seconds.
✔ Test cannotPlayDevCardBoughtThisTurn() passed after 1.869 seconds.
◇ Test case passing 1 argument version → -1 to rejectsUnsupportedStateSchema(version:) started.
◇ Test case passing 1 argument version → 7 to rejectsUnsupportedStateSchema(version:) started.
◇ Test case passing 1 argument version → 1 to legacyDuplicateOffersStillReplayUnderRecordedRules(version:) started.
✔ Test aTargetSurvivesASaveAndReload() passed after 1.899 seconds.
◇ Test case passing 1 argument version → 2 to legacyDuplicateOffersStillReplayUnderRecordedRules(version:) started.
◇ Test case passing 1 argument engineVersion → 1 to legacyNavalOneReplaysItsOriginalExactRevealUnderEveryEngineVersion(engineVersion:) started.
NAVAL DETERMINISM FINGERPRINT 9763491777621528290
◇ Test case passing 1 argument engineVersion → 2 to legacyNavalOneReplaysItsOriginalExactRevealUnderEveryEngineVersion(engineVersion:) started.
◇ Test case passing 1 argument engineVersion → 3 to legacyNavalOneReplaysItsOriginalExactRevealUnderEveryEngineVersion(engineVersion:) started.
✔ Test tradingAResourceForItselfIsRejected() passed after 2.073 seconds.
◇ Test case passing 1 argument table → 3 to decodedCheckpointContinuesIdenticalTranscriptAndLedger(table:) started.
◇ Test case passing 1 argument table → 4 to decodedCheckpointContinuesIdenticalTranscriptAndLedger(table:) started.
◇ Test case passing 1 argument actions → 26 to rejectsActionsBeyondTurnBackstop(actions:) started.
◇ Test case passing 1 argument actions → 1000000 to rejectsActionsBeyondTurnBackstop(actions:) started.
◇ Test case passing 1 argument version → 1 to fogDisabledRetainsTheEntireWorldUnderEitherVisionRule(version:) started.
◇ Test case passing 1 argument version → 2 to fogDisabledRetainsTheEntireWorldUnderEitherVisionRule(version:) started.
◇ Test case passing 1 argument version → 1 to coldCheckpointKeepsItsVisionRuleAndPreviouslyDiscoveredTiles(version:) started.
◇ Test case passing 1 argument version → 2 to coldCheckpointKeepsItsVisionRuleAndPreviouslyDiscoveredTiles(version:) started.
✔ Test tileCountFollowsTheHexFormulaAtEveryRadius() passed after 2.362 seconds.
◇ Test case passing 1 argument corruption → "nil" to corruptNavalAuthoritativeStateIsRejected(corruption:) started.
◇ Test case passing 1 argument corruption → "rulesVersion" to corruptNavalAuthoritativeStateIsRejected(corruption:) started.
◇ Test case passing 1 argument corruption → "mapVersion" to corruptNavalAuthoritativeStateIsRejected(corruption:) started.
◇ Test case passing 1 argument corruption → "unknownReveal" to corruptNavalAuthoritativeStateIsRejected(corruption:) started.
✔ Test expandedSeatsAThirtyEightCardBankAndAFiftyCardDeck() passed after 2.619 seconds.
◇ Test case passing 1 argument corruption → "duplicateShip" to corruptNavalAuthoritativeStateIsRejected(corruption:) started.
◇ Test case passing 1 argument corruption → "shipLand" to corruptNavalAuthoritativeStateIsRejected(corruption:) started.
◇ Test case passing 1 argument corruption → "shipSteps" to corruptNavalAuthoritativeStateIsRejected(corruption:) started.
◇ Test case passing 1 argument corruption → "shipOwner" to corruptNavalAuthoritativeStateIsRejected(corruption:) started.
◇ Test case passing 1 argument corruption → "stock" to corruptNavalAuthoritativeStateIsRejected(corruption:) started.
◇ Test case passing 1 argument corruption → "score" to corruptNavalAuthoritativeStateIsRejected(corruption:) started.
◇ Test case passing 1 argument corruption → "topology" to corruptNavalAuthoritativeStateIsRejected(corruption:) started.
◇ Test case passing 1 argument corruption → "choice" to corruptNavalAuthoritativeStateIsRejected(corruption:) started.
◇ Test case passing 1 argument corruption → "garrison" to corruptNavalAuthoritativeStateIsRejected(corruption:) started.
◇ Test case passing 1 argument corruption → "armyDeck" to corruptNavalAuthoritativeStateIsRejected(corruption:) started.
◇ Test case passing 1 argument corruption → "armyHand" to corruptNavalAuthoritativeStateIsRejected(corruption:) started.
✔ Test endTurnClearsPendingTradeOffers() passed after 2.926 seconds.
◇ Test case passing 1 argument version → 0 to unsupportedNavalVisionVersionsRemainRejected(version:) started.
◇ Test case passing 1 argument version → 3 to unsupportedNavalVisionVersionsRemainRejected(version:) started.
◇ Test case passing 1 argument version → 999 to unsupportedNavalVisionVersionsRemainRejected(version:) started.
◇ Test case passing 1 argument index → -1 to rejectsInvalidQueuedResponseActor(index:) started.
◇ Test case passing 1 argument index → 4 to rejectsInvalidQueuedResponseActor(index:) started.
✔ Test setupEndDealsEveryPlayerOnePlayableArmyCard() passed after 3.129 seconds.
✔ Test playingMonopolyBeforeRollingStillRequiresTheRoll() passed after 3.138 seconds.
◇ Test case passing 1 argument index → -1 to rejectsQueuedEvaluationOutsideRecordedRange(index:) started.
◇ Test case passing 1 argument index → 1 to rejectsQueuedEvaluationOutsideRecordedRange(index:) started.
◇ Test case passing 1 argument index → 2 to rejectsQueuedEvaluationOutsideRecordedRange(index:) started.
✔ Test buildingSettlementOnOpponentRoadRecomputesLongestRoadImmediately() passed after 3.156 seconds.
◇ Test case passing 1 argument field → "actionsThisTurn" to rejectsCountersThatCannotAdvanceWithoutOverflow(field:) started.
◇ Test case passing 1 argument field → "policyEvaluationCount" to rejectsCountersThatCannotAdvanceWithoutOverflow(field:) started.
✔ Test devCardsBoughtThisTurnBecomePlayableAfterEndTurn() passed after 3.165 seconds.
◇ Test case passing 1 argument field → "actionsThisTurn" to rejectsNegativeCounters(field:) started.
◇ Test case passing 1 argument field → "policyEvaluationCount" to rejectsNegativeCounters(field:) started.
✔ Test armyCardsRunFromOneToFourSoTribesAreHardToBreak() passed after 3.171 seconds.
✔ Test vertexCanonicalizationIsConsistentAcrossSharedTiles() passed after 3.172 seconds.
◇ Test case passing 2 arguments phase → "setupForward", index → -1 to rejectsInvalidPhasePlayerIndex(phase:index:) started.
◇ Test case passing 2 arguments phase → "setupForward", index → 4 to rejectsInvalidPhasePlayerIndex(phase:index:) started.
◇ Test case passing 2 arguments phase → "setupBackward", index → -1 to rejectsInvalidPhasePlayerIndex(phase:index:) started.
◇ Test case passing 2 arguments phase → "setupBackward", index → 4 to rejectsInvalidPhasePlayerIndex(phase:index:) started.
◇ Test case passing 2 arguments phase → "rollDice", index → -1 to rejectsInvalidPhasePlayerIndex(phase:index:) started.
◇ Test case passing 2 arguments phase → "rollDice", index → 4 to rejectsInvalidPhasePlayerIndex(phase:index:) started.
◇ Test case passing 2 arguments phase → "mainTurn", index → -1 to rejectsInvalidPhasePlayerIndex(phase:index:) started.
◇ Test case passing 2 arguments phase → "mainTurn", index → 4 to rejectsInvalidPhasePlayerIndex(phase:index:) started.
◇ Test case passing 2 arguments phase → "movingRobber", index → -1 to rejectsInvalidPhasePlayerIndex(phase:index:) started.
◇ Test case passing 2 arguments phase → "movingRobber", index → 4 to rejectsInvalidPhasePlayerIndex(phase:index:) started.
✔ Test aCompositionThatDoesNotFillTheBoardIsRejected() passed after 3.200 seconds.
✔ Test discardingHalfRoundedDownResolvesPhase() passed after 3.201 seconds.
✔ Test yearOfPlentyRequiresTwoCardsTheBankCanSupply() passed after 3.200 seconds.
✔ Test deployingOnYourOwnHexReinforcesIt() passed after 3.200 seconds.
✔ Test tenVictoryPointsEndsGame() passed after 3.200 seconds.
✔ Test aPlayerAtTheRoadLimitHasNoLegalRoadToBuild() passed after 3.200 seconds.
✔ Test aRobberStealReportsWhichCardWasTaken() passed after 3.200 seconds.
✔ Test bankTradeIsRejectedWhenTheBankCannotSupplyTheWantedResource() passed after 3.200 seconds.
✔ Test playingKnightMovesRobberAndConsumesCard() passed after 3.200 seconds.
✔ Test theIdentifierDependsOnEveryPartOfTheOffer() passed after 3.200 seconds.
✔ Test expandedRulesetMatchesTheSpec() passed after 3.201 seconds.
✔ Test expandedTokenMultisetIsExactlyTwiceClassic() passed after 3.203 seconds.
✔ Test everyModeIsCoherentAndReachable() passed after 3.203 seconds.
✔ Test anEmptyArmyDeckCannotBeBoughtFrom() passed after 3.204 seconds.
✔ Test aConquestGameShufflesTheFullClassicArmyDeck() passed after 3.204 seconds.
✔ Test roadBuildingBuildsTwoFreeRoads() passed after 3.205 seconds.
✔ Test equalLedgersEncodeIdentically() passed after 3.218 seconds.
✔ Test startingBankIsUniformAcrossEveryResource() passed after 3.231 seconds.
✔ Test aStealLeavesTheVictimsCompositionUncertainButTheCountExact() passed after 3.231 seconds.
✔ Test theRejectionMessageNamesTheBankRatherThanThePlayersHand() passed after 3.231 seconds.
✔ Test aFreshGameCarriesTheCurrentSchemaVersion() passed after 3.231 seconds.
✔ Test aBuildSpendsExactlyWhatItCosts() passed after 3.231 seconds.
✔ Test aSaveWrittenBeforeModesExistedLoadsAsClassic() passed after 3.232 seconds.
✔ Test theDesertCannotBeDeployedTo() passed after 3.231 seconds.
✔ Test everyEventCarryingAPrivateDetailIsMaskedForABystander() passed after 3.231 seconds.
✔ Test anExactlyEqualAttackLeavesTheHexUnoccupied() passed after 3.231 seconds.
✔ Test aRollPayoutIsCountedExactly() passed after 3.232 seconds.
✔ Test anExpandedSaveRoundTripsWithItsModeAndTarget() passed after 3.232 seconds.
✔ Test expandedAllowsThirtyRoadsWhereClassicStopsAtFifteen() passed after 3.231 seconds.
✔ Test monopolyEmptiesEveryOtherHandOfThatResource() passed after 3.231 seconds.
✔ Test theEncodedLedgerIsOrderedBySeat() passed after 3.231 seconds.
✔ Test aFloorSpentToZeroLeavesNoEntryBehind() passed after 3.231 seconds.
✔ Test outOfOrderSettlementBeforePendingRoadIsRejected() passed after 3.232 seconds.
✔ Test theRobberBlocksAnOccupiedHexIncludingTheBonus() passed after 3.232 seconds.
✔ Test aKnightStealIsMaskedTheSameWay() passed after 3.231 seconds.
✔ Test aThreeSeatGameHasThreeSeats() passed after 3.232 seconds.
✔ Test classicDiscardThresholdIsStillSeven() passed after 3.231 seconds.
✔ Test theAccessorAgreesWithTheSessionsOwnNotionOfWhoActs() passed after 3.233 seconds.
✔ Test aStealHidesTheResourceFromEveryoneButThiefAndVictim() passed after 3.231 seconds.
✔ Test classicRulesetMatchesTheValuesTheEngineShippedWith() passed after 3.232 seconds.
✔ Test buyingIsLimitedByDeckSize() passed after 3.232 seconds.
✔ Test tiedKnightCountsKeepCurrentLargestArmyHolder() passed after 3.231 seconds.
✔ Test aCountedCompositionExpandsToOnePinnedInterleavedOrder() passed after 3.231 seconds.
✔ Test standardBoardHas19TilesAndOneDesert() passed after 3.232 seconds.
✔ Test occupierBonusRespectsBankShortage() passed after 3.232 seconds.
✔ Test theObserverAlwaysKnowsItsOwnHandExactly() passed after 3.232 seconds.
✔ Test roadBuildingThrowsIfEitherEdgeIsIllegal() passed after 3.231 seconds.
◇ Test case passing 1 argument restoration → .freshInitialization to terminalOfferDoesNotRequestAnotherDecision(restoration:) started.
◇ Test case passing 1 argument restoration → .replacement to terminalOfferDoesNotRequestAnotherDecision(restoration:) started.
◇ Test case passing 1 argument fixture → EngineFairnessCase(mode: CatanEngine.GameMode.classic, variant: CatanEngine.GameVariant.standard, seat: 0) to knightWithoutAResourceHoldingNeighbourConsumesOneCardWithoutTheft(fixture:) started.
◇ Test case passing 1 argument fixture → EngineFairnessCase(mode: CatanEngine.GameMode.classic, variant: CatanEngine.GameVariant.standard, seat: 1) to knightWithoutAResourceHoldingNeighbourConsumesOneCardWithoutTheft(fixture:) started.
✔ Test aSaveMissingFieldsAddedAfterItWasWrittenStillLoads() passed after 3.253 seconds.
◇ Test case passing 1 argument fixture → EngineFairnessCase(mode: CatanEngine.GameMode.classic, variant: CatanEngine.GameVariant.standard, seat: 2) to knightWithoutAResourceHoldingNeighbourConsumesOneCardWithoutTheft(fixture:) started.
◇ Test case passing 1 argument fixture → EngineFairnessCase(mode: CatanEngine.GameMode.classic, variant: CatanEngine.GameVariant.standard, seat: 3) to knightWithoutAResourceHoldingNeighbourConsumesOneCardWithoutTheft(fixture:) started.
◇ Test case passing 1 argument fixture → EngineFairnessCase(mode: CatanEngine.GameMode.classic, variant: CatanEngine.GameVariant.conquest, seat: 0) to knightWithoutAResourceHoldingNeighbourConsumesOneCardWithoutTheft(fixture:) started.
◇ Test case passing 1 argument fixture → EngineFairnessCase(mode: CatanEngine.GameMode.classic, variant: CatanEngine.GameVariant.conquest, seat: 1) to knightWithoutAResourceHoldingNeighbourConsumesOneCardWithoutTheft(fixture:) started.
◇ Test case passing 1 argument fixture → EngineFairnessCase(mode: CatanEngine.GameMode.classic, variant: CatanEngine.GameVariant.conquest, seat: 2) to knightWithoutAResourceHoldingNeighbourConsumesOneCardWithoutTheft(fixture:) started.
◇ Test case passing 1 argument fixture → EngineFairnessCase(mode: CatanEngine.GameMode.classic, variant: CatanEngine.GameVariant.conquest, seat: 3) to knightWithoutAResourceHoldingNeighbourConsumesOneCardWithoutTheft(fixture:) started.
◇ Test case passing 1 argument fixture → EngineFairnessCase(mode: CatanEngine.GameMode.vast, variant: CatanEngine.GameVariant.standard, seat: 0) to knightWithoutAResourceHoldingNeighbourConsumesOneCardWithoutTheft(fixture:) started.
◇ Test case passing 1 argument fixture → EngineFairnessCase(mode: CatanEngine.GameMode.vast, variant: CatanEngine.GameVariant.standard, seat: 1) to knightWithoutAResourceHoldingNeighbourConsumesOneCardWithoutTheft(fixture:) started.
◇ Test case passing 1 argument fixture → EngineFairnessCase(mode: CatanEngine.GameMode.vast, variant: CatanEngine.GameVariant.standard, seat: 2) to knightWithoutAResourceHoldingNeighbourConsumesOneCardWithoutTheft(fixture:) started.
◇ Test case passing 1 argument fixture → EngineFairnessCase(mode: CatanEngine.GameMode.vast, variant: CatanEngine.GameVariant.standard, seat: 3) to knightWithoutAResourceHoldingNeighbourConsumesOneCardWithoutTheft(fixture:) started.
◇ Test case passing 1 argument fixture → EngineFairnessCase(mode: CatanEngine.GameMode.vast, variant: CatanEngine.GameVariant.conquest, seat: 0) to knightWithoutAResourceHoldingNeighbourConsumesOneCardWithoutTheft(fixture:) started.
◇ Test case passing 1 argument fixture → EngineFairnessCase(mode: CatanEngine.GameMode.vast, variant: CatanEngine.GameVariant.conquest, seat: 1) to knightWithoutAResourceHoldingNeighbourConsumesOneCardWithoutTheft(fixture:) started.
◇ Test case passing 1 argument fixture → EngineFairnessCase(mode: CatanEngine.GameMode.vast, variant: CatanEngine.GameVariant.conquest, seat: 2) to knightWithoutAResourceHoldingNeighbourConsumesOneCardWithoutTheft(fixture:) started.
◇ Test case passing 1 argument fixture → EngineFairnessCase(mode: CatanEngine.GameMode.vast, variant: CatanEngine.GameVariant.conquest, seat: 3) to knightWithoutAResourceHoldingNeighbourConsumesOneCardWithoutTheft(fixture:) started.
✔ Test monopolyReportsHowManyCardsItSweptUp() passed after 3.275 seconds.
◇ Test case passing 1 argument fixture → EngineFairnessCase(mode: CatanEngine.GameMode.classic, variant: CatanEngine.GameVariant.standard, seat: 0) to monopolyTransfersOneResourceAndCannotBeReusedAfterResume(fixture:) started.
◇ Test case passing 1 argument fixture → EngineFairnessCase(mode: CatanEngine.GameMode.classic, variant: CatanEngine.GameVariant.standard, seat: 1) to monopolyTransfersOneResourceAndCannotBeReusedAfterResume(fixture:) started.
◇ Test case passing 1 argument fixture → EngineFairnessCase(mode: CatanEngine.GameMode.classic, variant: CatanEngine.GameVariant.standard, seat: 2) to monopolyTransfersOneResourceAndCannotBeReusedAfterResume(fixture:) started.
◇ Test case passing 1 argument fixture → EngineFairnessCase(mode: CatanEngine.GameMode.classic, variant: CatanEngine.GameVariant.standard, seat: 3) to monopolyTransfersOneResourceAndCannotBeReusedAfterResume(fixture:) started.
◇ Test case passing 1 argument fixture → EngineFairnessCase(mode: CatanEngine.GameMode.classic, variant: CatanEngine.GameVariant.conquest, seat: 0) to monopolyTransfersOneResourceAndCannotBeReusedAfterResume(fixture:) started.
◇ Test case passing 1 argument fixture → EngineFairnessCase(mode: CatanEngine.GameMode.classic, variant: CatanEngine.GameVariant.conquest, seat: 1) to monopolyTransfersOneResourceAndCannotBeReusedAfterResume(fixture:) started.
◇ Test case passing 1 argument fixture → EngineFairnessCase(mode: CatanEngine.GameMode.classic, variant: CatanEngine.GameVariant.conquest, seat: 2) to monopolyTransfersOneResourceAndCannotBeReusedAfterResume(fixture:) started.
◇ Test case passing 1 argument fixture → EngineFairnessCase(mode: CatanEngine.GameMode.classic, variant: CatanEngine.GameVariant.conquest, seat: 3) to monopolyTransfersOneResourceAndCannotBeReusedAfterResume(fixture:) started.
◇ Test case passing 1 argument fixture → EngineFairnessCase(mode: CatanEngine.GameMode.vast, variant: CatanEngine.GameVariant.standard, seat: 0) to monopolyTransfersOneResourceAndCannotBeReusedAfterResume(fixture:) started.
◇ Test case passing 1 argument fixture → EngineFairnessCase(mode: CatanEngine.GameMode.vast, variant: CatanEngine.GameVariant.standard, seat: 1) to monopolyTransfersOneResourceAndCannotBeReusedAfterResume(fixture:) started.
◇ Test case passing 1 argument fixture → EngineFairnessCase(mode: CatanEngine.GameMode.vast, variant: CatanEngine.GameVariant.standard, seat: 2) to monopolyTransfersOneResourceAndCannotBeReusedAfterResume(fixture:) started.
◇ Test case passing 1 argument fixture → EngineFairnessCase(mode: CatanEngine.GameMode.vast, variant: CatanEngine.GameVariant.standard, seat: 3) to monopolyTransfersOneResourceAndCannotBeReusedAfterResume(fixture:) started.
◇ Test case passing 1 argument fixture → EngineFairnessCase(mode: CatanEngine.GameMode.vast, variant: CatanEngine.GameVariant.conquest, seat: 0) to monopolyTransfersOneResourceAndCannotBeReusedAfterResume(fixture:) started.
◇ Test case passing 1 argument fixture → EngineFairnessCase(mode: CatanEngine.GameMode.vast, variant: CatanEngine.GameVariant.conquest, seat: 1) to monopolyTransfersOneResourceAndCannotBeReusedAfterResume(fixture:) started.
◇ Test case passing 1 argument fixture → EngineFairnessCase(mode: CatanEngine.GameMode.vast, variant: CatanEngine.GameVariant.conquest, seat: 2) to monopolyTransfersOneResourceAndCannotBeReusedAfterResume(fixture:) started.
◇ Test case passing 1 argument fixture → EngineFairnessCase(mode: CatanEngine.GameMode.vast, variant: CatanEngine.GameVariant.conquest, seat: 3) to monopolyTransfersOneResourceAndCannotBeReusedAfterResume(fixture:) started.
◇ Test case passing 1 argument fixture → EngineFairnessCase(mode: CatanEngine.GameMode.classic, variant: CatanEngine.GameVariant.standard, seat: 0) to olderCopyCanBePlayedButNewCopyWaitsUntilNextTurn(fixture:) started.
◇ Test case passing 1 argument fixture → EngineFairnessCase(mode: CatanEngine.GameMode.classic, variant: CatanEngine.GameVariant.standard, seat: 1) to olderCopyCanBePlayedButNewCopyWaitsUntilNextTurn(fixture:) started.
◇ Test case passing 1 argument fixture → EngineFairnessCase(mode: CatanEngine.GameMode.classic, variant: CatanEngine.GameVariant.standard, seat: 2) to olderCopyCanBePlayedButNewCopyWaitsUntilNextTurn(fixture:) started.
◇ Test case passing 1 argument fixture → EngineFairnessCase(mode: CatanEngine.GameMode.classic, variant: CatanEngine.GameVariant.standard, seat: 3) to olderCopyCanBePlayedButNewCopyWaitsUntilNextTurn(fixture:) started.
◇ Test case passing 1 argument fixture → EngineFairnessCase(mode: CatanEngine.GameMode.classic, variant: CatanEngine.GameVariant.conquest, seat: 0) to olderCopyCanBePlayedButNewCopyWaitsUntilNextTurn(fixture:) started.
◇ Test case passing 1 argument fixture → EngineFairnessCase(mode: CatanEngine.GameMode.classic, variant: CatanEngine.GameVariant.conquest, seat: 1) to olderCopyCanBePlayedButNewCopyWaitsUntilNextTurn(fixture:) started.
◇ Test case passing 1 argument fixture → EngineFairnessCase(mode: CatanEngine.GameMode.classic, variant: CatanEngine.GameVariant.conquest, seat: 2) to olderCopyCanBePlayedButNewCopyWaitsUntilNextTurn(fixture:) started.
◇ Test case passing 1 argument fixture → EngineFairnessCase(mode: CatanEngine.GameMode.classic, variant: CatanEngine.GameVariant.conquest, seat: 3) to olderCopyCanBePlayedButNewCopyWaitsUntilNextTurn(fixture:) started.
◇ Test case passing 1 argument fixture → EngineFairnessCase(mode: CatanEngine.GameMode.vast, variant: CatanEngine.GameVariant.standard, seat: 0) to olderCopyCanBePlayedButNewCopyWaitsUntilNextTurn(fixture:) started.
◇ Test case passing 1 argument fixture → EngineFairnessCase(mode: CatanEngine.GameMode.vast, variant: CatanEngine.GameVariant.standard, seat: 1) to olderCopyCanBePlayedButNewCopyWaitsUntilNextTurn(fixture:) started.
◇ Test case passing 1 argument fixture → EngineFairnessCase(mode: CatanEngine.GameMode.vast, variant: CatanEngine.GameVariant.standard, seat: 2) to olderCopyCanBePlayedButNewCopyWaitsUntilNextTurn(fixture:) started.
◇ Test case passing 1 argument fixture → EngineFairnessCase(mode: CatanEngine.GameMode.vast, variant: CatanEngine.GameVariant.standard, seat: 3) to olderCopyCanBePlayedButNewCopyWaitsUntilNextTurn(fixture:) started.
◇ Test case passing 1 argument fixture → EngineFairnessCase(mode: CatanEngine.GameMode.vast, variant: CatanEngine.GameVariant.conquest, seat: 0) to olderCopyCanBePlayedButNewCopyWaitsUntilNextTurn(fixture:) started.
◇ Test case passing 1 argument fixture → EngineFairnessCase(mode: CatanEngine.GameMode.vast, variant: CatanEngine.GameVariant.conquest, seat: 1) to olderCopyCanBePlayedButNewCopyWaitsUntilNextTurn(fixture:) started.
◇ Test case passing 1 argument fixture → EngineFairnessCase(mode: CatanEngine.GameMode.vast, variant: CatanEngine.GameVariant.conquest, seat: 2) to olderCopyCanBePlayedButNewCopyWaitsUntilNextTurn(fixture:) started.
◇ Test case passing 1 argument fixture → EngineFairnessCase(mode: CatanEngine.GameMode.vast, variant: CatanEngine.GameVariant.conquest, seat: 3) to olderCopyCanBePlayedButNewCopyWaitsUntilNextTurn(fixture:) started.
◇ Test case passing 1 argument fixture → EngineFairnessCase(mode: CatanEngine.GameMode.classic, variant: CatanEngine.GameVariant.standard, seat: 0) to invalidKnightVictimCannotConsumeOrPartiallyApply(fixture:) started.
◇ Test case passing 1 argument fixture → EngineFairnessCase(mode: CatanEngine.GameMode.classic, variant: CatanEngine.GameVariant.standard, seat: 1) to invalidKnightVictimCannotConsumeOrPartiallyApply(fixture:) started.
◇ Test case passing 1 argument fixture → EngineFairnessCase(mode: CatanEngine.GameMode.classic, variant: CatanEngine.GameVariant.standard, seat: 2) to invalidKnightVictimCannotConsumeOrPartiallyApply(fixture:) started.
◇ Test case passing 1 argument fixture → EngineFairnessCase(mode: CatanEngine.GameMode.classic, variant: CatanEngine.GameVariant.standard, seat: 3) to invalidKnightVictimCannotConsumeOrPartiallyApply(fixture:) started.
◇ Test case passing 1 argument fixture → EngineFairnessCase(mode: CatanEngine.GameMode.classic, variant: CatanEngine.GameVariant.conquest, seat: 0) to invalidKnightVictimCannotConsumeOrPartiallyApply(fixture:) started.
◇ Test case passing 1 argument fixture → EngineFairnessCase(mode: CatanEngine.GameMode.classic, variant: CatanEngine.GameVariant.conquest, seat: 1) to invalidKnightVictimCannotConsumeOrPartiallyApply(fixture:) started.
◇ Test case passing 1 argument fixture → EngineFairnessCase(mode: CatanEngine.GameMode.classic, variant: CatanEngine.GameVariant.conquest, seat: 2) to invalidKnightVictimCannotConsumeOrPartiallyApply(fixture:) started.
◇ Test case passing 1 argument fixture → EngineFairnessCase(mode: CatanEngine.GameMode.classic, variant: CatanEngine.GameVariant.conquest, seat: 3) to invalidKnightVictimCannotConsumeOrPartiallyApply(fixture:) started.
◇ Test case passing 1 argument fixture → EngineFairnessCase(mode: CatanEngine.GameMode.vast, variant: CatanEngine.GameVariant.standard, seat: 0) to invalidKnightVictimCannotConsumeOrPartiallyApply(fixture:) started.
◇ Test case passing 1 argument fixture → EngineFairnessCase(mode: CatanEngine.GameMode.vast, variant: CatanEngine.GameVariant.standard, seat: 1) to invalidKnightVictimCannotConsumeOrPartiallyApply(fixture:) started.
◇ Test case passing 1 argument fixture → EngineFairnessCase(mode: CatanEngine.GameMode.vast, variant: CatanEngine.GameVariant.standard, seat: 2) to invalidKnightVictimCannotConsumeOrPartiallyApply(fixture:) started.
◇ Test case passing 1 argument fixture → EngineFairnessCase(mode: CatanEngine.GameMode.vast, variant: CatanEngine.GameVariant.standard, seat: 3) to invalidKnightVictimCannotConsumeOrPartiallyApply(fixture:) started.
◇ Test case passing 1 argument fixture → EngineFairnessCase(mode: CatanEngine.GameMode.vast, variant: CatanEngine.GameVariant.conquest, seat: 0) to invalidKnightVictimCannotConsumeOrPartiallyApply(fixture:) started.
◇ Test case passing 1 argument fixture → EngineFairnessCase(mode: CatanEngine.GameMode.vast, variant: CatanEngine.GameVariant.conquest, seat: 1) to invalidKnightVictimCannotConsumeOrPartiallyApply(fixture:) started.
◇ Test case passing 1 argument fixture → EngineFairnessCase(mode: CatanEngine.GameMode.vast, variant: CatanEngine.GameVariant.conquest, seat: 2) to invalidKnightVictimCannotConsumeOrPartiallyApply(fixture:) started.
◇ Test case passing 1 argument fixture → EngineFairnessCase(mode: CatanEngine.GameMode.vast, variant: CatanEngine.GameVariant.conquest, seat: 3) to invalidKnightVictimCannotConsumeOrPartiallyApply(fixture:) started.
✔ Test devCardStatusDistinguishesNewAndOlderCopiesInOneStack() passed after 3.533 seconds.
◇ Test case passing 1 argument fixture → EngineFairnessCase(mode: CatanEngine.GameMode.classic, variant: CatanEngine.GameVariant.standard, seat: 0) to aSecondMatureMonopolyNeedsAnotherTurnAndAZeroGainStillConsumes(fixture:) started.
◇ Test case passing 1 argument fixture → EngineFairnessCase(mode: CatanEngine.GameMode.classic, variant: CatanEngine.GameVariant.standard, seat: 1) to aSecondMatureMonopolyNeedsAnotherTurnAndAZeroGainStillConsumes(fixture:) started.
◇ Test case passing 1 argument fixture → EngineFairnessCase(mode: CatanEngine.GameMode.classic, variant: CatanEngine.GameVariant.standard, seat: 2) to aSecondMatureMonopolyNeedsAnotherTurnAndAZeroGainStillConsumes(fixture:) started.
◇ Test case passing 1 argument fixture → EngineFairnessCase(mode: CatanEngine.GameMode.classic, variant: CatanEngine.GameVariant.standard, seat: 3) to aSecondMatureMonopolyNeedsAnotherTurnAndAZeroGainStillConsumes(fixture:) started.
◇ Test case passing 1 argument fixture → EngineFairnessCase(mode: CatanEngine.GameMode.classic, variant: CatanEngine.GameVariant.conquest, seat: 0) to aSecondMatureMonopolyNeedsAnotherTurnAndAZeroGainStillConsumes(fixture:) started.
◇ Test case passing 1 argument fixture → EngineFairnessCase(mode: CatanEngine.GameMode.classic, variant: CatanEngine.GameVariant.conquest, seat: 1) to aSecondMatureMonopolyNeedsAnotherTurnAndAZeroGainStillConsumes(fixture:) started.
◇ Test case passing 1 argument fixture → EngineFairnessCase(mode: CatanEngine.GameMode.classic, variant: CatanEngine.GameVariant.conquest, seat: 2) to aSecondMatureMonopolyNeedsAnotherTurnAndAZeroGainStillConsumes(fixture:) started.
◇ Test case passing 1 argument fixture → EngineFairnessCase(mode: CatanEngine.GameMode.classic, variant: CatanEngine.GameVariant.conquest, seat: 3) to aSecondMatureMonopolyNeedsAnotherTurnAndAZeroGainStillConsumes(fixture:) started.
◇ Test case passing 1 argument fixture → EngineFairnessCase(mode: CatanEngine.GameMode.vast, variant: CatanEngine.GameVariant.standard, seat: 0) to aSecondMatureMonopolyNeedsAnotherTurnAndAZeroGainStillConsumes(fixture:) started.
◇ Test case passing 1 argument fixture → EngineFairnessCase(mode: CatanEngine.GameMode.vast, variant: CatanEngine.GameVariant.standard, seat: 1) to aSecondMatureMonopolyNeedsAnotherTurnAndAZeroGainStillConsumes(fixture:) started.
◇ Test case passing 1 argument fixture → EngineFairnessCase(mode: CatanEngine.GameMode.vast, variant: CatanEngine.GameVariant.standard, seat: 2) to aSecondMatureMonopolyNeedsAnotherTurnAndAZeroGainStillConsumes(fixture:) started.
◇ Test case passing 1 argument fixture → EngineFairnessCase(mode: CatanEngine.GameMode.vast, variant: CatanEngine.GameVariant.standard, seat: 3) to aSecondMatureMonopolyNeedsAnotherTurnAndAZeroGainStillConsumes(fixture:) started.
◇ Test case passing 1 argument fixture → EngineFairnessCase(mode: CatanEngine.GameMode.vast, variant: CatanEngine.GameVariant.conquest, seat: 0) to aSecondMatureMonopolyNeedsAnotherTurnAndAZeroGainStillConsumes(fixture:) started.
◇ Test case passing 1 argument fixture → EngineFairnessCase(mode: CatanEngine.GameMode.vast, variant: CatanEngine.GameVariant.conquest, seat: 1) to aSecondMatureMonopolyNeedsAnotherTurnAndAZeroGainStillConsumes(fixture:) started.
◇ Test case passing 1 argument fixture → EngineFairnessCase(mode: CatanEngine.GameMode.vast, variant: CatanEngine.GameVariant.conquest, seat: 2) to aSecondMatureMonopolyNeedsAnotherTurnAndAZeroGainStillConsumes(fixture:) started.
◇ Test case passing 1 argument fixture → EngineFairnessCase(mode: CatanEngine.GameMode.vast, variant: CatanEngine.GameVariant.conquest, seat: 3) to aSecondMatureMonopolyNeedsAnotherTurnAndAZeroGainStillConsumes(fixture:) started.
◇ Test case passing 1 argument fixture → EngineFairnessCase(mode: CatanEngine.GameMode.classic, variant: CatanEngine.GameVariant.standard, seat: 0) to knightTakesExactlyOneCardFromOnlyTheChosenVictim(fixture:) started.
◇ Test case passing 1 argument fixture → EngineFairnessCase(mode: CatanEngine.GameMode.classic, variant: CatanEngine.GameVariant.standard, seat: 1) to knightTakesExactlyOneCardFromOnlyTheChosenVictim(fixture:) started.
◇ Test case passing 1 argument fixture → EngineFairnessCase(mode: CatanEngine.GameMode.classic, variant: CatanEngine.GameVariant.standard, seat: 2) to knightTakesExactlyOneCardFromOnlyTheChosenVictim(fixture:) started.
◇ Test case passing 1 argument fixture → EngineFairnessCase(mode: CatanEngine.GameMode.classic, variant: CatanEngine.GameVariant.standard, seat: 3) to knightTakesExactlyOneCardFromOnlyTheChosenVictim(fixture:) started.
◇ Test case passing 1 argument fixture → EngineFairnessCase(mode: CatanEngine.GameMode.classic, variant: CatanEngine.GameVariant.conquest, seat: 0) to knightTakesExactlyOneCardFromOnlyTheChosenVictim(fixture:) started.
◇ Test case passing 1 argument fixture → EngineFairnessCase(mode: CatanEngine.GameMode.classic, variant: CatanEngine.GameVariant.conquest, seat: 2) to knightTakesExactlyOneCardFromOnlyTheChosenVictim(fixture:) started.
◇ Test case passing 1 argument fixture → EngineFairnessCase(mode: CatanEngine.GameMode.classic, variant: CatanEngine.GameVariant.conquest, seat: 1) to knightTakesExactlyOneCardFromOnlyTheChosenVictim(fixture:) started.
◇ Test case passing 1 argument fixture → EngineFairnessCase(mode: CatanEngine.GameMode.classic, variant: CatanEngine.GameVariant.conquest, seat: 3) to knightTakesExactlyOneCardFromOnlyTheChosenVictim(fixture:) started.
◇ Test case passing 1 argument fixture → EngineFairnessCase(mode: CatanEngine.GameMode.vast, variant: CatanEngine.GameVariant.standard, seat: 0) to knightTakesExactlyOneCardFromOnlyTheChosenVictim(fixture:) started.
◇ Test case passing 1 argument fixture → EngineFairnessCase(mode: CatanEngine.GameMode.vast, variant: CatanEngine.GameVariant.standard, seat: 1) to knightTakesExactlyOneCardFromOnlyTheChosenVictim(fixture:) started.
◇ Test case passing 1 argument fixture → EngineFairnessCase(mode: CatanEngine.GameMode.vast, variant: CatanEngine.GameVariant.standard, seat: 2) to knightTakesExactlyOneCardFromOnlyTheChosenVictim(fixture:) started.
◇ Test case passing 1 argument fixture → EngineFairnessCase(mode: CatanEngine.GameMode.vast, variant: CatanEngine.GameVariant.standard, seat: 3) to knightTakesExactlyOneCardFromOnlyTheChosenVictim(fixture:) started.
◇ Test case passing 1 argument fixture → EngineFairnessCase(mode: CatanEngine.GameMode.vast, variant: CatanEngine.GameVariant.conquest, seat: 0) to knightTakesExactlyOneCardFromOnlyTheChosenVictim(fixture:) started.
◇ Test case passing 1 argument fixture → EngineFairnessCase(mode: CatanEngine.GameMode.vast, variant: CatanEngine.GameVariant.conquest, seat: 1) to knightTakesExactlyOneCardFromOnlyTheChosenVictim(fixture:) started.
◇ Test case passing 1 argument fixture → EngineFairnessCase(mode: CatanEngine.GameMode.vast, variant: CatanEngine.GameVariant.conquest, seat: 2) to knightTakesExactlyOneCardFromOnlyTheChosenVictim(fixture:) started.
◇ Test case passing 1 argument fixture → EngineFairnessCase(mode: CatanEngine.GameMode.vast, variant: CatanEngine.GameVariant.conquest, seat: 3) to knightTakesExactlyOneCardFromOnlyTheChosenVictim(fixture:) started.
✔ Test knightCanBePlayedBeforeRolling() passed after 3.646 seconds.
✔ Test expandedBonusesAreWorthFourPointsInBothFormulas() passed after 3.646 seconds.
✔ Test robberTileProducesNothing() passed after 3.645 seconds.
✔ Test newTieBetweenTwoPlayersAwardsNoOne() passed after 3.645 seconds.
✔ Test tieKeepsCurrentHolder() passed after 3.646 seconds.
✔ Test aSaveWrittenBeforeConquestExistedLoadsAsStandard() passed after 3.661 seconds.
✔ Test devCardStatusExplainsRequiredPlacementAndMissingRoadChoices() passed after 3.660 seconds.
✔ Test aStandardGameListsNoArmyMovesAndRefusesThem() passed after 3.661 seconds.
◇ Test case passing 1 argument family → .archipelago to seededWorldStudy(family:) started.
◇ Test case passing 1 argument family → .peninsula to seededWorldStudy(family:) started.
◇ Test case passing 1 argument family → .twinIslands to seededWorldStudy(family:) started.
◇ Test case passing 1 argument family → .archipelago to togglesPreserveWorldAndRandomStream(family:) started.
◇ Test case passing 1 argument family → .peninsula to togglesPreserveWorldAndRandomStream(family:) started.
◇ Test case passing 1 argument family → .twinIslands to togglesPreserveWorldAndRandomStream(family:) started.
◇ Test case passing 1 argument family → .archipelago to sameFamilyFallbackIsValidForEitherProductionOption(family:) started.
◇ Test case passing 1 argument family → .peninsula to sameFamilyFallbackIsValidForEitherProductionOption(family:) started.
◇ Test case passing 1 argument family → .twinIslands to sameFamilyFallbackIsValidForEitherProductionOption(family:) started.
✔ Test positionOnlyZeroHoldingsSurviveCheckpointRoundTrip(oreCount:) with 2 test cases passed after 4.284 seconds.
✔ Test yearOfPlentyWithSameResourceTwiceDoesNotCrash() passed after 4.285 seconds.
✔ Test aThreeSeatGameSurvivesASaveAndReload() passed after 4.283 seconds.
✔ Test robberMoveCannotSkipAnEligibleVictim() passed after 4.283 seconds.
✔ Test buildingReportsWhatWasBuilt() passed after 4.283 seconds.
✔ Test aCompositionExpandsToExactlyTheDeclaredCounts() passed after 4.283 seconds.
✔ Test fiveConnectedRoadsGrantsLongestRoad() passed after 4.283 seconds.
✔ Test monopolySurvivesCheckpointRoundTrip(external:) with 2 test cases passed after 4.283 seconds.
✔ Test onlyMainTurnCountsAsAPlayableTurnForThatSeat() passed after 4.283 seconds.
✔ Test anUnsupportedTableSizeIsRefusedAtConstruction() passed after 4.283 seconds.
✔ Test settlementProducesOneResourceOnMatchingRoll() passed after 4.283 seconds.
✔ Test expandedTerrainIsExactlyTwiceClassic() passed after 4.283 seconds.
✔ Test buildRoadWithInsufficientResourcesThrows() passed after 4.283 seconds.
✔ Test knightPlayedBeforeRollingBlocksAnotherCardThatSameTurn() passed after 4.283 seconds.
✔ Test devCardStatusOwnsTurnTimingAndPassiveCardRules() passed after 4.283 seconds.
◇ Test case passing 1 argument version → 1 to resumedSetupOffersInlandSitesWithoutChangingSavedVision(version:) started.
◇ Test case passing 1 argument version → 2 to resumedSetupOffersInlandSitesWithoutChangingSavedVision(version:) started.
◇ Test case passing 2 arguments family → .archipelago, fog → false to inlandOpeningIsLegalWithEitherFogSetting(family:fog:) started.
◇ Test case passing 2 arguments family → .archipelago, fog → true to inlandOpeningIsLegalWithEitherFogSetting(family:fog:) started.
◇ Test case passing 2 arguments family → .peninsula, fog → false to inlandOpeningIsLegalWithEitherFogSetting(family:fog:) started.
◇ Test case passing 2 arguments family → .peninsula, fog → true to inlandOpeningIsLegalWithEitherFogSetting(family:fog:) started.
◇ Test case passing 2 arguments family → .twinIslands, fog → false to inlandOpeningIsLegalWithEitherFogSetting(family:fog:) started.
◇ Test case passing 2 arguments family → .twinIslands, fog → true to inlandOpeningIsLegalWithEitherFogSetting(family:fog:) started.
◇ Test case passing 2 arguments family → .archipelago, count → 3 to bothOpeningSettlementsCanBeInland(family:count:) started.
◇ Test case passing 2 arguments family → .archipelago, count → 4 to bothOpeningSettlementsCanBeInland(family:count:) started.
◇ Test case passing 2 arguments family → .peninsula, count → 3 to bothOpeningSettlementsCanBeInland(family:count:) started.
◇ Test case passing 2 arguments family → .peninsula, count → 4 to bothOpeningSettlementsCanBeInland(family:count:) started.
◇ Test case passing 2 arguments family → .twinIslands, count → 3 to bothOpeningSettlementsCanBeInland(family:count:) started.
◇ Test case passing 2 arguments family → .twinIslands, count → 4 to bothOpeningSettlementsCanBeInland(family:count:) started.
✔ Test theRunawayBackstopForcesATurnToEnd() passed after 6.408 seconds.
✔ Test serializedSessionResumesTheSameDecisionsWithoutRestartingPolicyRandomness() passed after 6.412 seconds.
✔ Test secondSettlementGrantsResources() passed after 6.408 seconds.
✔ Test previousPublicDiscoveriesStayVisibleAndRepeatedDiscoveryProducesNoEvent() passed after 6.407 seconds.
✔ Test serializedSessionRejectsChangingThePolicyRoster() passed after 6.407 seconds.
✔ Test aConquestGameStartsWithEveryProducingHexHeldByATribeAtItsPipCount() passed after 6.407 seconds.
✔ Test aModeWhoseRoadLimitOutrunsTheSearchIsRefused() passed after 6.407 seconds.
✔ Test rollingReportsTheTotalThatWasActuallyRolled() passed after 6.406 seconds.
✔ Test terrainDoesNotChangeTheCornerOriginOrDiscoveryEvents(rotation:landMask:) with 42 test cases passed after 6.406 seconds.
✔ Test legalMovesIsAPureFunctionOfTheState() passed after 6.413 seconds.
✔ Test cornerFootprintIsCenteredSymmetricAndHasExactCutoff(rotation:origin:) with 12 test cases passed after 6.406 seconds.
◇ Test case passing 1 argument rate → 2 to disjointCompoundBankTradeStillAppliesAtEachResourcesRate(rate:) started.
◇ Test case passing 1 argument rate → 3 to disjointCompoundBankTradeStillAppliesAtEachResourcesRate(rate:) started.
◇ Test case passing 1 argument rate → 4 to disjointCompoundBankTradeStillAppliesAtEachResourcesRate(rate:) started.
◇ Test case passing 1 argument rate → 2 to mixedBankTradesWithOverlapAreRejectedWithoutMutation(rate:) started.
◇ Test case passing 1 argument rate → 3 to mixedBankTradesWithOverlapAreRejectedWithoutMutation(rate:) started.
◇ Test case passing 1 argument rate → 4 to mixedBankTradesWithOverlapAreRejectedWithoutMutation(rate:) started.
◇ Test case passing 2 arguments rate → 2, quantity → 1 to sameResourceBankTradeIsRejectedWithoutMutation(rate:quantity:) started.
◇ Test case passing 2 arguments rate → 2, quantity → 2 to sameResourceBankTradeIsRejectedWithoutMutation(rate:quantity:) started.
◇ Test case passing 2 arguments rate → 3, quantity → 1 to sameResourceBankTradeIsRejectedWithoutMutation(rate:quantity:) started.
◇ Test case passing 2 arguments rate → 3, quantity → 2 to sameResourceBankTradeIsRejectedWithoutMutation(rate:quantity:) started.
◇ Test case passing 2 arguments rate → 4, quantity → 1 to sameResourceBankTradeIsRejectedWithoutMutation(rate:quantity:) started.
◇ Test case passing 2 arguments rate → 4, quantity → 2 to sameResourceBankTradeIsRejectedWithoutMutation(rate:quantity:) started.
✔ Test aLegalBankTradeReportsNoProblemAndApplies() passed after 6.492 seconds.
✔ Test theCompleteCanonicalCornerIncludesSeaAndOffEnvelopeCoordinates() passed after 6.492 seconds.
✔ Test everyActiveDevCardIsOfferedBeforeRolling() passed after 6.492 seconds.
◇ Test case passing 1 argument fixture → EngineFairnessCase(mode: CatanEngine.GameMode.classic, variant: CatanEngine.GameVariant.standard, seat: 0) to humanAndBotsWithDifferentPolicyDrawCountsGetIdenticalDice(fixture:) started.
◇ Test case passing 1 argument fixture → EngineFairnessCase(mode: CatanEngine.GameMode.classic, variant: CatanEngine.GameVariant.standard, seat: 1) to humanAndBotsWithDifferentPolicyDrawCountsGetIdenticalDice(fixture:) started.
◇ Test case passing 1 argument fixture → EngineFairnessCase(mode: CatanEngine.GameMode.classic, variant: CatanEngine.GameVariant.standard, seat: 2) to humanAndBotsWithDifferentPolicyDrawCountsGetIdenticalDice(fixture:) started.
◇ Test case passing 1 argument fixture → EngineFairnessCase(mode: CatanEngine.GameMode.classic, variant: CatanEngine.GameVariant.standard, seat: 3) to humanAndBotsWithDifferentPolicyDrawCountsGetIdenticalDice(fixture:) started.
◇ Test case passing 1 argument fixture → EngineFairnessCase(mode: CatanEngine.GameMode.classic, variant: CatanEngine.GameVariant.conquest, seat: 0) to humanAndBotsWithDifferentPolicyDrawCountsGetIdenticalDice(fixture:) started.
◇ Test case passing 1 argument fixture → EngineFairnessCase(mode: CatanEngine.GameMode.classic, variant: CatanEngine.GameVariant.conquest, seat: 1) to humanAndBotsWithDifferentPolicyDrawCountsGetIdenticalDice(fixture:) started.
◇ Test case passing 1 argument fixture → EngineFairnessCase(mode: CatanEngine.GameMode.classic, variant: CatanEngine.GameVariant.conquest, seat: 2) to humanAndBotsWithDifferentPolicyDrawCountsGetIdenticalDice(fixture:) started.
◇ Test case passing 1 argument fixture → EngineFairnessCase(mode: CatanEngine.GameMode.classic, variant: CatanEngine.GameVariant.conquest, seat: 3) to humanAndBotsWithDifferentPolicyDrawCountsGetIdenticalDice(fixture:) started.
◇ Test case passing 1 argument fixture → EngineFairnessCase(mode: CatanEngine.GameMode.vast, variant: CatanEngine.GameVariant.standard, seat: 0) to humanAndBotsWithDifferentPolicyDrawCountsGetIdenticalDice(fixture:) started.
◇ Test case passing 1 argument fixture → EngineFairnessCase(mode: CatanEngine.GameMode.vast, variant: CatanEngine.GameVariant.standard, seat: 1) to humanAndBotsWithDifferentPolicyDrawCountsGetIdenticalDice(fixture:) started.
◇ Test case passing 1 argument fixture → EngineFairnessCase(mode: CatanEngine.GameMode.vast, variant: CatanEngine.GameVariant.standard, seat: 2) to humanAndBotsWithDifferentPolicyDrawCountsGetIdenticalDice(fixture:) started.
◇ Test case passing 1 argument fixture → EngineFairnessCase(mode: CatanEngine.GameMode.vast, variant: CatanEngine.GameVariant.standard, seat: 3) to humanAndBotsWithDifferentPolicyDrawCountsGetIdenticalDice(fixture:) started.
◇ Test case passing 1 argument fixture → EngineFairnessCase(mode: CatanEngine.GameMode.vast, variant: CatanEngine.GameVariant.conquest, seat: 0) to humanAndBotsWithDifferentPolicyDrawCountsGetIdenticalDice(fixture:) started.
◇ Test case passing 1 argument fixture → EngineFairnessCase(mode: CatanEngine.GameMode.vast, variant: CatanEngine.GameVariant.conquest, seat: 1) to humanAndBotsWithDifferentPolicyDrawCountsGetIdenticalDice(fixture:) started.
◇ Test case passing 1 argument fixture → EngineFairnessCase(mode: CatanEngine.GameMode.vast, variant: CatanEngine.GameVariant.conquest, seat: 2) to humanAndBotsWithDifferentPolicyDrawCountsGetIdenticalDice(fixture:) started.
◇ Test case passing 1 argument fixture → EngineFairnessCase(mode: CatanEngine.GameMode.vast, variant: CatanEngine.GameVariant.conquest, seat: 3) to humanAndBotsWithDifferentPolicyDrawCountsGetIdenticalDice(fixture:) started.
◇ Test case passing 1 argument fixture → EngineFairnessCase(mode: CatanEngine.GameMode.classic, variant: CatanEngine.GameVariant.standard, seat: 0) to diceMatchTwoUnweightedDrawsRegardlessOfSeatOrHand(fixture:) started.
◇ Test case passing 1 argument fixture → EngineFairnessCase(mode: CatanEngine.GameMode.classic, variant: CatanEngine.GameVariant.standard, seat: 1) to diceMatchTwoUnweightedDrawsRegardlessOfSeatOrHand(fixture:) started.
◇ Test case passing 1 argument fixture → EngineFairnessCase(mode: CatanEngine.GameMode.classic, variant: CatanEngine.GameVariant.standard, seat: 2) to diceMatchTwoUnweightedDrawsRegardlessOfSeatOrHand(fixture:) started.
◇ Test case passing 1 argument fixture → EngineFairnessCase(mode: CatanEngine.GameMode.classic, variant: CatanEngine.GameVariant.standard, seat: 3) to diceMatchTwoUnweightedDrawsRegardlessOfSeatOrHand(fixture:) started.
◇ Test case passing 1 argument fixture → EngineFairnessCase(mode: CatanEngine.GameMode.classic, variant: CatanEngine.GameVariant.conquest, seat: 0) to diceMatchTwoUnweightedDrawsRegardlessOfSeatOrHand(fixture:) started.
◇ Test case passing 1 argument fixture → EngineFairnessCase(mode: CatanEngine.GameMode.classic, variant: CatanEngine.GameVariant.conquest, seat: 1) to diceMatchTwoUnweightedDrawsRegardlessOfSeatOrHand(fixture:) started.
◇ Test case passing 1 argument fixture → EngineFairnessCase(mode: CatanEngine.GameMode.classic, variant: CatanEngine.GameVariant.conquest, seat: 2) to diceMatchTwoUnweightedDrawsRegardlessOfSeatOrHand(fixture:) started.
◇ Test case passing 1 argument fixture → EngineFairnessCase(mode: CatanEngine.GameMode.vast, variant: CatanEngine.GameVariant.standard, seat: 0) to diceMatchTwoUnweightedDrawsRegardlessOfSeatOrHand(fixture:) started.
◇ Test case passing 1 argument fixture → EngineFairnessCase(mode: CatanEngine.GameMode.classic, variant: CatanEngine.GameVariant.conquest, seat: 3) to diceMatchTwoUnweightedDrawsRegardlessOfSeatOrHand(fixture:) started.
◇ Test case passing 1 argument fixture → EngineFairnessCase(mode: CatanEngine.GameMode.vast, variant: CatanEngine.GameVariant.standard, seat: 1) to diceMatchTwoUnweightedDrawsRegardlessOfSeatOrHand(fixture:) started.
◇ Test case passing 1 argument fixture → EngineFairnessCase(mode: CatanEngine.GameMode.vast, variant: CatanEngine.GameVariant.standard, seat: 2) to diceMatchTwoUnweightedDrawsRegardlessOfSeatOrHand(fixture:) started.
◇ Test case passing 1 argument fixture → EngineFairnessCase(mode: CatanEngine.GameMode.vast, variant: CatanEngine.GameVariant.standard, seat: 3) to diceMatchTwoUnweightedDrawsRegardlessOfSeatOrHand(fixture:) started.
◇ Test case passing 1 argument fixture → EngineFairnessCase(mode: CatanEngine.GameMode.vast, variant: CatanEngine.GameVariant.conquest, seat: 0) to diceMatchTwoUnweightedDrawsRegardlessOfSeatOrHand(fixture:) started.
◇ Test case passing 1 argument fixture → EngineFairnessCase(mode: CatanEngine.GameMode.vast, variant: CatanEngine.GameVariant.conquest, seat: 1) to diceMatchTwoUnweightedDrawsRegardlessOfSeatOrHand(fixture:) started.
◇ Test case passing 1 argument fixture → EngineFairnessCase(mode: CatanEngine.GameMode.vast, variant: CatanEngine.GameVariant.conquest, seat: 2) to diceMatchTwoUnweightedDrawsRegardlessOfSeatOrHand(fixture:) started.
◇ Test case passing 1 argument fixture → EngineFairnessCase(mode: CatanEngine.GameMode.vast, variant: CatanEngine.GameVariant.conquest, seat: 3) to diceMatchTwoUnweightedDrawsRegardlessOfSeatOrHand(fixture:) started.
◇ Test case passing 1 argument fixture → EngineFairnessCase(mode: CatanEngine.GameMode.classic, variant: CatanEngine.GameVariant.standard, seat: 0) to anUnauthorizedRollCannotAdvanceTheRandomSequence(fixture:) started.
◇ Test case passing 1 argument fixture → EngineFairnessCase(mode: CatanEngine.GameMode.classic, variant: CatanEngine.GameVariant.standard, seat: 1) to anUnauthorizedRollCannotAdvanceTheRandomSequence(fixture:) started.
◇ Test case passing 1 argument fixture → EngineFairnessCase(mode: CatanEngine.GameMode.classic, variant: CatanEngine.GameVariant.standard, seat: 2) to anUnauthorizedRollCannotAdvanceTheRandomSequence(fixture:) started.
◇ Test case passing 1 argument fixture → EngineFairnessCase(mode: CatanEngine.GameMode.classic, variant: CatanEngine.GameVariant.standard, seat: 3) to anUnauthorizedRollCannotAdvanceTheRandomSequence(fixture:) started.
◇ Test case passing 1 argument fixture → EngineFairnessCase(mode: CatanEngine.GameMode.classic, variant: CatanEngine.GameVariant.conquest, seat: 0) to anUnauthorizedRollCannotAdvanceTheRandomSequence(fixture:) started.
◇ Test case passing 1 argument fixture → EngineFairnessCase(mode: CatanEngine.GameMode.classic, variant: CatanEngine.GameVariant.conquest, seat: 1) to anUnauthorizedRollCannotAdvanceTheRandomSequence(fixture:) started.
◇ Test case passing 1 argument fixture → EngineFairnessCase(mode: CatanEngine.GameMode.classic, variant: CatanEngine.GameVariant.conquest, seat: 2) to anUnauthorizedRollCannotAdvanceTheRandomSequence(fixture:) started.
◇ Test case passing 1 argument fixture → EngineFairnessCase(mode: CatanEngine.GameMode.classic, variant: CatanEngine.GameVariant.conquest, seat: 3) to anUnauthorizedRollCannotAdvanceTheRandomSequence(fixture:) started.
◇ Test case passing 1 argument fixture → EngineFairnessCase(mode: CatanEngine.GameMode.vast, variant: CatanEngine.GameVariant.standard, seat: 0) to anUnauthorizedRollCannotAdvanceTheRandomSequence(fixture:) started.
◇ Test case passing 1 argument fixture → EngineFairnessCase(mode: CatanEngine.GameMode.vast, variant: CatanEngine.GameVariant.standard, seat: 1) to anUnauthorizedRollCannotAdvanceTheRandomSequence(fixture:) started.
◇ Test case passing 1 argument fixture → EngineFairnessCase(mode: CatanEngine.GameMode.vast, variant: CatanEngine.GameVariant.standard, seat: 2) to anUnauthorizedRollCannotAdvanceTheRandomSequence(fixture:) started.
◇ Test case passing 1 argument fixture → EngineFairnessCase(mode: CatanEngine.GameMode.vast, variant: CatanEngine.GameVariant.standard, seat: 3) to anUnauthorizedRollCannotAdvanceTheRandomSequence(fixture:) started.
◇ Test case passing 1 argument fixture → EngineFairnessCase(mode: CatanEngine.GameMode.vast, variant: CatanEngine.GameVariant.conquest, seat: 0) to anUnauthorizedRollCannotAdvanceTheRandomSequence(fixture:) started.
◇ Test case passing 1 argument fixture → EngineFairnessCase(mode: CatanEngine.GameMode.vast, variant: CatanEngine.GameVariant.conquest, seat: 1) to anUnauthorizedRollCannotAdvanceTheRandomSequence(fixture:) started.
◇ Test case passing 1 argument fixture → EngineFairnessCase(mode: CatanEngine.GameMode.vast, variant: CatanEngine.GameVariant.conquest, seat: 2) to anUnauthorizedRollCannotAdvanceTheRandomSequence(fixture:) started.
◇ Test case passing 1 argument fixture → EngineFairnessCase(mode: CatanEngine.GameMode.vast, variant: CatanEngine.GameVariant.conquest, seat: 3) to anUnauthorizedRollCannotAdvanceTheRandomSequence(fixture:) started.
✔ Test numbersThatAreNotOnTheBoardProduceNothing() passed after 6.871 seconds.
◇ Test case passing 1 argument fixture → EngineFairnessCase(mode: CatanEngine.GameMode.classic, variant: CatanEngine.GameVariant.standard, seat: 0) to choosingAMoveDoesNotAdvanceEngineDiceAndResumePreservesThem(fixture:) started.
◇ Test case passing 1 argument fixture → EngineFairnessCase(mode: CatanEngine.GameMode.classic, variant: CatanEngine.GameVariant.standard, seat: 1) to choosingAMoveDoesNotAdvanceEngineDiceAndResumePreservesThem(fixture:) started.
◇ Test case passing 1 argument fixture → EngineFairnessCase(mode: CatanEngine.GameMode.classic, variant: CatanEngine.GameVariant.standard, seat: 2) to choosingAMoveDoesNotAdvanceEngineDiceAndResumePreservesThem(fixture:) started.
◇ Test case passing 1 argument fixture → EngineFairnessCase(mode: CatanEngine.GameMode.classic, variant: CatanEngine.GameVariant.standard, seat: 3) to choosingAMoveDoesNotAdvanceEngineDiceAndResumePreservesThem(fixture:) started.
◇ Test case passing 1 argument fixture → EngineFairnessCase(mode: CatanEngine.GameMode.classic, variant: CatanEngine.GameVariant.conquest, seat: 0) to choosingAMoveDoesNotAdvanceEngineDiceAndResumePreservesThem(fixture:) started.
◇ Test case passing 1 argument fixture → EngineFairnessCase(mode: CatanEngine.GameMode.classic, variant: CatanEngine.GameVariant.conquest, seat: 1) to choosingAMoveDoesNotAdvanceEngineDiceAndResumePreservesThem(fixture:) started.
◇ Test case passing 1 argument fixture → EngineFairnessCase(mode: CatanEngine.GameMode.classic, variant: CatanEngine.GameVariant.conquest, seat: 2) to choosingAMoveDoesNotAdvanceEngineDiceAndResumePreservesThem(fixture:) started.
◇ Test case passing 1 argument fixture → EngineFairnessCase(mode: CatanEngine.GameMode.classic, variant: CatanEngine.GameVariant.conquest, seat: 3) to choosingAMoveDoesNotAdvanceEngineDiceAndResumePreservesThem(fixture:) started.
◇ Test case passing 1 argument fixture → EngineFairnessCase(mode: CatanEngine.GameMode.vast, variant: CatanEngine.GameVariant.standard, seat: 0) to choosingAMoveDoesNotAdvanceEngineDiceAndResumePreservesThem(fixture:) started.
◇ Test case passing 1 argument fixture → EngineFairnessCase(mode: CatanEngine.GameMode.vast, variant: CatanEngine.GameVariant.standard, seat: 1) to choosingAMoveDoesNotAdvanceEngineDiceAndResumePreservesThem(fixture:) started.
◇ Test case passing 1 argument fixture → EngineFairnessCase(mode: CatanEngine.GameMode.vast, variant: CatanEngine.GameVariant.standard, seat: 2) to choosingAMoveDoesNotAdvanceEngineDiceAndResumePreservesThem(fixture:) started.
◇ Test case passing 1 argument fixture → EngineFairnessCase(mode: CatanEngine.GameMode.vast, variant: CatanEngine.GameVariant.standard, seat: 3) to choosingAMoveDoesNotAdvanceEngineDiceAndResumePreservesThem(fixture:) started.
◇ Test case passing 1 argument fixture → EngineFairnessCase(mode: CatanEngine.GameMode.vast, variant: CatanEngine.GameVariant.conquest, seat: 0) to choosingAMoveDoesNotAdvanceEngineDiceAndResumePreservesThem(fixture:) started.
◇ Test case passing 1 argument fixture → EngineFairnessCase(mode: CatanEngine.GameMode.vast, variant: CatanEngine.GameVariant.conquest, seat: 1) to choosingAMoveDoesNotAdvanceEngineDiceAndResumePreservesThem(fixture:) started.
◇ Test case passing 1 argument fixture → EngineFairnessCase(mode: CatanEngine.GameMode.vast, variant: CatanEngine.GameVariant.conquest, seat: 2) to choosingAMoveDoesNotAdvanceEngineDiceAndResumePreservesThem(fixture:) started.
◇ Test case passing 1 argument fixture → EngineFairnessCase(mode: CatanEngine.GameMode.vast, variant: CatanEngine.GameVariant.conquest, seat: 3) to choosingAMoveDoesNotAdvanceEngineDiceAndResumePreservesThem(fixture:) started.
✔ Test deckBuildOrderRanksArePreservedAndDistinct() passed after 6.955 seconds.
✔ Test completedPositionDoesNotReconstructAnOpenTradeResponse() passed after 6.956 seconds.
✔ Test buyingDevCardReportsTheExactCardDrawn(card:) with 5 test cases passed after 6.955 seconds.
✔ Test movingRobberCanStealFromAdjacentPlayer() passed after 6.955 seconds.
✔ Test settlementNotTouchingTheRolledTileGetsNothing() passed after 6.956 seconds.
✔ Test illegalPlacementTooCloseIsRejected() passed after 6.957 seconds.
✔ Test engineNameIsSet() passed after 6.960 seconds.
✔ Test cityProducesTwoResourcesOnMatchingRoll() passed after 6.960 seconds.
✔ Test conquestDoesNotChangeTheDevDeckOrDiceSeedOfTheSameSeed() passed after 6.964 seconds.
✔ Test proposeTradeStopsBeingLegalAtTheTurnRetryLimit() passed after 6.965 seconds.
✔ Test theGameEndsAtItsOwnTarget() passed after 6.966 seconds.
✔ Test rollingSevenWithOverEightCardsRequiresDiscard() passed after 6.965 seconds.
✔ Test aLedgerEqualsItselfAfterARoundTrip() passed after 6.973 seconds.
✔ Test theSameSeedProducesTheSameSession() passed after 6.976 seconds.
✔ Test theKnownFloorNeverExceedsTheTruth() passed after 6.973 seconds.
✔ Test aThreeSeatGameCyclesTurnsAmongThreeSeats() passed after 6.975 seconds.
✔ Test expandedRandomizedBoardNeverAdjoinsSixAndEight() passed after 6.975 seconds.
✔ Test captureRequiresElevenButAResolvedElevenHasNoPendingCapture() passed after 6.970 seconds.
✔ Test roadCannotBeBuiltOnAnEdgeAnotherPlayerAlreadyOwns() passed after 6.965 seconds.
✔ Test impossibleChoiceObligationsAreRejected(corruption:) with 9 test cases passed after 6.965 seconds.
✔ Test expandedDiscardThresholdIsTenNotSeven() passed after 6.964 seconds.
✔ Test aStandardGameHasNoConquestStateAndDrawsTheSameRandomSequence() passed after 6.964 seconds.
✔ Test invalidRobberVictimLeavesTheWholeStateUntouched() passed after 6.964 seconds.
✔ Test roadCannotExtendThroughAnOpponentsSettlement() passed after 6.964 seconds.
◇ Test case passing 1 argument kind → .resource(CatanEngine.Resource.grain) to chartedPortNeedsAnOwnedBuildingAndPreservesActualBankRates(kind:) started.
◇ Test case passing 1 argument kind → .generic to chartedPortNeedsAnOwnedBuildingAndPreservesActualBankRates(kind:) started.
◇ Test case passing 1 argument kind → .resource(CatanEngine.Resource.wool) to chartedPortNeedsAnOwnedBuildingAndPreservesActualBankRates(kind:) started.
◇ Test case passing 1 argument family → .archipelago to openingChartsHomeHarborsWithoutDiscoveringTheirSea(family:) started.
◇ Test case passing 1 argument family → .peninsula to openingChartsHomeHarborsWithoutDiscoveringTheirSea(family:) started.
◇ Test case passing 1 argument family → .twinIslands to openingChartsHomeHarborsWithoutDiscoveringTheirSea(family:) started.
✔ Test aFullyOwnedGameRunsToCompletion() passed after 7.144 seconds.
✔ Test yearOfPlentyEnumeratesOnlyPairsTheBankCanSupply() passed after 7.133 seconds.
✔ Test aSaveWithAnInvalidTargetIsRejectedAsCorrupt() passed after 7.129 seconds.
✔ Test anAttackThatFallsShortWeakensTheDefender() passed after 7.129 seconds.
✔ Test yearOfPlentyRejectsAnUnavailablePairWithoutConsumingTheCard() passed after 7.129 seconds.
◇ Test case passing 1 argument fixture → EngineFairnessCase(mode: CatanEngine.GameMode.classic, variant: CatanEngine.GameVariant.standard, seat: 0) to wrongSeatCannotPlayAndNeitherCommitPathMutates(fixture:) started.
◇ Test case passing 1 argument fixture → EngineFairnessCase(mode: CatanEngine.GameMode.classic, variant: CatanEngine.GameVariant.standard, seat: 1) to wrongSeatCannotPlayAndNeitherCommitPathMutates(fixture:) started.
◇ Test case passing 1 argument fixture → EngineFairnessCase(mode: CatanEngine.GameMode.classic, variant: CatanEngine.GameVariant.standard, seat: 2) to wrongSeatCannotPlayAndNeitherCommitPathMutates(fixture:) started.
◇ Test case passing 1 argument fixture → EngineFairnessCase(mode: CatanEngine.GameMode.classic, variant: CatanEngine.GameVariant.standard, seat: 3) to wrongSeatCannotPlayAndNeitherCommitPathMutates(fixture:) started.
◇ Test case passing 1 argument fixture → EngineFairnessCase(mode: CatanEngine.GameMode.classic, variant: CatanEngine.GameVariant.conquest, seat: 0) to wrongSeatCannotPlayAndNeitherCommitPathMutates(fixture:) started.
◇ Test case passing 1 argument fixture → EngineFairnessCase(mode: CatanEngine.GameMode.classic, variant: CatanEngine.GameVariant.conquest, seat: 1) to wrongSeatCannotPlayAndNeitherCommitPathMutates(fixture:) started.
◇ Test case passing 1 argument fixture → EngineFairnessCase(mode: CatanEngine.GameMode.classic, variant: CatanEngine.GameVariant.conquest, seat: 2) to wrongSeatCannotPlayAndNeitherCommitPathMutates(fixture:) started.
◇ Test case passing 1 argument fixture → EngineFairnessCase(mode: CatanEngine.GameMode.classic, variant: CatanEngine.GameVariant.conquest, seat: 3) to wrongSeatCannotPlayAndNeitherCommitPathMutates(fixture:) started.
◇ Test case passing 1 argument fixture → EngineFairnessCase(mode: CatanEngine.GameMode.vast, variant: CatanEngine.GameVariant.standard, seat: 0) to wrongSeatCannotPlayAndNeitherCommitPathMutates(fixture:) started.
◇ Test case passing 1 argument fixture → EngineFairnessCase(mode: CatanEngine.GameMode.vast, variant: CatanEngine.GameVariant.standard, seat: 1) to wrongSeatCannotPlayAndNeitherCommitPathMutates(fixture:) started.
◇ Test case passing 1 argument fixture → EngineFairnessCase(mode: CatanEngine.GameMode.vast, variant: CatanEngine.GameVariant.standard, seat: 2) to wrongSeatCannotPlayAndNeitherCommitPathMutates(fixture:) started.
◇ Test case passing 1 argument fixture → EngineFairnessCase(mode: CatanEngine.GameMode.vast, variant: CatanEngine.GameVariant.standard, seat: 3) to wrongSeatCannotPlayAndNeitherCommitPathMutates(fixture:) started.
◇ Test case passing 1 argument fixture → EngineFairnessCase(mode: CatanEngine.GameMode.vast, variant: CatanEngine.GameVariant.conquest, seat: 0) to wrongSeatCannotPlayAndNeitherCommitPathMutates(fixture:) started.
◇ Test case passing 1 argument fixture → EngineFairnessCase(mode: CatanEngine.GameMode.vast, variant: CatanEngine.GameVariant.conquest, seat: 1) to wrongSeatCannotPlayAndNeitherCommitPathMutates(fixture:) started.
◇ Test case passing 1 argument fixture → EngineFairnessCase(mode: CatanEngine.GameMode.vast, variant: CatanEngine.GameVariant.conquest, seat: 2) to wrongSeatCannotPlayAndNeitherCommitPathMutates(fixture:) started.
◇ Test case passing 1 argument fixture → EngineFairnessCase(mode: CatanEngine.GameMode.vast, variant: CatanEngine.GameVariant.conquest, seat: 3) to wrongSeatCannotPlayAndNeitherCommitPathMutates(fixture:) started.
◇ Test case passing 1 argument fixture → EngineFairnessCase(mode: CatanEngine.GameMode.classic, variant: CatanEngine.GameVariant.standard, seat: 0) to requiredRobberyAndDiscardHaveControllerParity(fixture:) started.
◇ Test case passing 1 argument fixture → EngineFairnessCase(mode: CatanEngine.GameMode.classic, variant: CatanEngine.GameVariant.standard, seat: 1) to requiredRobberyAndDiscardHaveControllerParity(fixture:) started.
◇ Test case passing 1 argument fixture → EngineFairnessCase(mode: CatanEngine.GameMode.classic, variant: CatanEngine.GameVariant.standard, seat: 2) to requiredRobberyAndDiscardHaveControllerParity(fixture:) started.
◇ Test case passing 1 argument fixture → EngineFairnessCase(mode: CatanEngine.GameMode.classic, variant: CatanEngine.GameVariant.standard, seat: 3) to requiredRobberyAndDiscardHaveControllerParity(fixture:) started.
◇ Test case passing 1 argument fixture → EngineFairnessCase(mode: CatanEngine.GameMode.classic, variant: CatanEngine.GameVariant.conquest, seat: 0) to requiredRobberyAndDiscardHaveControllerParity(fixture:) started.
◇ Test case passing 1 argument fixture → EngineFairnessCase(mode: CatanEngine.GameMode.classic, variant: CatanEngine.GameVariant.conquest, seat: 1) to requiredRobberyAndDiscardHaveControllerParity(fixture:) started.
◇ Test case passing 1 argument fixture → EngineFairnessCase(mode: CatanEngine.GameMode.classic, variant: CatanEngine.GameVariant.conquest, seat: 2) to requiredRobberyAndDiscardHaveControllerParity(fixture:) started.
◇ Test case passing 1 argument fixture → EngineFairnessCase(mode: CatanEngine.GameMode.classic, variant: CatanEngine.GameVariant.conquest, seat: 3) to requiredRobberyAndDiscardHaveControllerParity(fixture:) started.
◇ Test case passing 1 argument fixture → EngineFairnessCase(mode: CatanEngine.GameMode.vast, variant: CatanEngine.GameVariant.standard, seat: 0) to requiredRobberyAndDiscardHaveControllerParity(fixture:) started.
◇ Test case passing 1 argument fixture → EngineFairnessCase(mode: CatanEngine.GameMode.vast, variant: CatanEngine.GameVariant.standard, seat: 1) to requiredRobberyAndDiscardHaveControllerParity(fixture:) started.
◇ Test case passing 1 argument fixture → EngineFairnessCase(mode: CatanEngine.GameMode.vast, variant: CatanEngine.GameVariant.standard, seat: 2) to requiredRobberyAndDiscardHaveControllerParity(fixture:) started.
◇ Test case passing 1 argument fixture → EngineFairnessCase(mode: CatanEngine.GameMode.vast, variant: CatanEngine.GameVariant.standard, seat: 3) to requiredRobberyAndDiscardHaveControllerParity(fixture:) started.
◇ Test case passing 1 argument fixture → EngineFairnessCase(mode: CatanEngine.GameMode.vast, variant: CatanEngine.GameVariant.conquest, seat: 0) to requiredRobberyAndDiscardHaveControllerParity(fixture:) started.
◇ Test case passing 1 argument fixture → EngineFairnessCase(mode: CatanEngine.GameMode.vast, variant: CatanEngine.GameVariant.conquest, seat: 1) to requiredRobberyAndDiscardHaveControllerParity(fixture:) started.
◇ Test case passing 1 argument fixture → EngineFairnessCase(mode: CatanEngine.GameMode.vast, variant: CatanEngine.GameVariant.conquest, seat: 2) to requiredRobberyAndDiscardHaveControllerParity(fixture:) started.
◇ Test case passing 1 argument fixture → EngineFairnessCase(mode: CatanEngine.GameMode.vast, variant: CatanEngine.GameVariant.conquest, seat: 3) to requiredRobberyAndDiscardHaveControllerParity(fixture:) started.
◇ Test case passing 1 argument fixture → EngineFairnessCase(mode: CatanEngine.GameMode.classic, variant: CatanEngine.GameVariant.standard, seat: 0) to humanAndPolicyApplyTheSameLegalCardMoves(fixture:) started.
◇ Test case passing 1 argument fixture → EngineFairnessCase(mode: CatanEngine.GameMode.classic, variant: CatanEngine.GameVariant.standard, seat: 1) to humanAndPolicyApplyTheSameLegalCardMoves(fixture:) started.
◇ Test case passing 1 argument fixture → EngineFairnessCase(mode: CatanEngine.GameMode.classic, variant: CatanEngine.GameVariant.standard, seat: 2) to humanAndPolicyApplyTheSameLegalCardMoves(fixture:) started.
◇ Test case passing 1 argument fixture → EngineFairnessCase(mode: CatanEngine.GameMode.classic, variant: CatanEngine.GameVariant.standard, seat: 3) to humanAndPolicyApplyTheSameLegalCardMoves(fixture:) started.
◇ Test case passing 1 argument fixture → EngineFairnessCase(mode: CatanEngine.GameMode.classic, variant: CatanEngine.GameVariant.conquest, seat: 0) to humanAndPolicyApplyTheSameLegalCardMoves(fixture:) started.
◇ Test case passing 1 argument fixture → EngineFairnessCase(mode: CatanEngine.GameMode.classic, variant: CatanEngine.GameVariant.conquest, seat: 1) to humanAndPolicyApplyTheSameLegalCardMoves(fixture:) started.
◇ Test case passing 1 argument fixture → EngineFairnessCase(mode: CatanEngine.GameMode.classic, variant: CatanEngine.GameVariant.conquest, seat: 2) to humanAndPolicyApplyTheSameLegalCardMoves(fixture:) started.
◇ Test case passing 1 argument fixture → EngineFairnessCase(mode: CatanEngine.GameMode.classic, variant: CatanEngine.GameVariant.conquest, seat: 3) to humanAndPolicyApplyTheSameLegalCardMoves(fixture:) started.
◇ Test case passing 1 argument fixture → EngineFairnessCase(mode: CatanEngine.GameMode.vast, variant: CatanEngine.GameVariant.standard, seat: 0) to humanAndPolicyApplyTheSameLegalCardMoves(fixture:) started.
◇ Test case passing 1 argument fixture → EngineFairnessCase(mode: CatanEngine.GameMode.vast, variant: CatanEngine.GameVariant.standard, seat: 1) to humanAndPolicyApplyTheSameLegalCardMoves(fixture:) started.
◇ Test case passing 1 argument fixture → EngineFairnessCase(mode: CatanEngine.GameMode.vast, variant: CatanEngine.GameVariant.standard, seat: 2) to humanAndPolicyApplyTheSameLegalCardMoves(fixture:) started.
◇ Test case passing 1 argument fixture → EngineFairnessCase(mode: CatanEngine.GameMode.vast, variant: CatanEngine.GameVariant.standard, seat: 3) to humanAndPolicyApplyTheSameLegalCardMoves(fixture:) started.
◇ Test case passing 1 argument fixture → EngineFairnessCase(mode: CatanEngine.GameMode.vast, variant: CatanEngine.GameVariant.conquest, seat: 0) to humanAndPolicyApplyTheSameLegalCardMoves(fixture:) started.
◇ Test case passing 1 argument fixture → EngineFairnessCase(mode: CatanEngine.GameMode.vast, variant: CatanEngine.GameVariant.conquest, seat: 1) to humanAndPolicyApplyTheSameLegalCardMoves(fixture:) started.
◇ Test case passing 1 argument fixture → EngineFairnessCase(mode: CatanEngine.GameMode.vast, variant: CatanEngine.GameVariant.conquest, seat: 2) to humanAndPolicyApplyTheSameLegalCardMoves(fixture:) started.
◇ Test case passing 1 argument fixture → EngineFairnessCase(mode: CatanEngine.GameMode.vast, variant: CatanEngine.GameVariant.conquest, seat: 3) to humanAndPolicyApplyTheSameLegalCardMoves(fixture:) started.
✔ Test wrongTurnMoveIsRejected() passed after 8.993 seconds.
✔ Test fastSearchHandlesTheShapesThatBreakNaiveSearches() passed after 8.993 seconds.
◇ Test case passing 2 arguments fog → true, flexible → true to decodedRawInputMasksAndKeepsCounts(fog:flexible:) started.
◇ Test case passing 2 arguments fog → true, flexible → false to decodedRawInputMasksAndKeepsCounts(fog:flexible:) started.
◇ Test case passing 2 arguments fog → false, flexible → true to decodedRawInputMasksAndKeepsCounts(fog:flexible:) started.
◇ Test case passing 2 arguments fog → false, flexible → false to decodedRawInputMasksAndKeepsCounts(fog:flexible:) started.
◇ Test case passing 2 arguments fog → true, flexible → true to responseOnlyInformationDoesNotExposePrivateComposition(fog:flexible:) started.
◇ Test case passing 2 arguments fog → true, flexible → false to responseOnlyInformationDoesNotExposePrivateComposition(fog:flexible:) started.
◇ Test case passing 2 arguments fog → false, flexible → true to responseOnlyInformationDoesNotExposePrivateComposition(fog:flexible:) started.
◇ Test case passing 2 arguments fog → false, flexible → false to responseOnlyInformationDoesNotExposePrivateComposition(fog:flexible:) started.
✔ Test ordinaryMovesReplayUnderEverySupportedVersion(rulesVersion:) with 2 test cases passed after 9.377 seconds.
◇ Test case passing 1 argument family → .archipelago to firstPlacementAndRoadArePlayable(family:) started.
◇ Test case passing 1 argument family → .peninsula to firstPlacementAndRoadArePlayable(family:) started.
◇ Test case passing 1 argument family → .twinIslands to firstPlacementAndRoadArePlayable(family:) started.
✔ Test winningWithAnOpenTradeEndsAutomatedNegotiation() passed after 9.413 seconds.
✔ Test versionOneStillReplaysAnExplicitRobberVictimExactly() passed after 9.415 seconds.
✔ Test unsupportedRulesVersionCannotMutateAReplay() passed after 9.415 seconds.
✔ Test versionOnePreservesNilVictimRobberHistory() passed after 9.415 seconds.
✔ Test versionOnePreservesNilVictimKnightHistory(beforeRoll:) with 2 test cases passed after 9.414 seconds.
✔ Test versionOnePreservesPartialYearOfPlentyHistory() passed after 9.415 seconds.
✔ Test everyPartialChoiceAndClockwiseSuffixSurvivesColdCheckpoint() passed after 9.427 seconds.
✔ Test aSaveResumesTheSameRandomSequenceItWouldHaveHad() passed after 9.430 seconds.
✔ Test externalEndTurnCancelsCachedReply() passed after 9.412 seconds.
✔ Test legacyQueuedReplyResumesWithChartedHarborsWithoutResampling(nearHarbor:) with 2 test cases passed after 9.411 seconds.
✔ Test legacyProjectionDoesNotPermitOtherQueuedReplyCorruption(field:) with 9 test cases passed after 9.411 seconds.
✔ Test externalBankSpendRefreshesCachedObservationWithoutRandomDraws() passed after 9.412 seconds.
✔ Test shipVisionRetainsItsNineteenHexFootprintAndSixCardinalBoundaries(origin:) with 2 test cases passed after 9.410 seconds.
✔ Test scaledFromBoardOnAMuchLargerBoardRoundsDownWhenTheFractionIsBelowHalf() passed after 9.417 seconds.
✔ Test clearDraftConstraintsAreNotPermissionToCommit() passed after 9.402 seconds.
✔ Test sameResourceIsExcludedInEitherDraftMode(_:) with 2 test cases passed after 9.402 seconds.
✔ Test overlapPrecedesStableResourceOrderForBundleErrorsWithoutMutatingState() passed after 9.402 seconds.
✔ Test bankDraftNamesTheRequiredBundleAtThePlayersActualPortRate(_:) with 3 test cases passed after 9.400 seconds.
✔ Test bankDraftChecksEachResourcesOwnRateInACompoundTrade() passed after 9.400 seconds.
✔ Test historicalOverlappingDomesticTradesStillApplyAndReplay(_:) with 2 test cases passed after 9.400 seconds.
✔ Test rejectsQueuedResponseFromProposer() passed after 9.400 seconds.
✔ Test acceptsCheckpointAtTurnBackstop() passed after 9.400 seconds.
✔ Test rejectsQueuedNonResponseMove() passed after 9.400 seconds.
✔ Test externalProposalQueuesAndExternalConsumptionClearsResponse() passed after 9.412 seconds.
✔ Test rejectsInvalidCurrentTurnSeat(index:) with 2 test cases passed after 9.399 seconds.
✔ Test rejectsZeroEvaluationsWithQueuedDecision() passed after 9.398 seconds.
✔ Test rejectsChangedPolicyRosterAfterDecoding() passed after 9.398 seconds.
✔ Test randomLegalPlayReachesGameOverWithoutErrors() passed after 9.424 seconds.
✔ Test rejectsUnsupportedCheckpointVersion(version:) with 3 test cases passed after 9.395 seconds.
✔ Test validHumanActionsBeyondAutomatedCapColdResume(mode:) with 2 test cases passed after 9.394 seconds.
✔ Test rejectsUnsupportedStateSchema(version:) with 2 test cases passed after 9.392 seconds.
✔ Test legacyDuplicateOffersStillReplayUnderRecordedRules(version:) with 2 test cases passed after 9.392 seconds.
✔ Test rejectsCurrentTurnSeatWithoutActions() passed after 9.392 seconds.
✔ Test mapFingerprintsRemainStableAcrossTestProcesses() passed after 9.428 seconds.
✔ Test stockBelongsToBuilderAndSeaHexesAllowStacking() passed after 9.400 seconds.
✔ Test rejectsActionsWithoutACurrentTurnSeat() passed after 9.392 seconds.
✔ Test shipsPayExactCostSailAndRefresh(table:) with 2 test cases passed after 9.399 seconds.
✔ Test captureIsGlobalOptionalAndLastsUntilRecapture() passed after 9.399 seconds.
✔ Test rejectsActionsBeyondTurnBackstop(actions:) with 2 test cases passed after 9.392 seconds.
✔ Test shipsCannotTeleportCrossLandOrMoveForAnotherSeat() passed after 9.398 seconds.
✔ Test aFirstColonyBonusCanCompleteTheFourteenPointWin() passed after 9.398 seconds.
✔ Test landingRequiresSettlementBeforeRoadAndScoresDistinctIslands() passed after 9.400 seconds.
✔ Test rejectsQueuedResponseToUnknownOffer() passed after 9.392 seconds.
✔ Test legacyNavalOneReplaysItsOriginalExactRevealUnderEveryEngineVersion(engineVersion:) with 3 test cases passed after 9.393 seconds.
✔ Test fastSearchAgreesWithTheExhaustiveOneAtThePlayableRoadCap() passed after 9.432 seconds.
✔ Test fogDisabledRetainsTheEntireWorldUnderEitherVisionRule(version:) with 2 test cases passed after 9.392 seconds.
✔ Test aMissingNavalVersionAlwaysDecodesAsLegacyOneWithoutRefogging() passed after 9.392 seconds.
✔ Test decodedCheckpointContinuesIdenticalTranscriptAndLedger(table:) with 2 test cases passed after 9.393 seconds.
✔ Test corruptNavalAuthoritativeStateIsRejected(corruption:) with 15 test cases passed after 9.392 seconds.
✔ Test newGamesUseCornerVisionWithoutChangingOpeningMapOrEngineVersions() passed after 9.392 seconds.
✔ Test coldCheckpointKeepsItsVisionRuleAndPreviouslyDiscoveredTiles(version:) with 2 test cases passed after 9.392 seconds.
✔ Test rejectsQueuedResponseWithoutPendingOffer() passed after 9.391 seconds.
✔ Test rejectsInvalidQueuedResponseActor(index:) with 2 test cases passed after 9.391 seconds.
✔ Test rejectsQueuedResponseWithoutActorPolicy() passed after 9.391 seconds.
✔ Test rejectsQueuedEvaluationOutsideRecordedRange(index:) with 3 test cases passed after 9.391 seconds.
✔ Test rejectsCountersThatCannotAdvanceWithoutOverflow(field:) with 2 test cases passed after 9.390 seconds.
✔ Test rejectsNegativeCounters(field:) with 2 test cases passed after 9.390 seconds.
✔ Test rejectsInvalidPhasePlayerIndex(phase:index:) with 10 test cases passed after 9.390 seconds.
✔ Test thePieceLimitsAloneCanReachTheTarget() passed after 9.385 seconds.
✔ Test theRulesetIsPlayable() passed after 9.385 seconds.
✔ Test theDeckIsNotRequiredToReachTheTarget() passed after 9.383 seconds.
✔ Test legitimateDecodedSnapshotsResume() passed after 9.390 seconds.
✔ Test theBoardIsSixtyOneTilesWithThreeDeserts() passed after 9.385 seconds.
✔ Test brickAndOreStayScarcerThanTheOtherThree() passed after 9.384 seconds.
✔ Test theBoardHasOneHundredFiftyVertices() passed after 9.383 seconds.
✔ Test thePortsCoverThreeGenericsPerFiveAndEveryResourceTwice() passed after 9.384 seconds.
✔ Test aLiveHumanOfferStillQueuesAndAppliesAPolicyResponse() passed after 9.360 seconds.
✔ Test knightWithoutAResourceHoldingNeighbourConsumesOneCardWithoutTheft(fixture:) with 16 test cases passed after 9.360 seconds.
✔ Test terminalOfferDoesNotRequestAnotherDecision(restoration:) with 2 test cases passed after 9.360 seconds.
✔ Test theTokenSpreadIsSymmetricAboutSeven() passed after 9.382 seconds.
✔ Test boardsAreDeterministicForOneSeed() passed after 9.382 seconds.
✔ Test unsupportedNavalVisionVersionsRemainRejected(version:) with 3 test cases passed after 9.392 seconds.
✔ Test monopolyTransfersOneResourceAndCannotBeReusedAfterResume(fixture:) with 16 test cases passed after 9.359 seconds.
✔ Test malformedMaximumShipIDCanDecodeAndBeRejectedWithoutOverflow() passed after 9.391 seconds.
✔ Test olderCopyCanBePlayedButNewCopyWaitsUntilNextTurn(fixture:) with 16 test cases passed after 9.359 seconds.
✔ Test invalidKnightVictimCannotConsumeOrPartiallyApply(fixture:) with 16 test cases passed after 9.358 seconds.
✔ Test duplicateOfferIDIsExcludedRejectedAndNeverMutates() passed after 9.394 seconds.
✔ Test allNewFieldsDecodeDefaultsAndOldModesKeepNilNavalState() passed after 9.391 seconds.
✔ Test aSecondMatureMonopolyNeedsAnotherTurnAndAZeroGainStillConsumes(fixture:) with 16 test cases passed after 9.358 seconds.
✔ Test queuedNavalTradeResponseUsesMaskedSnapshotAndValidatesCounts() passed after 9.392 seconds.
✔ Test knightTakesExactlyOneCardFromOnlyTheChosenVictim(fixture:) with 16 test cases passed after 9.358 seconds.
✔ Test aComposedOfferMustCarryItsContentDerivedID() passed after 9.355 seconds.
✔ Test noCompositionWhenProposingIsNotAllowed() passed after 9.354 seconds.
✔ Test aSessionAcceptsAndTablesAPermittedComposedOffer() passed after 9.354 seconds.
✔ Test malformedOrExcessiveCompositionsAreRefused() passed after 9.355 seconds.
✔ Test jakesBundleForTheCityIsPermitted() passed after 9.354 seconds.
✔ Test robberBlocksFlexibleProductionAndNeverTargetsFogOrShips() passed after 9.345 seconds.
✔ Test citiesChooseTwoUnitsClockwiseAfterFixedProduction() passed after 9.345 seconds.
✔ Test unavailableChoicesAreRejectedAndEmptyBankExpiresObligations() passed after 9.345 seconds.
✔ Test foundingNeedsAnOwnedShipAtThatExactCoastalCorner() passed after 9.316 seconds.
✔ Test resumedSetupOffersInlandSitesWithoutChangingSavedVision(version:) with 2 test cases passed after 9.316 seconds.
✔ Test inlandOpeningIsLegalWithEitherFogSetting(family:fog:) with 6 test cases passed after 9.316 seconds.
✔ Test foundedIslandCanExpandInlandByRoadAfterItsShipLeaves() passed after 9.316 seconds.
✔ Test setupStillCannotSkipToAnOverseasIslandOrIgnoreDistance() passed after 9.316 seconds.
✔ Test bothOpeningSettlementsCanBeInland(family:count:) with 6 test cases passed after 9.316 seconds.
✔ Test inlandPaidSettlementRequiresOwnRoadAndShipDoesNotSubstitute() passed after 9.316 seconds.
✔ Test disjointCompoundBankTradeStillAppliesAtEachResourcesRate(rate:) with 3 test cases passed after 9.213 seconds.
✔ Test mixedBankTradesWithOverlapAreRejectedWithoutMutation(rate:) with 3 test cases passed after 9.212 seconds.
✔ Test sameResourceBankTradeIsRejectedWithoutMutation(rate:quantity:) with 6 test cases passed after 9.211 seconds.
✔ Test emptyAndNonpositiveBankTradesAreRejectedWithoutMutation() passed after 9.212 seconds.
✔ Test humanAndBotsWithDifferentPolicyDrawCountsGetIdenticalDice(fixture:) with 16 test cases passed after 9.192 seconds.
✔ Test sameFamilyFallbackIsValidForEitherProductionOption(family:) with 3 test cases passed after 9.346 seconds.
✔ Test diceMatchTwoUnweightedDrawsRegardlessOfSeatOrHand(fixture:) with 16 test cases passed after 9.192 seconds.
✔ Test anUnauthorizedRollCannotAdvanceTheRandomSequence(fixture:) with 16 test cases passed after 9.191 seconds.
✔ Test choosingAMoveDoesNotAdvanceEngineDiceAndResumePreservesThem(fixture:) with 16 test cases passed after 9.191 seconds.
✔ Test rulesEngineAppliesProposeTrade() passed after 9.185 seconds.
✔ Test bankTradeRejectsNegativeGetAmount() passed after 9.185 seconds.
✔ Test respondRejectsWhenResponderIsProposer() passed after 9.185 seconds.
✔ Test rulesEngineStillRejectsUnrelatedOutOfTurnMoves() passed after 9.181 seconds.
✔ Test bankTradeRejectedWhenBankLacksResource() passed after 9.181 seconds.
✔ Test legalMovesIncludeGiveCountsUpToTheGenerousCeiling() passed after 9.181 seconds.
✔ Test acceptFailsIfProposerNoLongerHoldsGiveCards() passed after 9.181 seconds.
✔ Test bankTradeRejectsNegativeGiveAmount() passed after 9.181 seconds.
✔ Test legalMovesExcludesAcceptWhenResponderCannotAffordWantedCards() passed after 9.181 seconds.
✔ Test legalMovesIncludesAcceptWhenBothSidesCanAfford() passed after 9.185 seconds.
✔ Test endTurnClearsTradesAcceptedThisTurn() passed after 9.181 seconds.
✔ Test legalMovesExcludesAcceptWhenProposerNoLongerAffordsGiveCards() passed after 9.179 seconds.
✔ Test fourToOneBankTradeWithNoPort() passed after 9.179 seconds.
✔ Test threeToOneBankTradeWithGenericPort() passed after 9.181 seconds.
✔ Test proposeAndRejectLeavesResourcesUntouched() passed after 9.179 seconds.
✔ Test rulesEngineAllowsNonActivePlayerToRespondToTrade() passed after 9.179 seconds.
✔ Test acceptFailsIfResponderLacksWantedCards() passed after 9.179 seconds.
✔ Test acceptingATradeIncrementsTheProposersAcceptedCountAndRejectingDoesNot() passed after 9.179 seconds.
✔ Test endTurnClearsDeclinedTradeHistory() passed after 9.179 seconds.
✔ Test bankTradeRejectedWhenRatioWrong() passed after 9.179 seconds.
✔ Test proposeAndAcceptTradeSwapsCardsBetweenPlayers() passed after 9.179 seconds.
✔ Test proposeTradeFailsIfProposerLacksGiveCards() passed after 9.176 seconds.
✔ Test twoToOneBankTradeWithMatchingResourcePort() passed after 9.176 seconds.
✔ Test rulesEngineAppliesBankTrade() passed after 9.176 seconds.
✔ Test rulesEngineProposeTradeRejectsWrongProposer() passed after 9.176 seconds.
✔ Test decliningATradeRecordsItAgainstTheProposer() passed after 9.179 seconds.
✔ Test proposeTradeRejectsNegativeAmounts() passed after 9.176 seconds.
✔ Test openingChartsHomeHarborsWithoutDiscoveringTheirSea(family:) with 3 test cases passed after 8.549 seconds.
✔ Test chartedPortNeedsAnOwnedBuildingAndPreservesActualBankRates(kind:) with 3 test cases passed after 8.549 seconds.
✔ Test wrongSeatCannotPlayAndNeitherCommitPathMutates(fixture:) with 16 test cases passed after 8.538 seconds.
✔ Test discoveringAnOverseasCoastChartsItsHarborWhileOtherHexesStayFogged() passed after 8.549 seconds.
✔ Test requiredRobberyAndDiscardHaveControllerParity(fixture:) with 16 test cases passed after 8.538 seconds.
✔ Test concealedTerrainAndPortsCannotChangeChartedHarbors() passed after 8.549 seconds.
✔ Test aRecordedMoveListReplaysToTheSameOutcome() passed after 9.436 seconds.
✔ Test decodedRawInputMasksAndKeepsCounts(fog:flexible:) with 4 test cases passed after 8.528 seconds.
✔ Test publicTranscriptHidesUninvolvedTheftIdentity() passed after 8.528 seconds.
✔ Test observationsMaskGeographyAndPrivateCardsWithoutLosingPublicCounts() passed after 8.528 seconds.
✔ Suite PublicLedgerTests passed after 9.439 seconds.
✔ Suite PublicLedgerCheckpointTests passed after 9.439 seconds.
✔ Suite NavalCornerVisibilityTests passed after 9.439 seconds.
✔ Suite NavalProductionValidationTests passed after 9.439 seconds.
✔ Suite RulesVersionReplayTests passed after 9.439 seconds.
✔ Suite NavalTradeCheckpointTests passed after 9.439 seconds.
✔ Suite NavalPortCheckpointTests passed after 9.439 seconds.
✔ Suite TradeDraftConstraintTests passed after 9.439 seconds.
✔ Suite SessionCheckpointValidationTests passed after 9.439 seconds.
✔ Suite ExternalActionCheckpointTests passed after 9.439 seconds.
✔ Suite NavalDeterminismTests passed after 9.439 seconds.
✔ Suite NavalGameplayTests passed after 9.439 seconds.
✔ Suite NavalVisibilityVersionTests passed after 9.439 seconds.
✔ Suite NavalSaveTests passed after 9.439 seconds.
✔ Suite VastBoardTests passed after 9.439 seconds.
✔ Suite TerminalTradeBookkeepingTests passed after 9.439 seconds.
✔ Suite DevCardConservationTests passed after 9.439 seconds.
✔ Suite ComposedProposalTests passed after 9.439 seconds.
✔ Suite NavalProductionTests passed after 9.439 seconds.
✔ Suite NavalSettlementScopeTests passed after 9.439 seconds.
✔ Suite BankTradeResourceRuleTests passed after 9.439 seconds.
✔ Suite DiceFairnessTests passed after 9.439 seconds.
✔ Suite TradingTests passed after 9.439 seconds.
✔ Suite NavalPortVisibilityTests passed after 9.439 seconds.
✔ Test responseOnlyInformationDoesNotExposePrivateComposition(fog:flexible:) with 4 test cases passed after 8.563 seconds.
✔ Test unobservedWorldAndFutureRandomnessDoNotChangeAnObservation() passed after 8.638 seconds.
✔ Suite NavalObservationTests passed after 9.547 seconds.
✔ Test firstPlacementAndRoadArePlayable(family:) with 3 test cases passed after 8.638 seconds.
✔ Suite NavalOpeningTests passed after 9.552 seconds.
✔ Test expandedPieceSuppliesAreNeverExceededOverAFullGame() passed after 9.721 seconds.
✔ Test humanAndPolicyApplyTheSameLegalCardMoves(fixture:) with 16 test cases passed after 8.988 seconds.
✔ Suite EngineFairnessTests passed after 9.886 seconds.
NAVAL MAP ECONOMY family=twinIslands ["size3:production=8...14,landing=6...9", "size11:production=28...39,landing=7...9"]
NAVAL MAP STUDY family=twinIslands seeds=25 geometries=25 fallbacks=0 meanAttempts=2.92 minimumBestLandingPips=6 routeSteps=[(key: 1, value: 300), (key: 2, value: 436), (key: 3, value: 295), (key: 4, value: 342), (key: 5, value: 363), (key: 6, value: 295), (key: 7, value: 342), (key: 8, value: 363), (key: 9, value: 192), (key: 10, value: 72)]
NAVAL MAP ECONOMY family=archipelago ["size7:production=15...29,landing=6...9"]
NAVAL MAP STUDY family=archipelago seeds=25 geometries=25 fallbacks=0 meanAttempts=2.92 minimumBestLandingPips=6 routeSteps=[(key: 1, value: 262), (key: 2, value: 484), (key: 3, value: 328), (key: 4, value: 277), (key: 5, value: 399), (key: 6, value: 324), (key: 7, value: 277), (key: 8, value: 399), (key: 9, value: 249), (key: 10, value: 1)]
NAVAL MAP ECONOMY family=peninsula ["size3:production=7...13,landing=6...9", "size4:production=9...16,landing=6...9", "size7:production=17...26,landing=6...9", "size14:production=38...53,landing=7...9"]
NAVAL MAP STUDY family=peninsula seeds=25 geometries=25 fallbacks=0 meanAttempts=4.16 minimumBestLandingPips=6 routeSteps=[(key: 1, value: 180), (key: 2, value: 501), (key: 3, value: 376), (key: 4, value: 279), (key: 5, value: 351), (key: 6, value: 370), (key: 7, value: 279), (key: 8, value: 351), (key: 9, value: 266), (key: 10, value: 47)]
✔ Test seededWorldStudy(family:) with 3 test cases passed after 10.720 seconds.
✔ Test noPlayerEverExceedsTheirPieceSupply() passed after 11.239 seconds.
✔ Test sameSeedProducesAnIdenticalGame() passed after 12.512 seconds.
✔ Test anExpandedGamePlaysToTwentyFiveWithoutStalling() passed after 12.969 seconds.
✔ Test togglesPreserveWorldAndRandomStream(family:) with 3 test cases passed after 13.762 seconds.
✔ Suite NavalMapTests passed after 13.852 seconds.
✔ Test fastSearchAgreesWithTheExhaustiveOneOnManyRandomNetworks() passed after 19.263 seconds.
✔ Test run with 371 tests in 28 suites passed after 19.264 seconds.

[1m▸ CatanAI tests[0m
[0/1] Planning build
Building for debugging...
[0/17] Write swift-version--58304C5D6DBC2206.txt
[2/42] Compiling CatanEngine Board.swift
[3/42] Compiling CatanEngine BoardGeneration.swift
[4/42] Compiling CatanEngine BoardShape.swift
[5/42] Compiling CatanEngine Building.swift
[6/42] Compiling CatanEngine CatanEngine.swift
[7/42] Compiling CatanEngine Conquest.swift
[8/42] Compiling CatanEngine DevCards.swift
[9/42] Compiling CatanEngine DiceOdds.swift
[10/42] Compiling CatanEngine GameSession.swift
[11/42] Compiling CatanEngine LongestRoad.swift
[12/42] Compiling CatanEngine MainPhase.swift
[13/42] Compiling CatanEngine DevCardPlayStatus.swift
[14/42] Compiling CatanEngine DevCardType.swift
[15/42] Compiling CatanEngine EdgeID.swift
[16/42] Compiling CatanEngine GameEvent.swift
[17/42] Compiling CatanEngine GameMode.swift
[18/42] Compiling CatanEngine GamePhase.swift
[19/42] Compiling CatanEngine GameState.swift
[20/42] Compiling CatanEngine GameVariant.swift
[21/42] Compiling CatanEngine HexCoordinate.swift
[22/42] Compiling CatanEngine Move.swift
[23/42] Compiling CatanEngine Player.swift
[24/42] Compiling CatanEngine PlayerID.swift
[25/42] Compiling CatanEngine Port.swift
[26/42] Emitting module CatanEngine
[27/65] Compiling CatanEngine RandomSource.swift
[28/65] Compiling CatanEngine Resource.swift
[29/65] Compiling CatanEngine Tile.swift
[30/65] Compiling CatanEngine VertexID.swift
[31/65] Compiling CatanEngine Naval.swift
[32/65] Compiling CatanEngine NavalFallback.swift
[33/65] Compiling CatanEngine NavalMapGenerator.swift
[34/65] Compiling CatanEngine NavalMapValidation.swift
[35/65] Compiling CatanEngine NavalModels.swift
[36/65] Compiling CatanEngine NavalMoves.swift
[37/65] Compiling CatanEngine NavalPorts.swift
[38/65] Compiling CatanEngine NavalProduction.swift
[39/65] Compiling CatanEngine NavalSightGeometry.swift
[40/65] Compiling CatanEngine NavalStateValidation.swift
[41/65] Compiling CatanEngine NavalTerrain.swift
[42/65] Compiling CatanEngine NavalVisibility.swift
[43/65] Compiling CatanEngine PublicLedger.swift
[44/65] Compiling CatanEngine Robber.swift
[45/65] Compiling CatanEngine RulesEngine.swift
[46/65] Compiling CatanEngine Ruleset.swift
[47/65] Compiling CatanEngine SetupPhase.swift
[48/65] Compiling CatanEngine Trading.swift
[49/65] Compiling CatanEngine WinCondition.swift
[50/92] Compiling CatanAI Bot.swift
[51/92] Compiling CatanAI BotPersonality.swift
[52/92] Compiling CatanAI BotWeights.swift
[53/92] Compiling CatanAI BuildPlanner.swift
[54/92] Compiling CatanAI CatanAI.swift
[55/92] Compiling CatanAI ConquestHeuristics.swift
[56/92] Compiling CatanAI DevCardHeuristics.swift
[57/92] Compiling CatanAI BoardIndex.swift
[58/92] Compiling CatanAI EvaluationPolicy.swift
[59/92] Compiling CatanAI EvaluationProjections.swift
[60/92] Compiling CatanAI EvaluationWeights.swift
[61/92] Compiling CatanAI ExpertRevision.swift
[62/92] Compiling CatanAI HandDiscipline.swift
[63/92] Compiling CatanAI PointCompletingCards.swift
[64/92] Compiling CatanAI PositionEvaluator.swift
[65/92] Compiling CatanAI TradeCascade.swift
[66/92] Compiling CatanAI TradeValuation.swift
[67/92] Compiling CatanAI CandidateScoring.swift
[68/92] Compiling CatanAI DecisionExtractor.swift
[69/92] Compiling CatanAI DecisionRecord.swift
[70/92] Compiling CatanAI GhostPolicy.swift
[71/92] Compiling CatanAI GhostProfile.swift
[72/92] Compiling CatanAI PersonFitter.swift
[73/92] Compiling CatanAI PersonModel.swift
[74/92] Compiling CatanAI SeatStats.swift
[75/92] Emitting module CatanAI
[76/116] Compiling CatanAI StyleFeatures.swift
[77/116] Compiling CatanAI GreedyPolicy.swift
[78/116] Compiling CatanAI HeuristicPolicy.swift
[79/116] Compiling CatanAI JointTradeResponsePolicy.swift
[80/116] Compiling CatanAI NavalCards.swift
[81/116] Compiling CatanAI NavalDecisionContext.swift
[82/116] Compiling CatanAI NavalEconomy.swift
[83/116] Compiling CatanAI NavalLandControl.swift
[84/116] Compiling CatanAI NavalNavigation.swift
[85/116] Compiling CatanAI NavalNavigationDiagnostics.swift
[86/116] Compiling CatanAI NavalPolicy.swift
[87/116] Compiling CatanAI NavalTrading.swift
[88/116] Compiling CatanAI PlacementHeuristics.swift
[89/116] Compiling CatanAI PlannerTradeEvaluator.swift
[90/116] Compiling CatanAI ProductionModel.swift
[91/116] Compiling CatanAI PlanningContext.swift
[92/116] Compiling CatanAI PolicyBehaviorMetrics.swift
[93/116] Compiling CatanAI RobberHeuristics.swift
[94/116] Compiling CatanAI ThreatAssessment.swift
[95/116] Compiling CatanAI TradeAssessment.swift
[96/116] Compiling CatanAI TradeHeuristics.swift
[97/116] Compiling CatanAI TradeMessages.swift
[98/116] Compiling CatanAI TradeRefusingPolicy.swift
[99/116] Compiling CatanAI TradeReviewContext.swift
[100/120] Emitting module trade_bench
[101/120] Compiling trade_bench main.swift
[102/124] Emitting module naval_sim
[103/127] Compiling sim main.swift
[104/127] Emitting module sim
[105/130] Compiling ghost LogFile.swift
[106/130] Compiling ghost Selftest.swift
[107/130] Compiling naval_sim EvaluationProtocol.swift
[108/130] Emitting module ghost
[111/132] Compiling ghost main.swift
[112/132] Compiling naval_sim Rendering.swift
[113/132] Compiling naval_sim main.swift
[114/134] Compiling ghost Strength.swift
[115/134] Write Objects.LinkFileList
[118/134] Emitting module arena
[119/134] Compiling arena main.swift
[119/134] Linking trade-bench
[120/134] Write Objects.LinkFileList
[121/134] Applying trade-bench
[122/134] Linking sim
[123/134] Write Objects.LinkFileList
[124/134] Applying sim
[125/134] Linking naval-sim
[126/134] Write Objects.LinkFileList
[127/134] Applying naval-sim
[128/134] Linking ghost
[129/134] Write Objects.LinkFileList
[130/134] Applying ghost
[131/134] Linking arena
[132/134] Applying arena
[133/134] Linking CatanAIPackageTests
Build complete! (8.92s)
Test Suite 'All tests' started at 2026-10-07 03:02:30.858.
Test Suite 'All tests' passed at 2026-10-07 03:02:30.858.
	 Executed 0 tests, with 0 failures (0 unexpected) in 0.000 (0.001) seconds
◇ Test run started.
↳ Testing Library Version: 1902
↳ Target Platform: arm64e-apple-macos14.0
◇ Suite GhostCandidateScoringTests started.
◇ Suite EvaluationCounterpartyTests started.
◇ Suite NavalMixedSessionTests started.
◇ Suite TradeReviewContextTests started.
◇ Test claimsLongestRoadIsFalseWhenAlreadyTheHolder() started.
◇ Suite NavalPolicyTests started.
◇ Suite EvaluationBankTradeTests started.
◇ Suite JointTradeResponsePolicyTests started.
◇ Test proposeTradesRetriesWithADifferentOfferAfterADecline() started.
◇ Suite ExpertRevisionTests started.
◇ Suite GhostProfileTests started.
◇ Suite TradeContributionTests started.
◇ Suite EvaluationTradeRepeatTests started.
◇ Suite EvaluationTradeGainTests started.
◇ Suite EvaluationPolicyTests started.
◇ Suite PointCompletingCardsTests started.
◇ Suite GhostSeatStatsTests started.
◇ Suite GhostPersonModelTests started.
◇ Suite GhostDecisionExtractorTests started.
◇ Suite PositionEvaluatorTests started.
◇ Suite TradeRefusingPolicyTests started.
◇ Suite SelfPlayReproducibility started.
◇ Suite GhostTrainingProvenanceTests started.
◇ Suite NavalNavigationDiagnosticsTests started.
◇ Suite TradeAccountingBoundaryTests started.
◇ Test cautiousBotAsksAPlayerBeforePayingTheBankWhileBalancedUsesTheBank() started.
◇ Suite GhostPolicyTests started.
◇ Test claimsLongestRoadWhenAnEdgeWouldReachFiveAndNobodyElseHoldsIt() started.
◇ Suite HandDisciplineTests started.
◇ Test scoreSkipsLongestRoadSwingBonusWhenFarBehindTheHolder() started.
◇ Suite GhostStyleFeaturesTests started.
◇ Test scoreAddsLongestRoadSwingBonusWhenOneSegmentFromQualifying() started.
◇ Suite TradeAssessmentTests started.
◇ Test replacingStateRestoresAPendingBotResponse() started.
◇ Test evaluateRequiresABetterDealWhenReceiverIsComfortablyAhead() started.
◇ Test aBotTakesAHexWhenItHoldsEnoughToWinIt() started.
◇ Suite PlannerTradeTests started.
◇ Test decisionMetricsRecordTradeResponsesAndProposalShape() started.
◇ Test buyDevCardScoreIsBoostedTwoKnightsFromLargestArmy() started.
◇ Test generousUnlockOffersAllThreeOreWhenThatsAllThatsHeld() started.
◇ Test acceptedAndRejectedResponsesDrawFromDisjointPools() started.
◇ Test generousUnlockCeilingCollapsesWithAGoodPort() started.
◇ Test highPipVertexScoresHigherThanLowPipVertex() started.
◇ Test heldVictoryPointCardsAreInvisibleToOpponents() started.
◇ Test aiNameIsSet() started.
◇ Test scoreCountsCityProductionAtDoubleWeight() started.
◇ Test opponentFrontierIncludesVacantVertexTwoHopsFromTheirSettlementButNotOneHop() started.
◇ Test buyDevCardScoreDecreasesWithEachUnplayedCardAlreadyHeld() started.
◇ Test longestRoadPursuitBonusCreditsABridgeEvenBelowThePursuitGate() started.
◇ Test conquestWeightsPriceArmiesAndStandardWeightsDoNot() started.
◇ Test buildRoadScoreIsHigherWhenItClosesDistanceToTheExpansionTarget() started.
◇ Test monopolyTargetsResourceHeldByTheHigherThreatOpponent() started.
◇ Test newlyReachableVerticesExcludesOneAlreadyReachableViaExistingNetwork() started.
◇ Test pitchIsDeterministicForTheSameOfferID() started.
◇ Test choosePlayFollowsAggressivePersonalitysSettlementPriority() started.
◇ Test relativeWeightIsAboveOneForAnAboveAverageOpponent() started.
◇ Test botsOnlyGameReachesGameOverAcrossSeveralSeeds() started.
◇ Test behaviorMetricsCountOnlyTheObservedSeat() started.
◇ Test evaluateRequiresABetterDealFromAHighThreatProposer() started.
◇ Test expertSpendsItsFreeCardTakingAHex() started.
◇ Test longestRoadDefenseBonusIsAbsentWhenLeadIsUncontested() started.
◇ Test consolidationMetricRecordsEveryDecisionWhereACityIsBuildable() started.
◇ Suite HumanReviewStrategyDiagnosticsTests started.
◇ Test ownStandingIsAboveOneWhenAheadOfTheField() started.
◇ Test aStandardGameNeverAsksForArmyMoves() started.
◇ Test scoreSkipsLargestArmySwingBonusWhenHolderIsFarAhead() started.
◇ Test choosePlayDoesNotRushLargestArmyAgainstAFarAheadHolderMidGame() started.
◇ Test heuristicHonoursANarrowedRollPhaseActionMask() started.
◇ Test aHandThatCanTakeAPrimeHexIsWorthMoreThanItsCards() started.
◇ Test aThinGarrisonNextToAnArmedRivalCostsSomething() started.
◇ Suite TradeCascadeTests started.
◇ Test neverAcceptsANetLossEvenAtHighTradeWillingness() started.
◇ Test scoresExcludesTheGivenPlayerAndSortsHighestFirst() started.
◇ Test buildRoadScoreExcludesReachableVertexThatIsAlreadyOccupied() started.
◇ Test theShippedConquestExpertIsTheAdoptedFit() started.
◇ Test aResumedBotProposalStillReceivesAResponse() started.
◇ Test decisionMetricsRecordDisruptionAndProposalOpportunities() started.
◇ Test heuristicPolicyCarriesAnIdentifierNamingItsPersonality() started.
◇ Test theGreedyAnchorSitsBetweenRandomAndTheHeuristic() started.
◇ Test concurrentHumanAndBotDiscardTurnsNeverCrash() started.
◇ Test choosePlayAlwaysPlaysAHeldRoadBuildingCardWhenARoadIsLegal() started.
◇ Test aSeatStillCountsItsOwnHeldVictoryPointCards() started.
◇ Test longestRoadDefenseBonusAppliesWhenARivalIsCloseBehind() started.
◇ Test tradeWillingnessShiftsTheAcceptanceBar() started.
◇ Test longestRoadDefenseBonusRewardsBridgingEvenWithAnUncontestedLead() started.
◇ Test aShortGameEndsSooner() started.
◇ Test tradeHeuristicsRejectsTradeAwayFromNextBuild() started.
◇ Test botAlwaysReturnsALegalMove() started.
◇ Test buyDevCardScoreIgnoresHeldVictoryPointCards() started.
◇ Test greedyRefusesEveryTradeItIsOffered() started.
◇ Test robberAvoidsOwnTilesWhenAlternativeExists() started.
◇ Test proposeTradesGivesUpAfterTheTurnRetryLimit() started.
◇ Test aFootholdOnACrowdedPrimeHexIsWorthSettlingFor() started.
◇ Test botEndsTurnRatherThanReproposingAnIdenticalPendingOffer() started.
◇ Test scoreIncludesHeldDevCardCount() started.
◇ Test evaluateRequiresAMeaningfulBenefitNotJustAnyPositiveMargin() started.
◇ Test aGenerousUnlockOfferIsAcceptedByAPlausibleReceiver() started.
◇ Test seededConquestGamesFinishWithOnlyLegalMoves() started.
◇ Test differentOffersCanSampleDifferentLinesFromThePool() started.
◇ Test longestRoadClaimBonusIsLargerWhenTakingItFromAHighThreatHolder() started.
◇ Test buyDevCardScoreIsNotBoostedWhenTheHolderIsFarAhead() started.
◇ Test noPoolHasBlankOrDuplicateLines() started.
◇ Test theHeuristicBotBeatsRandomPlayFromEverySeat() started.
◇ Test responseIsDeterministicForTheSameOfferID() started.
◇ Test buildRoadScoreIncludesLongestRoadBonusOnlyWhenItWouldBeClaimed() started.
◇ Test buildSettlementScoreIsHigherWhenItDeniesAHighThreatOpponentsFrontier() started.
◇ Test aBotProposalIsAnsweredBeforeTheProposerContinues() started.
◇ Test aTargetedBotBuysOnlyWhenOneMoreCardWouldTakeAGoodHex() started.
◇ Test expandedBotReservesNearTermPermanentBuildResourcesBeforeBuyingDevelopmentCards() started.
◇ Test opponentFrontierExcludesVerticesTooCloseToAnyExistingBuilding() started.
◇ Test ownStandingIsOneWhenAllScoresAreZero() started.
◇ Test productionCountsTheTakeover() started.
◇ Test scoreAddsLargestArmySwingBonusWhenOneKnightAway() started.
◇ Test choosePlayFollowsCautiousPersonalitysCityPriority() started.
◇ Test buildRoadScoreIsUnaffectedByMerelyTouchingAnOpponentsOwnVertex() started.
◇ Test everyLineFitsTheIncomingCardsCharacterBudget() started.
◇ Test threeSeatGamesReachAWinner() started.
◇ Test tradeHeuristicsAcceptsClearNetGainTowardNextBuild() started.
◇ Test anExternalResponderKeepsTheOfferForTheUI() started.
◇ Test randomPolicyOnlyEverPlaysLegalMoves() started.
◇ Test choosePlayDoesNotPursueLargestArmyWithoutARealShot() started.
◇ Test expandedSetupRoadPointsTowardTheBestOutwardEndpoint() started.
◇ Test robberTargetsLeadingOpponentsTile() started.
◇ Test bridgesOwnFragmentsDetectsAGenuineBridgeBetweenTwoDisconnectedPieces() started.
◇ Test evaluateRejectsATradeThatWouldHandTheProposerAnImmediateBuild() started.
◇ Test scoreWeighsVictoryPointsHeavily() started.
◇ Test aBoldBotBuysAnArmyCardBeforeBuildingAndAnIdleOneDoesNot() started.
◇ Test buyingIsPricedWithoutPeekingAtTheDeck() started.
◇ Test evaluateSuspicionShiftRejectsARepeatTradeFromTheSameProposerThisTurn() started.
◇ Test everyEmpireHasALargePitchAndResponsePool() started.
◇ Test aggressivePersonalityProactivelyUsesAKnightButCautiousDoesNot() started.
◇ Test proposesAGenerousUnlockTradeAfterTheOrdinaryOfferIsDeclined() started.
◇ Test silencingTheLeaderIsWorthMoreThanSilencingAnyoneElse() started.
◇ Test telemetryKeepsEveryEvaluatedTradeReplyWithoutCountingTheCommittedReplyTwice() started.
◇ Test generousUnlockDoesNotApplyToARoad() started.
◇ Test decisionMetricsRecordChoiceOpportunities() started.
◇ Test candidateOrderDoesNotDependOnWeights() started.
◇ Test scoreIncludesProductionStrengthWeightedByPips() started.
◇ Test chooseBuildIsDeterministicWhenOneMoveClearlyDominates() started.
◇ Test bestBankTradeConvertsSurplusTowardTheNearestBuild() started.
◇ Test alreadyCoveredResourceScoresLowerThanNewResourceAtEqualPips() started.
◇ Test relativeWeightClampsExtremeOutliers() started.
◇ Test proposeTradeRetriesThenEventuallyEndsTheTurn() started.
◇ Test everyNonProposalLegalMoveIsScored() started.
◇ Test buyingValuesTheCaptureTheNewCardCouldEnable() started.
◇ Test aBadOfferCanStillBeAccepted() started.
◇ Test aMoveTheEngineAcceptsButNeverListsIsScored() started.
◇ Test proposeTradesSkipsWhenIdenticalOfferAlreadyPending() started.
◇ Test bestBankTradeIsNilWhenNothingIsBlockingTheNearestBuild() started.
◇ Test everySupportedRulesConfigurationCompletesWithOnlyLegalMoves(game:) started.
◇ Test botsOnlyGameReachesGameOverWithOnlyLegalMoves() started.
◇ Test heuristicHonoursATradeResponseOnlyActionMask() started.
◇ Test expandedDevelopmentCardFallbackHonorsPermanentBuildReserve() started.
◇ Test choosePlayPursuesLargestArmyWithARealShotEvenWithoutRobberOnOwnTile() started.
◇ Test relativeWeightIsOneForEveryoneWhenAllScoresAreZero() started.
◇ Test robberDisruptionScalesWithRelativeThreatNotJustRawVictoryPoints() started.
◇ Test atomicPaymentDoesNotInventDevelopmentCardAffordability() started.
◇ Test aPersonMayOfferTheirLastCardOfAKind() started.
◇ Test aBotDoesNotThrowCardsAtAHexItCannotTake() started.
◇ Test buildRoadScoreIsHigherWhenItDeniesAHighThreatOpponentsImmediateFrontier() started.
◇ Test aPersonMayOfferMoreThanTheBotLimit() started.
◇ Test unaffordableAcceptanceHasNoFabricatedAfterState() started.
◇ Test ownStandingIsBelowOneWhenBehindTheField() started.
◇ Test affordableCityWithNoSettlementIsNotBuildable() started.
◇ Test aHumanOfferExpertWouldNeverMakeIsScored() started.
◇ Test givingAwayOwnedOreCanDestroyExistingDevCardOption() started.
◇ Test greedySeatsActuallyFinishTheirGames() started.
◇ Test aPayersRealHandDoesNotDecideWhetherATradeIsProjected() started.
◇ Test woolForOreCompletesPurchaseOnlyWhenPaymentLeavesOre(oreHeld:) started.
◇ Test expertDoesNotBuyDuplicateAccessWhileAnExistingHullCanDoTheJob() started.
◇ Test aBankTradeThatUnlocksNothingIsRefused() started.
◇ Test handingTheLeaderWhatItNeedsCostsMoreThanHandingItToATrailingSeat() started.
◇ Test yearOfPlentyFundsTheMissingExpeditionIngredients(tier:) started.
◇ Test flexibleProductionIsAllocatedOnceAcrossRecipeDeficits() started.
◇ Test hiddenWorldHandsDeckAndFutureRNGCannotChangeDecision(tier:) started.
◇ Test expertLaunchPlansAProvableWinningColonyWithinThisTurn() started.
◇ Test externalResponsesCannotLeaveAStaleDurableBotAnswer(tier:) started.
◇ Test capturePrefersAnOverseasLanding(tier:) started.
◇ Test aPubliclyCertainColonyWinBeatsAProductiveNonwinningCity(tier:) started.
◇ Test aCompleteExternalSeatMatchStaysReloadable(players:) started.
◇ Test expertDiscountsAnUnfundedVoyageExposedToCapture() started.
◇ Test aBankTradeThatUnlocksACityIsTaken() started.
◇ Test aCertainPurchaseAndLandingWinBeatsAHigherThanNinetyPercentDraw() started.
◇ Test unscopedDirectCallsDoNotRepeatAnOutstandingNegotiation(tier:) started.
◇ Test inlandOpeningChoicesCompleteOrdinaryUnfilteredSetup(tier:family:) started.
◇ Test fundedInlandOpeningMakesUsefulRoadProgress(tier:) started.
◇ Test aCertainSailingWinBeatsEvenANinetyOnePercentFinishingDraw() started.
◇ Test roadsCannotPromiseASiteWhoseCoastIsStillHidden() started.
◇ Test expertReplacementHullDoesNotRenewTheFirstExpeditionPremium() started.
◇ Test exchangesOnlyTheSurplusToCompleteAShip(tier:) started.
◇ Test responseOnlyMasksPreservePolicyRNG(tier:) started.
◇ Test aWinningLargestArmyKnightClosesTheGame(tier:) started.
◇ Test unknownComponentConnectionsCannotPromiseAColonyPoint() started.
◇ Test owningEveryVictoryCardRemovesTheFalseImmediateDrawPremium(tier:) started.
◇ Test rivalProductionIsValuedWithoutReadingTheirResourceComposition() started.
◇ Test buysAFirstHullThenExplores(tier:) started.
◇ Test diagnosticsForwardRevisionWhileUnselectedCallersStayLegacy() started.
◇ Test revisionsHaveDistinctCheckpointIdentities() started.
◇ Test decodesWithoutACivilization() started.
◇ Test acceptsFundingButPreservesAnAlreadyFundedRecipe(tier:) started.
◇ Test currentExpertCheckpointContinuesTheSameMovesAndRejectsOtherRevisions(revision:) started.
◇ Test anUnfundedVoyageCanImproveAPoorLandingWithoutGivingUpAccess(tier:) started.
◇ Test aPersonModelWithoutALapseDecodes() started.
◇ Test roundTripsThroughJSON() started.
◇ Test bundleAndQuantityUseFinalInventory(quantity:) started.
◇ Test adaptersDeliberatelySelectNavalBrains() started.
◇ Test productionReflectsNativeBankShortageWithoutChangingState() started.
◇ Test discardsSurplusWithoutDismantlingAFundedVoyage(tier:) started.
◇ Test matchedProductionAddsTheFrozenValueAndCitiesDoubleIt() started.
◇ Test availabilityControlsNeverInventAcceptanceOrBuilds(depletedSeat:) started.
◇ Test strictNativeThresholdBoundaryIsUnchanged(offset:) started.
◇ Test matchesOfflineWorkedExamples(example:) started.
◇ Test workedTargetsExplainZeroAndPositiveMarginalValues() started.
◇ Test sailsTowardKnownLandingAndFundsAColony(tier:) started.
◇ Test expertFundsAWinnableRoadEvenWithNoSettlementSupplyOrApproach() started.
◇ Test emptyOffersHaveAvailableEmptyComponentsAndMissingReceiversHaveNoAssessment() started.
◇ Test anAcceptanceThatDoesNotClearTheMarginIsRefused() started.
◇ Test offlineExplanationLeavesBotMovesAndRNGUnchanged() started.
◇ Test componentsReconstructTheActualReductions() started.
◇ Test flexibleYieldFundsAShipAndRespectsScarceBank(tier:) started.
◇ Test aPermanentWinningUpgradeBeatsAnotherExpedition(tier:) started.
◇ Test aTradeThatCompletesACityIsAccepted() started.
◇ Test theEvaluatorIgnoresWhatItIsNotEntitledToSee() started.
◇ Test offeringMoreForTheSameAskIsAllowed() started.
◇ Test diagnosticsAreOptInAndPreserveEveryRecordedScalar() started.
◇ Test expertFundsTheSameFinishingDrawThatItValuesWhenAvailable() started.
◇ Test everyMoveComesFromTheSuppliedMask() started.
◇ Test theIdenticalOfferIsNeverAskedTwice() started.
◇ Test costUsesOriginalHandNotTheDeficitCreatedByLosingCards() started.
◇ Test theSameSeedProducesTheSameGame() started.
◇ Test aRegeneratedOfferCountsAsTheSameProposition() started.
◇ Test aFullGameReachesAWinner(mode:) started.
◇ Test aDifferentTradeIsStillAllowed() started.
◇ Test aWorseReAskIsRefused() started.
◇ Test plentyCompletesACityInsteadOfKeepingTheCardOrTakingAMixedPair() started.
◇ Test countsAgreeWithTheFinalBoard() started.
◇ Test robbingTheLeaderIsCounted() started.
◇ Test radarMeasuresAverageAcrossGames() started.
◇ Test freeRoadsOpenOnlyAnAffordableLegalSettlement() started.
◇ Test winningReadinessClosesTheExistingTerminalGap() started.
◇ Test blockedCityIngredientEarnsNoExtraStanding() started.
◇ Test anAlreadyAffordablePurchaseOrExhaustedCitySupplyEarnsNoNewCredit() started.
◇ Test hiddenHandsCardFacesDeckOrderAndRNGDoNotChangeCredit() started.
◇ Test oldRevisionsPreRollAndDiscardRemainUnchanged() started.
◇ Test otherPhasesPreservePlainPolicyAndRNG(phaseIndex:seed:) started.
◇ Test aFewAbsurdlyScoredOptionsDoNotCollapseBeta() started.
◇ Test everyRecordNamesAChosenCandidateAndHasFullVectors() started.
◇ Test aMoveThatDoesNotReplayThrowsWithItsIndex() started.
◇ Test frozenWeightsHaveZeroGradient() started.
◇ Test gradientPredictsARescore() started.
◇ Test mixedAndAcceptOnlyMasksUseUnchangedFallback(acceptOnly:) started.
◇ Test theGradientMatchesTheLikelihoodOnRelinearisedRecords() started.
◇ Test reachingTheTargetOutweighsEveryOtherTerm() started.
◇ Test botRulesDropProposalsAfterThreeRefusals() started.
◇ Test aDevelopmentCardInHandIsWorthSomething() started.
◇ Test oldJSONDecodesScalarsVerbatimWithoutInventingComponents() started.
◇ Test anIncrementalFitStaysNearThePreviousGhost() started.
◇ Test theEvaluatorBuysDevelopmentCardsOverAGame() started.
◇ Test weightsRoundTripThroughTheirVector() started.
◇ Test probabilitiesSumToOne() started.
◇ Test aPointOnTheBoardRaisesTheStanding() started.
◇ Test frozenSlotsNeverMove() started.
◇ Test anAvailableSettlementBeatsEndingTheTurn() started.
◇ Test itNamesItselfAfterWhatItWraps() started.
◇ Test theFitRecoversAKnownPerson() started.
◇ Test aPointTheLeaderAlsoGainsIsWorthLessThanAPointWeGainAlone() started.
◇ Test anIncrementalFitKeepsBetaNearThePreviousGhost() started.
◇ Test itHidesAcceptanceFromTheWrappedPolicy() started.
◇ Test anAcceptanceOnlyMaskIsPassedThroughRatherThanEmptied() started.
◇ Test weightsKeepTheirSignAndStayInTheTrustRegion() started.
◇ Test automaticRejectionStillAppliesBeforeTheNextProposalAndHumanChoice() started.
◇ Test manualResponsesTrainButTheSameAutomaticMoveDoesNot(accept:) started.
◇ Test invalidAutomaticMoveStillFailsExtractionWithItsIndex() started.
◇ Test foundingAColonyJustifiesProductiveBacktracking() started.
◇ Test aFitResumesFromItsStartingPoint() started.
◇ Test anIdleReturnCannotHideBehindResourceStepOrCounterChanges() started.
◇ Test actualDiscoveryIsIndependentDestinationProgress() started.
◇ Test aCityUpgradeDoesNotInventNewExpeditionAccess() started.
◇ Test aHomeCoastIsNotAnOverseasColony() started.
◇ Test fittingNothingReturnsTheAnchor() started.
◇ Test seededSelfPlayReproducesExactly() started.
◇ Test irrelevantPaymentReallyCompletesPurchase(payment:quantity:) started.
◇ Test neededPaymentStillEarnsCompletionCredit(payment:quantity:) started.
◇ Test emptyDeckBlocksPurchaseButNotBaselineCredit(payment:quantity:) started.
◇ Test aGhostFinishesAGame() started.
◇ Test lambdaZeroPlaysExactlyLikeExpert() started.
◇ Test aStrongHabitDominatesAtHighLambda() started.
◇ Test lambdaZeroIgnoresThePerson() started.
◇ Test aGhostSpendsDownEvenWhenItsHabitsSayEndTheTurn() started.
◇ Test expertSpendsDownAHoardedHand() started.
◇ Test case passing 1 argument game → MatrixGame(playerCount: 3, target: 8, boardMode: CatanAITests.(unknown context at $106bab3b4).MatrixBoardMode.standard, seed: 211) to everySupportedRulesConfigurationCompletesWithOnlyLegalMoves(game:) started.
◇ Test case passing 1 argument game → MatrixGame(playerCount: 3, target: 8, boardMode: CatanAITests.(unknown context at $106bab3b4).MatrixBoardMode.standard, seed: 977) to everySupportedRulesConfigurationCompletesWithOnlyLegalMoves(game:) started.
◇ Test case passing 1 argument game → MatrixGame(playerCount: 3, target: 8, boardMode: CatanAITests.(unknown context at $106bab3b4).MatrixBoardMode.randomized, seed: 211) to everySupportedRulesConfigurationCompletesWithOnlyLegalMoves(game:) started.
◇ Test onlyAnOwnTurnOverTheThresholdMustSpend() started.
◇ Test case passing 1 argument game → MatrixGame(playerCount: 3, target: 8, boardMode: CatanAITests.(unknown context at $106bab3b4).MatrixBoardMode.randomized, seed: 977) to everySupportedRulesConfigurationCompletesWithOnlyLegalMoves(game:) started.
◇ Test atSevenAGhostMayEndItsTurn() started.
◇ Test case passing 1 argument game → MatrixGame(playerCount: 3, target: 10, boardMode: CatanAITests.(unknown context at $106bab3b4).MatrixBoardMode.standard, seed: 211) to everySupportedRulesConfigurationCompletesWithOnlyLegalMoves(game:) started.
◇ Test aHoardedTurnPlaysDownAndEnds() started.
◇ Test case passing 1 argument game → MatrixGame(playerCount: 3, target: 10, boardMode: CatanAITests.(unknown context at $106bab3b4).MatrixBoardMode.standard, seed: 977) to everySupportedRulesConfigurationCompletesWithOnlyLegalMoves(game:) started.
◇ Test case passing 1 argument game → MatrixGame(playerCount: 3, target: 10, boardMode: CatanAITests.(unknown context at $106bab3b4).MatrixBoardMode.randomized, seed: 211) to everySupportedRulesConfigurationCompletesWithOnlyLegalMoves(game:) started.
◇ Test case passing 1 argument game → MatrixGame(playerCount: 3, target: 10, boardMode: CatanAITests.(unknown context at $106bab3b4).MatrixBoardMode.randomized, seed: 977) to everySupportedRulesConfigurationCompletesWithOnlyLegalMoves(game:) started.
◇ Test case passing 1 argument game → MatrixGame(playerCount: 3, target: 12, boardMode: CatanAITests.(unknown context at $106bab3b4).MatrixBoardMode.standard, seed: 211) to everySupportedRulesConfigurationCompletesWithOnlyLegalMoves(game:) started.
◇ Test case passing 1 argument game → MatrixGame(playerCount: 3, target: 12, boardMode: CatanAITests.(unknown context at $106bab3b4).MatrixBoardMode.standard, seed: 977) to everySupportedRulesConfigurationCompletesWithOnlyLegalMoves(game:) started.
◇ Test case passing 1 argument game → MatrixGame(playerCount: 3, target: 12, boardMode: CatanAITests.(unknown context at $106bab3b4).MatrixBoardMode.randomized, seed: 211) to everySupportedRulesConfigurationCompletesWithOnlyLegalMoves(game:) started.
◇ Test case passing 1 argument game → MatrixGame(playerCount: 3, target: 12, boardMode: CatanAITests.(unknown context at $106bab3b4).MatrixBoardMode.randomized, seed: 977) to everySupportedRulesConfigurationCompletesWithOnlyLegalMoves(game:) started.
◇ Test robbingTheLeaderIsFlagged() started.
◇ Test case passing 1 argument game → MatrixGame(playerCount: 4, target: 8, boardMode: CatanAITests.(unknown context at $106bab3b4).MatrixBoardMode.standard, seed: 211) to everySupportedRulesConfigurationCompletesWithOnlyLegalMoves(game:) started.
◇ Test case passing 1 argument game → MatrixGame(playerCount: 4, target: 8, boardMode: CatanAITests.(unknown context at $106bab3b4).MatrixBoardMode.standard, seed: 977) to everySupportedRulesConfigurationCompletesWithOnlyLegalMoves(game:) started.
◇ Test case passing 1 argument game → MatrixGame(playerCount: 4, target: 8, boardMode: CatanAITests.(unknown context at $106bab3b4).MatrixBoardMode.randomized, seed: 211) to everySupportedRulesConfigurationCompletesWithOnlyLegalMoves(game:) started.
◇ Test case passing 1 argument game → MatrixGame(playerCount: 4, target: 8, boardMode: CatanAITests.(unknown context at $106bab3b4).MatrixBoardMode.randomized, seed: 977) to everySupportedRulesConfigurationCompletesWithOnlyLegalMoves(game:) started.
◇ Test case passing 1 argument game → MatrixGame(playerCount: 4, target: 10, boardMode: CatanAITests.(unknown context at $106bab3b4).MatrixBoardMode.standard, seed: 211) to everySupportedRulesConfigurationCompletesWithOnlyLegalMoves(game:) started.
◇ Test aLopsidedProposalIsDescribed() started.
◇ Test case passing 1 argument game → MatrixGame(playerCount: 4, target: 10, boardMode: CatanAITests.(unknown context at $106bab3b4).MatrixBoardMode.standard, seed: 977) to everySupportedRulesConfigurationCompletesWithOnlyLegalMoves(game:) started.
◇ Test everyMoveHasOneValuePerLabel() started.
◇ Test reOfferingAfterARefusalIsFlagged() started.
◇ Test case passing 1 argument game → MatrixGame(playerCount: 4, target: 10, boardMode: CatanAITests.(unknown context at $106bab3b4).MatrixBoardMode.randomized, seed: 211) to everySupportedRulesConfigurationCompletesWithOnlyLegalMoves(game:) started.
◇ Test robbingTheBiggestHandIsFlagged() started.
◇ Test scopedRejectionRecordsTheActualFailedAssessment() started.
◇ Test case passing 1 argument game → MatrixGame(playerCount: 4, target: 10, boardMode: CatanAITests.(unknown context at $106bab3b4).MatrixBoardMode.randomized, seed: 977) to everySupportedRulesConfigurationCompletesWithOnlyLegalMoves(game:) started.
◇ Test negativeShiftClampsThresholdWithoutAcceptingBreakEven() started.
◇ Test scopedTradeStopsAfterFirstAcceptanceAcrossPersonalities() started.
◇ Test nonTradePhaseLeavesTraceEmpty() started.
◇ Test case passing 1 argument game → MatrixGame(playerCount: 4, target: 12, boardMode: CatanAITests.(unknown context at $106bab3b4).MatrixBoardMode.standard, seed: 211) to everySupportedRulesConfigurationCompletesWithOnlyLegalMoves(game:) started.
◇ Test reportsAllThresholdShiftsAndCostOnlyUnlock() started.
◇ Test missingReceiverHasNoArithmeticAndEvaluatesFalse() started.
◇ Test mainTurnTraceAppendsActualEvaluationsIncludingFallbackPass() started.
◇ Test case passing 1 argument game → MatrixGame(playerCount: 4, target: 12, boardMode: CatanAITests.(unknown context at $106bab3b4).MatrixBoardMode.standard, seed: 977) to everySupportedRulesConfigurationCompletesWithOnlyLegalMoves(game:) started.
◇ Test buildPathPreservesRNGConsumptionAndOmitsUnvisitedFallback() started.
◇ Test scopedRejectionOnlyAndAbsentOfferDoNotInventAssessments() started.
◇ Test exactThresholdTieRejectsButNextLowerThresholdAccepts() started.
◇ Test reportsWorkedResourceArithmetic() started.
◇ Test case passing 1 argument game → MatrixGame(playerCount: 4, target: 12, boardMode: CatanAITests.(unknown context at $106bab3b4).MatrixBoardMode.randomized, seed: 211) to everySupportedRulesConfigurationCompletesWithOnlyLegalMoves(game:) started.
◇ Test case passing 1 argument game → MatrixGame(playerCount: 4, target: 12, boardMode: CatanAITests.(unknown context at $106bab3b4).MatrixBoardMode.randomized, seed: 977) to everySupportedRulesConfigurationCompletesWithOnlyLegalMoves(game:) started.
✔ Test proposeTradesRetriesWithADifferentOfferAfterADecline() passed after 3.515 seconds.
◇ Test case passing 1 argument oreHeld → 1 to woolForOreCompletesPurchaseOnlyWhenPaymentLeavesOre(oreHeld:) started.
◇ Test case passing 1 argument oreHeld → 2 to woolForOreCompletesPurchaseOnlyWhenPaymentLeavesOre(oreHeld:) started.
◇ Test aSeatBelievedToHoldNothingIsNeverAskedToPay() started.
◇ Test anUnseenHandIsTreatedAsPossiblyHoldingAnything() started.
◇ Test case passing 1 argument tier → .traditional to yearOfPlentyFundsTheMissingExpeditionIngredients(tier:) started.
◇ Test case passing 1 argument tier → .expert to yearOfPlentyFundsTheMissingExpeditionIngredients(tier:) started.
◇ Test case passing 1 argument tier → .traditional to hiddenWorldHandsDeckAndFutureRNGCannotChangeDecision(tier:) started.
◇ Test case passing 1 argument tier → .expert to hiddenWorldHandsDeckAndFutureRNGCannotChangeDecision(tier:) started.
✔ Test acceptedAndRejectedResponsesDrawFromDisjointPools() passed after 4.980 seconds.
◇ Test case passing 1 argument tier → .traditional to externalResponsesCannotLeaveAStaleDurableBotAnswer(tier:) started.
◇ Test case passing 1 argument tier → .expert to externalResponsesCannotLeaveAStaleDurableBotAnswer(tier:) started.
◇ Test case passing 1 argument tier → .traditional to capturePrefersAnOverseasLanding(tier:) started.
◇ Test case passing 1 argument tier → .expert to capturePrefersAnOverseasLanding(tier:) started.
◇ Test case passing 1 argument tier → .traditional to aPubliclyCertainColonyWinBeatsAProductiveNonwinningCity(tier:) started.
◇ Test case passing 1 argument tier → .expert to aPubliclyCertainColonyWinBeatsAProductiveNonwinningCity(tier:) started.
◇ Test case passing 1 argument players → 3 to aCompleteExternalSeatMatchStaysReloadable(players:) started.
◇ Test case passing 1 argument players → 4 to aCompleteExternalSeatMatchStaysReloadable(players:) started.
✔ Test highPipVertexScoresHigherThanLowPipVertex() passed after 5.969 seconds.
✔ Test aiNameIsSet() passed after 6.375 seconds.
◇ Test case passing 1 argument tier → .traditional to unscopedDirectCallsDoNotRepeatAnOutstandingNegotiation(tier:) started.
◇ Test case passing 1 argument tier → .expert to unscopedDirectCallsDoNotRepeatAnOutstandingNegotiation(tier:) started.
✔ Test claimsLongestRoadIsFalseWhenAlreadyTheHolder() passed after 6.533 seconds.
◇ Test case passing 2 arguments tier → .traditional, family → .archipelago to inlandOpeningChoicesCompleteOrdinaryUnfilteredSetup(tier:family:) started.
◇ Test case passing 2 arguments tier → .traditional, family → .peninsula to inlandOpeningChoicesCompleteOrdinaryUnfilteredSetup(tier:family:) started.
◇ Test case passing 2 arguments tier → .traditional, family → .twinIslands to inlandOpeningChoicesCompleteOrdinaryUnfilteredSetup(tier:family:) started.
◇ Test case passing 2 arguments tier → .expert, family → .archipelago to inlandOpeningChoicesCompleteOrdinaryUnfilteredSetup(tier:family:) started.
NAVAL UNFILTERED OPENING tier=traditional family=archipelago harborless=[0, 1, 2, 3]
◇ Test case passing 2 arguments tier → .expert, family → .peninsula to inlandOpeningChoicesCompleteOrdinaryUnfilteredSetup(tier:family:) started.
◇ Test case passing 2 arguments tier → .expert, family → .twinIslands to inlandOpeningChoicesCompleteOrdinaryUnfilteredSetup(tier:family:) started.
NAVAL UNFILTERED OPENING tier=traditional family=peninsula harborless=[0, 1, 2]
◇ Test case passing 1 argument tier → .traditional to fundedInlandOpeningMakesUsefulRoadProgress(tier:) started.
◇ Test case passing 1 argument tier → .expert to fundedInlandOpeningMakesUsefulRoadProgress(tier:) started.
NAVAL UNFILTERED OPENING tier=traditional family=twinIslands harborless=[1, 2]
✔ Test decisionMetricsRecordTradeResponsesAndProposalShape() passed after 8.274 seconds.
✔ Test generousUnlockCeilingCollapsesWithAGoodPort() passed after 8.274 seconds.
✔ Test claimsLongestRoadWhenAnEdgeWouldReachFiveAndNobodyElseHoldsIt() passed after 8.538 seconds.
NAVAL UNFILTERED OPENING tier=expert family=archipelago harborless=[0, 1, 2, 3]
✔ Test conquestWeightsPriceArmiesAndStandardWeightsDoNot() passed after 8.625 seconds.
◇ Test case passing 1 argument tier → .traditional to exchangesOnlyTheSurplusToCompleteAShip(tier:) started.
NAVAL UNFILTERED OPENING tier=expert family=peninsula harborless=[0, 1, 2]
◇ Test case passing 1 argument tier → .expert to exchangesOnlyTheSurplusToCompleteAShip(tier:) started.
✔ Test generousUnlockOffersAllThreeOreWhenThatsAllThatsHeld() passed after 8.815 seconds.
◇ Test case passing 1 argument tier → .traditional to responseOnlyMasksPreservePolicyRNG(tier:) started.
NAVAL INLAND ROAD tier=traditional coastDistanceBefore=Optional(1) coastDistanceAfter=Optional(1)
◇ Test case passing 1 argument tier → .expert to responseOnlyMasksPreservePolicyRNG(tier:) started.
✔ Test buyDevCardScoreDecreasesWithEachUnplayedCardAlreadyHeld() passed after 8.921 seconds.
◇ Test case passing 1 argument tier → .traditional to aWinningLargestArmyKnightClosesTheGame(tier:) started.
NAVAL UNFILTERED OPENING tier=expert family=twinIslands harborless=[1, 2]
◇ Test case passing 1 argument tier → .expert to aWinningLargestArmyKnightClosesTheGame(tier:) started.
✔ Test pitchIsDeterministicForTheSameOfferID() passed after 9.080 seconds.
✔ Test buyDevCardScoreIsBoostedTwoKnightsFromLargestArmy() passed after 9.080 seconds.
✔ Test scoreAddsLongestRoadSwingBonusWhenOneSegmentFromQualifying() passed after 9.485 seconds.
◇ Test case passing 1 argument tier → .traditional to owningEveryVictoryCardRemovesTheFalseImmediateDrawPremium(tier:) started.
◇ Test case passing 1 argument tier → .expert to owningEveryVictoryCardRemovesTheFalseImmediateDrawPremium(tier:) started.
◇ Test case passing 1 argument tier → .traditional to buysAFirstHullThenExplores(tier:) started.
◇ Test case passing 1 argument tier → .expert to buysAFirstHullThenExplores(tier:) started.
NAVAL INLAND ROAD tier=expert coastDistanceBefore=Optional(1) coastDistanceAfter=Optional(1)
✔ Test opponentFrontierIncludesVacantVertexTwoHopsFromTheirSettlementButNotOneHop() passed after 9.648 seconds.
✔ Test scoreCountsCityProductionAtDoubleWeight() passed after 9.652 seconds.
✔ Test evaluateRequiresABetterDealWhenReceiverIsComfortablyAhead() passed after 9.652 seconds.
✔ Test replacingStateRestoresAPendingBotResponse() passed after 9.653 seconds.
✔ Test cautiousBotAsksAPlayerBeforePayingTheBankWhileBalancedUsesTheBank() passed after 9.653 seconds.
◇ Test case passing 1 argument tier → .traditional to acceptsFundingButPreservesAnAlreadyFundedRecipe(tier:) started.
◇ Test case passing 1 argument tier → .expert to acceptsFundingButPreservesAnAlreadyFundedRecipe(tier:) started.
◇ Test case passing 1 argument revision → .cityProductionV1 to currentExpertCheckpointContinuesTheSameMovesAndRejectsOtherRevisions(revision:) started.
◇ Test case passing 1 argument revision → .pointCompletingCardsV1 to currentExpertCheckpointContinuesTheSameMovesAndRejectsOtherRevisions(revision:) started.
◇ Test case passing 1 argument tier → .traditional to anUnfundedVoyageCanImproveAPoorLandingWithoutGivingUpAccess(tier:) started.
◇ Test case passing 1 argument tier → .expert to anUnfundedVoyageCanImproveAPoorLandingWithoutGivingUpAccess(tier:) started.
✔ Test behaviorMetricsCountOnlyTheObservedSeat() passed after 10.525 seconds.
◇ Test case passing 1 argument quantity → 1 to bundleAndQuantityUseFinalInventory(quantity:) started.
◇ Test case passing 1 argument quantity → 2 to bundleAndQuantityUseFinalInventory(quantity:) started.
◇ Test case passing 1 argument quantity → 3 to bundleAndQuantityUseFinalInventory(quantity:) started.
◇ Test case passing 1 argument tier → .traditional to discardsSurplusWithoutDismantlingAFundedVoyage(tier:) started.
◇ Test case passing 1 argument tier → .expert to discardsSurplusWithoutDismantlingAFundedVoyage(tier:) started.
◇ Test case passing 1 argument depletedSeat → 0 to availabilityControlsNeverInventAcceptanceOrBuilds(depletedSeat:) started.
◇ Test case passing 1 argument depletedSeat → 1 to availabilityControlsNeverInventAcceptanceOrBuilds(depletedSeat:) started.
◇ Test case passing 1 argument depletedSeat → 2 to availabilityControlsNeverInventAcceptanceOrBuilds(depletedSeat:) started.
◇ Test case passing 1 argument offset → -1 to strictNativeThresholdBoundaryIsUnchanged(offset:) started.
◇ Test case passing 1 argument offset → 0 to strictNativeThresholdBoundaryIsUnchanged(offset:) started.
◇ Test case passing 1 argument offset → 1 to strictNativeThresholdBoundaryIsUnchanged(offset:) started.
✔ Test scoreSkipsLongestRoadSwingBonusWhenFarBehindTheHolder() passed after 11.316 seconds.
◇ Test case passing 1 argument example → WorkedExample(before: [CatanEngine.Resource.ore: 1, CatanEngine.Resource.grain: 1], give: [CatanEngine.Resource.wool: 1], want: [CatanEngine.Resource.ore: 1], devDelta: 0.0, totalDelta: 0.25, accepts: false) to matchesOfflineWorkedExamples(example:) started.
◇ Test case passing 1 argument example → WorkedExample(before: [CatanEngine.Resource.ore: 2, CatanEngine.Resource.grain: 1], give: [CatanEngine.Resource.wool: 1], want: [CatanEngine.Resource.ore: 1], devDelta: 1.5, totalDelta: 1.5833333333333333, accepts: true) to matchesOfflineWorkedExamples(example:) started.
◇ Test case passing 1 argument tier → .traditional to sailsTowardKnownLandingAndFundsAColony(tier:) started.
◇ Test case passing 1 argument tier → .expert to sailsTowardKnownLandingAndFundsAColony(tier:) started.
◇ Test case passing 1 argument example → WorkedExample(before: [CatanEngine.Resource.wool: 1, CatanEngine.Resource.ore: 1, CatanEngine.Resource.grain: 1], give: [CatanEngine.Resource.lumber: 1], want: [CatanEngine.Resource.ore: 1], devDelta: -1.5, totalDelta: -0.4166666666666667, accepts: false) to matchesOfflineWorkedExamples(example:) started.
✔ Test heldVictoryPointCardsAreInvisibleToOpponents() passed after 11.494 seconds.
◇ Test case passing 1 argument tier → .traditional to flexibleYieldFundsAShipAndRespectsScarceBank(tier:) started.
◇ Test case passing 1 argument tier → .expert to flexibleYieldFundsAShipAndRespectsScarceBank(tier:) started.
◇ Test robberBlocksProbabilityTimesBuildingYield() started.
◇ Test settlementSupplyFiltersSitesAndACityReturnsAPiece() started.
◇ Test roadAndSpendDownTraceUsesActualExpertChoice(handSize:) started.
◇ Test case passing 1 argument tier → .traditional to aPermanentWinningUpgradeBeatsAnotherExpedition(tier:) started.
◇ Test case passing 1 argument tier → .expert to aPermanentWinningUpgradeBeatsAnotherExpedition(tier:) started.
◇ Test anOpponentsRoadCannotBecomeAnApproachShortcut() started.
◇ Test sharedTileChargesTheRobberMoverForItsOwnCity() started.
◇ Test blockedPathsAgreeWithEngineAndKeepLegalDetours(blockWithCity:) started.
◇ Test roadProgressFindsARealDistanceLegalSettlement() started.
◇ Test expertConvertsAnAffordableReachableSiteIntoAPoint() started.
◇ Test robberPolicyTraceUsesItsCompleteLegalMask(selfCollateral:steal:) started.
◇ Test approachDistanceCannotExceedRemainingRoadPieces() started.
◇ Test publicRivalStandingAndHiddenVictoryPointsStaySeparate() started.
✔ Test newlyReachableVerticesExcludesOneAlreadyReachableViaExistingNetwork() passed after 12.325 seconds.
✔ Test longestRoadPursuitBonusCreditsABridgeEvenBelowThePursuitGate() passed after 12.374 seconds.
✔ Test choosePlayFollowsAggressivePersonalitysSettlementPriority() passed after 12.374 seconds.
✔ Test relativeWeightIsAboveOneForAnAboveAverageOpponent() passed after 12.497 seconds.
✔ Test monopolyTargetsResourceHeldByTheHigherThreatOpponent() passed after 12.526 seconds.
✔ Test aStandardGameNeverAsksForArmyMoves() passed after 12.572 seconds.
◇ Test case passing 1 argument mode → .classic to aFullGameReachesAWinner(mode:) started.
◇ Test case passing 1 argument mode → .expanded to aFullGameReachesAWinner(mode:) started.
◇ Test theCascadeNeverProposesATradeThatDoesNotHelpTheBot() started.
◇ Test pricingTwoHandsEqualsScoringTheSettledPosition() started.
◇ Test composedOffersIncludeJakesBundle() started.
◇ Test eachRefusalEscalatesTheNextOfferUnderTheLadder() started.
◇ Test theComposerOffersReservedCardsAndLetsScoringDecide() started.
◇ Test worthItKeepsOfferingOnItsOwnTermsAfterARefusal() started.
◇ Test noOfferWhenNothingWouldHelp() started.
◇ Test oneWheatShortOfACityAsksForTheWheat() started.
✔ Test scoreSkipsLargestArmySwingBonusWhenHolderIsFarAhead() passed after 13.248 seconds.
✔ Test choosePlayDoesNotRushLargestArmyAgainstAFarAheadHolderMidGame() passed after 13.248 seconds.
✔ Test heuristicHonoursANarrowedRollPhaseActionMask() passed after 13.270 seconds.
✔ Test theShippedConquestExpertIsTheAdoptedFit() passed after 13.409 seconds.
✔ Test ownStandingIsAboveOneWhenAheadOfTheField() passed after 13.480 seconds.
✔ Test heuristicPolicyCarriesAnIdentifierNamingItsPersonality() passed after 13.579 seconds.
✔ Test evaluateRequiresABetterDealFromAHighThreatProposer() passed after 13.580 seconds.
✔ Test consolidationMetricRecordsEveryDecisionWhereACityIsBuildable() passed after 13.642 seconds.
✔ Test neverAcceptsANetLossEvenAtHighTradeWillingness() passed after 13.642 seconds.
✔ Test aResumedBotProposalStillReceivesAResponse() passed after 13.642 seconds.
◇ Test case passing 2 arguments phaseIndex → 0, seed → 41 to otherPhasesPreservePlainPolicyAndRNG(phaseIndex:seed:) started.
◇ Test case passing 2 arguments phaseIndex → 0, seed → 43 to otherPhasesPreservePlainPolicyAndRNG(phaseIndex:seed:) started.
◇ Test case passing 2 arguments phaseIndex → 1, seed → 41 to otherPhasesPreservePlainPolicyAndRNG(phaseIndex:seed:) started.
◇ Test case passing 2 arguments phaseIndex → 1, seed → 43 to otherPhasesPreservePlainPolicyAndRNG(phaseIndex:seed:) started.
◇ Test case passing 2 arguments phaseIndex → 2, seed → 41 to otherPhasesPreservePlainPolicyAndRNG(phaseIndex:seed:) started.
◇ Test case passing 2 arguments phaseIndex → 2, seed → 43 to otherPhasesPreservePlainPolicyAndRNG(phaseIndex:seed:) started.
◇ Test case passing 2 arguments phaseIndex → 3, seed → 41 to otherPhasesPreservePlainPolicyAndRNG(phaseIndex:seed:) started.
◇ Test case passing 2 arguments phaseIndex → 3, seed → 43 to otherPhasesPreservePlainPolicyAndRNG(phaseIndex:seed:) started.
◇ Test case passing 2 arguments phaseIndex → 4, seed → 41 to otherPhasesPreservePlainPolicyAndRNG(phaseIndex:seed:) started.
◇ Test case passing 2 arguments phaseIndex → 4, seed → 43 to otherPhasesPreservePlainPolicyAndRNG(phaseIndex:seed:) started.
✔ Test decisionMetricsRecordDisruptionAndProposalOpportunities() passed after 13.743 seconds.
✔ Test scoresExcludesTheGivenPlayerAndSortsHighestFirst() passed after 13.743 seconds.
✔ Test buildRoadScoreExcludesReachableVertexThatIsAlreadyOccupied() passed after 14.536 seconds.
✔ Test aSeatStillCountsItsOwnHeldVictoryPointCards() passed after 14.586 seconds.
✔ Test tradeWillingnessShiftsTheAcceptanceBar() passed after 14.742 seconds.
◇ Test case passing 1 argument acceptOnly → false to mixedAndAcceptOnlyMasksUseUnchangedFallback(acceptOnly:) started.
◇ Test case passing 1 argument acceptOnly → true to mixedAndAcceptOnlyMasksUseUnchangedFallback(acceptOnly:) started.
✔ Test tradeHeuristicsRejectsTradeAwayFromNextBuild() passed after 14.787 seconds.
✔ Test longestRoadDefenseBonusAppliesWhenARivalIsCloseBehind() passed after 14.787 seconds.
✔ Test greedyRefusesEveryTradeItIsOffered() passed after 14.787 seconds.
✔ Test longestRoadDefenseBonusRewardsBridgingEvenWithAnUncontestedLead() passed after 14.830 seconds.
✔ Test buyDevCardScoreIgnoresHeldVictoryPointCards() passed after 14.867 seconds.
✔ Test longestRoadDefenseBonusIsAbsentWhenLeadIsUncontested() passed after 14.868 seconds.
✔ Test buildRoadScoreIsHigherWhenItClosesDistanceToTheExpansionTarget() passed after 14.868 seconds.
✔ Test proposeTradesGivesUpAfterTheTurnRetryLimit() passed after 15.153 seconds.
✔ Test botEndsTurnRatherThanReproposingAnIdenticalPendingOffer() passed after 15.163 seconds.
✔ Test scoreIncludesHeldDevCardCount() passed after 15.163 seconds.
✔ Test differentOffersCanSampleDifferentLinesFromThePool() passed after 15.226 seconds.
✔ Test evaluateRequiresAMeaningfulBenefitNotJustAnyPositiveMargin() passed after 15.275 seconds.
✔ Test aGenerousUnlockOfferIsAcceptedByAPlausibleReceiver() passed after 21.542 seconds.
✔ Test noPoolHasBlankOrDuplicateLines() passed after 21.542 seconds.
✔ Test buyDevCardScoreIsNotBoostedWhenTheHolderIsFarAhead() passed after 21.542 seconds.
✔ Test responseIsDeterministicForTheSameOfferID() passed after 21.543 seconds.
✔ Test robberAvoidsOwnTilesWhenAlternativeExists() passed after 34.061 seconds.
✔ Test aHandThatCanTakeAPrimeHexIsWorthMoreThanItsCards() passed after 34.061 seconds.
◇ Test case passing 1 argument accept → false to manualResponsesTrainButTheSameAutomaticMoveDoesNot(accept:) started.
◇ Test case passing 1 argument accept → true to manualResponsesTrainButTheSameAutomaticMoveDoesNot(accept:) started.
✔ Test aBotProposalIsAnsweredBeforeTheProposerContinues() passed after 34.209 seconds.
✔ Test aThinGarrisonNextToAnArmedRivalCostsSomething() passed after 34.210 seconds.
✔ Test ownStandingIsOneWhenAllScoresAreZero() passed after 34.640 seconds.
✔ Test buildSettlementScoreIsHigherWhenItDeniesAHighThreatOpponentsFrontier() passed after 34.803 seconds.
✔ Test aFootholdOnACrowdedPrimeHexIsWorthSettlingFor() passed after 35.151 seconds.
✔ Test scoreAddsLargestArmySwingBonusWhenOneKnightAway() passed after 35.150 seconds.
✔ Test longestRoadClaimBonusIsLargerWhenTakingItFromAHighThreatHolder() passed after 37.250 seconds.
✔ Test productionCountsTheTakeover() passed after 37.249 seconds.
✔ Test choosePlayAlwaysPlaysAHeldRoadBuildingCardWhenARoadIsLegal() passed after 37.250 seconds.
✔ Test choosePlayFollowsCautiousPersonalitysCityPriority() passed after 37.249 seconds.
✔ Test opponentFrontierExcludesVerticesTooCloseToAnyExistingBuilding() passed after 37.249 seconds.
✔ Test buildRoadScoreIsUnaffectedByMerelyTouchingAnOpponentsOwnVertex() passed after 37.250 seconds.
✔ Test tradeHeuristicsAcceptsClearNetGainTowardNextBuild() passed after 37.250 seconds.
◇ Test case passing 2 arguments payment → Payment(received: CatanEngine.Resource.ore, sold: CatanEngine.Resource.brick, retainsCost: false), quantity → 1 to irrelevantPaymentReallyCompletesPurchase(payment:quantity:) started.
◇ Test case passing 2 arguments payment → Payment(received: CatanEngine.Resource.ore, sold: CatanEngine.Resource.brick, retainsCost: false), quantity → 2 to irrelevantPaymentReallyCompletesPurchase(payment:quantity:) started.
◇ Test case passing 2 arguments payment → Payment(received: CatanEngine.Resource.ore, sold: CatanEngine.Resource.lumber, retainsCost: false), quantity → 1 to irrelevantPaymentReallyCompletesPurchase(payment:quantity:) started.
◇ Test case passing 2 arguments payment → Payment(received: CatanEngine.Resource.ore, sold: CatanEngine.Resource.lumber, retainsCost: false), quantity → 2 to irrelevantPaymentReallyCompletesPurchase(payment:quantity:) started.
◇ Test case passing 2 arguments payment → Payment(received: CatanEngine.Resource.grain, sold: CatanEngine.Resource.brick, retainsCost: false), quantity → 1 to irrelevantPaymentReallyCompletesPurchase(payment:quantity:) started.
◇ Test case passing 2 arguments payment → Payment(received: CatanEngine.Resource.grain, sold: CatanEngine.Resource.brick, retainsCost: false), quantity → 2 to irrelevantPaymentReallyCompletesPurchase(payment:quantity:) started.
✔ Test anExternalResponderKeepsTheOfferForTheUI() passed after 37.345 seconds.
◇ Test case passing 2 arguments payment → Payment(received: CatanEngine.Resource.grain, sold: CatanEngine.Resource.lumber, retainsCost: false), quantity → 1 to irrelevantPaymentReallyCompletesPurchase(payment:quantity:) started.
◇ Test case passing 2 arguments payment → Payment(received: CatanEngine.Resource.grain, sold: CatanEngine.Resource.lumber, retainsCost: false), quantity → 2 to irrelevantPaymentReallyCompletesPurchase(payment:quantity:) started.
◇ Test case passing 2 arguments payment → Payment(received: CatanEngine.Resource.wool, sold: CatanEngine.Resource.brick, retainsCost: false), quantity → 1 to irrelevantPaymentReallyCompletesPurchase(payment:quantity:) started.
◇ Test case passing 2 arguments payment → Payment(received: CatanEngine.Resource.wool, sold: CatanEngine.Resource.brick, retainsCost: false), quantity → 2 to irrelevantPaymentReallyCompletesPurchase(payment:quantity:) started.
◇ Test case passing 2 arguments payment → Payment(received: CatanEngine.Resource.wool, sold: CatanEngine.Resource.lumber, retainsCost: false), quantity → 1 to irrelevantPaymentReallyCompletesPurchase(payment:quantity:) started.
◇ Test case passing 2 arguments payment → Payment(received: CatanEngine.Resource.wool, sold: CatanEngine.Resource.lumber, retainsCost: false), quantity → 2 to irrelevantPaymentReallyCompletesPurchase(payment:quantity:) started.
◇ Test case passing 2 arguments payment → Payment(received: CatanEngine.Resource.ore, sold: CatanEngine.Resource.grain, retainsCost: false), quantity → 1 to neededPaymentStillEarnsCompletionCredit(payment:quantity:) started.
◇ Test case passing 2 arguments payment → Payment(received: CatanEngine.Resource.ore, sold: CatanEngine.Resource.grain, retainsCost: false), quantity → 2 to neededPaymentStillEarnsCompletionCredit(payment:quantity:) started.
◇ Test case passing 2 arguments payment → Payment(received: CatanEngine.Resource.ore, sold: CatanEngine.Resource.grain, retainsCost: true), quantity → 1 to neededPaymentStillEarnsCompletionCredit(payment:quantity:) started.
◇ Test case passing 2 arguments payment → Payment(received: CatanEngine.Resource.ore, sold: CatanEngine.Resource.grain, retainsCost: true), quantity → 2 to neededPaymentStillEarnsCompletionCredit(payment:quantity:) started.
◇ Test case passing 2 arguments payment → Payment(received: CatanEngine.Resource.ore, sold: CatanEngine.Resource.wool, retainsCost: false), quantity → 1 to neededPaymentStillEarnsCompletionCredit(payment:quantity:) started.
◇ Test case passing 2 arguments payment → Payment(received: CatanEngine.Resource.ore, sold: CatanEngine.Resource.wool, retainsCost: false), quantity → 2 to neededPaymentStillEarnsCompletionCredit(payment:quantity:) started.
◇ Test case passing 2 arguments payment → Payment(received: CatanEngine.Resource.ore, sold: CatanEngine.Resource.wool, retainsCost: true), quantity → 1 to neededPaymentStillEarnsCompletionCredit(payment:quantity:) started.
◇ Test case passing 2 arguments payment → Payment(received: CatanEngine.Resource.ore, sold: CatanEngine.Resource.wool, retainsCost: true), quantity → 2 to neededPaymentStillEarnsCompletionCredit(payment:quantity:) started.
◇ Test case passing 2 arguments payment → Payment(received: CatanEngine.Resource.grain, sold: CatanEngine.Resource.ore, retainsCost: false), quantity → 1 to neededPaymentStillEarnsCompletionCredit(payment:quantity:) started.
◇ Test case passing 2 arguments payment → Payment(received: CatanEngine.Resource.grain, sold: CatanEngine.Resource.ore, retainsCost: false), quantity → 2 to neededPaymentStillEarnsCompletionCredit(payment:quantity:) started.
◇ Test case passing 2 arguments payment → Payment(received: CatanEngine.Resource.grain, sold: CatanEngine.Resource.ore, retainsCost: true), quantity → 1 to neededPaymentStillEarnsCompletionCredit(payment:quantity:) started.
◇ Test case passing 2 arguments payment → Payment(received: CatanEngine.Resource.grain, sold: CatanEngine.Resource.ore, retainsCost: true), quantity → 2 to neededPaymentStillEarnsCompletionCredit(payment:quantity:) started.
◇ Test case passing 2 arguments payment → Payment(received: CatanEngine.Resource.grain, sold: CatanEngine.Resource.wool, retainsCost: false), quantity → 1 to neededPaymentStillEarnsCompletionCredit(payment:quantity:) started.
✔ Test aBotTakesAHexWhenItHoldsEnoughToWinIt() passed after 37.641 seconds.
◇ Test case passing 2 arguments payment → Payment(received: CatanEngine.Resource.grain, sold: CatanEngine.Resource.wool, retainsCost: false), quantity → 2 to neededPaymentStillEarnsCompletionCredit(payment:quantity:) started.
◇ Test case passing 2 arguments payment → Payment(received: CatanEngine.Resource.grain, sold: CatanEngine.Resource.wool, retainsCost: true), quantity → 1 to neededPaymentStillEarnsCompletionCredit(payment:quantity:) started.
◇ Test case passing 2 arguments payment → Payment(received: CatanEngine.Resource.grain, sold: CatanEngine.Resource.wool, retainsCost: true), quantity → 2 to neededPaymentStillEarnsCompletionCredit(payment:quantity:) started.
◇ Test case passing 2 arguments payment → Payment(received: CatanEngine.Resource.wool, sold: CatanEngine.Resource.ore, retainsCost: false), quantity → 1 to neededPaymentStillEarnsCompletionCredit(payment:quantity:) started.
◇ Test case passing 2 arguments payment → Payment(received: CatanEngine.Resource.wool, sold: CatanEngine.Resource.ore, retainsCost: false), quantity → 2 to neededPaymentStillEarnsCompletionCredit(payment:quantity:) started.
◇ Test case passing 2 arguments payment → Payment(received: CatanEngine.Resource.wool, sold: CatanEngine.Resource.ore, retainsCost: true), quantity → 1 to neededPaymentStillEarnsCompletionCredit(payment:quantity:) started.
◇ Test case passing 2 arguments payment → Payment(received: CatanEngine.Resource.wool, sold: CatanEngine.Resource.ore, retainsCost: true), quantity → 2 to neededPaymentStillEarnsCompletionCredit(payment:quantity:) started.
◇ Test case passing 2 arguments payment → Payment(received: CatanEngine.Resource.wool, sold: CatanEngine.Resource.grain, retainsCost: false), quantity → 1 to neededPaymentStillEarnsCompletionCredit(payment:quantity:) started.
◇ Test case passing 2 arguments payment → Payment(received: CatanEngine.Resource.wool, sold: CatanEngine.Resource.grain, retainsCost: false), quantity → 2 to neededPaymentStillEarnsCompletionCredit(payment:quantity:) started.
◇ Test case passing 2 arguments payment → Payment(received: CatanEngine.Resource.wool, sold: CatanEngine.Resource.grain, retainsCost: true), quantity → 1 to neededPaymentStillEarnsCompletionCredit(payment:quantity:) started.
◇ Test case passing 2 arguments payment → Payment(received: CatanEngine.Resource.wool, sold: CatanEngine.Resource.grain, retainsCost: true), quantity → 2 to neededPaymentStillEarnsCompletionCredit(payment:quantity:) started.
◇ Test case passing 2 arguments payment → Payment(received: CatanEngine.Resource.ore, sold: CatanEngine.Resource.grain, retainsCost: true), quantity → 1 to emptyDeckBlocksPurchaseButNotBaselineCredit(payment:quantity:) started.
◇ Test case passing 2 arguments payment → Payment(received: CatanEngine.Resource.ore, sold: CatanEngine.Resource.grain, retainsCost: true), quantity → 2 to emptyDeckBlocksPurchaseButNotBaselineCredit(payment:quantity:) started.
◇ Test case passing 2 arguments payment → Payment(received: CatanEngine.Resource.ore, sold: CatanEngine.Resource.wool, retainsCost: true), quantity → 1 to emptyDeckBlocksPurchaseButNotBaselineCredit(payment:quantity:) started.
✔ Test everyLineFitsTheIncomingCardsCharacterBudget() passed after 37.904 seconds.
◇ Test case passing 2 arguments payment → Payment(received: CatanEngine.Resource.ore, sold: CatanEngine.Resource.wool, retainsCost: true), quantity → 2 to emptyDeckBlocksPurchaseButNotBaselineCredit(payment:quantity:) started.
◇ Test case passing 2 arguments payment → Payment(received: CatanEngine.Resource.grain, sold: CatanEngine.Resource.ore, retainsCost: true), quantity → 1 to emptyDeckBlocksPurchaseButNotBaselineCredit(payment:quantity:) started.
◇ Test case passing 2 arguments payment → Payment(received: CatanEngine.Resource.grain, sold: CatanEngine.Resource.ore, retainsCost: true), quantity → 2 to emptyDeckBlocksPurchaseButNotBaselineCredit(payment:quantity:) started.
◇ Test case passing 2 arguments payment → Payment(received: CatanEngine.Resource.grain, sold: CatanEngine.Resource.wool, retainsCost: true), quantity → 1 to emptyDeckBlocksPurchaseButNotBaselineCredit(payment:quantity:) started.
◇ Test case passing 2 arguments payment → Payment(received: CatanEngine.Resource.grain, sold: CatanEngine.Resource.wool, retainsCost: true), quantity → 2 to emptyDeckBlocksPurchaseButNotBaselineCredit(payment:quantity:) started.
◇ Test case passing 2 arguments payment → Payment(received: CatanEngine.Resource.wool, sold: CatanEngine.Resource.ore, retainsCost: true), quantity → 1 to emptyDeckBlocksPurchaseButNotBaselineCredit(payment:quantity:) started.
◇ Test case passing 2 arguments payment → Payment(received: CatanEngine.Resource.wool, sold: CatanEngine.Resource.ore, retainsCost: true), quantity → 2 to emptyDeckBlocksPurchaseButNotBaselineCredit(payment:quantity:) started.
◇ Test case passing 2 arguments payment → Payment(received: CatanEngine.Resource.wool, sold: CatanEngine.Resource.grain, retainsCost: true), quantity → 1 to emptyDeckBlocksPurchaseButNotBaselineCredit(payment:quantity:) started.
◇ Test case passing 2 arguments payment → Payment(received: CatanEngine.Resource.wool, sold: CatanEngine.Resource.grain, retainsCost: true), quantity → 2 to emptyDeckBlocksPurchaseButNotBaselineCredit(payment:quantity:) started.
◇ Test case passing 2 arguments payment → Payment(received: CatanEngine.Resource.ore, sold: CatanEngine.Resource.brick, retainsCost: false), quantity → 1 to emptyDeckBlocksPurchaseButNotBaselineCredit(payment:quantity:) started.
◇ Test case passing 2 arguments payment → Payment(received: CatanEngine.Resource.ore, sold: CatanEngine.Resource.brick, retainsCost: false), quantity → 2 to emptyDeckBlocksPurchaseButNotBaselineCredit(payment:quantity:) started.
◇ Test case passing 2 arguments payment → Payment(received: CatanEngine.Resource.ore, sold: CatanEngine.Resource.lumber, retainsCost: false), quantity → 1 to emptyDeckBlocksPurchaseButNotBaselineCredit(payment:quantity:) started.
◇ Test case passing 2 arguments payment → Payment(received: CatanEngine.Resource.ore, sold: CatanEngine.Resource.lumber, retainsCost: false), quantity → 2 to emptyDeckBlocksPurchaseButNotBaselineCredit(payment:quantity:) started.
◇ Test case passing 2 arguments payment → Payment(received: CatanEngine.Resource.grain, sold: CatanEngine.Resource.brick, retainsCost: false), quantity → 1 to emptyDeckBlocksPurchaseButNotBaselineCredit(payment:quantity:) started.
◇ Test case passing 2 arguments payment → Payment(received: CatanEngine.Resource.grain, sold: CatanEngine.Resource.brick, retainsCost: false), quantity → 2 to emptyDeckBlocksPurchaseButNotBaselineCredit(payment:quantity:) started.
◇ Test case passing 2 arguments payment → Payment(received: CatanEngine.Resource.grain, sold: CatanEngine.Resource.lumber, retainsCost: false), quantity → 1 to emptyDeckBlocksPurchaseButNotBaselineCredit(payment:quantity:) started.
◇ Test case passing 2 arguments payment → Payment(received: CatanEngine.Resource.grain, sold: CatanEngine.Resource.lumber, retainsCost: false), quantity → 2 to emptyDeckBlocksPurchaseButNotBaselineCredit(payment:quantity:) started.
◇ Test case passing 2 arguments payment → Payment(received: CatanEngine.Resource.wool, sold: CatanEngine.Resource.brick, retainsCost: false), quantity → 1 to emptyDeckBlocksPurchaseButNotBaselineCredit(payment:quantity:) started.
◇ Test case passing 2 arguments payment → Payment(received: CatanEngine.Resource.wool, sold: CatanEngine.Resource.brick, retainsCost: false), quantity → 2 to emptyDeckBlocksPurchaseButNotBaselineCredit(payment:quantity:) started.
◇ Test case passing 2 arguments payment → Payment(received: CatanEngine.Resource.wool, sold: CatanEngine.Resource.lumber, retainsCost: false), quantity → 1 to emptyDeckBlocksPurchaseButNotBaselineCredit(payment:quantity:) started.
◇ Test case passing 2 arguments payment → Payment(received: CatanEngine.Resource.wool, sold: CatanEngine.Resource.lumber, retainsCost: false), quantity → 2 to emptyDeckBlocksPurchaseButNotBaselineCredit(payment:quantity:) started.
✔ Test choosePlayDoesNotPursueLargestArmyWithoutARealShot() passed after 38.293 seconds.
✔ Test evaluateRejectsATradeThatWouldHandTheProposerAnImmediateBuild() passed after 38.293 seconds.
✔ Test robberTargetsLeadingOpponentsTile() passed after 38.293 seconds.
✔ Test bridgesOwnFragmentsDetectsAGenuineBridgeBetweenTwoDisconnectedPieces() passed after 38.293 seconds.
✔ Test everyEmpireHasALargePitchAndResponsePool() passed after 38.293 seconds.
✔ Test scoreWeighsVictoryPointsHeavily() passed after 38.294 seconds.
✔ Test evaluateSuspicionShiftRejectsARepeatTradeFromTheSameProposerThisTurn() passed after 38.294 seconds.
✔ Test proposesAGenerousUnlockTradeAfterTheOrdinaryOfferIsDeclined() passed after 38.294 seconds.
✔ Test expandedSetupRoadPointsTowardTheBestOutwardEndpoint() passed after 38.294 seconds.
✔ Test buildRoadScoreIncludesLongestRoadBonusOnlyWhenItWouldBeClaimed() passed after 38.294 seconds.
✔ Test aggressivePersonalityProactivelyUsesAKnightButCautiousDoesNot() passed after 38.309 seconds.
✔ Test generousUnlockDoesNotApplyToARoad() passed after 39.616 seconds.
✔ Test telemetryKeepsEveryEvaluatedTradeReplyWithoutCountingTheCommittedReplyTwice() passed after 39.989 seconds.
✔ Test decisionMetricsRecordChoiceOpportunities() passed after 39.989 seconds.
✔ Test chooseBuildIsDeterministicWhenOneMoveClearlyDominates() passed after 39.989 seconds.
✔ Test alreadyCoveredResourceScoresLowerThanNewResourceAtEqualPips() passed after 39.989 seconds.
✔ Test bestBankTradeConvertsSurplusTowardTheNearestBuild() passed after 39.989 seconds.
✔ Test expandedBotReservesNearTermPermanentBuildResourcesBeforeBuyingDevelopmentCards() passed after 39.989 seconds.
✔ Test relativeWeightClampsExtremeOutliers() passed after 39.989 seconds.
✔ Test scoreIncludesProductionStrengthWeightedByPips() passed after 39.989 seconds.
✔ Test proposeTradeRetriesThenEventuallyEndsTheTurn() passed after 39.989 seconds.
✔ Test expertSpendsItsFreeCardTakingAHex() passed after 39.990 seconds.
✔ Test proposeTradesSkipsWhenIdenticalOfferAlreadyPending() passed after 39.989 seconds.
✔ Test bestBankTradeIsNilWhenNothingIsBlockingTheNearestBuild() passed after 39.989 seconds.
✔ Test silencingTheLeaderIsWorthMoreThanSilencingAnyoneElse() passed after 40.243 seconds.
✔ Test aTargetedBotBuysOnlyWhenOneMoreCardWouldTakeAGoodHex() passed after 40.520 seconds.
✔ Test aBadOfferCanStillBeAccepted() passed after 40.520 seconds.
✔ Test aBoldBotBuysAnArmyCardBeforeBuildingAndAnIdleOneDoesNot() passed after 40.520 seconds.
✔ Test heuristicHonoursATradeResponseOnlyActionMask() passed after 40.520 seconds.
✔ Test buyingIsPricedWithoutPeekingAtTheDeck() passed after 40.582 seconds.
✔ Test buyingValuesTheCaptureTheNewCardCouldEnable() passed after 40.747 seconds.
✔ Test expandedDevelopmentCardFallbackHonorsPermanentBuildReserve() passed after 40.747 seconds.
✔ Test aMoveTheEngineAcceptsButNeverListsIsScored() passed after 40.923 seconds.
✔ Test everyNonProposalLegalMoveIsScored() passed after 40.924 seconds.
✔ Test choosePlayPursuesLargestArmyWithARealShotEvenWithoutRobberOnOwnTile() passed after 40.923 seconds.
✔ Test candidateOrderDoesNotDependOnWeights() passed after 40.924 seconds.
✔ Test relativeWeightIsOneForEveryoneWhenAllScoresAreZero() passed after 40.923 seconds.
✔ Test everySupportedRulesConfigurationCompletesWithOnlyLegalMoves(game:) with 24 test cases passed after 40.924 seconds.
✔ Test robberDisruptionScalesWithRelativeThreatNotJustRawVictoryPoints() passed after 40.923 seconds.
✔ Test atomicPaymentDoesNotInventDevelopmentCardAffordability() passed after 40.923 seconds.
✔ Test aPersonMayOfferTheirLastCardOfAKind() passed after 40.947 seconds.
✔ Test aBotDoesNotThrowCardsAtAHexItCannotTake() passed after 40.948 seconds.
✔ Test botAlwaysReturnsALegalMove() passed after 41.010 seconds.
✔ Test buildRoadScoreIsHigherWhenItDeniesAHighThreatOpponentsImmediateFrontier() passed after 41.009 seconds.
✔ Test aPersonMayOfferMoreThanTheBotLimit() passed after 41.051 seconds.
✔ Test unaffordableAcceptanceHasNoFabricatedAfterState() passed after 41.068 seconds.
✔ Test ownStandingIsBelowOneWhenBehindTheField() passed after 41.069 seconds.
✔ Test affordableCityWithNoSettlementIsNotBuildable() passed after 41.068 seconds.
✔ Test aShortGameEndsSooner() passed after 41.069 seconds.
✔ Test givingAwayOwnedOreCanDestroyExistingDevCardOption() passed after 41.068 seconds.
✔ Test botsOnlyGameReachesGameOverWithOnlyLegalMoves() passed after 41.068 seconds.
✔ Test aPayersRealHandDoesNotDecideWhetherATradeIsProjected() passed after 41.068 seconds.
✔ Test aHumanOfferExpertWouldNeverMakeIsScored() passed after 41.068 seconds.
✔ Test woolForOreCompletesPurchaseOnlyWhenPaymentLeavesOre(oreHeld:) with 2 test cases passed after 41.068 seconds.
✔ Test aBankTradeThatUnlocksNothingIsRefused() passed after 41.068 seconds.
✔ Test handingTheLeaderWhatItNeedsCostsMoreThanHandingItToATrailingSeat() passed after 41.118 seconds.
✔ Test yearOfPlentyFundsTheMissingExpeditionIngredients(tier:) with 2 test cases passed after 41.118 seconds.
✔ Test hiddenWorldHandsDeckAndFutureRNGCannotChangeDecision(tier:) with 2 test cases passed after 41.118 seconds.
✔ Test threeSeatGamesReachAWinner() passed after 41.120 seconds.
✔ Test randomPolicyOnlyEverPlaysLegalMoves() passed after 41.120 seconds.
✔ Test externalResponsesCannotLeaveAStaleDurableBotAnswer(tier:) with 2 test cases passed after 41.118 seconds.
✔ Test expertDoesNotBuyDuplicateAccessWhileAnExistingHullCanDoTheJob() passed after 41.119 seconds.
✔ Test aBankTradeThatUnlocksACityIsTaken() passed after 41.119 seconds.
✔ Test flexibleProductionIsAllocatedOnceAcrossRecipeDeficits() passed after 41.119 seconds.
✔ Test unscopedDirectCallsDoNotRepeatAnOutstandingNegotiation(tier:) with 2 test cases passed after 41.118 seconds.
✔ Test inlandOpeningChoicesCompleteOrdinaryUnfilteredSetup(tier:family:) with 6 test cases passed after 41.118 seconds.
✔ Test seededConquestGamesFinishWithOnlyLegalMoves() passed after 41.121 seconds.
✔ Test botsOnlyGameReachesGameOverAcrossSeveralSeeds() passed after 41.121 seconds.
✔ Test capturePrefersAnOverseasLanding(tier:) with 2 test cases passed after 41.118 seconds.
✔ Test expertDiscountsAnUnfundedVoyageExposedToCapture() passed after 41.118 seconds.
✔ Test fundedInlandOpeningMakesUsefulRoadProgress(tier:) with 2 test cases passed after 41.117 seconds.
✔ Test aPubliclyCertainColonyWinBeatsAProductiveNonwinningCity(tier:) with 2 test cases passed after 41.119 seconds.
✔ Test exchangesOnlyTheSurplusToCompleteAShip(tier:) with 2 test cases passed after 41.118 seconds.
✔ Test aCertainPurchaseAndLandingWinBeatsAHigherThanNinetyPercentDraw() passed after 41.118 seconds.
✔ Test theHeuristicBotBeatsRandomPlayFromEverySeat() passed after 41.121 seconds.
✔ Test rivalProductionIsValuedWithoutReadingTheirResourceComposition() passed after 41.116 seconds.
✔ Test responseOnlyMasksPreservePolicyRNG(tier:) with 2 test cases passed after 41.117 seconds.
✔ Test revisionsHaveDistinctCheckpointIdentities() passed after 41.116 seconds.
✔ Test decodesWithoutACivilization() passed after 41.116 seconds.
✔ Test diagnosticsForwardRevisionWhileUnselectedCallersStayLegacy() passed after 41.116 seconds.
✔ Test aWinningLargestArmyKnightClosesTheGame(tier:) with 2 test cases passed after 41.117 seconds.
✔ Test buysAFirstHullThenExplores(tier:) with 2 test cases passed after 41.116 seconds.
✔ Test acceptsFundingButPreservesAnAlreadyFundedRecipe(tier:) with 2 test cases passed after 41.116 seconds.
✔ Test aPersonModelWithoutALapseDecodes() passed after 41.117 seconds.
✔ Test roundTripsThroughJSON() passed after 41.116 seconds.
✔ Test bundleAndQuantityUseFinalInventory(quantity:) with 3 test cases passed after 41.116 seconds.
✔ Test productionReflectsNativeBankShortageWithoutChangingState() passed after 41.119 seconds.
✔ Test roadsCannotPromiseASiteWhoseCoastIsStillHidden() passed after 41.117 seconds.
✔ Test matchedProductionAddsTheFrozenValueAndCitiesDoubleIt() passed after 41.116 seconds.
✔ Test availabilityControlsNeverInventAcceptanceOrBuilds(depletedSeat:) with 3 test cases passed after 41.116 seconds.
✔ Test strictNativeThresholdBoundaryIsUnchanged(offset:) with 3 test cases passed after 41.116 seconds.
✔ Test matchesOfflineWorkedExamples(example:) with 3 test cases passed after 41.116 seconds.
✔ Test workedTargetsExplainZeroAndPositiveMarginalValues() passed after 41.115 seconds.
✔ Test discardsSurplusWithoutDismantlingAFundedVoyage(tier:) with 2 test cases passed after 41.116 seconds.
✔ Test adaptersDeliberatelySelectNavalBrains() passed after 41.116 seconds.
✔ Test emptyOffersHaveAvailableEmptyComponentsAndMissingReceiversHaveNoAssessment() passed after 41.115 seconds.
✔ Test anAcceptanceThatDoesNotClearTheMarginIsRefused() passed after 41.115 seconds.
✔ Test offlineExplanationLeavesBotMovesAndRNGUnchanged() passed after 41.115 seconds.
✔ Test componentsReconstructTheActualReductions() passed after 41.115 seconds.
✔ Test expertLaunchPlansAProvableWinningColonyWithinThisTurn() passed after 41.119 seconds.
✔ Test unknownComponentConnectionsCannotPromiseAColonyPoint() passed after 41.117 seconds.
◇ Test case passing 1 argument handSize → 7 to roadAndSpendDownTraceUsesActualExpertChoice(handSize:) started.
H6H10 H10 hand=7 discipline=off policy=evaluation-v1 chosen=buildRoad(CatanEngine.EdgeID(a: CatanEngine.VertexID(touchingTiles: [CatanEngine.HexCoordinate(q: -3, r: 2), CatanEngine.HexCoordinate(q: -3, r: 3), CatanEngine.HexCoordinate(q: -2, r: 2)]), b: CatanEngine.VertexID(touchingTiles: [CatanEngine.HexCoordinate(q: -3, r: 3), CatanEngine.HexCoordinate(q: -2, r: 2), CatanEngine.HexCoordinate(q: -2, r: 3)]))) score=2.2943838349999996
H6H10 seat=0 publicVP=5 standing=6.699601388888889 production=[0.0, 0.3055555555555556, 0.08333333333333333, 0.2222222222222222, 0.08333333333333333] bankRates=[3, 3, 2, 3, 3]
H6H10 seat=1 publicVP=3 standing=5.501794444444444 production=[0.0, 0.0, 0.05555555555555555, 0.0, 0.0] bankRates=[2, 4, 4, 4, 4]
H6H10 seat=2 publicVP=0 standing=0.0 production=[0.0, 0.0, 0.0, 0.0, 0.0] bankRates=[4, 4, 4, 4, 4]
H6H10 seat=3 publicVP=0 standing=0.0 production=[0.0, 0.0, 0.0, 0.0, 0.0] bankRates=[4, 4, 4, 4, 4]
H6H10 candidate=endTurn deltaVsEnd=0.0 cardsDelta=0 roadLengthDelta=0 linearRoadCredit=0.0 sites=0 approaches=0
H6H10 candidate=buildRoad(CatanEngine.EdgeID(a: CatanEngine.VertexID(touchingTiles: [CatanEngine.HexCoordinate(q: -3, r: 2), CatanEngine.HexCoordinate(q: -3, r: 3), CatanEngine.HexCoordinate(q: -2, r: 2)]), b: CatanEngine.VertexID(touchingTiles: [CatanEngine.HexCoordinate(q: -3, r: 3), CatanEngine.HexCoordinate(q: -2, r: 2), CatanEngine.HexCoordinate(q: -2, r: 3)]))) deltaVsEnd=0.017674999999999663 cardsDelta=-2 roadLengthDelta=2 linearRoadCredit=0.1776 sites=0 approaches=0
H6H10 candidate=buildRoad(CatanEngine.EdgeID(a: CatanEngine.VertexID(touchingTiles: [CatanEngine.HexCoordinate(q: -2, r: 1), CatanEngine.HexCoordinate(q: -2, r: 2), CatanEngine.HexCoordinate(q: -1, r: 1)]), b: CatanEngine.VertexID(touchingTiles: [CatanEngine.HexCoordinate(q: -2, r: 1), CatanEngine.HexCoordinate(q: -1, r: 0), CatanEngine.HexCoordinate(q: -1, r: 1)]))) deltaVsEnd=0.017674999999999663 cardsDelta=-2 roadLengthDelta=2 linearRoadCredit=0.1776 sites=0 approaches=0
H6H10 candidate=buildRoad(CatanEngine.EdgeID(a: CatanEngine.VertexID(touchingTiles: [CatanEngine.HexCoordinate(q: -2, r: 1), CatanEngine.HexCoordinate(q: -2, r: 2), CatanEngine.HexCoordinate(q: -1, r: 1)]), b: CatanEngine.VertexID(touchingTiles: [CatanEngine.HexCoordinate(q: -2, r: 2), CatanEngine.HexCoordinate(q: -1, r: 1), CatanEngine.HexCoordinate(q: -1, r: 2)]))) deltaVsEnd=0.017674999999999663 cardsDelta=-2 roadLengthDelta=2 linearRoadCredit=0.1776 sites=0 approaches=0
H6H10 H10 hand=7 discipline=on policy=evaluation-v1 chosen=buildRoad(CatanEngine.EdgeID(a: CatanEngine.VertexID(touchingTiles: [CatanEngine.HexCoordinate(q: -3, r: 2), CatanEngine.HexCoordinate(q: -3, r: 3), CatanEngine.HexCoordinate(q: -2, r: 2)]), b: CatanEngine.VertexID(touchingTiles: [CatanEngine.HexCoordinate(q: -3, r: 3), CatanEngine.HexCoordinate(q: -2, r: 2), CatanEngine.HexCoordinate(q: -2, r: 3)]))) score=2.2943838349999996
H6H10 seat=0 publicVP=5 standing=6.699601388888889 production=[0.0, 0.3055555555555556, 0.08333333333333333, 0.2222222222222222, 0.08333333333333333] bankRates=[3, 3, 2, 3, 3]
H6H10 seat=1 publicVP=3 standing=5.501794444444444 production=[0.0, 0.0, 0.05555555555555555, 0.0, 0.0] bankRates=[2, 4, 4, 4, 4]
H6H10 seat=2 publicVP=0 standing=0.0 production=[0.0, 0.0, 0.0, 0.0, 0.0] bankRates=[4, 4, 4, 4, 4]
H6H10 seat=3 publicVP=0 standing=0.0 production=[0.0, 0.0, 0.0, 0.0, 0.0] bankRates=[4, 4, 4, 4, 4]
H6H10 candidate=endTurn deltaVsEnd=0.0 cardsDelta=0 roadLengthDelta=0 linearRoadCredit=0.0 sites=0 approaches=0
H6H10 candidate=buildRoad(CatanEngine.EdgeID(a: CatanEngine.VertexID(touchingTiles: [CatanEngine.HexCoordinate(q: -3, r: 2), CatanEngine.HexCoordinate(q: -3, r: 3), CatanEngine.HexCoordinate(q: -2, r: 2)]), b: CatanEngine.VertexID(touchingTiles: [CatanEngine.HexCoordinate(q: -3, r: 3), CatanEngine.HexCoordinate(q: -2, r: 2), CatanEngine.HexCoordinate(q: -2, r: 3)]))) deltaVsEnd=0.017674999999999663 cardsDelta=-2 roadLengthDelta=2 linearRoadCredit=0.1776 sites=0 approaches=0
H6H10 candidate=buildRoad(CatanEngine.EdgeID(a: CatanEngine.VertexID(touchingTiles: [CatanEngine.HexCoordinate(q: -2, r: 1), CatanEngine.HexCoordinate(q: -2, r: 2), CatanEngine.HexCoordinate(q: -1, r: 1)]), b: CatanEngine.VertexID(touchingTiles: [CatanEngine.HexCoordinate(q: -2, r: 1), CatanEngine.HexCoordinate(q: -1, r: 0), CatanEngine.HexCoordinate(q: -1, r: 1)]))) deltaVsEnd=0.017674999999999663 cardsDelta=-2 roadLengthDelta=2 linearRoadCredit=0.1776 sites=0 approaches=0
H6H10 candidate=buildRoad(CatanEngine.EdgeID(a: CatanEngine.VertexID(touchingTiles: [CatanEngine.HexCoordinate(q: -2, r: 1), CatanEngine.HexCoordinate(q: -2, r: 2), CatanEngine.HexCoordinate(q: -1, r: 1)]), b: CatanEngine.VertexID(touchingTiles: [CatanEngine.HexCoordinate(q: -2, r: 2), CatanEngine.HexCoordinate(q: -1, r: 1), CatanEngine.HexCoordinate(q: -1, r: 2)]))) deltaVsEnd=0.017674999999999663 cardsDelta=-2 roadLengthDelta=2 linearRoadCredit=0.1776 sites=0 approaches=0
H6H10 override=false revision=legacy hand=7
H6H10 H10 hand=7 discipline=off policy=evaluation-city-production-v1 chosen=buildRoad(CatanEngine.EdgeID(a: CatanEngine.VertexID(touchingTiles: [CatanEngine.HexCoordinate(q: -3, r: 2), CatanEngine.HexCoordinate(q: -3, r: 3), CatanEngine.HexCoordinate(q: -2, r: 2)]), b: CatanEngine.VertexID(touchingTiles: [CatanEngine.HexCoordinate(q: -3, r: 3), CatanEngine.HexCoordinate(q: -2, r: 2), CatanEngine.HexCoordinate(q: -2, r: 3)]))) score=2.3138282794444445
H6H10 seat=0 publicVP=5 standing=6.719045833333333 production=[0.0, 0.3055555555555556, 0.08333333333333333, 0.2222222222222222, 0.08333333333333333] bankRates=[3, 3, 2, 3, 3]
H6H10 seat=1 publicVP=3 standing=5.501794444444444 production=[0.0, 0.0, 0.05555555555555555, 0.0, 0.0] bankRates=[2, 4, 4, 4, 4]
H6H10 seat=2 publicVP=0 standing=0.0 production=[0.0, 0.0, 0.0, 0.0, 0.0] bankRates=[4, 4, 4, 4, 4]
H6H10 seat=3 publicVP=0 standing=0.0 production=[0.0, 0.0, 0.0, 0.0, 0.0] bankRates=[4, 4, 4, 4, 4]
H6H10 candidate=endTurn deltaVsEnd=0.0 cardsDelta=0 roadLengthDelta=0 linearRoadCredit=0.0 sites=0 approaches=0
H6H10 candidate=buildRoad(CatanEngine.EdgeID(a: CatanEngine.VertexID(touchingTiles: [CatanEngine.HexCoordinate(q: -3, r: 2), CatanEngine.HexCoordinate(q: -3, r: 3), CatanEngine.HexCoordinate(q: -2, r: 2)]), b: CatanEngine.VertexID(touchingTiles: [CatanEngine.HexCoordinate(q: -3, r: 3), CatanEngine.HexCoordinate(q: -2, r: 2), CatanEngine.HexCoordinate(q: -2, r: 3)]))) deltaVsEnd=0.017674999999999663 cardsDelta=-2 roadLengthDelta=2 linearRoadCredit=0.1776 sites=0 approaches=0
H6H10 candidate=buildRoad(CatanEngine.EdgeID(a: CatanEngine.VertexID(touchingTiles: [CatanEngine.HexCoordinate(q: -2, r: 1), CatanEngine.HexCoordinate(q: -2, r: 2), CatanEngine.HexCoordinate(q: -1, r: 1)]), b: CatanEngine.VertexID(touchingTiles: [CatanEngine.HexCoordinate(q: -2, r: 1), CatanEngine.HexCoordinate(q: -1, r: 0), CatanEngine.HexCoordinate(q: -1, r: 1)]))) deltaVsEnd=0.017674999999999663 cardsDelta=-2 roadLengthDelta=2 linearRoadCredit=0.1776 sites=0 approaches=0
H6H10 candidate=buildRoad(CatanEngine.EdgeID(a: CatanEngine.VertexID(touchingTiles: [CatanEngine.HexCoordinate(q: -2, r: 1), CatanEngine.HexCoordinate(q: -2, r: 2), CatanEngine.HexCoordinate(q: -1, r: 1)]), b: CatanEngine.VertexID(touchingTiles: [CatanEngine.HexCoordinate(q: -2, r: 2), CatanEngine.HexCoordinate(q: -1, r: 1), CatanEngine.HexCoordinate(q: -1, r: 2)]))) deltaVsEnd=0.017674999999999663 cardsDelta=-2 roadLengthDelta=2 linearRoadCredit=0.1776 sites=0 approaches=0
H6H10 H10 hand=7 discipline=on policy=evaluation-city-production-v1 chosen=buildRoad(CatanEngine.EdgeID(a: CatanEngine.VertexID(touchingTiles: [CatanEngine.HexCoordinate(q: -3, r: 2), CatanEngine.HexCoordinate(q: -3, r: 3), CatanEngine.HexCoordinate(q: -2, r: 2)]), b: CatanEngine.VertexID(touchingTiles: [CatanEngine.HexCoordinate(q: -3, r: 3), CatanEngine.HexCoordinate(q: -2, r: 2), CatanEngine.HexCoordinate(q: -2, r: 3)]))) score=2.3138282794444445
H6H10 seat=0 publicVP=5 standing=6.719045833333333 production=[0.0, 0.3055555555555556, 0.08333333333333333, 0.2222222222222222, 0.08333333333333333] bankRates=[3, 3, 2, 3, 3]
H6H10 seat=1 publicVP=3 standing=5.501794444444444 production=[0.0, 0.0, 0.05555555555555555, 0.0, 0.0] bankRates=[2, 4, 4, 4, 4]
H6H10 seat=2 publicVP=0 standing=0.0 production=[0.0, 0.0, 0.0, 0.0, 0.0] bankRates=[4, 4, 4, 4, 4]
H6H10 seat=3 publicVP=0 standing=0.0 production=[0.0, 0.0, 0.0, 0.0, 0.0] bankRates=[4, 4, 4, 4, 4]
H6H10 candidate=endTurn deltaVsEnd=0.0 cardsDelta=0 roadLengthDelta=0 linearRoadCredit=0.0 sites=0 approaches=0
H6H10 candidate=buildRoad(CatanEngine.EdgeID(a: CatanEngine.VertexID(touchingTiles: [CatanEngine.HexCoordinate(q: -3, r: 2), CatanEngine.HexCoordinate(q: -3, r: 3), CatanEngine.HexCoordinate(q: -2, r: 2)]), b: CatanEngine.VertexID(touchingTiles: [CatanEngine.HexCoordinate(q: -3, r: 3), CatanEngine.HexCoordinate(q: -2, r: 2), CatanEngine.HexCoordinate(q: -2, r: 3)]))) deltaVsEnd=0.017674999999999663 cardsDelta=-2 roadLengthDelta=2 linearRoadCredit=0.1776 sites=0 approaches=0
H6H10 candidate=buildRoad(CatanEngine.EdgeID(a: CatanEngine.VertexID(touchingTiles: [CatanEngine.HexCoordinate(q: -2, r: 1), CatanEngine.HexCoordinate(q: -2, r: 2), CatanEngine.HexCoordinate(q: -1, r: 1)]), b: CatanEngine.VertexID(touchingTiles: [CatanEngine.HexCoordinate(q: -2, r: 1), CatanEngine.HexCoordinate(q: -1, r: 0), CatanEngine.HexCoordinate(q: -1, r: 1)]))) deltaVsEnd=0.017674999999999663 cardsDelta=-2 roadLengthDelta=2 linearRoadCredit=0.1776 sites=0 approaches=0
H6H10 candidate=buildRoad(CatanEngine.EdgeID(a: CatanEngine.VertexID(touchingTiles: [CatanEngine.HexCoordinate(q: -2, r: 1), CatanEngine.HexCoordinate(q: -2, r: 2), CatanEngine.HexCoordinate(q: -1, r: 1)]), b: CatanEngine.VertexID(touchingTiles: [CatanEngine.HexCoordinate(q: -2, r: 2), CatanEngine.HexCoordinate(q: -1, r: 1), CatanEngine.HexCoordinate(q: -1, r: 2)]))) deltaVsEnd=0.017674999999999663 cardsDelta=-2 roadLengthDelta=2 linearRoadCredit=0.1776 sites=0 approaches=0
H6H10 override=false revision=cityProductionV1 hand=7
◇ Test case passing 1 argument handSize → 8 to roadAndSpendDownTraceUsesActualExpertChoice(handSize:) started.
H6H10 H10 hand=8 discipline=off policy=evaluation-v1 chosen=buildRoad(CatanEngine.EdgeID(a: CatanEngine.VertexID(touchingTiles: [CatanEngine.HexCoordinate(q: -3, r: 2), CatanEngine.HexCoordinate(q: -3, r: 3), CatanEngine.HexCoordinate(q: -2, r: 2)]), b: CatanEngine.VertexID(touchingTiles: [CatanEngine.HexCoordinate(q: -3, r: 3), CatanEngine.HexCoordinate(q: -2, r: 2), CatanEngine.HexCoordinate(q: -2, r: 3)]))) score=2.3512838350000003
H6H10 seat=0 publicVP=5 standing=6.692351388888889 production=[0.0, 0.3055555555555556, 0.08333333333333333, 0.2222222222222222, 0.08333333333333333] bankRates=[3, 3, 2, 3, 3]
H6H10 seat=1 publicVP=3 standing=5.501794444444444 production=[0.0, 0.0, 0.05555555555555555, 0.0, 0.0] bankRates=[2, 4, 4, 4, 4]
H6H10 seat=2 publicVP=0 standing=0.0 production=[0.0, 0.0, 0.0, 0.0, 0.0] bankRates=[4, 4, 4, 4, 4]
H6H10 seat=3 publicVP=0 standing=0.0 production=[0.0, 0.0, 0.0, 0.0, 0.0] bankRates=[4, 4, 4, 4, 4]
H6H10 candidate=endTurn deltaVsEnd=0.0 cardsDelta=0 roadLengthDelta=0 linearRoadCredit=0.0 sites=0 approaches=0
H6H10 candidate=buildRoad(CatanEngine.EdgeID(a: CatanEngine.VertexID(touchingTiles: [CatanEngine.HexCoordinate(q: -3, r: 2), CatanEngine.HexCoordinate(q: -3, r: 3), CatanEngine.HexCoordinate(q: -2, r: 2)]), b: CatanEngine.VertexID(touchingTiles: [CatanEngine.HexCoordinate(q: -3, r: 3), CatanEngine.HexCoordinate(q: -2, r: 2), CatanEngine.HexCoordinate(q: -2, r: 3)]))) deltaVsEnd=0.08182500000000026 cardsDelta=-2 roadLengthDelta=2 linearRoadCredit=0.1776 sites=0 approaches=0
H6H10 candidate=buildRoad(CatanEngine.EdgeID(a: CatanEngine.VertexID(touchingTiles: [CatanEngine.HexCoordinate(q: -2, r: 1), CatanEngine.HexCoordinate(q: -2, r: 2), CatanEngine.HexCoordinate(q: -1, r: 1)]), b: CatanEngine.VertexID(touchingTiles: [CatanEngine.HexCoordinate(q: -2, r: 1), CatanEngine.HexCoordinate(q: -1, r: 0), CatanEngine.HexCoordinate(q: -1, r: 1)]))) deltaVsEnd=0.08182500000000026 cardsDelta=-2 roadLengthDelta=2 linearRoadCredit=0.1776 sites=0 approaches=0
H6H10 candidate=buildRoad(CatanEngine.EdgeID(a: CatanEngine.VertexID(touchingTiles: [CatanEngine.HexCoordinate(q: -2, r: 1), CatanEngine.HexCoordinate(q: -2, r: 2), CatanEngine.HexCoordinate(q: -1, r: 1)]), b: CatanEngine.VertexID(touchingTiles: [CatanEngine.HexCoordinate(q: -2, r: 2), CatanEngine.HexCoordinate(q: -1, r: 1), CatanEngine.HexCoordinate(q: -1, r: 2)]))) deltaVsEnd=0.08182500000000026 cardsDelta=-2 roadLengthDelta=2 linearRoadCredit=0.1776 sites=0 approaches=0
H6H10 H10 hand=8 discipline=on policy=evaluation-v1 chosen=buildRoad(CatanEngine.EdgeID(a: CatanEngine.VertexID(touchingTiles: [CatanEngine.HexCoordinate(q: -3, r: 2), CatanEngine.HexCoordinate(q: -3, r: 3), CatanEngine.HexCoordinate(q: -2, r: 2)]), b: CatanEngine.VertexID(touchingTiles: [CatanEngine.HexCoordinate(q: -3, r: 3), CatanEngine.HexCoordinate(q: -2, r: 2), CatanEngine.HexCoordinate(q: -2, r: 3)]))) score=2.3512838350000003
H6H10 seat=0 publicVP=5 standing=6.692351388888889 production=[0.0, 0.3055555555555556, 0.08333333333333333, 0.2222222222222222, 0.08333333333333333] bankRates=[3, 3, 2, 3, 3]
H6H10 seat=1 publicVP=3 standing=5.501794444444444 production=[0.0, 0.0, 0.05555555555555555, 0.0, 0.0] bankRates=[2, 4, 4, 4, 4]
H6H10 seat=2 publicVP=0 standing=0.0 production=[0.0, 0.0, 0.0, 0.0, 0.0] bankRates=[4, 4, 4, 4, 4]
H6H10 seat=3 publicVP=0 standing=0.0 production=[0.0, 0.0, 0.0, 0.0, 0.0] bankRates=[4, 4, 4, 4, 4]
H6H10 candidate=endTurn deltaVsEnd=0.0 cardsDelta=0 roadLengthDelta=0 linearRoadCredit=0.0 sites=0 approaches=0
H6H10 candidate=buildRoad(CatanEngine.EdgeID(a: CatanEngine.VertexID(touchingTiles: [CatanEngine.HexCoordinate(q: -3, r: 2), CatanEngine.HexCoordinate(q: -3, r: 3), CatanEngine.HexCoordinate(q: -2, r: 2)]), b: CatanEngine.VertexID(touchingTiles: [CatanEngine.HexCoordinate(q: -3, r: 3), CatanEngine.HexCoordinate(q: -2, r: 2), CatanEngine.HexCoordinate(q: -2, r: 3)]))) deltaVsEnd=0.08182500000000026 cardsDelta=-2 roadLengthDelta=2 linearRoadCredit=0.1776 sites=0 approaches=0
H6H10 candidate=buildRoad(CatanEngine.EdgeID(a: CatanEngine.VertexID(touchingTiles: [CatanEngine.HexCoordinate(q: -2, r: 1), CatanEngine.HexCoordinate(q: -2, r: 2), CatanEngine.HexCoordinate(q: -1, r: 1)]), b: CatanEngine.VertexID(touchingTiles: [CatanEngine.HexCoordinate(q: -2, r: 1), CatanEngine.HexCoordinate(q: -1, r: 0), CatanEngine.HexCoordinate(q: -1, r: 1)]))) deltaVsEnd=0.08182500000000026 cardsDelta=-2 roadLengthDelta=2 linearRoadCredit=0.1776 sites=0 approaches=0
H6H10 candidate=buildRoad(CatanEngine.EdgeID(a: CatanEngine.VertexID(touchingTiles: [CatanEngine.HexCoordinate(q: -2, r: 1), CatanEngine.HexCoordinate(q: -2, r: 2), CatanEngine.HexCoordinate(q: -1, r: 1)]), b: CatanEngine.VertexID(touchingTiles: [CatanEngine.HexCoordinate(q: -2, r: 2), CatanEngine.HexCoordinate(q: -1, r: 1), CatanEngine.HexCoordinate(q: -1, r: 2)]))) deltaVsEnd=0.08182500000000026 cardsDelta=-2 roadLengthDelta=2 linearRoadCredit=0.1776 sites=0 approaches=0
H6H10 override=false revision=legacy hand=8
H6H10 H10 hand=8 discipline=off policy=evaluation-city-production-v1 chosen=buildRoad(CatanEngine.EdgeID(a: CatanEngine.VertexID(touchingTiles: [CatanEngine.HexCoordinate(q: -3, r: 2), CatanEngine.HexCoordinate(q: -3, r: 3), CatanEngine.HexCoordinate(q: -2, r: 2)]), b: CatanEngine.VertexID(touchingTiles: [CatanEngine.HexCoordinate(q: -3, r: 3), CatanEngine.HexCoordinate(q: -2, r: 2), CatanEngine.HexCoordinate(q: -2, r: 3)]))) score=2.370728279444445
H6H10 seat=0 publicVP=5 standing=6.711795833333333 production=[0.0, 0.3055555555555556, 0.08333333333333333, 0.2222222222222222, 0.08333333333333333] bankRates=[3, 3, 2, 3, 3]
H6H10 seat=1 publicVP=3 standing=5.501794444444444 production=[0.0, 0.0, 0.05555555555555555, 0.0, 0.0] bankRates=[2, 4, 4, 4, 4]
H6H10 seat=2 publicVP=0 standing=0.0 production=[0.0, 0.0, 0.0, 0.0, 0.0] bankRates=[4, 4, 4, 4, 4]
H6H10 seat=3 publicVP=0 standing=0.0 production=[0.0, 0.0, 0.0, 0.0, 0.0] bankRates=[4, 4, 4, 4, 4]
H6H10 candidate=endTurn deltaVsEnd=0.0 cardsDelta=0 roadLengthDelta=0 linearRoadCredit=0.0 sites=0 approaches=0
H6H10 candidate=buildRoad(CatanEngine.EdgeID(a: CatanEngine.VertexID(touchingTiles: [CatanEngine.HexCoordinate(q: -3, r: 2), CatanEngine.HexCoordinate(q: -3, r: 3), CatanEngine.HexCoordinate(q: -2, r: 2)]), b: CatanEngine.VertexID(touchingTiles: [CatanEngine.HexCoordinate(q: -3, r: 3), CatanEngine.HexCoordinate(q: -2, r: 2), CatanEngine.HexCoordinate(q: -2, r: 3)]))) deltaVsEnd=0.08182500000000026 cardsDelta=-2 roadLengthDelta=2 linearRoadCredit=0.1776 sites=0 approaches=0
H6H10 candidate=buildRoad(CatanEngine.EdgeID(a: CatanEngine.VertexID(touchingTiles: [CatanEngine.HexCoordinate(q: -2, r: 1), CatanEngine.HexCoordinate(q: -2, r: 2), CatanEngine.HexCoordinate(q: -1, r: 1)]), b: CatanEngine.VertexID(touchingTiles: [CatanEngine.HexCoordinate(q: -2, r: 1), CatanEngine.HexCoordinate(q: -1, r: 0), CatanEngine.HexCoordinate(q: -1, r: 1)]))) deltaVsEnd=0.08182500000000026 cardsDelta=-2 roadLengthDelta=2 linearRoadCredit=0.1776 sites=0 approaches=0
H6H10 candidate=buildRoad(CatanEngine.EdgeID(a: CatanEngine.VertexID(touchingTiles: [CatanEngine.HexCoordinate(q: -2, r: 1), CatanEngine.HexCoordinate(q: -2, r: 2), CatanEngine.HexCoordinate(q: -1, r: 1)]), b: CatanEngine.VertexID(touchingTiles: [CatanEngine.HexCoordinate(q: -2, r: 2), CatanEngine.HexCoordinate(q: -1, r: 1), CatanEngine.HexCoordinate(q: -1, r: 2)]))) deltaVsEnd=0.08182500000000026 cardsDelta=-2 roadLengthDelta=2 linearRoadCredit=0.1776 sites=0 approaches=0
✔ Test expertReplacementHullDoesNotRenewTheFirstExpeditionPremium() passed after 42.881 seconds.
✔ Test owningEveryVictoryCardRemovesTheFalseImmediateDrawPremium(tier:) with 2 test cases passed after 42.880 seconds.
H6H10 H10 hand=8 discipline=on policy=evaluation-city-production-v1 chosen=buildRoad(CatanEngine.EdgeID(a: CatanEngine.VertexID(touchingTiles: [CatanEngine.HexCoordinate(q: -3, r: 2), CatanEngine.HexCoordinate(q: -3, r: 3), CatanEngine.HexCoordinate(q: -2, r: 2)]), b: CatanEngine.VertexID(touchingTiles: [CatanEngine.HexCoordinate(q: -3, r: 3), CatanEngine.HexCoordinate(q: -2, r: 2), CatanEngine.HexCoordinate(q: -2, r: 3)]))) score=2.370728279444445
H6H10 seat=0 publicVP=5 standing=6.711795833333333 production=[0.0, 0.3055555555555556, 0.08333333333333333, 0.2222222222222222, 0.08333333333333333] bankRates=[3, 3, 2, 3, 3]
H6H10 seat=1 publicVP=3 standing=5.501794444444444 production=[0.0, 0.0, 0.05555555555555555, 0.0, 0.0] bankRates=[2, 4, 4, 4, 4]
H6H10 seat=2 publicVP=0 standing=0.0 production=[0.0, 0.0, 0.0, 0.0, 0.0] bankRates=[4, 4, 4, 4, 4]
H6H10 seat=3 publicVP=0 standing=0.0 production=[0.0, 0.0, 0.0, 0.0, 0.0] bankRates=[4, 4, 4, 4, 4]
H6H10 candidate=endTurn deltaVsEnd=0.0 cardsDelta=0 roadLengthDelta=0 linearRoadCredit=0.0 sites=0 approaches=0
H6H10 candidate=buildRoad(CatanEngine.EdgeID(a: CatanEngine.VertexID(touchingTiles: [CatanEngine.HexCoordinate(q: -3, r: 2), CatanEngine.HexCoordinate(q: -3, r: 3), CatanEngine.HexCoordinate(q: -2, r: 2)]), b: CatanEngine.VertexID(touchingTiles: [CatanEngine.HexCoordinate(q: -3, r: 3), CatanEngine.HexCoordinate(q: -2, r: 2), CatanEngine.HexCoordinate(q: -2, r: 3)]))) deltaVsEnd=0.08182500000000026 cardsDelta=-2 roadLengthDelta=2 linearRoadCredit=0.1776 sites=0 approaches=0
H6H10 candidate=buildRoad(CatanEngine.EdgeID(a: CatanEngine.VertexID(touchingTiles: [CatanEngine.HexCoordinate(q: -2, r: 1), CatanEngine.HexCoordinate(q: -2, r: 2), CatanEngine.HexCoordinate(q: -1, r: 1)]), b: CatanEngine.VertexID(touchingTiles: [CatanEngine.HexCoordinate(q: -2, r: 1), CatanEngine.HexCoordinate(q: -1, r: 0), CatanEngine.HexCoordinate(q: -1, r: 1)]))) deltaVsEnd=0.08182500000000026 cardsDelta=-2 roadLengthDelta=2 linearRoadCredit=0.1776 sites=0 approaches=0
H6H10 candidate=buildRoad(CatanEngine.EdgeID(a: CatanEngine.VertexID(touchingTiles: [CatanEngine.HexCoordinate(q: -2, r: 1), CatanEngine.HexCoordinate(q: -2, r: 2), CatanEngine.HexCoordinate(q: -1, r: 1)]), b: CatanEngine.VertexID(touchingTiles: [CatanEngine.HexCoordinate(q: -2, r: 2), CatanEngine.HexCoordinate(q: -1, r: 1), CatanEngine.HexCoordinate(q: -1, r: 2)]))) deltaVsEnd=0.08182500000000026 cardsDelta=-2 roadLengthDelta=2 linearRoadCredit=0.1776 sites=0 approaches=0
H6H10 override=false revision=cityProductionV1 hand=8
◇ Test case passing 1 argument blockWithCity → false to blockedPathsAgreeWithEngineAndKeepLegalDetours(blockWithCity:) started.
◇ Test case passing 1 argument blockWithCity → true to blockedPathsAgreeWithEngineAndKeepLegalDetours(blockWithCity:) started.
✔ Test flexibleYieldFundsAShipAndRespectsScarceBank(tier:) with 2 test cases passed after 43.177 seconds.
H6H10 H10 affordable real site policy=evaluation-v1 chosen=buildSettlement(CatanEngine.VertexID(touchingTiles: [CatanEngine.HexCoordinate(q: -1, r: 0), CatanEngine.HexCoordinate(q: 0, r: -1), CatanEngine.HexCoordinate(q: 0, r: 0)])) score=3.0158597222222223
H6H10 seat=0 publicVP=1 standing=2.1448416666666668 production=[0.1388888888888889, 0.0, 0.0, 0.16666666666666666, 0.0] bankRates=[4, 4, 4, 4, 4]
H6H10 seat=1 publicVP=0 standing=0.0 production=[0.0, 0.0, 0.0, 0.0, 0.0] bankRates=[4, 4, 4, 4, 4]
H6H10 seat=2 publicVP=0 standing=0.0 production=[0.0, 0.0, 0.0, 0.0, 0.0] bankRates=[4, 4, 4, 4, 4]
H6H10 seat=3 publicVP=0 standing=0.0 production=[0.0, 0.0, 0.0, 0.0, 0.0] bankRates=[4, 4, 4, 4, 4]
H6H10 candidate=buildRoad(CatanEngine.EdgeID(a: CatanEngine.VertexID(touchingTiles: [CatanEngine.HexCoordinate(q: -1, r: -1), CatanEngine.HexCoordinate(q: -1, r: 0), CatanEngine.HexCoordinate(q: 0, r: -1)]), b: CatanEngine.VertexID(touchingTiles: [CatanEngine.HexCoordinate(q: -1, r: 0), CatanEngine.HexCoordinate(q: 0, r: -1), CatanEngine.HexCoordinate(q: 0, r: 0)]))) deltaVsEnd=-0.0053972222222222754 cardsDelta=-2 roadLengthDelta=1 linearRoadCredit=0.0888 sites=2 approaches=39
H6H10 candidate=buildRoad(CatanEngine.EdgeID(a: CatanEngine.VertexID(touchingTiles: [CatanEngine.HexCoordinate(q: -1, r: 0), CatanEngine.HexCoordinate(q: -1, r: 1), CatanEngine.HexCoordinate(q: 0, r: 0)]), b: CatanEngine.VertexID(touchingTiles: [CatanEngine.HexCoordinate(q: -1, r: 0), CatanEngine.HexCoordinate(q: 0, r: -1), CatanEngine.HexCoordinate(q: 0, r: 0)]))) deltaVsEnd=-0.013924999999999965 cardsDelta=-2 roadLengthDelta=1 linearRoadCredit=0.0888 sites=2 approaches=42
H6H10 candidate=buildSettlement(CatanEngine.VertexID(touchingTiles: [CatanEngine.HexCoordinate(q: -1, r: 0), CatanEngine.HexCoordinate(q: 0, r: -1), CatanEngine.HexCoordinate(q: 0, r: 0)])) deltaVsEnd=0.8710180555555556 cardsDelta=-4 roadLengthDelta=0 linearRoadCredit=0.0 sites=0 approaches=36
◇ Test case passing 2 arguments selfCollateral → false, steal → false to robberPolicyTraceUsesItsCompleteLegalMask(selfCollateral:steal:) started.
H6H10 H10 affordable real site policy=evaluation-city-production-v1 chosen=buildSettlement(CatanEngine.VertexID(touchingTiles: [CatanEngine.HexCoordinate(q: -1, r: 0), CatanEngine.HexCoordinate(q: 0, r: -1), CatanEngine.HexCoordinate(q: 0, r: 0)])) score=3.0158597222222223
H6H10 seat=0 publicVP=1 standing=2.1448416666666668 production=[0.1388888888888889, 0.0, 0.0, 0.16666666666666666, 0.0] bankRates=[4, 4, 4, 4, 4]
H6H10 seat=1 publicVP=0 standing=0.0 production=[0.0, 0.0, 0.0, 0.0, 0.0] bankRates=[4, 4, 4, 4, 4]
H6H10 seat=2 publicVP=0 standing=0.0 production=[0.0, 0.0, 0.0, 0.0, 0.0] bankRates=[4, 4, 4, 4, 4]
H6H10 seat=3 publicVP=0 standing=0.0 production=[0.0, 0.0, 0.0, 0.0, 0.0] bankRates=[4, 4, 4, 4, 4]
H6H10 candidate=buildRoad(CatanEngine.EdgeID(a: CatanEngine.VertexID(touchingTiles: [CatanEngine.HexCoordinate(q: -1, r: -1), CatanEngine.HexCoordinate(q: -1, r: 0), CatanEngine.HexCoordinate(q: 0, r: -1)]), b: CatanEngine.VertexID(touchingTiles: [CatanEngine.HexCoordinate(q: -1, r: 0), CatanEngine.HexCoordinate(q: 0, r: -1), CatanEngine.HexCoordinate(q: 0, r: 0)]))) deltaVsEnd=-0.0053972222222222754 cardsDelta=-2 roadLengthDelta=1 linearRoadCredit=0.0888 sites=2 approaches=39
H6H10 candidate=buildRoad(CatanEngine.EdgeID(a: CatanEngine.VertexID(touchingTiles: [CatanEngine.HexCoordinate(q: -1, r: 0), CatanEngine.HexCoordinate(q: -1, r: 1), CatanEngine.HexCoordinate(q: 0, r: 0)]), b: CatanEngine.VertexID(touchingTiles: [CatanEngine.HexCoordinate(q: -1, r: 0), CatanEngine.HexCoordinate(q: 0, r: -1), CatanEngine.HexCoordinate(q: 0, r: 0)]))) deltaVsEnd=-0.013924999999999965 cardsDelta=-2 roadLengthDelta=1 linearRoadCredit=0.0888 sites=2 approaches=42
H6H10 candidate=buildSettlement(CatanEngine.VertexID(touchingTiles: [CatanEngine.HexCoordinate(q: -1, r: 0), CatanEngine.HexCoordinate(q: 0, r: -1), CatanEngine.HexCoordinate(q: 0, r: 0)])) deltaVsEnd=0.8710180555555556 cardsDelta=-4 roadLengthDelta=0 linearRoadCredit=0.0 sites=0 approaches=36
◇ Test case passing 2 arguments selfCollateral → false, steal → true to robberPolicyTraceUsesItsCompleteLegalMask(selfCollateral:steal:) started.
H6H10 H6 collateral=false steal=false policy=evaluation-v1 chosen=moveRobber(CatanEngine.HexCoordinate(q: 2, r: 0), stealFrom: nil) score=-3.871593565277778
H6H10 seat=0 publicVP=0 standing=0.0 production=[0.0, 0.0, 0.0, 0.0, 0.0] bankRates=[4, 4, 4, 4, 4]
H6H10 seat=1 publicVP=4 standing=5.071625 production=[0.16666666666666666, 0.16666666666666666, 0.0, 0.6666666666666667, 0.0] bankRates=[4, 4, 4, 4, 2]
H6H10 seat=2 publicVP=1 standing=1.5174930555555555 production=[0.0, 0.1388888888888889, 0.0, 0.0, 0.1388888888888889] bankRates=[4, 4, 4, 4, 4]
H6H10 seat=3 publicVP=0 standing=0.0 production=[0.0, 0.0, 0.0, 0.0, 0.0] bankRates=[4, 4, 4, 4, 4]
H6H10 candidate=moveRobber(CatanEngine.HexCoordinate(q: -1, r: 1), stealFrom: nil) deltaVsEnd=-0.20548577222222164 cardsDelta=0 roadLengthDelta=0 linearRoadCredit=0.0 sites=0 approaches=0
H6H10 candidate=moveRobber(CatanEngine.HexCoordinate(q: 2, r: 0), stealFrom: nil) deltaVsEnd=0.0 cardsDelta=0 roadLengthDelta=0 linearRoadCredit=0.0 sites=0 approaches=0
H6H10 H6 collateral=false steal=true policy=evaluation-v1 chosen=moveRobber(CatanEngine.HexCoordinate(q: 2, r: 0), stealFrom: Optional(CatanEngine.PlayerID(index: 1))) score=-3.786231065277778
H6H10 seat=0 publicVP=0 standing=0.0 production=[0.0, 0.0, 0.0, 0.0, 0.0] bankRates=[4, 4, 4, 4, 4]
H6H10 seat=1 publicVP=4 standing=5.159755 production=[0.16666666666666666, 0.16666666666666666, 0.0, 0.6666666666666667, 0.0] bankRates=[4, 4, 4, 4, 2]
H6H10 seat=2 publicVP=1 standing=1.6056230555555555 production=[0.0, 0.1388888888888889, 0.0, 0.0, 0.1388888888888889] bankRates=[4, 4, 4, 4, 4]
H6H10 seat=3 publicVP=0 standing=0.0 production=[0.0, 0.0, 0.0, 0.0, 0.0] bankRates=[4, 4, 4, 4, 4]
H6H10 candidate=moveRobber(CatanEngine.HexCoordinate(q: -1, r: 1), stealFrom: Optional(CatanEngine.PlayerID(index: 2))) deltaVsEnd=-0.27633347922222073 cardsDelta=1 roadLengthDelta=0 linearRoadCredit=0.0 sites=0 approaches=0
H6H10 candidate=moveRobber(CatanEngine.HexCoordinate(q: 2, r: 0), stealFrom: Optional(CatanEngine.PlayerID(index: 1))) deltaVsEnd=0.0 cardsDelta=1 roadLengthDelta=0 linearRoadCredit=0.0 sites=0 approaches=0
H6H10 H6 collateral=false steal=false policy=evaluation-city-production-v1 chosen=moveRobber(CatanEngine.HexCoordinate(q: 2, r: 0), stealFrom: nil) score=-3.871593565277778
H6H10 seat=0 publicVP=0 standing=0.0 production=[0.0, 0.0, 0.0, 0.0, 0.0] bankRates=[4, 4, 4, 4, 4]
H6H10 seat=1 publicVP=4 standing=5.071625 production=[0.16666666666666666, 0.16666666666666666, 0.0, 0.6666666666666667, 0.0] bankRates=[4, 4, 4, 4, 2]
H6H10 seat=2 publicVP=1 standing=1.5174930555555555 production=[0.0, 0.1388888888888889, 0.0, 0.0, 0.1388888888888889] bankRates=[4, 4, 4, 4, 4]
H6H10 seat=3 publicVP=0 standing=0.0 production=[0.0, 0.0, 0.0, 0.0, 0.0] bankRates=[4, 4, 4, 4, 4]
H6H10 candidate=moveRobber(CatanEngine.HexCoordinate(q: -1, r: 1), stealFrom: nil) deltaVsEnd=-0.20548577222222164 cardsDelta=0 roadLengthDelta=0 linearRoadCredit=0.0 sites=0 approaches=0
H6H10 candidate=moveRobber(CatanEngine.HexCoordinate(q: 2, r: 0), stealFrom: nil) deltaVsEnd=0.0 cardsDelta=0 roadLengthDelta=0 linearRoadCredit=0.0 sites=0 approaches=0
◇ Test case passing 2 arguments selfCollateral → true, steal → false to robberPolicyTraceUsesItsCompleteLegalMask(selfCollateral:steal:) started.
H6H10 H6 collateral=false steal=true policy=evaluation-city-production-v1 chosen=moveRobber(CatanEngine.HexCoordinate(q: 2, r: 0), stealFrom: Optional(CatanEngine.PlayerID(index: 1))) score=-3.786231065277778
H6H10 seat=0 publicVP=0 standing=0.0 production=[0.0, 0.0, 0.0, 0.0, 0.0] bankRates=[4, 4, 4, 4, 4]
H6H10 seat=1 publicVP=4 standing=5.159755 production=[0.16666666666666666, 0.16666666666666666, 0.0, 0.6666666666666667, 0.0] bankRates=[4, 4, 4, 4, 2]
H6H10 seat=2 publicVP=1 standing=1.6056230555555555 production=[0.0, 0.1388888888888889, 0.0, 0.0, 0.1388888888888889] bankRates=[4, 4, 4, 4, 4]
H6H10 seat=3 publicVP=0 standing=0.0 production=[0.0, 0.0, 0.0, 0.0, 0.0] bankRates=[4, 4, 4, 4, 4]
H6H10 candidate=moveRobber(CatanEngine.HexCoordinate(q: -1, r: 1), stealFrom: Optional(CatanEngine.PlayerID(index: 2))) deltaVsEnd=-0.27633347922222073 cardsDelta=1 roadLengthDelta=0 linearRoadCredit=0.0 sites=0 approaches=0
H6H10 candidate=moveRobber(CatanEngine.HexCoordinate(q: 2, r: 0), stealFrom: Optional(CatanEngine.PlayerID(index: 1))) deltaVsEnd=0.0 cardsDelta=1 roadLengthDelta=0 linearRoadCredit=0.0 sites=0 approaches=0
◇ Test case passing 2 arguments selfCollateral → true, steal → true to robberPolicyTraceUsesItsCompleteLegalMask(selfCollateral:steal:) started.
H6H10 H6 collateral=true steal=false policy=evaluation-v1 chosen=moveRobber(CatanEngine.HexCoordinate(q: 2, r: -1), stealFrom: nil) score=-1.4512292727777778
H6H10 seat=0 publicVP=2 standing=2.4546930555555555 production=[0.0, 0.0, 0.0, 0.2777777777777778, 0.0] bankRates=[3, 3, 3, 3, 3]
H6H10 seat=1 publicVP=4 standing=5.071625 production=[0.16666666666666666, 0.16666666666666666, 0.0, 0.6666666666666667, 0.0] bankRates=[4, 4, 4, 4, 2]
H6H10 seat=2 publicVP=1 standing=1.5174930555555555 production=[0.0, 0.1388888888888889, 0.0, 0.0, 0.1388888888888889] bankRates=[4, 4, 4, 4, 4]
H6H10 seat=3 publicVP=0 standing=0.0 production=[0.0, 0.0, 0.0, 0.0, 0.0] bankRates=[4, 4, 4, 4, 4]
H6H10 candidate=moveRobber(CatanEngine.HexCoordinate(q: -1, r: 1), stealFrom: nil) deltaVsEnd=-0.17115700916666654 cardsDelta=0 roadLengthDelta=0 linearRoadCredit=0.0 sites=0 approaches=6
H6H10 candidate=moveRobber(CatanEngine.HexCoordinate(q: 2, r: 0), stealFrom: nil) deltaVsEnd=-0.2215767925000005 cardsDelta=0 roadLengthDelta=0 linearRoadCredit=0.0 sites=0 approaches=6
H6H10 candidate=moveRobber(CatanEngine.HexCoordinate(q: 2, r: -1), stealFrom: nil) deltaVsEnd=0.0 cardsDelta=0 roadLengthDelta=0 linearRoadCredit=0.0 sites=0 approaches=6
H6H10 H6 collateral=true steal=true policy=evaluation-v1 chosen=moveRobber(CatanEngine.HexCoordinate(q: 2, r: -1), stealFrom: Optional(CatanEngine.PlayerID(index: 1))) score=-1.3658667727777778
H6H10 seat=0 publicVP=2 standing=2.4546930555555555 production=[0.0, 0.0, 0.0, 0.2777777777777778, 0.0] bankRates=[3, 3, 3, 3, 3]
H6H10 seat=1 publicVP=4 standing=5.159755 production=[0.16666666666666666, 0.16666666666666666, 0.0, 0.6666666666666667, 0.0] bankRates=[4, 4, 4, 4, 2]
H6H10 seat=2 publicVP=1 standing=1.6056230555555555 production=[0.0, 0.1388888888888889, 0.0, 0.0, 0.1388888888888889] bankRates=[4, 4, 4, 4, 4]
H6H10 seat=3 publicVP=0 standing=0.0 production=[0.0, 0.0, 0.0, 0.0, 0.0] bankRates=[4, 4, 4, 4, 4]
H6H10 candidate=moveRobber(CatanEngine.HexCoordinate(q: -1, r: 1), stealFrom: Optional(CatanEngine.PlayerID(index: 2))) deltaVsEnd=-0.24200471616666608 cardsDelta=1 roadLengthDelta=0 linearRoadCredit=0.0 sites=0 approaches=6
H6H10 candidate=moveRobber(CatanEngine.HexCoordinate(q: 2, r: 0), stealFrom: Optional(CatanEngine.PlayerID(index: 1))) deltaVsEnd=-0.2215767925000005 cardsDelta=1 roadLengthDelta=0 linearRoadCredit=0.0 sites=0 approaches=6
H6H10 candidate=moveRobber(CatanEngine.HexCoordinate(q: 2, r: -1), stealFrom: Optional(CatanEngine.PlayerID(index: 1))) deltaVsEnd=0.0 cardsDelta=1 roadLengthDelta=0 linearRoadCredit=0.0 sites=0 approaches=6
H6H10 H6 collateral=true steal=false policy=evaluation-city-production-v1 chosen=moveRobber(CatanEngine.HexCoordinate(q: 2, r: -1), stealFrom: nil) score=-1.4512292727777778
H6H10 seat=0 publicVP=2 standing=2.4546930555555555 production=[0.0, 0.0, 0.0, 0.2777777777777778, 0.0] bankRates=[3, 3, 3, 3, 3]
H6H10 seat=1 publicVP=4 standing=5.071625 production=[0.16666666666666666, 0.16666666666666666, 0.0, 0.6666666666666667, 0.0] bankRates=[4, 4, 4, 4, 2]
H6H10 seat=2 publicVP=1 standing=1.5174930555555555 production=[0.0, 0.1388888888888889, 0.0, 0.0, 0.1388888888888889] bankRates=[4, 4, 4, 4, 4]
H6H10 seat=3 publicVP=0 standing=0.0 production=[0.0, 0.0, 0.0, 0.0, 0.0] bankRates=[4, 4, 4, 4, 4]
H6H10 candidate=moveRobber(CatanEngine.HexCoordinate(q: -1, r: 1), stealFrom: nil) deltaVsEnd=-0.17115700916666654 cardsDelta=0 roadLengthDelta=0 linearRoadCredit=0.0 sites=0 approaches=6
H6H10 candidate=moveRobber(CatanEngine.HexCoordinate(q: 2, r: 0), stealFrom: nil) deltaVsEnd=-0.2215767925000005 cardsDelta=0 roadLengthDelta=0 linearRoadCredit=0.0 sites=0 approaches=6
H6H10 candidate=moveRobber(CatanEngine.HexCoordinate(q: 2, r: -1), stealFrom: nil) deltaVsEnd=0.0 cardsDelta=0 roadLengthDelta=0 linearRoadCredit=0.0 sites=0 approaches=6
H6H10 H6 collateral=true steal=true policy=evaluation-city-production-v1 chosen=moveRobber(CatanEngine.HexCoordinate(q: 2, r: -1), stealFrom: Optional(CatanEngine.PlayerID(index: 1))) score=-1.3658667727777778
H6H10 seat=0 publicVP=2 standing=2.4546930555555555 production=[0.0, 0.0, 0.0, 0.2777777777777778, 0.0] bankRates=[3, 3, 3, 3, 3]
H6H10 seat=1 publicVP=4 standing=5.159755 production=[0.16666666666666666, 0.16666666666666666, 0.0, 0.6666666666666667, 0.0] bankRates=[4, 4, 4, 4, 2]
H6H10 seat=2 publicVP=1 standing=1.6056230555555555 production=[0.0, 0.1388888888888889, 0.0, 0.0, 0.1388888888888889] bankRates=[4, 4, 4, 4, 4]
H6H10 seat=3 publicVP=0 standing=0.0 production=[0.0, 0.0, 0.0, 0.0, 0.0] bankRates=[4, 4, 4, 4, 4]
H6H10 candidate=moveRobber(CatanEngine.HexCoordinate(q: -1, r: 1), stealFrom: Optional(CatanEngine.PlayerID(index: 2))) deltaVsEnd=-0.24200471616666608 cardsDelta=1 roadLengthDelta=0 linearRoadCredit=0.0 sites=0 approaches=6
H6H10 candidate=moveRobber(CatanEngine.HexCoordinate(q: 2, r: 0), stealFrom: Optional(CatanEngine.PlayerID(index: 1))) deltaVsEnd=-0.2215767925000005 cardsDelta=1 roadLengthDelta=0 linearRoadCredit=0.0 sites=0 approaches=6
H6H10 candidate=moveRobber(CatanEngine.HexCoordinate(q: 2, r: -1), stealFrom: Optional(CatanEngine.PlayerID(index: 1))) deltaVsEnd=0.0 cardsDelta=1 roadLengthDelta=0 linearRoadCredit=0.0 sites=0 approaches=6
H6H10 H6 alternate public army holder policy=evaluation-v1 chosen=moveRobber(CatanEngine.HexCoordinate(q: 2, r: 0), stealFrom: nil) score=-3.871593565277778
H6H10 seat=0 publicVP=0 standing=0.0 production=[0.0, 0.0, 0.0, 0.0, 0.0] bankRates=[4, 4, 4, 4, 4]
H6H10 seat=1 publicVP=4 standing=5.071625 production=[0.16666666666666666, 0.16666666666666666, 0.0, 0.6666666666666667, 0.0] bankRates=[4, 4, 4, 4, 2]
H6H10 seat=2 publicVP=3 standing=4.300793055555555 production=[0.0, 0.1388888888888889, 0.0, 0.0, 0.1388888888888889] bankRates=[4, 4, 4, 4, 4]
H6H10 seat=3 publicVP=0 standing=0.0 production=[0.0, 0.0, 0.0, 0.0, 0.0] bankRates=[4, 4, 4, 4, 4]
H6H10 candidate=moveRobber(CatanEngine.HexCoordinate(q: 2, r: 0), stealFrom: nil) deltaVsEnd=0.0 cardsDelta=0 roadLengthDelta=0 linearRoadCredit=0.0 sites=0 approaches=0
✔ Test aTradeThatCompletesACityIsAccepted() passed after 44.383 seconds.
✔ Test offeringMoreForTheSameAskIsAllowed() passed after 44.383 seconds.
✔ Test diagnosticsAreOptInAndPreserveEveryRecordedScalar() passed after 44.383 seconds.
✔ Test greedySeatsActuallyFinishTheirGames() passed after 44.388 seconds.
✔ Test theEvaluatorIgnoresWhatItIsNotEntitledToSee() passed after 44.383 seconds.
✔ Test costUsesOriginalHandNotTheDeficitCreatedByLosingCards() passed after 44.382 seconds.
✔ Test theIdenticalOfferIsNeverAskedTwice() passed after 44.382 seconds.
✔ Test aRegeneratedOfferCountsAsTheSameProposition() passed after 44.382 seconds.
✔ Test anUnfundedVoyageCanImproveAPoorLandingWithoutGivingUpAccess(tier:) with 2 test cases passed after 44.384 seconds.
✔ Test aDifferentTradeIsStillAllowed() passed after 44.382 seconds.
✔ Test aWorseReAskIsRefused() passed after 44.382 seconds.
✔ Test plentyCompletesACityInsteadOfKeepingTheCardOrTakingAMixedPair() passed after 44.382 seconds.
H6H10 H6 alternate public army holder policy=evaluation-city-production-v1 chosen=moveRobber(CatanEngine.HexCoordinate(q: 2, r: 0), stealFrom: nil) score=-3.871593565277778
H6H10 seat=0 publicVP=0 standing=0.0 production=[0.0, 0.0, 0.0, 0.0, 0.0] bankRates=[4, 4, 4, 4, 4]
H6H10 seat=1 publicVP=4 standing=5.071625 production=[0.16666666666666666, 0.16666666666666666, 0.0, 0.6666666666666667, 0.0] bankRates=[4, 4, 4, 4, 2]
H6H10 seat=2 publicVP=3 standing=4.300793055555555 production=[0.0, 0.1388888888888889, 0.0, 0.0, 0.1388888888888889] bankRates=[4, 4, 4, 4, 4]
H6H10 seat=3 publicVP=0 standing=0.0 production=[0.0, 0.0, 0.0, 0.0, 0.0] bankRates=[4, 4, 4, 4, 4]
H6H10 candidate=moveRobber(CatanEngine.HexCoordinate(q: 2, r: 0), stealFrom: nil) deltaVsEnd=0.0 cardsDelta=0 roadLengthDelta=0 linearRoadCredit=0.0 sites=0 approaches=0
✔ Test robbingTheLeaderIsCounted() passed after 45.238 seconds.
✔ Test radarMeasuresAverageAcrossGames() passed after 45.238 seconds.
✔ Test freeRoadsOpenOnlyAnAffordableLegalSettlement() passed after 45.238 seconds.
✔ Test winningReadinessClosesTheExistingTerminalGap() passed after 45.237 seconds.
✔ Test blockedCityIngredientEarnsNoExtraStanding() passed after 45.237 seconds.
✔ Test anAlreadyAffordablePurchaseOrExhaustedCitySupplyEarnsNoNewCredit() passed after 45.237 seconds.
✔ Test hiddenHandsCardFacesDeckOrderAndRNGDoNotChangeCredit() passed after 45.237 seconds.
✔ Test oldRevisionsPreRollAndDiscardRemainUnchanged() passed after 45.237 seconds.
✔ Test otherPhasesPreservePlainPolicyAndRNG(phaseIndex:seed:) with 10 test cases passed after 45.240 seconds.
✔ Test currentExpertCheckpointContinuesTheSameMovesAndRejectsOtherRevisions(revision:) with 2 test cases passed after 45.241 seconds.
✔ Test expertFundsAWinnableRoadEvenWithNoSettlementSupplyOrApproach() passed after 45.240 seconds.
✔ Test aPermanentWinningUpgradeBeatsAnotherExpedition(tier:) with 2 test cases passed after 45.240 seconds.
✔ Test mixedAndAcceptOnlyMasksUseUnchangedFallback(acceptOnly:) with 2 test cases passed after 45.240 seconds.
✔ Test theGradientMatchesTheLikelihoodOnRelinearisedRecords() passed after 45.234 seconds.
✔ Test reachingTheTargetOutweighsEveryOtherTerm() passed after 45.233 seconds.
✔ Test botRulesDropProposalsAfterThreeRefusals() passed after 45.233 seconds.
✔ Test aDevelopmentCardInHandIsWorthSomething() passed after 45.233 seconds.
✔ Test oldJSONDecodesScalarsVerbatimWithoutInventingComponents() passed after 45.232 seconds.
✔ Test sailsTowardKnownLandingAndFundsAColony(tier:) with 2 test cases passed after 45.240 seconds.
✔ Test expertFundsTheSameFinishingDrawThatItValuesWhenAvailable() passed after 45.239 seconds.
✔ Test weightsRoundTripThroughTheirVector() passed after 45.231 seconds.
✔ Test probabilitiesSumToOne() passed after 45.231 seconds.
✔ Test aPointOnTheBoardRaisesTheStanding() passed after 45.231 seconds.
✔ Test anAvailableSettlementBeatsEndingTheTurn() passed after 45.230 seconds.
✔ Test itNamesItselfAfterWhatItWraps() passed after 45.230 seconds.
✔ Test aCertainSailingWinBeatsEvenANinetyOnePercentFinishingDraw() passed after 45.242 seconds.
✔ Test aPointTheLeaderAlsoGainsIsWorthLessThanAPointWeGainAlone() passed after 45.230 seconds.
✔ Test aMoveThatDoesNotReplayThrowsWithItsIndex() passed after 45.235 seconds.
✔ Test itHidesAcceptanceFromTheWrappedPolicy() passed after 45.230 seconds.
✔ Test anAcceptanceOnlyMaskIsPassedThroughRatherThanEmptied() passed after 45.230 seconds.
✔ Test frozenSlotsNeverMove() passed after 45.230 seconds.
✔ Test automaticRejectionStillAppliesBeforeTheNextProposalAndHumanChoice() passed after 45.226 seconds.
✔ Test manualResponsesTrainButTheSameAutomaticMoveDoesNot(accept:) with 2 test cases passed after 45.226 seconds.
✔ Test invalidAutomaticMoveStillFailsExtractionWithItsIndex() passed after 45.226 seconds.
✔ Test foundingAColonyJustifiesProductiveBacktracking() passed after 45.226 seconds.
✔ Test aFitResumesFromItsStartingPoint() passed after 45.224 seconds.
✔ Test anIdleReturnCannotHideBehindResourceStepOrCounterChanges() passed after 45.224 seconds.
✔ Test actualDiscoveryIsIndependentDestinationProgress() passed after 45.224 seconds.
✔ Test aCityUpgradeDoesNotInventNewExpeditionAccess() passed after 45.224 seconds.
✔ Test aHomeCoastIsNotAnOverseasColony() passed after 45.224 seconds.
✔ Test fittingNothingReturnsTheAnchor() passed after 45.232 seconds.
✔ Test frozenWeightsHaveZeroGradient() passed after 45.235 seconds.
✔ Test irrelevantPaymentReallyCompletesPurchase(payment:quantity:) with 12 test cases passed after 45.221 seconds.
✔ Test neededPaymentStillEarnsCompletionCredit(payment:quantity:) with 24 test cases passed after 45.220 seconds.
✔ Test emptyDeckBlocksPurchaseButNotBaselineCredit(payment:quantity:) with 24 test cases passed after 45.220 seconds.
✔ Test theGreedyAnchorSitsBetweenRandomAndTheHeuristic() passed after 45.247 seconds.
✔ Test anIncrementalFitStaysNearThePreviousGhost() passed after 45.232 seconds.
✔ Test aStrongHabitDominatesAtHighLambda() passed after 45.213 seconds.
✔ Test lambdaZeroIgnoresThePerson() passed after 45.213 seconds.
✔ Test anIncrementalFitKeepsBetaNearThePreviousGhost() passed after 45.231 seconds.
✔ Test expertSpendsDownAHoardedHand() passed after 45.188 seconds.
✔ Test onlyAnOwnTurnOverTheThresholdMustSpend() passed after 45.147 seconds.
✔ Test atSevenAGhostMayEndItsTurn() passed after 45.138 seconds.
✔ Test aGhostSpendsDownEvenWhenItsHabitsSayEndTheTurn() passed after 45.195 seconds.
✔ Test robbingTheLeaderIsFlagged() passed after 43.986 seconds.
✔ Test aLopsidedProposalIsDescribed() passed after 42.888 seconds.
✔ Test everyMoveHasOneValuePerLabel() passed after 42.470 seconds.
✔ Test reOfferingAfterARefusalIsFlagged() passed after 42.470 seconds.
✔ Test robbingTheBiggestHandIsFlagged() passed after 42.453 seconds.
✔ Test scopedRejectionRecordsTheActualFailedAssessment() passed after 42.453 seconds.
✔ Test negativeShiftClampsThresholdWithoutAcceptingBreakEven() passed after 42.269 seconds.
✔ Test scopedTradeStopsAfterFirstAcceptanceAcrossPersonalities() passed after 42.269 seconds.
✔ Test nonTradePhaseLeavesTraceEmpty() passed after 42.269 seconds.
✔ Test reportsAllThresholdShiftsAndCostOnlyUnlock() passed after 42.144 seconds.
✔ Test missingReceiverHasNoArithmeticAndEvaluatesFalse() passed after 42.144 seconds.
✔ Test mainTurnTraceAppendsActualEvaluationsIncludingFallbackPass() passed after 42.144 seconds.
✔ Test buildPathPreservesRNGConsumptionAndOmitsUnvisitedFallback() passed after 42.115 seconds.
✔ Test scopedRejectionOnlyAndAbsentOfferDoNotInventAssessments() passed after 41.916 seconds.
✔ Test exactThresholdTieRejectsButNextLowerThresholdAccepts() passed after 41.916 seconds.
✔ Test reportsWorkedResourceArithmetic() passed after 41.916 seconds.
✔ Test aSeatBelievedToHoldNothingIsNeverAskedToPay() passed after 41.284 seconds.
✔ Test anUnseenHandIsTreatedAsPossiblyHoldingAnything() passed after 41.283 seconds.
✔ Test robberBlocksProbabilityTimesBuildingYield() passed after 33.484 seconds.
✔ Test settlementSupplyFiltersSitesAndACityReturnsAPiece() passed after 33.484 seconds.
✔ Test roadAndSpendDownTraceUsesActualExpertChoice(handSize:) with 2 test cases passed after 33.484 seconds.
✔ Test aHoardedTurnPlaysDownAndEnds() passed after 45.131 seconds.
✔ Test sharedTileChargesTheRobberMoverForItsOwnCity() passed after 32.940 seconds.
✔ Test anOpponentsRoadCannotBecomeAnApproachShortcut() passed after 32.940 seconds.
✔ Test blockedPathsAgreeWithEngineAndKeepLegalDetours(blockWithCity:) with 2 test cases passed after 32.940 seconds.
✔ Test roadProgressFindsARealDistanceLegalSettlement() passed after 32.939 seconds.
✔ Test expertConvertsAnAffordableReachableSiteIntoAPoint() passed after 32.923 seconds.
✔ Test robberPolicyTraceUsesItsCompleteLegalMask(selfCollateral:steal:) with 4 test cases passed after 32.923 seconds.
✔ Test approachDistanceCannotExceedRemainingRoadPieces() passed after 32.923 seconds.
✔ Test theCascadeNeverProposesATradeThatDoesNotHelpTheBot() passed after 32.456 seconds.
✔ Test publicRivalStandingAndHiddenVictoryPointsStaySeparate() passed after 32.923 seconds.
✔ Test composedOffersIncludeJakesBundle() passed after 32.456 seconds.
✔ Test pricingTwoHandsEqualsScoringTheSettledPosition() passed after 32.456 seconds.
✔ Test theComposerOffersReservedCardsAndLetsScoringDecide() passed after 32.456 seconds.
✔ Test eachRefusalEscalatesTheNextOfferUnderTheLadder() passed after 32.456 seconds.
✔ Test worthItKeepsOfferingOnItsOwnTermsAfterARefusal() passed after 32.456 seconds.
✔ Test noOfferWhenNothingWouldHelp() passed after 32.456 seconds.
✔ Suite GhostCandidateScoringTests passed after 45.249 seconds.
✔ Suite TradeReviewContextTests passed after 45.249 seconds.
✔ Suite EvaluationCounterpartyTests passed after 45.249 seconds.
✔ Suite EvaluationBankTradeTests passed after 45.249 seconds.
✔ Suite NavalPolicyTests passed after 45.249 seconds.
✔ Suite ExpertRevisionTests passed after 45.249 seconds.
✔ Suite GhostProfileTests passed after 45.249 seconds.
✔ Suite JointTradeResponsePolicyTests passed after 45.249 seconds.
✔ Suite TradeContributionTests passed after 45.249 seconds.
✔ Suite EvaluationTradeGainTests passed after 45.249 seconds.
✔ Suite EvaluationTradeRepeatTests passed after 45.249 seconds.
✔ Suite PointCompletingCardsTests passed after 45.249 seconds.
✔ Suite TradeRefusingPolicyTests passed after 45.249 seconds.
✔ Suite GhostTrainingProvenanceTests passed after 45.249 seconds.
✔ Suite NavalNavigationDiagnosticsTests passed after 45.249 seconds.
✔ Suite TradeAccountingBoundaryTests passed after 45.249 seconds.
✔ Suite HandDisciplineTests passed after 45.249 seconds.
✔ Suite GhostStyleFeaturesTests passed after 45.249 seconds.
✔ Suite TradeAssessmentTests passed after 45.249 seconds.
✔ Suite PlannerTradeTests passed after 45.249 seconds.
✔ Suite HumanReviewStrategyDiagnosticsTests passed after 45.249 seconds.
✔ Test oneWheatShortOfACityAsksForTheWheat() passed after 32.576 seconds.
✔ Suite TradeCascadeTests passed after 45.368 seconds.
✔ Test seededSelfPlayReproducesExactly() passed after 45.575 seconds.
◇ Test replayingTheSameSeedInThisProcessAlsoMatches() started.
✔ Test replayingTheSameSeedInThisProcessAlsoMatches() passed after 4.607 seconds.
◇ Test conquestSeededSelfPlayReproducesExactly() started.
✔ Test theSameSeedProducesTheSameGame() passed after 54.149 seconds.
✔ Test weightsKeepTheirSignAndStayInTheTrustRegion() passed after 55.342 seconds.
✔ Test conquestSeededSelfPlayReproducesExactly() passed after 6.466 seconds.
◇ Test expandedSeededSelfPlayReproducesExactly() started.
✔ Test gradientPredictsARescore() passed after 57.301 seconds.
✔ Test concurrentHumanAndBotDiscardTurnsNeverCrash() passed after 64.392 seconds.
✔ Test everyRecordNamesAChosenCandidateAndHasFullVectors() passed after 68.982 seconds.
✔ Suite GhostDecisionExtractorTests passed after 68.994 seconds.
✔ Test countsAgreeWithTheFinalBoard() passed after 72.883 seconds.
✔ Suite GhostSeatStatsTests passed after 72.891 seconds.
✔ Test everyMoveComesFromTheSuppliedMask() passed after 73.993 seconds.
✔ Test lambdaZeroPlaysExactlyLikeExpert() passed after 77.246 seconds.
✔ Test theEvaluatorBuysDevelopmentCardsOverAGame() passed after 79.133 seconds.
✔ Suite PositionEvaluatorTests passed after 79.148 seconds.
✔ Test expandedSeededSelfPlayReproducesExactly() passed after 32.678 seconds.
✔ Suite SelfPlayReproducibility passed after 89.353 seconds.
✔ Test aFewAbsurdlyScoredOptionsDoNotCollapseBeta() passed after 103.769 seconds.
✔ Test aGhostFinishesAGame() passed after 110.569 seconds.
✔ Suite GhostPolicyTests passed after 110.602 seconds.
✔ Test theFitRecoversAKnownPerson() passed after 123.704 seconds.
✔ Suite GhostPersonModelTests passed after 123.721 seconds.
✔ Test aCompleteExternalSeatMatchStaysReloadable(players:) with 2 test cases passed after 125.846 seconds.
✔ Suite NavalMixedSessionTests passed after 125.849 seconds.
✔ Test aFullGameReachesAWinner(mode:) with 2 test cases passed after 403.533 seconds.
✔ Suite EvaluationPolicyTests passed after 403.541 seconds.
✔ Test run with 303 tests in 30 suites passed after 403.542 seconds.

[1m▸ coverage floors[0m
coverage Packages/CatanEngine          96.67%  (floor 95%)
coverage Packages/CatanAI              96.01%  (floor 95%)

[1m▸ gitleaks[0m
3:09AM INF 902 commits scanned.
3:09AM INF scanned ~72761568 bytes (72.76 MB) in 3.21s
3:09AM INF no leaks found

[1m▸ app tests[0m
  QA simulator: 937692FF-BFBF-4683-80E5-2590F5288D56 (1 parallel workers)
** TEST SUCCEEDED **
2026-10-07 03:13:57.818285-0400 Settlers[23364:2441458] [ShareSheet] Failed to request default share mode for fileURL:file:///tmp/replay-share-controller-test.mp4 error:Error Domain=NSOSStatusErrorDomain Code=-10814 "(null)" UserInfo={_LSFile=LSBindingEvaluator.mm, _LSLine=1973, _LSFunction=runEvaluator}
2026-10-07 03:13:57.943310-0400 Settlers[23364:2441458] [ShareSheet] Failed to request default share mode for fileURL:file:///tmp/replay-share-controller-test.mp4 error:Error Domain=NSOSStatusErrorDomain Code=-10814 "(null)" UserInfo={_LSFile=LSBindingEvaluator.mm, _LSLine=1973, _LSFunction=runEvaluator}
2026-10-07 03:13:57.952547-0400 Settlers[23364:2441458] [ShareSheet] Failed to request default share mode for fileURL:file:///tmp/replay-share-controller-test.mp4 error:Error Domain=NSOSStatusErrorDomain Code=-10814 "(null)" UserInfo={_LSFile=LSBindingEvaluator.mm, _LSLine=1973, _LSFunction=runEvaluator}
2026-10-07 03:13:57.963497-0400 Settlers[23364:2441458] [ShareSheet] Failed to request default share mode for fileURL:file:///tmp/replay-share-controller-test.mp4 error:Error Domain=NSOSStatusErrorDomain Code=-10814 "(null)" UserInfo={_LSFile=LSBindingEvaluator.mm, _LSLine=1973, _LSFunction=runEvaluator}
✔ Test run with 565 tests in 80 suites passed after 272.453 seconds.

[1m▸ app build (Release)[0m
** BUILD SUCCEEDED **

[1m▸ app build (Debug)[0m
** BUILD SUCCEEDED **

[1m─── summary ───[0m
[32mPASS  xcodegen drift  (0s)[0m
[32mPASS  swiftlint --strict  (0s)[0m
[32mPASS  evaluation tooling  (5s)[0m
[32mPASS  packages build (W=E)  (13s)[0m
[32mPASS  CatanEngine tests  (23s)[0m
[32mPASS  CatanAI tests  (413s)[0m
[32mPASS  coverage floors  (1s)[0m
[32mPASS  gitleaks  (3s)[0m
[32mPASS  app tests  (3388s)[0m
[32mPASS  app build (Release)  (50s)[0m
[32mPASS  app build (Debug)  (2s)[0m

[32mgate: passed[0m
