Command line invocation:
    /Applications/Xcode.app/Contents/Developer/usr/bin/xcodebuild test -project Settlers.xcodeproj -scheme Settlers -destination "platform=iOS Simulator,id=937692FF-BFBF-4683-80E5-2590F5288D56" -parallel-testing-enabled NO -parallel-testing-worker-count 1 -jobs 2 "OTHER_SWIFT_FLAGS=$(inherited) -driver-batch-count 2" "-only-testing:SettlersTests/NavalShipArtworkTests" "-only-testing:SettlersUITests/NavalShipArtworkFlowTests" -resultBundlePath /Users/alex/.codex/artifacts/naval-exploration/build23-sprites-build-trade-safety/all-eight-artwork-green.xcresult

Build settings from command line:
    OTHER_SWIFT_FLAGS = $(inherited) -driver-batch-count 2

Resolve Package Graph


Resolved source packages:
  CatanEngine: /Users/alex/.codex/worktrees/naval-exploration/Settlers/Packages/CatanEngine
  CatanAI: /Users/alex/.codex/worktrees/naval-exploration/Settlers/Packages/CatanAI

Writing result bundle at path:
	/Users/alex/.codex/artifacts/naval-exploration/build23-sprites-build-trade-safety/all-eight-artwork-green.xcresult

Build Preparation
Build task concurrency set to 2 via user default IDEBuildOperationMaxNumberOfConcurrentCompileTasks

ComputePackagePrebuildTargetDependencyGraph

Prepare packages

CreateBuildRequest

SendProjectDescription

CreateBuildOperation

ComputeTargetDependencyGraph
note: Building targets in dependency order
note: Target dependency graph (7 targets)
    Target 'SettlersUITests' in project 'Settlers'
        ➜ Explicit dependency on target 'Settlers' in project 'Settlers'
    Target 'SettlersTests' in project 'Settlers'
        ➜ Explicit dependency on target 'Settlers' in project 'Settlers'
    Target 'Settlers' in project 'Settlers'
        ➜ Explicit dependency on target 'CatanEngine' in project 'CatanEngine'
        ➜ Explicit dependency on target 'CatanAI' in project 'CatanAI'
    Target 'CatanAI' in project 'CatanAI'
        ➜ Explicit dependency on target 'CatanAI' in project 'CatanAI'
        ➜ Explicit dependency on target 'CatanEngine' in project 'CatanEngine'
    Target 'CatanAI' in project 'CatanAI'
        ➜ Explicit dependency on target 'CatanEngine' in project 'CatanEngine'
    Target 'CatanEngine' in project 'CatanEngine'
        ➜ Explicit dependency on target 'CatanEngine' in project 'CatanEngine'
    Target 'CatanEngine' in project 'CatanEngine' (no dependencies)

GatherProvisioningInputs

CreateBuildDescription

ClangStatCache /Applications/Xcode.app/Contents/Developer/Toolchains/XcodeDefault.xctoolchain/usr/bin/clang-stat-cache /Applications/Xcode.app/Contents/Developer/Platforms/iPhoneSimulator.platform/Developer/SDKs/iPhoneSimulator26.5.sdk /Users/alex/Library/Developer/Xcode/DerivedData/SDKStatCaches.noindex/iphonesimulator26.5-23F73-6cfe768891a92b912361537c460fe42b.sdkstatcache
    cd /Users/alex/.codex/worktrees/naval-exploration/Settlers/Settlers.xcodeproj
    /Applications/Xcode.app/Contents/Developer/Toolchains/XcodeDefault.xctoolchain/usr/bin/clang-stat-cache /Applications/Xcode.app/Contents/Developer/Platforms/iPhoneSimulator.platform/Developer/SDKs/iPhoneSimulator26.5.sdk -o /Users/alex/Library/Developer/Xcode/DerivedData/SDKStatCaches.noindex/iphonesimulator26.5-23F73-6cfe768891a92b912361537c460fe42b.sdkstatcache

SwiftDriver Settlers normal arm64 com.apple.xcode.tools.swift.compiler (in target 'Settlers' from project 'Settlers')
    cd /Users/alex/.codex/worktrees/naval-exploration/Settlers
    builtin-SwiftDriver -- /Applications/Xcode.app/Contents/Developer/Toolchains/XcodeDefault.xctoolchain/usr/bin/swiftc -module-name Settlers -Onone @/Users/alex/Library/Developer/Xcode/DerivedData/Settlers-bqwdcayamsmaxsekctdqetlegmaf/Build/Intermediates.noindex/Settlers.build/Debug-iphonesimulator/Settlers.build/Objects-normal/arm64/Settlers.SwiftFileList -DDEBUG -driver-batch-count 2 -enable-experimental-feature DebugDescriptionMacro -sdk /Applications/Xcode.app/Contents/Developer/Platforms/iPhoneSimulator.platform/Developer/SDKs/iPhoneSimulator26.5.sdk -target arm64-apple-ios17.0-simulator -g -module-cache-path /Users/alex/Library/Developer/Xcode/DerivedData/ModuleCache.noindex -Xfrontend -serialize-debugging-options -profile-coverage-mapping -profile-generate -enable-testing -warnings-as-errors -index-store-path /Users/alex/Library/Developer/Xcode/DerivedData/Settlers-bqwdcayamsmaxsekctdqetlegmaf/Index.noindex/DataStore -Xcc -D_LIBCPP_HARDENING_MODE\=_LIBCPP_HARDENING_MODE_DEBUG -swift-version 6 -I /Users/alex/Library/Developer/Xcode/DerivedData/Settlers-bqwdcayamsmaxsekctdqetlegmaf/Build/Products/Debug-iphonesimulator -F /Users/alex/Library/Developer/Xcode/DerivedData/Settlers-bqwdcayamsmaxsekctdqetlegmaf/Build/Products/Debug-iphonesimulator/PackageFrameworks -F /Users/alex/Library/Developer/Xcode/DerivedData/Settlers-bqwdcayamsmaxsekctdqetlegmaf/Build/Products/Debug-iphonesimulator/PackageFrameworks -F /Users/alex/Library/Developer/Xcode/DerivedData/Settlers-bqwdcayamsmaxsekctdqetlegmaf/Build/Products/Debug-iphonesimulator -c -j18 -enable-batch-mode -incremental -Xcc -ivfsstatcache -Xcc /Users/alex/Library/Developer/Xcode/DerivedData/SDKStatCaches.noindex/iphonesimulator26.5-23F73-6cfe768891a92b912361537c460fe42b.sdkstatcache -output-file-map /Users/alex/Library/Developer/Xcode/DerivedData/Settlers-bqwdcayamsmaxsekctdqetlegmaf/Build/Intermediates.noindex/Settlers.build/Debug-iphonesimulator/Settlers.build/Objects-normal/arm64/Settlers-OutputFileMap.json -use-frontend-parseable-output -save-temps -no-color-diagnostics -explicit-module-build -module-cache-path /Users/alex/Library/Developer/Xcode/DerivedData/Settlers-bqwdcayamsmaxsekctdqetlegmaf/Build/Intermediates.noindex/SwiftExplicitPrecompiledModules -clang-scanner-module-cache-path /Users/alex/Library/Developer/Xcode/DerivedData/ModuleCache.noindex -sdk-module-cache-path /Users/alex/Library/Developer/Xcode/DerivedData/ModuleCache.noindex -serialize-diagnostics -emit-dependencies -emit-module -emit-module-path /Users/alex/Library/Developer/Xcode/DerivedData/Settlers-bqwdcayamsmaxsekctdqetlegmaf/Build/Intermediates.noindex/Settlers.build/Debug-iphonesimulator/Settlers.build/Objects-normal/arm64/Settlers.swiftmodule -validate-clang-modules-once -clang-build-session-file /Users/alex/Library/Developer/Xcode/DerivedData/ModuleCache.noindex/Session.modulevalidation -Xcc -I/Users/alex/Library/Developer/Xcode/DerivedData/Settlers-bqwdcayamsmaxsekctdqetlegmaf/Build/Intermediates.noindex/Settlers.build/Debug-iphonesimulator/Settlers.build/swift-overrides.hmap -emit-const-values -Xfrontend -const-gather-protocols-file -Xfrontend /Users/alex/Library/Developer/Xcode/DerivedData/Settlers-bqwdcayamsmaxsekctdqetlegmaf/Build/Intermediates.noindex/Settlers.build/Debug-iphonesimulator/Settlers.build/Objects-normal/arm64/Settlers_const_extract_protocols.json -Xcc -iquote -Xcc /Users/alex/Library/Developer/Xcode/DerivedData/Settlers-bqwdcayamsmaxsekctdqetlegmaf/Build/Intermediates.noindex/Settlers.build/Debug-iphonesimulator/Settlers.build/Settlers-generated-files.hmap -Xcc -I/Users/alex/Library/Developer/Xcode/DerivedData/Settlers-bqwdcayamsmaxsekctdqetlegmaf/Build/Intermediates.noindex/Settlers.build/Debug-iphonesimulator/Settlers.build/Settlers-own-target-headers.hmap -Xcc -I/Users/alex/Library/Developer/Xcode/DerivedData/Settlers-bqwdcayamsmaxsekctdqetlegmaf/Build/Intermediates.noindex/Settlers.build/Debug-iphonesimulator/Settlers.build/Settlers-all-non-framework-target-headers.hmap -Xcc -ivfsoverlay -Xcc /Users/alex/Library/Developer/Xcode/DerivedData/Settlers-bqwdcayamsmaxsekctdqetlegmaf/Build/Intermediates.noindex/Settlers.build/Debug-iphonesimulator/Settlers-9ad65172c434931f4eb5300f50bbe1d2-VFS-iphonesimulator/all-product-headers.yaml -Xcc -iquote -Xcc /Users/alex/Library/Developer/Xcode/DerivedData/Settlers-bqwdcayamsmaxsekctdqetlegmaf/Build/Intermediates.noindex/Settlers.build/Debug-iphonesimulator/Settlers.build/Settlers-project-headers.hmap -Xcc -I/Users/alex/Library/Developer/Xcode/DerivedData/Settlers-bqwdcayamsmaxsekctdqetlegmaf/Build/Products/Debug-iphonesimulator/include -Xcc -I/Users/alex/Library/Developer/Xcode/DerivedData/Settlers-bqwdcayamsmaxsekctdqetlegmaf/Build/Intermediates.noindex/Settlers.build/Debug-iphonesimulator/Settlers.build/DerivedSources-normal/arm64 -Xcc -I/Users/alex/Library/Developer/Xcode/DerivedData/Settlers-bqwdcayamsmaxsekctdqetlegmaf/Build/Intermediates.noindex/Settlers.build/Debug-iphonesimulator/Settlers.build/DerivedSources/arm64 -Xcc -I/Users/alex/Library/Developer/Xcode/DerivedData/Settlers-bqwdcayamsmaxsekctdqetlegmaf/Build/Intermediates.noindex/Settlers.build/Debug-iphonesimulator/Settlers.build/DerivedSources -Xcc -DDEBUG\=1 -emit-objc-header -emit-objc-header-path /Users/alex/Library/Developer/Xcode/DerivedData/Settlers-bqwdcayamsmaxsekctdqetlegmaf/Build/Intermediates.noindex/Settlers.build/Debug-iphonesimulator/Settlers.build/Objects-normal/arm64/Settlers-Swift.h -working-directory /Users/alex/.codex/worktrees/naval-exploration/Settlers -experimental-emit-module-separately -disable-cmo

SwiftCompile normal arm64 Compiling\ GameViewModel+QANaval.swift /Users/alex/.codex/worktrees/naval-exploration/Settlers/Settlers/Testing/GameViewModel+QANaval.swift (in target 'Settlers' from project 'Settlers')

SwiftCompile normal arm64 /Users/alex/.codex/worktrees/naval-exploration/Settlers/Settlers/Testing/GameViewModel+QANaval.swift (in target 'Settlers' from project 'Settlers')
    cd /Users/alex/.codex/worktrees/naval-exploration/Settlers
    

SwiftEmitModule normal arm64 Emitting\ module\ for\ Settlers (in target 'Settlers' from project 'Settlers')
EmitSwiftModule normal arm64 (in target 'Settlers' from project 'Settlers')
    cd /Users/alex/.codex/worktrees/naval-exploration/Settlers
    

SwiftCompile normal arm64 Compiling\ GameViewModel.swift /Users/alex/.codex/worktrees/naval-exploration/Settlers/Settlers/ViewModels/GameViewModel.swift (in target 'Settlers' from project 'Settlers')

SwiftCompile normal arm64 /Users/alex/.codex/worktrees/naval-exploration/Settlers/Settlers/ViewModels/GameViewModel.swift (in target 'Settlers' from project 'Settlers')
    cd /Users/alex/.codex/worktrees/naval-exploration/Settlers
    

SwiftDriverJobDiscovery normal arm64 Compiling GameViewModel+QANaval.swift (in target 'Settlers' from project 'Settlers')

SwiftCompile normal arm64 Compiling\ ArmyPurchasePopupView.swift,\ BuildPopupView.swift,\ CivilizationPickerPopup.swift,\ ContentView.swift,\ DiscardPopupView.swift,\ DiscardPresentationState.swift,\ EndGameView.swift,\ GameView+QA.swift,\ GameView.swift,\ GameViewModel+BoardDecision.swift,\ GameViewModel+BotPacing.swift,\ GameViewModel+BotTurns.swift,\ GameViewModel+Checkpoints.swift,\ GameViewModel+Conquest.swift,\ GameViewModel+GameOver.swift,\ GameViewModel+Ghosts.swift,\ GameViewModel+HumanTradeOffers.swift,\ GameViewModel+OpponentProfiles.swift,\ GameViewModel+Policies.swift,\ GameViewModel+QABoardDecision.swift /Users/alex/.codex/worktrees/naval-exploration/Settlers/Settlers/Views/ArmyPurchasePopupView.swift /Users/alex/.codex/worktrees/naval-exploration/Settlers/Settlers/Views/BuildPopupView.swift /Users/alex/.codex/worktrees/naval-exploration/Settlers/Settlers/Views/CivilizationPickerPopup.swift /Users/alex/.codex/worktrees/naval-exploration/Settlers/Settlers/ContentView.swift /Users/alex/.codex/worktrees/naval-exploration/Settlers/Settlers/Views/DiscardPopupView.swift /Users/alex/.codex/worktrees/naval-exploration/Settlers/Settlers/ViewModels/DiscardPresentationState.swift /Users/alex/.codex/worktrees/naval-exploration/Settlers/Settlers/Views/EndGameView.swift /Users/alex/.codex/worktrees/naval-exploration/Settlers/Settlers/Testing/GameView+QA.swift /Users/alex/.codex/worktrees/naval-exploration/Settlers/Settlers/Views/GameView.swift /Users/alex/.codex/worktrees/naval-exploration/Settlers/Settlers/ViewModels/GameViewModel+BoardDecision.swift /Users/alex/.codex/worktrees/naval-exploration/Settlers/Settlers/ViewModels/GameViewModel+BotPacing.swift /Users/alex/.codex/worktrees/naval-exploration/Settlers/Settlers/ViewModels/GameViewModel+BotTurns.swift /Users/alex/.codex/worktrees/naval-exploration/Settlers/Settlers/ViewModels/GameViewModel+Checkpoints.swift /Users/alex/.codex/worktrees/naval-exploration/Settlers/Settlers/ViewModels/GameViewModel+Conquest.swift /Users/alex/.codex/worktrees/naval-exploration/Settlers/Settlers/ViewModels/GameViewModel+GameOver.swift /Users/alex/.codex/worktrees/naval-exploration/Settlers/Settlers/ViewModels/GameViewModel+Ghosts.swift /Users/alex/.codex/worktrees/naval-exploration/Settlers/Settlers/ViewModels/GameViewModel+HumanTradeOffers.swift /Users/alex/.codex/worktrees/naval-exploration/Settlers/Settlers/ViewModels/GameViewModel+OpponentProfiles.swift /Users/alex/.codex/worktrees/naval-exploration/Settlers/Settlers/ViewModels/GameViewModel+Policies.swift /Users/alex/.codex/worktrees/naval-exploration/Settlers/Settlers/Testing/GameViewModel+QABoardDecision.swift (in target 'Settlers' from project 'Settlers')
SwiftCompile normal arm64 /Users/alex/.codex/worktrees/naval-exploration/Settlers/Settlers/Views/ArmyPurchasePopupView.swift (in target 'Settlers' from project 'Settlers')
    cd /Users/alex/.codex/worktrees/naval-exploration/Settlers
    

SwiftCompile normal arm64 /Users/alex/.codex/worktrees/naval-exploration/Settlers/Settlers/Views/BuildPopupView.swift (in target 'Settlers' from project 'Settlers')
    cd /Users/alex/.codex/worktrees/naval-exploration/Settlers
    

SwiftCompile normal arm64 /Users/alex/.codex/worktrees/naval-exploration/Settlers/Settlers/Views/CivilizationPickerPopup.swift (in target 'Settlers' from project 'Settlers')
    cd /Users/alex/.codex/worktrees/naval-exploration/Settlers
    

SwiftCompile normal arm64 /Users/alex/.codex/worktrees/naval-exploration/Settlers/Settlers/ContentView.swift (in target 'Settlers' from project 'Settlers')
    cd /Users/alex/.codex/worktrees/naval-exploration/Settlers
    

SwiftCompile normal arm64 /Users/alex/.codex/worktrees/naval-exploration/Settlers/Settlers/Views/DiscardPopupView.swift (in target 'Settlers' from project 'Settlers')
    cd /Users/alex/.codex/worktrees/naval-exploration/Settlers
    

SwiftCompile normal arm64 /Users/alex/.codex/worktrees/naval-exploration/Settlers/Settlers/ViewModels/DiscardPresentationState.swift (in target 'Settlers' from project 'Settlers')
    cd /Users/alex/.codex/worktrees/naval-exploration/Settlers
    

SwiftCompile normal arm64 /Users/alex/.codex/worktrees/naval-exploration/Settlers/Settlers/Views/EndGameView.swift (in target 'Settlers' from project 'Settlers')
    cd /Users/alex/.codex/worktrees/naval-exploration/Settlers
    

SwiftCompile normal arm64 /Users/alex/.codex/worktrees/naval-exploration/Settlers/Settlers/Testing/GameView+QA.swift (in target 'Settlers' from project 'Settlers')
    cd /Users/alex/.codex/worktrees/naval-exploration/Settlers
    

SwiftCompile normal arm64 /Users/alex/.codex/worktrees/naval-exploration/Settlers/Settlers/Views/GameView.swift (in target 'Settlers' from project 'Settlers')
    cd /Users/alex/.codex/worktrees/naval-exploration/Settlers
    

SwiftCompile normal arm64 /Users/alex/.codex/worktrees/naval-exploration/Settlers/Settlers/ViewModels/GameViewModel+BoardDecision.swift (in target 'Settlers' from project 'Settlers')
    cd /Users/alex/.codex/worktrees/naval-exploration/Settlers
    

SwiftCompile normal arm64 /Users/alex/.codex/worktrees/naval-exploration/Settlers/Settlers/ViewModels/GameViewModel+BotPacing.swift (in target 'Settlers' from project 'Settlers')
    cd /Users/alex/.codex/worktrees/naval-exploration/Settlers
    

SwiftCompile normal arm64 /Users/alex/.codex/worktrees/naval-exploration/Settlers/Settlers/ViewModels/GameViewModel+BotTurns.swift (in target 'Settlers' from project 'Settlers')
    cd /Users/alex/.codex/worktrees/naval-exploration/Settlers
    

SwiftCompile normal arm64 /Users/alex/.codex/worktrees/naval-exploration/Settlers/Settlers/ViewModels/GameViewModel+Checkpoints.swift (in target 'Settlers' from project 'Settlers')
    cd /Users/alex/.codex/worktrees/naval-exploration/Settlers
    

SwiftCompile normal arm64 /Users/alex/.codex/worktrees/naval-exploration/Settlers/Settlers/ViewModels/GameViewModel+Conquest.swift (in target 'Settlers' from project 'Settlers')
    cd /Users/alex/.codex/worktrees/naval-exploration/Settlers
    

SwiftCompile normal arm64 /Users/alex/.codex/worktrees/naval-exploration/Settlers/Settlers/ViewModels/GameViewModel+GameOver.swift (in target 'Settlers' from project 'Settlers')
    cd /Users/alex/.codex/worktrees/naval-exploration/Settlers
    

SwiftCompile normal arm64 /Users/alex/.codex/worktrees/naval-exploration/Settlers/Settlers/ViewModels/GameViewModel+Ghosts.swift (in target 'Settlers' from project 'Settlers')
    cd /Users/alex/.codex/worktrees/naval-exploration/Settlers
    

SwiftCompile normal arm64 /Users/alex/.codex/worktrees/naval-exploration/Settlers/Settlers/ViewModels/GameViewModel+HumanTradeOffers.swift (in target 'Settlers' from project 'Settlers')
    cd /Users/alex/.codex/worktrees/naval-exploration/Settlers
    

SwiftCompile normal arm64 /Users/alex/.codex/worktrees/naval-exploration/Settlers/Settlers/ViewModels/GameViewModel+OpponentProfiles.swift (in target 'Settlers' from project 'Settlers')
    cd /Users/alex/.codex/worktrees/naval-exploration/Settlers
    

SwiftCompile normal arm64 /Users/alex/.codex/worktrees/naval-exploration/Settlers/Settlers/ViewModels/GameViewModel+Policies.swift (in target 'Settlers' from project 'Settlers')
    cd /Users/alex/.codex/worktrees/naval-exploration/Settlers
    

SwiftCompile normal arm64 /Users/alex/.codex/worktrees/naval-exploration/Settlers/Settlers/Testing/GameViewModel+QABoardDecision.swift (in target 'Settlers' from project 'Settlers')
    cd /Users/alex/.codex/worktrees/naval-exploration/Settlers
    

SwiftDriverJobDiscovery normal arm64 Compiling GameViewModel.swift (in target 'Settlers' from project 'Settlers')

SwiftCompile normal arm64 Compiling\ BoardChips.swift /Users/alex/.codex/worktrees/naval-exploration/Settlers/Settlers/Views/BoardChips.swift (in target 'Settlers' from project 'Settlers')

SwiftCompile normal arm64 /Users/alex/.codex/worktrees/naval-exploration/Settlers/Settlers/Views/BoardChips.swift (in target 'Settlers' from project 'Settlers')
    cd /Users/alex/.codex/worktrees/naval-exploration/Settlers
    

SwiftDriverJobDiscovery normal arm64 Emitting module for Settlers (in target 'Settlers' from project 'Settlers')

SwiftDriver\ Compilation\ Requirements Settlers normal arm64 com.apple.xcode.tools.swift.compiler (in target 'Settlers' from project 'Settlers')
    cd /Users/alex/.codex/worktrees/naval-exploration/Settlers
    builtin-Swift-Compilation-Requirements -- /Applications/Xcode.app/Contents/Developer/Toolchains/XcodeDefault.xctoolchain/usr/bin/swiftc -module-name Settlers -Onone @/Users/alex/Library/Developer/Xcode/DerivedData/Settlers-bqwdcayamsmaxsekctdqetlegmaf/Build/Intermediates.noindex/Settlers.build/Debug-iphonesimulator/Settlers.build/Objects-normal/arm64/Settlers.SwiftFileList -DDEBUG -driver-batch-count 2 -enable-experimental-feature DebugDescriptionMacro -sdk /Applications/Xcode.app/Contents/Developer/Platforms/iPhoneSimulator.platform/Developer/SDKs/iPhoneSimulator26.5.sdk -target arm64-apple-ios17.0-simulator -g -module-cache-path /Users/alex/Library/Developer/Xcode/DerivedData/ModuleCache.noindex -Xfrontend -serialize-debugging-options -profile-coverage-mapping -profile-generate -enable-testing -warnings-as-errors -index-store-path /Users/alex/Library/Developer/Xcode/DerivedData/Settlers-bqwdcayamsmaxsekctdqetlegmaf/Index.noindex/DataStore -Xcc -D_LIBCPP_HARDENING_MODE\=_LIBCPP_HARDENING_MODE_DEBUG -swift-version 6 -I /Users/alex/Library/Developer/Xcode/DerivedData/Settlers-bqwdcayamsmaxsekctdqetlegmaf/Build/Products/Debug-iphonesimulator -F /Users/alex/Library/Developer/Xcode/DerivedData/Settlers-bqwdcayamsmaxsekctdqetlegmaf/Build/Products/Debug-iphonesimulator/PackageFrameworks -F /Users/alex/Library/Developer/Xcode/DerivedData/Settlers-bqwdcayamsmaxsekctdqetlegmaf/Build/Products/Debug-iphonesimulator/PackageFrameworks -F /Users/alex/Library/Developer/Xcode/DerivedData/Settlers-bqwdcayamsmaxsekctdqetlegmaf/Build/Products/Debug-iphonesimulator -c -j18 -enable-batch-mode -incremental -Xcc -ivfsstatcache -Xcc /Users/alex/Library/Developer/Xcode/DerivedData/SDKStatCaches.noindex/iphonesimulator26.5-23F73-6cfe768891a92b912361537c460fe42b.sdkstatcache -output-file-map /Users/alex/Library/Developer/Xcode/DerivedData/Settlers-bqwdcayamsmaxsekctdqetlegmaf/Build/Intermediates.noindex/Settlers.build/Debug-iphonesimulator/Settlers.build/Objects-normal/arm64/Settlers-OutputFileMap.json -use-frontend-parseable-output -save-temps -no-color-diagnostics -explicit-module-build -module-cache-path /Users/alex/Library/Developer/Xcode/DerivedData/Settlers-bqwdcayamsmaxsekctdqetlegmaf/Build/Intermediates.noindex/SwiftExplicitPrecompiledModules -clang-scanner-module-cache-path /Users/alex/Library/Developer/Xcode/DerivedData/ModuleCache.noindex -sdk-module-cache-path /Users/alex/Library/Developer/Xcode/DerivedData/ModuleCache.noindex -serialize-diagnostics -emit-dependencies -emit-module -emit-module-path /Users/alex/Library/Developer/Xcode/DerivedData/Settlers-bqwdcayamsmaxsekctdqetlegmaf/Build/Intermediates.noindex/Settlers.build/Debug-iphonesimulator/Settlers.build/Objects-normal/arm64/Settlers.swiftmodule -validate-clang-modules-once -clang-build-session-file /Users/alex/Library/Developer/Xcode/DerivedData/ModuleCache.noindex/Session.modulevalidation -Xcc -I/Users/alex/Library/Developer/Xcode/DerivedData/Settlers-bqwdcayamsmaxsekctdqetlegmaf/Build/Intermediates.noindex/Settlers.build/Debug-iphonesimulator/Settlers.build/swift-overrides.hmap -emit-const-values -Xfrontend -const-gather-protocols-file -Xfrontend /Users/alex/Library/Developer/Xcode/DerivedData/Settlers-bqwdcayamsmaxsekctdqetlegmaf/Build/Intermediates.noindex/Settlers.build/Debug-iphonesimulator/Settlers.build/Objects-normal/arm64/Settlers_const_extract_protocols.json -Xcc -iquote -Xcc /Users/alex/Library/Developer/Xcode/DerivedData/Settlers-bqwdcayamsmaxsekctdqetlegmaf/Build/Intermediates.noindex/Settlers.build/Debug-iphonesimulator/Settlers.build/Settlers-generated-files.hmap -Xcc -I/Users/alex/Library/Developer/Xcode/DerivedData/Settlers-bqwdcayamsmaxsekctdqetlegmaf/Build/Intermediates.noindex/Settlers.build/Debug-iphonesimulator/Settlers.build/Settlers-own-target-headers.hmap -Xcc -I/Users/alex/Library/Developer/Xcode/DerivedData/Settlers-bqwdcayamsmaxsekctdqetlegmaf/Build/Intermediates.noindex/Settlers.build/Debug-iphonesimulator/Settlers.build/Settlers-all-non-framework-target-headers.hmap -Xcc -ivfsoverlay -Xcc /Users/alex/Library/Developer/Xcode/DerivedData/Settlers-bqwdcayamsmaxsekctdqetlegmaf/Build/Intermediates.noindex/Settlers.build/Debug-iphonesimulator/Settlers-9ad65172c434931f4eb5300f50bbe1d2-VFS-iphonesimulator/all-product-headers.yaml -Xcc -iquote -Xcc /Users/alex/Library/Developer/Xcode/DerivedData/Settlers-bqwdcayamsmaxsekctdqetlegmaf/Build/Intermediates.noindex/Settlers.build/Debug-iphonesimulator/Settlers.build/Settlers-project-headers.hmap -Xcc -I/Users/alex/Library/Developer/Xcode/DerivedData/Settlers-bqwdcayamsmaxsekctdqetlegmaf/Build/Products/Debug-iphonesimulator/include -Xcc -I/Users/alex/Library/Developer/Xcode/DerivedData/Settlers-bqwdcayamsmaxsekctdqetlegmaf/Build/Intermediates.noindex/Settlers.build/Debug-iphonesimulator/Settlers.build/DerivedSources-normal/arm64 -Xcc -I/Users/alex/Library/Developer/Xcode/DerivedData/Settlers-bqwdcayamsmaxsekctdqetlegmaf/Build/Intermediates.noindex/Settlers.build/Debug-iphonesimulator/Settlers.build/DerivedSources/arm64 -Xcc -I/Users/alex/Library/Developer/Xcode/DerivedData/Settlers-bqwdcayamsmaxsekctdqetlegmaf/Build/Intermediates.noindex/Settlers.build/Debug-iphonesimulator/Settlers.build/DerivedSources -Xcc -DDEBUG\=1 -emit-objc-header -emit-objc-header-path /Users/alex/Library/Developer/Xcode/DerivedData/Settlers-bqwdcayamsmaxsekctdqetlegmaf/Build/Intermediates.noindex/Settlers.build/Debug-iphonesimulator/Settlers.build/Objects-normal/arm64/Settlers-Swift.h -working-directory /Users/alex/.codex/worktrees/naval-exploration/Settlers -experimental-emit-module-separately -disable-cmo

SwiftDriverJobDiscovery normal arm64 Compiling BoardChips.swift (in target 'Settlers' from project 'Settlers')

SwiftCompile normal arm64 Compiling\ GameViewModel+QACompleteMatch.swift,\ GameViewModel+QAConquest.swift,\ GameViewModel+QADevCards.swift,\ GameViewModel+QADiscard.swift,\ GameViewModel+QAFeedback.swift,\ GameViewModel+QAProduction.swift,\ GameViewModel+QATrade.swift,\ GameViewModel+QATradeTapSafety.swift,\ GameViewModel+QAVast.swift,\ GameViewModel+Recovery.swift,\ InGameSettingsView.swift,\ MainMenuView.swift,\ MatchPersistenceTransaction.swift,\ NavalResourceChoiceView.swift,\ NewGameSetupView.swift,\ PlayerHUDView.swift,\ SeatCardView.swift,\ SeatNumberPickerPopup.swift,\ SettlersApp.swift,\ TradePopupView.swift /Users/alex/.codex/worktrees/naval-exploration/Settlers/Settlers/Testing/GameViewModel+QACompleteMatch.swift /Users/alex/.codex/worktrees/naval-exploration/Settlers/Settlers/Testing/GameViewModel+QAConquest.swift /Users/alex/.codex/worktrees/naval-exploration/Settlers/Settlers/Testing/GameViewModel+QADevCards.swift /Users/alex/.codex/worktrees/naval-exploration/Settlers/Settlers/Testing/GameViewModel+QADiscard.swift /Users/alex/.codex/worktrees/naval-exploration/Settlers/Settlers/Testing/GameViewModel+QAFeedback.swift /Users/alex/.codex/worktrees/naval-exploration/Settlers/Settlers/Testing/GameViewModel+QAProduction.swift /Users/alex/.codex/worktrees/naval-exploration/Settlers/Settlers/Testing/GameViewModel+QATrade.swift /Users/alex/.codex/worktrees/naval-exploration/Settlers/Settlers/Testing/GameViewModel+QATradeTapSafety.swift /Users/alex/.codex/worktrees/naval-exploration/Settlers/Settlers/Testing/GameViewModel+QAVast.swift /Users/alex/.codex/worktrees/naval-exploration/Settlers/Settlers/ViewModels/GameViewModel+Recovery.swift /Users/alex/.codex/worktrees/naval-exploration/Settlers/Settlers/Views/InGameSettingsView.swift /Users/alex/.codex/worktrees/naval-exploration/Settlers/Settlers/Views/MainMenuView.swift /Users/alex/.codex/worktrees/naval-exploration/Settlers/Settlers/ViewModels/MatchPersistenceTransaction.swift /Users/alex/.codex/worktrees/naval-exploration/Settlers/Settlers/Views/NavalResourceChoiceView.swift /Users/alex/.codex/worktrees/naval-exploration/Settlers/Settlers/Views/NewGameSetupView.swift /Users/alex/.codex/worktrees/naval-exploration/Settlers/Settlers/Views/PlayerHUDView.swift /Users/alex/.codex/worktrees/naval-exploration/Settlers/Settlers/Views/SeatCardView.swift /Users/alex/.codex/worktrees/naval-exploration/Settlers/Settlers/Views/SeatNumberPickerPopup.swift /Users/alex/.codex/worktrees/naval-exploration/Settlers/Settlers/SettlersApp.swift /Users/alex/.codex/worktrees/naval-exploration/Settlers/Settlers/Views/TradePopupView.swift (in target 'Settlers' from project 'Settlers')
SwiftCompile normal arm64 /Users/alex/.codex/worktrees/naval-exploration/Settlers/Settlers/Testing/GameViewModel+QACompleteMatch.swift (in target 'Settlers' from project 'Settlers')
    cd /Users/alex/.codex/worktrees/naval-exploration/Settlers
    

SwiftCompile normal arm64 /Users/alex/.codex/worktrees/naval-exploration/Settlers/Settlers/Testing/GameViewModel+QAConquest.swift (in target 'Settlers' from project 'Settlers')
    cd /Users/alex/.codex/worktrees/naval-exploration/Settlers
    

SwiftCompile normal arm64 /Users/alex/.codex/worktrees/naval-exploration/Settlers/Settlers/Testing/GameViewModel+QADevCards.swift (in target 'Settlers' from project 'Settlers')
    cd /Users/alex/.codex/worktrees/naval-exploration/Settlers
    

SwiftCompile normal arm64 /Users/alex/.codex/worktrees/naval-exploration/Settlers/Settlers/Testing/GameViewModel+QADiscard.swift (in target 'Settlers' from project 'Settlers')
    cd /Users/alex/.codex/worktrees/naval-exploration/Settlers
    

SwiftCompile normal arm64 /Users/alex/.codex/worktrees/naval-exploration/Settlers/Settlers/Testing/GameViewModel+QAFeedback.swift (in target 'Settlers' from project 'Settlers')
    cd /Users/alex/.codex/worktrees/naval-exploration/Settlers
    

SwiftCompile normal arm64 /Users/alex/.codex/worktrees/naval-exploration/Settlers/Settlers/Testing/GameViewModel+QAProduction.swift (in target 'Settlers' from project 'Settlers')
    cd /Users/alex/.codex/worktrees/naval-exploration/Settlers
    

SwiftCompile normal arm64 /Users/alex/.codex/worktrees/naval-exploration/Settlers/Settlers/Testing/GameViewModel+QATrade.swift (in target 'Settlers' from project 'Settlers')
    cd /Users/alex/.codex/worktrees/naval-exploration/Settlers
    

SwiftCompile normal arm64 /Users/alex/.codex/worktrees/naval-exploration/Settlers/Settlers/Testing/GameViewModel+QATradeTapSafety.swift (in target 'Settlers' from project 'Settlers')
    cd /Users/alex/.codex/worktrees/naval-exploration/Settlers
    

SwiftCompile normal arm64 /Users/alex/.codex/worktrees/naval-exploration/Settlers/Settlers/Testing/GameViewModel+QAVast.swift (in target 'Settlers' from project 'Settlers')
    cd /Users/alex/.codex/worktrees/naval-exploration/Settlers
    

SwiftCompile normal arm64 /Users/alex/.codex/worktrees/naval-exploration/Settlers/Settlers/ViewModels/GameViewModel+Recovery.swift (in target 'Settlers' from project 'Settlers')
    cd /Users/alex/.codex/worktrees/naval-exploration/Settlers
    

SwiftCompile normal arm64 /Users/alex/.codex/worktrees/naval-exploration/Settlers/Settlers/Views/InGameSettingsView.swift (in target 'Settlers' from project 'Settlers')
    cd /Users/alex/.codex/worktrees/naval-exploration/Settlers
    

SwiftCompile normal arm64 /Users/alex/.codex/worktrees/naval-exploration/Settlers/Settlers/Views/MainMenuView.swift (in target 'Settlers' from project 'Settlers')
    cd /Users/alex/.codex/worktrees/naval-exploration/Settlers
    

SwiftCompile normal arm64 /Users/alex/.codex/worktrees/naval-exploration/Settlers/Settlers/ViewModels/MatchPersistenceTransaction.swift (in target 'Settlers' from project 'Settlers')
    cd /Users/alex/.codex/worktrees/naval-exploration/Settlers
    

SwiftCompile normal arm64 /Users/alex/.codex/worktrees/naval-exploration/Settlers/Settlers/Views/NavalResourceChoiceView.swift (in target 'Settlers' from project 'Settlers')
    cd /Users/alex/.codex/worktrees/naval-exploration/Settlers
    

SwiftCompile normal arm64 /Users/alex/.codex/worktrees/naval-exploration/Settlers/Settlers/Views/NewGameSetupView.swift (in target 'Settlers' from project 'Settlers')
    cd /Users/alex/.codex/worktrees/naval-exploration/Settlers
    

SwiftCompile normal arm64 /Users/alex/.codex/worktrees/naval-exploration/Settlers/Settlers/Views/PlayerHUDView.swift (in target 'Settlers' from project 'Settlers')
    cd /Users/alex/.codex/worktrees/naval-exploration/Settlers
    

SwiftCompile normal arm64 /Users/alex/.codex/worktrees/naval-exploration/Settlers/Settlers/Views/SeatCardView.swift (in target 'Settlers' from project 'Settlers')
    cd /Users/alex/.codex/worktrees/naval-exploration/Settlers
    

SwiftCompile normal arm64 /Users/alex/.codex/worktrees/naval-exploration/Settlers/Settlers/Views/SeatNumberPickerPopup.swift (in target 'Settlers' from project 'Settlers')
    cd /Users/alex/.codex/worktrees/naval-exploration/Settlers
    

SwiftCompile normal arm64 /Users/alex/.codex/worktrees/naval-exploration/Settlers/Settlers/SettlersApp.swift (in target 'Settlers' from project 'Settlers')
    cd /Users/alex/.codex/worktrees/naval-exploration/Settlers
    

SwiftCompile normal arm64 /Users/alex/.codex/worktrees/naval-exploration/Settlers/Settlers/Views/TradePopupView.swift (in target 'Settlers' from project 'Settlers')
    cd /Users/alex/.codex/worktrees/naval-exploration/Settlers
    

Copy /Users/alex/Library/Developer/Xcode/DerivedData/Settlers-bqwdcayamsmaxsekctdqetlegmaf/Build/Products/Debug-iphonesimulator/Settlers.swiftmodule/Project/arm64-apple-ios-simulator.swiftsourceinfo /Users/alex/Library/Developer/Xcode/DerivedData/Settlers-bqwdcayamsmaxsekctdqetlegmaf/Build/Intermediates.noindex/Settlers.build/Debug-iphonesimulator/Settlers.build/Objects-normal/arm64/Settlers.swiftsourceinfo (in target 'Settlers' from project 'Settlers')
    cd /Users/alex/.codex/worktrees/naval-exploration/Settlers
    builtin-copy -exclude .DS_Store -exclude CVS -exclude .svn -exclude .git -exclude .hg -resolve-src-symlinks -rename /Users/alex/Library/Developer/Xcode/DerivedData/Settlers-bqwdcayamsmaxsekctdqetlegmaf/Build/Intermediates.noindex/Settlers.build/Debug-iphonesimulator/Settlers.build/Objects-normal/arm64/Settlers.swiftsourceinfo /Users/alex/Library/Developer/Xcode/DerivedData/Settlers-bqwdcayamsmaxsekctdqetlegmaf/Build/Products/Debug-iphonesimulator/Settlers.swiftmodule/Project/arm64-apple-ios-simulator.swiftsourceinfo

SwiftDriverJobDiscovery normal arm64 Compiling ArmyPurchasePopupView.swift, BuildPopupView.swift, CivilizationPickerPopup.swift, ContentView.swift, DiscardPopupView.swift, DiscardPresentationState.swift, EndGameView.swift, GameView+QA.swift, GameView.swift, GameViewModel+BoardDecision.swift, GameViewModel+BotPacing.swift, GameViewModel+BotTurns.swift, GameViewModel+Checkpoints.swift, GameViewModel+Conquest.swift, GameViewModel+GameOver.swift, GameViewModel+Ghosts.swift, GameViewModel+HumanTradeOffers.swift, GameViewModel+OpponentProfiles.swift, GameViewModel+Policies.swift, GameViewModel+QABoardDecision.swift (in target 'Settlers' from project 'Settlers')

Copy /Users/alex/Library/Developer/Xcode/DerivedData/Settlers-bqwdcayamsmaxsekctdqetlegmaf/Build/Products/Debug-iphonesimulator/Settlers.swiftmodule/arm64-apple-ios-simulator.swiftmodule /Users/alex/Library/Developer/Xcode/DerivedData/Settlers-bqwdcayamsmaxsekctdqetlegmaf/Build/Intermediates.noindex/Settlers.build/Debug-iphonesimulator/Settlers.build/Objects-normal/arm64/Settlers.swiftmodule (in target 'Settlers' from project 'Settlers')
    cd /Users/alex/.codex/worktrees/naval-exploration/Settlers
    builtin-copy -exclude .DS_Store -exclude CVS -exclude .svn -exclude .git -exclude .hg -resolve-src-symlinks -rename /Users/alex/Library/Developer/Xcode/DerivedData/Settlers-bqwdcayamsmaxsekctdqetlegmaf/Build/Intermediates.noindex/Settlers.build/Debug-iphonesimulator/Settlers.build/Objects-normal/arm64/Settlers.swiftmodule /Users/alex/Library/Developer/Xcode/DerivedData/Settlers-bqwdcayamsmaxsekctdqetlegmaf/Build/Products/Debug-iphonesimulator/Settlers.swiftmodule/arm64-apple-ios-simulator.swiftmodule

Copy /Users/alex/Library/Developer/Xcode/DerivedData/Settlers-bqwdcayamsmaxsekctdqetlegmaf/Build/Products/Debug-iphonesimulator/Settlers.swiftmodule/arm64-apple-ios-simulator.swiftdoc /Users/alex/Library/Developer/Xcode/DerivedData/Settlers-bqwdcayamsmaxsekctdqetlegmaf/Build/Intermediates.noindex/Settlers.build/Debug-iphonesimulator/Settlers.build/Objects-normal/arm64/Settlers.swiftdoc (in target 'Settlers' from project 'Settlers')
    cd /Users/alex/.codex/worktrees/naval-exploration/Settlers
    builtin-copy -exclude .DS_Store -exclude CVS -exclude .svn -exclude .git -exclude .hg -resolve-src-symlinks -rename /Users/alex/Library/Developer/Xcode/DerivedData/Settlers-bqwdcayamsmaxsekctdqetlegmaf/Build/Intermediates.noindex/Settlers.build/Debug-iphonesimulator/Settlers.build/Objects-normal/arm64/Settlers.swiftdoc /Users/alex/Library/Developer/Xcode/DerivedData/Settlers-bqwdcayamsmaxsekctdqetlegmaf/Build/Products/Debug-iphonesimulator/Settlers.swiftmodule/arm64-apple-ios-simulator.swiftdoc

Copy /Users/alex/Library/Developer/Xcode/DerivedData/Settlers-bqwdcayamsmaxsekctdqetlegmaf/Build/Products/Debug-iphonesimulator/Settlers.swiftmodule/arm64-apple-ios-simulator.abi.json /Users/alex/Library/Developer/Xcode/DerivedData/Settlers-bqwdcayamsmaxsekctdqetlegmaf/Build/Intermediates.noindex/Settlers.build/Debug-iphonesimulator/Settlers.build/Objects-normal/arm64/Settlers.abi.json (in target 'Settlers' from project 'Settlers')
    cd /Users/alex/.codex/worktrees/naval-exploration/Settlers
    builtin-copy -exclude .DS_Store -exclude CVS -exclude .svn -exclude .git -exclude .hg -resolve-src-symlinks -rename /Users/alex/Library/Developer/Xcode/DerivedData/Settlers-bqwdcayamsmaxsekctdqetlegmaf/Build/Intermediates.noindex/Settlers.build/Debug-iphonesimulator/Settlers.build/Objects-normal/arm64/Settlers.abi.json /Users/alex/Library/Developer/Xcode/DerivedData/Settlers-bqwdcayamsmaxsekctdqetlegmaf/Build/Products/Debug-iphonesimulator/Settlers.swiftmodule/arm64-apple-ios-simulator.abi.json

SwiftDriver SettlersUITests normal arm64 com.apple.xcode.tools.swift.compiler (in target 'SettlersUITests' from project 'Settlers')
    cd /Users/alex/.codex/worktrees/naval-exploration/Settlers
    builtin-SwiftDriver -- /Applications/Xcode.app/Contents/Developer/Toolchains/XcodeDefault.xctoolchain/usr/bin/swiftc -module-name SettlersUITests -Onone @/Users/alex/Library/Developer/Xcode/DerivedData/Settlers-bqwdcayamsmaxsekctdqetlegmaf/Build/Intermediates.noindex/Settlers.build/Debug-iphonesimulator/SettlersUITests.build/Objects-normal/arm64/SettlersUITests.SwiftFileList -DDEBUG -module-alias Testing\=_Testing_Unavailable -driver-batch-count 2 -plugin-path /Applications/Xcode.app/Contents/Developer/Toolchains/XcodeDefault.xctoolchain/usr/lib/swift/host/plugins/testing -enable-experimental-feature DebugDescriptionMacro -sdk /Applications/Xcode.app/Contents/Developer/Platforms/iPhoneSimulator.platform/Developer/SDKs/iPhoneSimulator26.5.sdk -target arm64-apple-ios17.0-simulator -g -module-cache-path /Users/alex/Library/Developer/Xcode/DerivedData/ModuleCache.noindex -Xfrontend -serialize-debugging-options -profile-coverage-mapping -profile-generate -enable-testing -warnings-as-errors -index-store-path /Users/alex/Library/Developer/Xcode/DerivedData/Settlers-bqwdcayamsmaxsekctdqetlegmaf/Index.noindex/DataStore -Xcc -D_LIBCPP_HARDENING_MODE\=_LIBCPP_HARDENING_MODE_DEBUG -swift-version 6 -I /Users/alex/Library/Developer/Xcode/DerivedData/Settlers-bqwdcayamsmaxsekctdqetlegmaf/Build/Products/Debug-iphonesimulator -Isystem /Applications/Xcode.app/Contents/Developer/Platforms/iPhoneSimulator.platform/Developer/usr/lib -F /Users/alex/Library/Developer/Xcode/DerivedData/Settlers-bqwdcayamsmaxsekctdqetlegmaf/Build/Products/Debug-iphonesimulator -F /Applications/Xcode.app/Contents/Developer/Platforms/iPhoneSimulator.platform/Developer/Library/Frameworks -F /Applications/Xcode.app/Contents/Developer/Platforms/iPhoneSimulator.platform/Developer/SDKs/iPhoneSimulator26.5.sdk/Developer/Library/Frameworks -c -j18 -enable-batch-mode -incremental -Xcc -ivfsstatcache -Xcc /Users/alex/Library/Developer/Xcode/DerivedData/SDKStatCaches.noindex/iphonesimulator26.5-23F73-6cfe768891a92b912361537c460fe42b.sdkstatcache -output-file-map /Users/alex/Library/Developer/Xcode/DerivedData/Settlers-bqwdcayamsmaxsekctdqetlegmaf/Build/Intermediates.noindex/Settlers.build/Debug-iphonesimulator/SettlersUITests.build/Objects-normal/arm64/SettlersUITests-OutputFileMap.json -use-frontend-parseable-output -save-temps -no-color-diagnostics -explicit-module-build -module-cache-path /Users/alex/Library/Developer/Xcode/DerivedData/Settlers-bqwdcayamsmaxsekctdqetlegmaf/Build/Intermediates.noindex/SwiftExplicitPrecompiledModules -clang-scanner-module-cache-path /Users/alex/Library/Developer/Xcode/DerivedData/ModuleCache.noindex -sdk-module-cache-path /Users/alex/Library/Developer/Xcode/DerivedData/ModuleCache.noindex -serialize-diagnostics -emit-dependencies -emit-module -emit-module-path /Users/alex/Library/Developer/Xcode/DerivedData/Settlers-bqwdcayamsmaxsekctdqetlegmaf/Build/Intermediates.noindex/Settlers.build/Debug-iphonesimulator/SettlersUITests.build/Objects-normal/arm64/SettlersUITests.swiftmodule -validate-clang-modules-once -clang-build-session-file /Users/alex/Library/Developer/Xcode/DerivedData/ModuleCache.noindex/Session.modulevalidation -Xcc -I/Users/alex/Library/Developer/Xcode/DerivedData/Settlers-bqwdcayamsmaxsekctdqetlegmaf/Build/Intermediates.noindex/Settlers.build/Debug-iphonesimulator/SettlersUITests.build/swift-overrides.hmap -emit-const-values -Xfrontend -const-gather-protocols-file -Xfrontend /Users/alex/Library/Developer/Xcode/DerivedData/Settlers-bqwdcayamsmaxsekctdqetlegmaf/Build/Intermediates.noindex/Settlers.build/Debug-iphonesimulator/SettlersUITests.build/Objects-normal/arm64/SettlersUITests_const_extract_protocols.json -Xcc -iquote -Xcc /Users/alex/Library/Developer/Xcode/DerivedData/Settlers-bqwdcayamsmaxsekctdqetlegmaf/Build/Intermediates.noindex/Settlers.build/Debug-iphonesimulator/SettlersUITests.build/SettlersUITests-generated-files.hmap -Xcc -I/Users/alex/Library/Developer/Xcode/DerivedData/Settlers-bqwdcayamsmaxsekctdqetlegmaf/Build/Intermediates.noindex/Settlers.build/Debug-iphonesimulator/SettlersUITests.build/SettlersUITests-own-target-headers.hmap -Xcc -I/Users/alex/Library/Developer/Xcode/DerivedData/Settlers-bqwdcayamsmaxsekctdqetlegmaf/Build/Intermediates.noindex/Settlers.build/Debug-iphonesimulator/SettlersUITests.build/SettlersUITests-all-non-framework-target-headers.hmap -Xcc -ivfsoverlay -Xcc /Users/alex/Library/Developer/Xcode/DerivedData/Settlers-bqwdcayamsmaxsekctdqetlegmaf/Build/Intermediates.noindex/Settlers.build/Debug-iphonesimulator/Settlers-9ad65172c434931f4eb5300f50bbe1d2-VFS-iphonesimulator/all-product-headers.yaml -Xcc -iquote -Xcc /Users/alex/Library/Developer/Xcode/DerivedData/Settlers-bqwdcayamsmaxsekctdqetlegmaf/Build/Intermediates.noindex/Settlers.build/Debug-iphonesimulator/SettlersUITests.build/SettlersUITests-project-headers.hmap -Xcc -I/Users/alex/Library/Developer/Xcode/DerivedData/Settlers-bqwdcayamsmaxsekctdqetlegmaf/Build/Products/Debug-iphonesimulator/include -Xcc -I/Users/alex/Library/Developer/Xcode/DerivedData/Settlers-bqwdcayamsmaxsekctdqetlegmaf/Build/Intermediates.noindex/Settlers.build/Debug-iphonesimulator/SettlersUITests.build/DerivedSources-normal/arm64 -Xcc -I/Users/alex/Library/Developer/Xcode/DerivedData/Settlers-bqwdcayamsmaxsekctdqetlegmaf/Build/Intermediates.noindex/Settlers.build/Debug-iphonesimulator/SettlersUITests.build/DerivedSources/arm64 -Xcc -I/Users/alex/Library/Developer/Xcode/DerivedData/Settlers-bqwdcayamsmaxsekctdqetlegmaf/Build/Intermediates.noindex/Settlers.build/Debug-iphonesimulator/SettlersUITests.build/DerivedSources -Xcc -DDEBUG\=1 -emit-objc-header -emit-objc-header-path /Users/alex/Library/Developer/Xcode/DerivedData/Settlers-bqwdcayamsmaxsekctdqetlegmaf/Build/Intermediates.noindex/Settlers.build/Debug-iphonesimulator/SettlersUITests.build/Objects-normal/arm64/SettlersUITests-Swift.h -working-directory /Users/alex/.codex/worktrees/naval-exploration/Settlers -experimental-emit-module-separately -disable-cmo

SwiftDriver SettlersTests normal arm64 com.apple.xcode.tools.swift.compiler (in target 'SettlersTests' from project 'Settlers')
    cd /Users/alex/.codex/worktrees/naval-exploration/Settlers
    builtin-SwiftDriver -- /Applications/Xcode.app/Contents/Developer/Toolchains/XcodeDefault.xctoolchain/usr/bin/swiftc -module-name SettlersTests -Onone @/Users/alex/Library/Developer/Xcode/DerivedData/Settlers-bqwdcayamsmaxsekctdqetlegmaf/Build/Intermediates.noindex/Settlers.build/Debug-iphonesimulator/SettlersTests.build/Objects-normal/arm64/SettlersTests.SwiftFileList -DDEBUG -driver-batch-count 2 -plugin-path /Applications/Xcode.app/Contents/Developer/Toolchains/XcodeDefault.xctoolchain/usr/lib/swift/host/plugins/testing -enable-experimental-feature DebugDescriptionMacro -sdk /Applications/Xcode.app/Contents/Developer/Platforms/iPhoneSimulator.platform/Developer/SDKs/iPhoneSimulator26.5.sdk -target arm64-apple-ios17.0-simulator -g -module-cache-path /Users/alex/Library/Developer/Xcode/DerivedData/ModuleCache.noindex -Xfrontend -serialize-debugging-options -profile-coverage-mapping -profile-generate -enable-testing -warnings-as-errors -index-store-path /Users/alex/Library/Developer/Xcode/DerivedData/Settlers-bqwdcayamsmaxsekctdqetlegmaf/Index.noindex/DataStore -Xcc -D_LIBCPP_HARDENING_MODE\=_LIBCPP_HARDENING_MODE_DEBUG -swift-version 6 -I /Users/alex/Library/Developer/Xcode/DerivedData/Settlers-bqwdcayamsmaxsekctdqetlegmaf/Build/Products/Debug-iphonesimulator -Isystem /Applications/Xcode.app/Contents/Developer/Platforms/iPhoneSimulator.platform/Developer/usr/lib -F /Users/alex/Library/Developer/Xcode/DerivedData/Settlers-bqwdcayamsmaxsekctdqetlegmaf/Build/Products/Debug-iphonesimulator/PackageFrameworks -F /Users/alex/Library/Developer/Xcode/DerivedData/Settlers-bqwdcayamsmaxsekctdqetlegmaf/Build/Products/Debug-iphonesimulator/PackageFrameworks -F /Users/alex/Library/Developer/Xcode/DerivedData/Settlers-bqwdcayamsmaxsekctdqetlegmaf/Build/Products/Debug-iphonesimulator -F /Applications/Xcode.app/Contents/Developer/Platforms/iPhoneSimulator.platform/Developer/Library/Frameworks -F /Applications/Xcode.app/Contents/Developer/Platforms/iPhoneSimulator.platform/Developer/SDKs/iPhoneSimulator26.5.sdk/Developer/Library/Frameworks -c -j18 -enable-batch-mode -incremental -Xcc -ivfsstatcache -Xcc /Users/alex/Library/Developer/Xcode/DerivedData/SDKStatCaches.noindex/iphonesimulator26.5-23F73-6cfe768891a92b912361537c460fe42b.sdkstatcache -output-file-map /Users/alex/Library/Developer/Xcode/DerivedData/Settlers-bqwdcayamsmaxsekctdqetlegmaf/Build/Intermediates.noindex/Settlers.build/Debug-iphonesimulator/SettlersTests.build/Objects-normal/arm64/SettlersTests-OutputFileMap.json -use-frontend-parseable-output -save-temps -no-color-diagnostics -explicit-module-build -module-cache-path /Users/alex/Library/Developer/Xcode/DerivedData/Settlers-bqwdcayamsmaxsekctdqetlegmaf/Build/Intermediates.noindex/SwiftExplicitPrecompiledModules -clang-scanner-module-cache-path /Users/alex/Library/Developer/Xcode/DerivedData/ModuleCache.noindex -sdk-module-cache-path /Users/alex/Library/Developer/Xcode/DerivedData/ModuleCache.noindex -serialize-diagnostics -emit-dependencies -emit-module -emit-module-path /Users/alex/Library/Developer/Xcode/DerivedData/Settlers-bqwdcayamsmaxsekctdqetlegmaf/Build/Intermediates.noindex/Settlers.build/Debug-iphonesimulator/SettlersTests.build/Objects-normal/arm64/SettlersTests.swiftmodule -validate-clang-modules-once -clang-build-session-file /Users/alex/Library/Developer/Xcode/DerivedData/ModuleCache.noindex/Session.modulevalidation -Xcc -I/Users/alex/Library/Developer/Xcode/DerivedData/Settlers-bqwdcayamsmaxsekctdqetlegmaf/Build/Intermediates.noindex/Settlers.build/Debug-iphonesimulator/SettlersTests.build/swift-overrides.hmap -emit-const-values -Xfrontend -const-gather-protocols-file -Xfrontend /Users/alex/Library/Developer/Xcode/DerivedData/Settlers-bqwdcayamsmaxsekctdqetlegmaf/Build/Intermediates.noindex/Settlers.build/Debug-iphonesimulator/SettlersTests.build/Objects-normal/arm64/SettlersTests_const_extract_protocols.json -Xcc -iquote -Xcc /Users/alex/Library/Developer/Xcode/DerivedData/Settlers-bqwdcayamsmaxsekctdqetlegmaf/Build/Intermediates.noindex/Settlers.build/Debug-iphonesimulator/SettlersTests.build/SettlersTests-generated-files.hmap -Xcc -I/Users/alex/Library/Developer/Xcode/DerivedData/Settlers-bqwdcayamsmaxsekctdqetlegmaf/Build/Intermediates.noindex/Settlers.build/Debug-iphonesimulator/SettlersTests.build/SettlersTests-own-target-headers.hmap -Xcc -I/Users/alex/Library/Developer/Xcode/DerivedData/Settlers-bqwdcayamsmaxsekctdqetlegmaf/Build/Intermediates.noindex/Settlers.build/Debug-iphonesimulator/SettlersTests.build/SettlersTests-all-non-framework-target-headers.hmap -Xcc -ivfsoverlay -Xcc /Users/alex/Library/Developer/Xcode/DerivedData/Settlers-bqwdcayamsmaxsekctdqetlegmaf/Build/Intermediates.noindex/Settlers.build/Debug-iphonesimulator/Settlers-9ad65172c434931f4eb5300f50bbe1d2-VFS-iphonesimulator/all-product-headers.yaml -Xcc -iquote -Xcc /Users/alex/Library/Developer/Xcode/DerivedData/Settlers-bqwdcayamsmaxsekctdqetlegmaf/Build/Intermediates.noindex/Settlers.build/Debug-iphonesimulator/SettlersTests.build/SettlersTests-project-headers.hmap -Xcc -I/Users/alex/Library/Developer/Xcode/DerivedData/Settlers-bqwdcayamsmaxsekctdqetlegmaf/Build/Products/Debug-iphonesimulator/include -Xcc -I/Users/alex/Library/Developer/Xcode/DerivedData/Settlers-bqwdcayamsmaxsekctdqetlegmaf/Build/Intermediates.noindex/Settlers.build/Debug-iphonesimulator/SettlersTests.build/DerivedSources-normal/arm64 -Xcc -I/Users/alex/Library/Developer/Xcode/DerivedData/Settlers-bqwdcayamsmaxsekctdqetlegmaf/Build/Intermediates.noindex/Settlers.build/Debug-iphonesimulator/SettlersTests.build/DerivedSources/arm64 -Xcc -I/Users/alex/Library/Developer/Xcode/DerivedData/Settlers-bqwdcayamsmaxsekctdqetlegmaf/Build/Intermediates.noindex/Settlers.build/Debug-iphonesimulator/SettlersTests.build/DerivedSources -Xcc -DDEBUG\=1 -emit-objc-header -emit-objc-header-path /Users/alex/Library/Developer/Xcode/DerivedData/Settlers-bqwdcayamsmaxsekctdqetlegmaf/Build/Intermediates.noindex/Settlers.build/Debug-iphonesimulator/SettlersTests.build/Objects-normal/arm64/SettlersTests-Swift.h -working-directory /Users/alex/.codex/worktrees/naval-exploration/Settlers -experimental-emit-module-separately -disable-cmo

SwiftExplicitDependencyCompileModuleFromInterface arm64 /Users/alex/Library/Developer/Xcode/DerivedData/Settlers-bqwdcayamsmaxsekctdqetlegmaf/Build/Intermediates.noindex/SwiftExplicitPrecompiledModules/XCUIAutomation-3U0HIGM5UC7UD.swiftmodule

SwiftExplicitDependencyCompileModuleFromInterface arm64 /Users/alex/Library/Developer/Xcode/DerivedData/Settlers-bqwdcayamsmaxsekctdqetlegmaf/Build/Intermediates.noindex/SwiftExplicitPrecompiledModules/Testing-25X0XQ7HYAKSV.swiftmodule

SwiftExplicitDependencyCompileModuleFromInterface arm64 /Users/alex/Library/Developer/Xcode/DerivedData/Settlers-bqwdcayamsmaxsekctdqetlegmaf/Build/Intermediates.noindex/SwiftExplicitPrecompiledModules/XCTest-1VJDU186DMD63.swiftmodule

SwiftExplicitDependencyCompileModuleFromInterface arm64 /Users/alex/Library/Developer/Xcode/DerivedData/Settlers-bqwdcayamsmaxsekctdqetlegmaf/Build/Intermediates.noindex/SwiftExplicitPrecompiledModules/_Testing_CoreGraphics-2C2CKRHXH1P88.swiftmodule

SwiftEmitModule normal arm64 Emitting\ module\ for\ SettlersUITests (in target 'SettlersUITests' from project 'Settlers')

EmitSwiftModule normal arm64 (in target 'SettlersUITests' from project 'Settlers')
    cd /Users/alex/.codex/worktrees/naval-exploration/Settlers
    

SwiftDriverJobDiscovery normal arm64 Compiling GameViewModel+QACompleteMatch.swift, GameViewModel+QAConquest.swift, GameViewModel+QADevCards.swift, GameViewModel+QADiscard.swift, GameViewModel+QAFeedback.swift, GameViewModel+QAProduction.swift, GameViewModel+QATrade.swift, GameViewModel+QATradeTapSafety.swift, GameViewModel+QAVast.swift, GameViewModel+Recovery.swift, InGameSettingsView.swift, MainMenuView.swift, MatchPersistenceTransaction.swift, NavalResourceChoiceView.swift, NewGameSetupView.swift, PlayerHUDView.swift, SeatCardView.swift, SeatNumberPickerPopup.swift, SettlersApp.swift, TradePopupView.swift (in target 'Settlers' from project 'Settlers')

SwiftExplicitDependencyCompileModuleFromInterface arm64 /Users/alex/Library/Developer/Xcode/DerivedData/Settlers-bqwdcayamsmaxsekctdqetlegmaf/Build/Intermediates.noindex/SwiftExplicitPrecompiledModules/_Testing_Foundation-3G4BKKVQK67WC.swiftmodule

SwiftExplicitDependencyCompileModuleFromInterface arm64 /Users/alex/Library/Developer/Xcode/DerivedData/Settlers-bqwdcayamsmaxsekctdqetlegmaf/Build/Intermediates.noindex/SwiftExplicitPrecompiledModules/_Testing_UIKit-1N9DXTKYT9CZK.swiftmodule

SwiftCompile normal arm64 Compiling\ NavalShipArtworkFlowTests.swift /Users/alex/.codex/worktrees/naval-exploration/Settlers/SettlersUITests/NavalShipArtworkFlowTests.swift (in target 'SettlersUITests' from project 'Settlers')
SwiftCompile normal arm64 /Users/alex/.codex/worktrees/naval-exploration/Settlers/SettlersUITests/NavalShipArtworkFlowTests.swift (in target 'SettlersUITests' from project 'Settlers')
    cd /Users/alex/.codex/worktrees/naval-exploration/Settlers
    

SwiftEmitModule normal arm64 Emitting\ module\ for\ SettlersTests (in target 'SettlersTests' from project 'Settlers')
EmitSwiftModule normal arm64 (in target 'SettlersTests' from project 'Settlers')
    cd /Users/alex/.codex/worktrees/naval-exploration/Settlers
    

SwiftDriverJobDiscovery normal arm64 Emitting module for SettlersUITests (in target 'SettlersUITests' from project 'Settlers')

SwiftDriver\ Compilation\ Requirements SettlersUITests normal arm64 com.apple.xcode.tools.swift.compiler (in target 'SettlersUITests' from project 'Settlers')
    cd /Users/alex/.codex/worktrees/naval-exploration/Settlers
    builtin-Swift-Compilation-Requirements -- /Applications/Xcode.app/Contents/Developer/Toolchains/XcodeDefault.xctoolchain/usr/bin/swiftc -module-name SettlersUITests -Onone @/Users/alex/Library/Developer/Xcode/DerivedData/Settlers-bqwdcayamsmaxsekctdqetlegmaf/Build/Intermediates.noindex/Settlers.build/Debug-iphonesimulator/SettlersUITests.build/Objects-normal/arm64/SettlersUITests.SwiftFileList -DDEBUG -module-alias Testing\=_Testing_Unavailable -driver-batch-count 2 -plugin-path /Applications/Xcode.app/Contents/Developer/Toolchains/XcodeDefault.xctoolchain/usr/lib/swift/host/plugins/testing -enable-experimental-feature DebugDescriptionMacro -sdk /Applications/Xcode.app/Contents/Developer/Platforms/iPhoneSimulator.platform/Developer/SDKs/iPhoneSimulator26.5.sdk -target arm64-apple-ios17.0-simulator -g -module-cache-path /Users/alex/Library/Developer/Xcode/DerivedData/ModuleCache.noindex -Xfrontend -serialize-debugging-options -profile-coverage-mapping -profile-generate -enable-testing -warnings-as-errors -index-store-path /Users/alex/Library/Developer/Xcode/DerivedData/Settlers-bqwdcayamsmaxsekctdqetlegmaf/Index.noindex/DataStore -Xcc -D_LIBCPP_HARDENING_MODE\=_LIBCPP_HARDENING_MODE_DEBUG -swift-version 6 -I /Users/alex/Library/Developer/Xcode/DerivedData/Settlers-bqwdcayamsmaxsekctdqetlegmaf/Build/Products/Debug-iphonesimulator -Isystem /Applications/Xcode.app/Contents/Developer/Platforms/iPhoneSimulator.platform/Developer/usr/lib -F /Users/alex/Library/Developer/Xcode/DerivedData/Settlers-bqwdcayamsmaxsekctdqetlegmaf/Build/Products/Debug-iphonesimulator -F /Applications/Xcode.app/Contents/Developer/Platforms/iPhoneSimulator.platform/Developer/Library/Frameworks -F /Applications/Xcode.app/Contents/Developer/Platforms/iPhoneSimulator.platform/Developer/SDKs/iPhoneSimulator26.5.sdk/Developer/Library/Frameworks -c -j18 -enable-batch-mode -incremental -Xcc -ivfsstatcache -Xcc /Users/alex/Library/Developer/Xcode/DerivedData/SDKStatCaches.noindex/iphonesimulator26.5-23F73-6cfe768891a92b912361537c460fe42b.sdkstatcache -output-file-map /Users/alex/Library/Developer/Xcode/DerivedData/Settlers-bqwdcayamsmaxsekctdqetlegmaf/Build/Intermediates.noindex/Settlers.build/Debug-iphonesimulator/SettlersUITests.build/Objects-normal/arm64/SettlersUITests-OutputFileMap.json -use-frontend-parseable-output -save-temps -no-color-diagnostics -explicit-module-build -module-cache-path /Users/alex/Library/Developer/Xcode/DerivedData/Settlers-bqwdcayamsmaxsekctdqetlegmaf/Build/Intermediates.noindex/SwiftExplicitPrecompiledModules -clang-scanner-module-cache-path /Users/alex/Library/Developer/Xcode/DerivedData/ModuleCache.noindex -sdk-module-cache-path /Users/alex/Library/Developer/Xcode/DerivedData/ModuleCache.noindex -serialize-diagnostics -emit-dependencies -emit-module -emit-module-path /Users/alex/Library/Developer/Xcode/DerivedData/Settlers-bqwdcayamsmaxsekctdqetlegmaf/Build/Intermediates.noindex/Settlers.build/Debug-iphonesimulator/SettlersUITests.build/Objects-normal/arm64/SettlersUITests.swiftmodule -validate-clang-modules-once -clang-build-session-file /Users/alex/Library/Developer/Xcode/DerivedData/ModuleCache.noindex/Session.modulevalidation -Xcc -I/Users/alex/Library/Developer/Xcode/DerivedData/Settlers-bqwdcayamsmaxsekctdqetlegmaf/Build/Intermediates.noindex/Settlers.build/Debug-iphonesimulator/SettlersUITests.build/swift-overrides.hmap -emit-const-values -Xfrontend -const-gather-protocols-file -Xfrontend /Users/alex/Library/Developer/Xcode/DerivedData/Settlers-bqwdcayamsmaxsekctdqetlegmaf/Build/Intermediates.noindex/Settlers.build/Debug-iphonesimulator/SettlersUITests.build/Objects-normal/arm64/SettlersUITests_const_extract_protocols.json -Xcc -iquote -Xcc /Users/alex/Library/Developer/Xcode/DerivedData/Settlers-bqwdcayamsmaxsekctdqetlegmaf/Build/Intermediates.noindex/Settlers.build/Debug-iphonesimulator/SettlersUITests.build/SettlersUITests-generated-files.hmap -Xcc -I/Users/alex/Library/Developer/Xcode/DerivedData/Settlers-bqwdcayamsmaxsekctdqetlegmaf/Build/Intermediates.noindex/Settlers.build/Debug-iphonesimulator/SettlersUITests.build/SettlersUITests-own-target-headers.hmap -Xcc -I/Users/alex/Library/Developer/Xcode/DerivedData/Settlers-bqwdcayamsmaxsekctdqetlegmaf/Build/Intermediates.noindex/Settlers.build/Debug-iphonesimulator/SettlersUITests.build/SettlersUITests-all-non-framework-target-headers.hmap -Xcc -ivfsoverlay -Xcc /Users/alex/Library/Developer/Xcode/DerivedData/Settlers-bqwdcayamsmaxsekctdqetlegmaf/Build/Intermediates.noindex/Settlers.build/Debug-iphonesimulator/Settlers-9ad65172c434931f4eb5300f50bbe1d2-VFS-iphonesimulator/all-product-headers.yaml -Xcc -iquote -Xcc /Users/alex/Library/Developer/Xcode/DerivedData/Settlers-bqwdcayamsmaxsekctdqetlegmaf/Build/Intermediates.noindex/Settlers.build/Debug-iphonesimulator/SettlersUITests.build/SettlersUITests-project-headers.hmap -Xcc -I/Users/alex/Library/Developer/Xcode/DerivedData/Settlers-bqwdcayamsmaxsekctdqetlegmaf/Build/Products/Debug-iphonesimulator/include -Xcc -I/Users/alex/Library/Developer/Xcode/DerivedData/Settlers-bqwdcayamsmaxsekctdqetlegmaf/Build/Intermediates.noindex/Settlers.build/Debug-iphonesimulator/SettlersUITests.build/DerivedSources-normal/arm64 -Xcc -I/Users/alex/Library/Developer/Xcode/DerivedData/Settlers-bqwdcayamsmaxsekctdqetlegmaf/Build/Intermediates.noindex/Settlers.build/Debug-iphonesimulator/SettlersUITests.build/DerivedSources/arm64 -Xcc -I/Users/alex/Library/Developer/Xcode/DerivedData/Settlers-bqwdcayamsmaxsekctdqetlegmaf/Build/Intermediates.noindex/Settlers.build/Debug-iphonesimulator/SettlersUITests.build/DerivedSources -Xcc -DDEBUG\=1 -emit-objc-header -emit-objc-header-path /Users/alex/Library/Developer/Xcode/DerivedData/Settlers-bqwdcayamsmaxsekctdqetlegmaf/Build/Intermediates.noindex/Settlers.build/Debug-iphonesimulator/SettlersUITests.build/Objects-normal/arm64/SettlersUITests-Swift.h -working-directory /Users/alex/.codex/worktrees/naval-exploration/Settlers -experimental-emit-module-separately -disable-cmo

SwiftDriverJobDiscovery normal arm64 Compiling NavalShipArtworkFlowTests.swift (in target 'SettlersUITests' from project 'Settlers')

SwiftCompile normal arm64 Compiling\ AppSettingsTests.swift,\ BoardDecisionViewModelTests.swift,\ BotDifficultyTests.swift,\ BotProgressTests.swift,\ CompleteMatchTests.swift,\ ConquestSetupTests.swift,\ DevelopmentCardJourneyTests.swift,\ ExpertRevisionTests.swift,\ GameLogStoreTests.swift,\ GameOverActionsTests.swift,\ GameViewModelCheckpointTests.swift,\ GameplayFeedbackCommitTests.swift,\ GhostCompletionIsolationTests.swift,\ GhostSeatTests.swift,\ HumanDecisionProvenanceTests.swift /Users/alex/.codex/worktrees/naval-exploration/Settlers/SettlersTests/AppSettingsTests.swift /Users/alex/.codex/worktrees/naval-exploration/Settlers/SettlersTests/BoardDecisionViewModelTests.swift /Users/alex/.codex/worktrees/naval-exploration/Settlers/SettlersTests/BotDifficultyTests.swift /Users/alex/.codex/worktrees/naval-exploration/Settlers/SettlersTests/BotProgressTests.swift /Users/alex/.codex/worktrees/naval-exploration/Settlers/SettlersTests/CompleteMatchTests.swift /Users/alex/.codex/worktrees/naval-exploration/Settlers/SettlersTests/ConquestSetupTests.swift /Users/alex/.codex/worktrees/naval-exploration/Settlers/SettlersTests/DevelopmentCardJourneyTests.swift /Users/alex/.codex/worktrees/naval-exploration/Settlers/SettlersTests/ExpertRevisionTests.swift /Users/alex/.codex/worktrees/naval-exploration/Settlers/SettlersTests/GameLogStoreTests.swift /Users/alex/.codex/worktrees/naval-exploration/Settlers/SettlersTests/GameOverActionsTests.swift /Users/alex/.codex/worktrees/naval-exploration/Settlers/SettlersTests/GameViewModelCheckpointTests.swift /Users/alex/.codex/worktrees/naval-exploration/Settlers/SettlersTests/GameplayFeedbackCommitTests.swift /Users/alex/.codex/worktrees/naval-exploration/Settlers/SettlersTests/GhostCompletionIsolationTests.swift /Users/alex/.codex/worktrees/naval-exploration/Settlers/SettlersTests/GhostSeatTests.swift /Users/alex/.codex/worktrees/naval-exploration/Settlers/SettlersTests/HumanDecisionProvenanceTests.swift (in target 'SettlersTests' from project 'Settlers')
SwiftCompile normal arm64 /Users/alex/.codex/worktrees/naval-exploration/Settlers/SettlersTests/AppSettingsTests.swift (in target 'SettlersTests' from project 'Settlers')
    cd /Users/alex/.codex/worktrees/naval-exploration/Settlers
    

SwiftCompile normal arm64 /Users/alex/.codex/worktrees/naval-exploration/Settlers/SettlersTests/BoardDecisionViewModelTests.swift (in target 'SettlersTests' from project 'Settlers')
    cd /Users/alex/.codex/worktrees/naval-exploration/Settlers
    

SwiftCompile normal arm64 /Users/alex/.codex/worktrees/naval-exploration/Settlers/SettlersTests/BotDifficultyTests.swift (in target 'SettlersTests' from project 'Settlers')
    cd /Users/alex/.codex/worktrees/naval-exploration/Settlers
    

SwiftCompile normal arm64 /Users/alex/.codex/worktrees/naval-exploration/Settlers/SettlersTests/BotProgressTests.swift (in target 'SettlersTests' from project 'Settlers')
    cd /Users/alex/.codex/worktrees/naval-exploration/Settlers
    

SwiftCompile normal arm64 /Users/alex/.codex/worktrees/naval-exploration/Settlers/SettlersTests/CompleteMatchTests.swift (in target 'SettlersTests' from project 'Settlers')
    cd /Users/alex/.codex/worktrees/naval-exploration/Settlers
    

SwiftCompile normal arm64 /Users/alex/.codex/worktrees/naval-exploration/Settlers/SettlersTests/ConquestSetupTests.swift (in target 'SettlersTests' from project 'Settlers')
    cd /Users/alex/.codex/worktrees/naval-exploration/Settlers
    

SwiftCompile normal arm64 /Users/alex/.codex/worktrees/naval-exploration/Settlers/SettlersTests/DevelopmentCardJourneyTests.swift (in target 'SettlersTests' from project 'Settlers')
    cd /Users/alex/.codex/worktrees/naval-exploration/Settlers
    

SwiftCompile normal arm64 /Users/alex/.codex/worktrees/naval-exploration/Settlers/SettlersTests/ExpertRevisionTests.swift (in target 'SettlersTests' from project 'Settlers')
    cd /Users/alex/.codex/worktrees/naval-exploration/Settlers
    

SwiftCompile normal arm64 /Users/alex/.codex/worktrees/naval-exploration/Settlers/SettlersTests/GameLogStoreTests.swift (in target 'SettlersTests' from project 'Settlers')
    cd /Users/alex/.codex/worktrees/naval-exploration/Settlers
    

SwiftCompile normal arm64 /Users/alex/.codex/worktrees/naval-exploration/Settlers/SettlersTests/GameOverActionsTests.swift (in target 'SettlersTests' from project 'Settlers')
    cd /Users/alex/.codex/worktrees/naval-exploration/Settlers
    

SwiftCompile normal arm64 /Users/alex/.codex/worktrees/naval-exploration/Settlers/SettlersTests/GameViewModelCheckpointTests.swift (in target 'SettlersTests' from project 'Settlers')
    cd /Users/alex/.codex/worktrees/naval-exploration/Settlers
    

SwiftCompile normal arm64 /Users/alex/.codex/worktrees/naval-exploration/Settlers/SettlersTests/GameplayFeedbackCommitTests.swift (in target 'SettlersTests' from project 'Settlers')
    cd /Users/alex/.codex/worktrees/naval-exploration/Settlers
    

SwiftCompile normal arm64 /Users/alex/.codex/worktrees/naval-exploration/Settlers/SettlersTests/GhostCompletionIsolationTests.swift (in target 'SettlersTests' from project 'Settlers')
    cd /Users/alex/.codex/worktrees/naval-exploration/Settlers
    

SwiftCompile normal arm64 /Users/alex/.codex/worktrees/naval-exploration/Settlers/SettlersTests/GhostSeatTests.swift (in target 'SettlersTests' from project 'Settlers')
    cd /Users/alex/.codex/worktrees/naval-exploration/Settlers
    

SwiftCompile normal arm64 /Users/alex/.codex/worktrees/naval-exploration/Settlers/SettlersTests/HumanDecisionProvenanceTests.swift (in target 'SettlersTests' from project 'Settlers')
    cd /Users/alex/.codex/worktrees/naval-exploration/Settlers
    

Copy /Users/alex/Library/Developer/Xcode/DerivedData/Settlers-bqwdcayamsmaxsekctdqetlegmaf/Build/Products/Debug-iphonesimulator/SettlersUITests.swiftmodule/Project/arm64-apple-ios-simulator.swiftsourceinfo /Users/alex/Library/Developer/Xcode/DerivedData/Settlers-bqwdcayamsmaxsekctdqetlegmaf/Build/Intermediates.noindex/Settlers.build/Debug-iphonesimulator/SettlersUITests.build/Objects-normal/arm64/SettlersUITests.swiftsourceinfo (in target 'SettlersUITests' from project 'Settlers')
    cd /Users/alex/.codex/worktrees/naval-exploration/Settlers
    builtin-copy -exclude .DS_Store -exclude CVS -exclude .svn -exclude .git -exclude .hg -resolve-src-symlinks -rename /Users/alex/Library/Developer/Xcode/DerivedData/Settlers-bqwdcayamsmaxsekctdqetlegmaf/Build/Intermediates.noindex/Settlers.build/Debug-iphonesimulator/SettlersUITests.build/Objects-normal/arm64/SettlersUITests.swiftsourceinfo /Users/alex/Library/Developer/Xcode/DerivedData/Settlers-bqwdcayamsmaxsekctdqetlegmaf/Build/Products/Debug-iphonesimulator/SettlersUITests.swiftmodule/Project/arm64-apple-ios-simulator.swiftsourceinfo

SwiftDriverJobDiscovery normal arm64 Emitting module for SettlersTests (in target 'SettlersTests' from project 'Settlers')

SwiftDriver\ Compilation\ Requirements SettlersTests normal arm64 com.apple.xcode.tools.swift.compiler (in target 'SettlersTests' from project 'Settlers')
    cd /Users/alex/.codex/worktrees/naval-exploration/Settlers
    builtin-Swift-Compilation-Requirements -- /Applications/Xcode.app/Contents/Developer/Toolchains/XcodeDefault.xctoolchain/usr/bin/swiftc -module-name SettlersTests -Onone @/Users/alex/Library/Developer/Xcode/DerivedData/Settlers-bqwdcayamsmaxsekctdqetlegmaf/Build/Intermediates.noindex/Settlers.build/Debug-iphonesimulator/SettlersTests.build/Objects-normal/arm64/SettlersTests.SwiftFileList -DDEBUG -driver-batch-count 2 -plugin-path /Applications/Xcode.app/Contents/Developer/Toolchains/XcodeDefault.xctoolchain/usr/lib/swift/host/plugins/testing -enable-experimental-feature DebugDescriptionMacro -sdk /Applications/Xcode.app/Contents/Developer/Platforms/iPhoneSimulator.platform/Developer/SDKs/iPhoneSimulator26.5.sdk -target arm64-apple-ios17.0-simulator -g -module-cache-path /Users/alex/Library/Developer/Xcode/DerivedData/ModuleCache.noindex -Xfrontend -serialize-debugging-options -profile-coverage-mapping -profile-generate -enable-testing -warnings-as-errors -index-store-path /Users/alex/Library/Developer/Xcode/DerivedData/Settlers-bqwdcayamsmaxsekctdqetlegmaf/Index.noindex/DataStore -Xcc -D_LIBCPP_HARDENING_MODE\=_LIBCPP_HARDENING_MODE_DEBUG -swift-version 6 -I /Users/alex/Library/Developer/Xcode/DerivedData/Settlers-bqwdcayamsmaxsekctdqetlegmaf/Build/Products/Debug-iphonesimulator -Isystem /Applications/Xcode.app/Contents/Developer/Platforms/iPhoneSimulator.platform/Developer/usr/lib -F /Users/alex/Library/Developer/Xcode/DerivedData/Settlers-bqwdcayamsmaxsekctdqetlegmaf/Build/Products/Debug-iphonesimulator/PackageFrameworks -F /Users/alex/Library/Developer/Xcode/DerivedData/Settlers-bqwdcayamsmaxsekctdqetlegmaf/Build/Products/Debug-iphonesimulator/PackageFrameworks -F /Users/alex/Library/Developer/Xcode/DerivedData/Settlers-bqwdcayamsmaxsekctdqetlegmaf/Build/Products/Debug-iphonesimulator -F /Applications/Xcode.app/Contents/Developer/Platforms/iPhoneSimulator.platform/Developer/Library/Frameworks -F /Applications/Xcode.app/Contents/Developer/Platforms/iPhoneSimulator.platform/Developer/SDKs/iPhoneSimulator26.5.sdk/Developer/Library/Frameworks -c -j18 -enable-batch-mode -incremental -Xcc -ivfsstatcache -Xcc /Users/alex/Library/Developer/Xcode/DerivedData/SDKStatCaches.noindex/iphonesimulator26.5-23F73-6cfe768891a92b912361537c460fe42b.sdkstatcache -output-file-map /Users/alex/Library/Developer/Xcode/DerivedData/Settlers-bqwdcayamsmaxsekctdqetlegmaf/Build/Intermediates.noindex/Settlers.build/Debug-iphonesimulator/SettlersTests.build/Objects-normal/arm64/SettlersTests-OutputFileMap.json -use-frontend-parseable-output -save-temps -no-color-diagnostics -explicit-module-build -module-cache-path /Users/alex/Library/Developer/Xcode/DerivedData/Settlers-bqwdcayamsmaxsekctdqetlegmaf/Build/Intermediates.noindex/SwiftExplicitPrecompiledModules -clang-scanner-module-cache-path /Users/alex/Library/Developer/Xcode/DerivedData/ModuleCache.noindex -sdk-module-cache-path /Users/alex/Library/Developer/Xcode/DerivedData/ModuleCache.noindex -serialize-diagnostics -emit-dependencies -emit-module -emit-module-path /Users/alex/Library/Developer/Xcode/DerivedData/Settlers-bqwdcayamsmaxsekctdqetlegmaf/Build/Intermediates.noindex/Settlers.build/Debug-iphonesimulator/SettlersTests.build/Objects-normal/arm64/SettlersTests.swiftmodule -validate-clang-modules-once -clang-build-session-file /Users/alex/Library/Developer/Xcode/DerivedData/ModuleCache.noindex/Session.modulevalidation -Xcc -I/Users/alex/Library/Developer/Xcode/DerivedData/Settlers-bqwdcayamsmaxsekctdqetlegmaf/Build/Intermediates.noindex/Settlers.build/Debug-iphonesimulator/SettlersTests.build/swift-overrides.hmap -emit-const-values -Xfrontend -const-gather-protocols-file -Xfrontend /Users/alex/Library/Developer/Xcode/DerivedData/Settlers-bqwdcayamsmaxsekctdqetlegmaf/Build/Intermediates.noindex/Settlers.build/Debug-iphonesimulator/SettlersTests.build/Objects-normal/arm64/SettlersTests_const_extract_protocols.json -Xcc -iquote -Xcc /Users/alex/Library/Developer/Xcode/DerivedData/Settlers-bqwdcayamsmaxsekctdqetlegmaf/Build/Intermediates.noindex/Settlers.build/Debug-iphonesimulator/SettlersTests.build/SettlersTests-generated-files.hmap -Xcc -I/Users/alex/Library/Developer/Xcode/DerivedData/Settlers-bqwdcayamsmaxsekctdqetlegmaf/Build/Intermediates.noindex/Settlers.build/Debug-iphonesimulator/SettlersTests.build/SettlersTests-own-target-headers.hmap -Xcc -I/Users/alex/Library/Developer/Xcode/DerivedData/Settlers-bqwdcayamsmaxsekctdqetlegmaf/Build/Intermediates.noindex/Settlers.build/Debug-iphonesimulator/SettlersTests.build/SettlersTests-all-non-framework-target-headers.hmap -Xcc -ivfsoverlay -Xcc /Users/alex/Library/Developer/Xcode/DerivedData/Settlers-bqwdcayamsmaxsekctdqetlegmaf/Build/Intermediates.noindex/Settlers.build/Debug-iphonesimulator/Settlers-9ad65172c434931f4eb5300f50bbe1d2-VFS-iphonesimulator/all-product-headers.yaml -Xcc -iquote -Xcc /Users/alex/Library/Developer/Xcode/DerivedData/Settlers-bqwdcayamsmaxsekctdqetlegmaf/Build/Intermediates.noindex/Settlers.build/Debug-iphonesimulator/SettlersTests.build/SettlersTests-project-headers.hmap -Xcc -I/Users/alex/Library/Developer/Xcode/DerivedData/Settlers-bqwdcayamsmaxsekctdqetlegmaf/Build/Products/Debug-iphonesimulator/include -Xcc -I/Users/alex/Library/Developer/Xcode/DerivedData/Settlers-bqwdcayamsmaxsekctdqetlegmaf/Build/Intermediates.noindex/Settlers.build/Debug-iphonesimulator/SettlersTests.build/DerivedSources-normal/arm64 -Xcc -I/Users/alex/Library/Developer/Xcode/DerivedData/Settlers-bqwdcayamsmaxsekctdqetlegmaf/Build/Intermediates.noindex/Settlers.build/Debug-iphonesimulator/SettlersTests.build/DerivedSources/arm64 -Xcc -I/Users/alex/Library/Developer/Xcode/DerivedData/Settlers-bqwdcayamsmaxsekctdqetlegmaf/Build/Intermediates.noindex/Settlers.build/Debug-iphonesimulator/SettlersTests.build/DerivedSources -Xcc -DDEBUG\=1 -emit-objc-header -emit-objc-header-path /Users/alex/Library/Developer/Xcode/DerivedData/Settlers-bqwdcayamsmaxsekctdqetlegmaf/Build/Intermediates.noindex/Settlers.build/Debug-iphonesimulator/SettlersTests.build/Objects-normal/arm64/SettlersTests-Swift.h -working-directory /Users/alex/.codex/worktrees/naval-exploration/Settlers -experimental-emit-module-separately -disable-cmo

Copy /Users/alex/Library/Developer/Xcode/DerivedData/Settlers-bqwdcayamsmaxsekctdqetlegmaf/Build/Products/Debug-iphonesimulator/SettlersUITests.swiftmodule/arm64-apple-ios-simulator.abi.json /Users/alex/Library/Developer/Xcode/DerivedData/Settlers-bqwdcayamsmaxsekctdqetlegmaf/Build/Intermediates.noindex/Settlers.build/Debug-iphonesimulator/SettlersUITests.build/Objects-normal/arm64/SettlersUITests.abi.json (in target 'SettlersUITests' from project 'Settlers')
    cd /Users/alex/.codex/worktrees/naval-exploration/Settlers
    builtin-copy -exclude .DS_Store -exclude CVS -exclude .svn -exclude .git -exclude .hg -resolve-src-symlinks -rename /Users/alex/Library/Developer/Xcode/DerivedData/Settlers-bqwdcayamsmaxsekctdqetlegmaf/Build/Intermediates.noindex/Settlers.build/Debug-iphonesimulator/SettlersUITests.build/Objects-normal/arm64/SettlersUITests.abi.json /Users/alex/Library/Developer/Xcode/DerivedData/Settlers-bqwdcayamsmaxsekctdqetlegmaf/Build/Products/Debug-iphonesimulator/SettlersUITests.swiftmodule/arm64-apple-ios-simulator.abi.json

Copy /Users/alex/Library/Developer/Xcode/DerivedData/Settlers-bqwdcayamsmaxsekctdqetlegmaf/Build/Products/Debug-iphonesimulator/SettlersTests.swiftmodule/Project/arm64-apple-ios-simulator.swiftsourceinfo /Users/alex/Library/Developer/Xcode/DerivedData/Settlers-bqwdcayamsmaxsekctdqetlegmaf/Build/Intermediates.noindex/Settlers.build/Debug-iphonesimulator/SettlersTests.build/Objects-normal/arm64/SettlersTests.swiftsourceinfo (in target 'SettlersTests' from project 'Settlers')
    cd /Users/alex/.codex/worktrees/naval-exploration/Settlers
    builtin-copy -exclude .DS_Store -exclude CVS -exclude .svn -exclude .git -exclude .hg -resolve-src-symlinks -rename /Users/alex/Library/Developer/Xcode/DerivedData/Settlers-bqwdcayamsmaxsekctdqetlegmaf/Build/Intermediates.noindex/Settlers.build/Debug-iphonesimulator/SettlersTests.build/Objects-normal/arm64/SettlersTests.swiftsourceinfo /Users/alex/Library/Developer/Xcode/DerivedData/Settlers-bqwdcayamsmaxsekctdqetlegmaf/Build/Products/Debug-iphonesimulator/SettlersTests.swiftmodule/Project/arm64-apple-ios-simulator.swiftsourceinfo

SwiftDriver\ Compilation SettlersUITests normal arm64 com.apple.xcode.tools.swift.compiler (in target 'SettlersUITests' from project 'Settlers')
    cd /Users/alex/.codex/worktrees/naval-exploration/Settlers
    builtin-Swift-Compilation -- /Applications/Xcode.app/Contents/Developer/Toolchains/XcodeDefault.xctoolchain/usr/bin/swiftc -module-name SettlersUITests -Onone @/Users/alex/Library/Developer/Xcode/DerivedData/Settlers-bqwdcayamsmaxsekctdqetlegmaf/Build/Intermediates.noindex/Settlers.build/Debug-iphonesimulator/SettlersUITests.build/Objects-normal/arm64/SettlersUITests.SwiftFileList -DDEBUG -module-alias Testing\=_Testing_Unavailable -driver-batch-count 2 -plugin-path /Applications/Xcode.app/Contents/Developer/Toolchains/XcodeDefault.xctoolchain/usr/lib/swift/host/plugins/testing -enable-experimental-feature DebugDescriptionMacro -sdk /Applications/Xcode.app/Contents/Developer/Platforms/iPhoneSimulator.platform/Developer/SDKs/iPhoneSimulator26.5.sdk -target arm64-apple-ios17.0-simulator -g -module-cache-path /Users/alex/Library/Developer/Xcode/DerivedData/ModuleCache.noindex -Xfrontend -serialize-debugging-options -profile-coverage-mapping -profile-generate -enable-testing -warnings-as-errors -index-store-path /Users/alex/Library/Developer/Xcode/DerivedData/Settlers-bqwdcayamsmaxsekctdqetlegmaf/Index.noindex/DataStore -Xcc -D_LIBCPP_HARDENING_MODE\=_LIBCPP_HARDENING_MODE_DEBUG -swift-version 6 -I /Users/alex/Library/Developer/Xcode/DerivedData/Settlers-bqwdcayamsmaxsekctdqetlegmaf/Build/Products/Debug-iphonesimulator -Isystem /Applications/Xcode.app/Contents/Developer/Platforms/iPhoneSimulator.platform/Developer/usr/lib -F /Users/alex/Library/Developer/Xcode/DerivedData/Settlers-bqwdcayamsmaxsekctdqetlegmaf/Build/Products/Debug-iphonesimulator -F /Applications/Xcode.app/Contents/Developer/Platforms/iPhoneSimulator.platform/Developer/Library/Frameworks -F /Applications/Xcode.app/Contents/Developer/Platforms/iPhoneSimulator.platform/Developer/SDKs/iPhoneSimulator26.5.sdk/Developer/Library/Frameworks -c -j18 -enable-batch-mode -incremental -Xcc -ivfsstatcache -Xcc /Users/alex/Library/Developer/Xcode/DerivedData/SDKStatCaches.noindex/iphonesimulator26.5-23F73-6cfe768891a92b912361537c460fe42b.sdkstatcache -output-file-map /Users/alex/Library/Developer/Xcode/DerivedData/Settlers-bqwdcayamsmaxsekctdqetlegmaf/Build/Intermediates.noindex/Settlers.build/Debug-iphonesimulator/SettlersUITests.build/Objects-normal/arm64/SettlersUITests-OutputFileMap.json -use-frontend-parseable-output -save-temps -no-color-diagnostics -explicit-module-build -module-cache-path /Users/alex/Library/Developer/Xcode/DerivedData/Settlers-bqwdcayamsmaxsekctdqetlegmaf/Build/Intermediates.noindex/SwiftExplicitPrecompiledModules -clang-scanner-module-cache-path /Users/alex/Library/Developer/Xcode/DerivedData/ModuleCache.noindex -sdk-module-cache-path /Users/alex/Library/Developer/Xcode/DerivedData/ModuleCache.noindex -serialize-diagnostics -emit-dependencies -emit-module -emit-module-path /Users/alex/Library/Developer/Xcode/DerivedData/Settlers-bqwdcayamsmaxsekctdqetlegmaf/Build/Intermediates.noindex/Settlers.build/Debug-iphonesimulator/SettlersUITests.build/Objects-normal/arm64/SettlersUITests.swiftmodule -validate-clang-modules-once -clang-build-session-file /Users/alex/Library/Developer/Xcode/DerivedData/ModuleCache.noindex/Session.modulevalidation -Xcc -I/Users/alex/Library/Developer/Xcode/DerivedData/Settlers-bqwdcayamsmaxsekctdqetlegmaf/Build/Intermediates.noindex/Settlers.build/Debug-iphonesimulator/SettlersUITests.build/swift-overrides.hmap -emit-const-values -Xfrontend -const-gather-protocols-file -Xfrontend /Users/alex/Library/Developer/Xcode/DerivedData/Settlers-bqwdcayamsmaxsekctdqetlegmaf/Build/Intermediates.noindex/Settlers.build/Debug-iphonesimulator/SettlersUITests.build/Objects-normal/arm64/SettlersUITests_const_extract_protocols.json -Xcc -iquote -Xcc /Users/alex/Library/Developer/Xcode/DerivedData/Settlers-bqwdcayamsmaxsekctdqetlegmaf/Build/Intermediates.noindex/Settlers.build/Debug-iphonesimulator/SettlersUITests.build/SettlersUITests-generated-files.hmap -Xcc -I/Users/alex/Library/Developer/Xcode/DerivedData/Settlers-bqwdcayamsmaxsekctdqetlegmaf/Build/Intermediates.noindex/Settlers.build/Debug-iphonesimulator/SettlersUITests.build/SettlersUITests-own-target-headers.hmap -Xcc -I/Users/alex/Library/Developer/Xcode/DerivedData/Settlers-bqwdcayamsmaxsekctdqetlegmaf/Build/Intermediates.noindex/Settlers.build/Debug-iphonesimulator/SettlersUITests.build/SettlersUITests-all-non-framework-target-headers.hmap -Xcc -ivfsoverlay -Xcc /Users/alex/Library/Developer/Xcode/DerivedData/Settlers-bqwdcayamsmaxsekctdqetlegmaf/Build/Intermediates.noindex/Settlers.build/Debug-iphonesimulator/Settlers-9ad65172c434931f4eb5300f50bbe1d2-VFS-iphonesimulator/all-product-headers.yaml -Xcc -iquote -Xcc /Users/alex/Library/Developer/Xcode/DerivedData/Settlers-bqwdcayamsmaxsekctdqetlegmaf/Build/Intermediates.noindex/Settlers.build/Debug-iphonesimulator/SettlersUITests.build/SettlersUITests-project-headers.hmap -Xcc -I/Users/alex/Library/Developer/Xcode/DerivedData/Settlers-bqwdcayamsmaxsekctdqetlegmaf/Build/Products/Debug-iphonesimulator/include -Xcc -I/Users/alex/Library/Developer/Xcode/DerivedData/Settlers-bqwdcayamsmaxsekctdqetlegmaf/Build/Intermediates.noindex/Settlers.build/Debug-iphonesimulator/SettlersUITests.build/DerivedSources-normal/arm64 -Xcc -I/Users/alex/Library/Developer/Xcode/DerivedData/Settlers-bqwdcayamsmaxsekctdqetlegmaf/Build/Intermediates.noindex/Settlers.build/Debug-iphonesimulator/SettlersUITests.build/DerivedSources/arm64 -Xcc -I/Users/alex/Library/Developer/Xcode/DerivedData/Settlers-bqwdcayamsmaxsekctdqetlegmaf/Build/Intermediates.noindex/Settlers.build/Debug-iphonesimulator/SettlersUITests.build/DerivedSources -Xcc -DDEBUG\=1 -emit-objc-header -emit-objc-header-path /Users/alex/Library/Developer/Xcode/DerivedData/Settlers-bqwdcayamsmaxsekctdqetlegmaf/Build/Intermediates.noindex/Settlers.build/Debug-iphonesimulator/SettlersUITests.build/Objects-normal/arm64/SettlersUITests-Swift.h -working-directory /Users/alex/.codex/worktrees/naval-exploration/Settlers -experimental-emit-module-separately -disable-cmo

Copy /Users/alex/Library/Developer/Xcode/DerivedData/Settlers-bqwdcayamsmaxsekctdqetlegmaf/Build/Products/Debug-iphonesimulator/SettlersTests.swiftmodule/arm64-apple-ios-simulator.abi.json /Users/alex/Library/Developer/Xcode/DerivedData/Settlers-bqwdcayamsmaxsekctdqetlegmaf/Build/Intermediates.noindex/Settlers.build/Debug-iphonesimulator/SettlersTests.build/Objects-normal/arm64/SettlersTests.abi.json (in target 'SettlersTests' from project 'Settlers')
    cd /Users/alex/.codex/worktrees/naval-exploration/Settlers
    builtin-copy -exclude .DS_Store -exclude CVS -exclude .svn -exclude .git -exclude .hg -resolve-src-symlinks -rename /Users/alex/Library/Developer/Xcode/DerivedData/Settlers-bqwdcayamsmaxsekctdqetlegmaf/Build/Intermediates.noindex/Settlers.build/Debug-iphonesimulator/SettlersTests.build/Objects-normal/arm64/SettlersTests.abi.json /Users/alex/Library/Developer/Xcode/DerivedData/Settlers-bqwdcayamsmaxsekctdqetlegmaf/Build/Products/Debug-iphonesimulator/SettlersTests.swiftmodule/arm64-apple-ios-simulator.abi.json

SwiftCompile normal arm64 Compiling\ HumanTradeOfferIntegrationTests.swift,\ IncomingOfferHoldTests.swift,\ IncrementalCheckpointValidationTests.swift,\ LiveSyncTests.swift,\ NavalBoardGeometryTests.swift,\ NavalMatchFlowTests.swift,\ NavalReleaseCompatibilityTests.swift,\ NavalShipArtworkTests.swift,\ NewGameEndToEndTests.swift,\ OpponentProfileIntegrationTests.swift,\ PreMergeAuditRegressionTests.swift,\ RobberDragJourneyTests.swift,\ SaveRecoveryTests.swift,\ TradeTapSafetyFixtureTests.swift /Users/alex/.codex/worktrees/naval-exploration/Settlers/SettlersTests/HumanTradeOfferIntegrationTests.swift /Users/alex/.codex/worktrees/naval-exploration/Settlers/SettlersTests/IncomingOfferHoldTests.swift /Users/alex/.codex/worktrees/naval-exploration/Settlers/SettlersTests/IncrementalCheckpointValidationTests.swift /Users/alex/.codex/worktrees/naval-exploration/Settlers/SettlersTests/LiveSyncTests.swift /Users/alex/.codex/worktrees/naval-exploration/Settlers/SettlersTests/NavalBoardGeometryTests.swift /Users/alex/.codex/worktrees/naval-exploration/Settlers/SettlersTests/NavalMatchFlowTests.swift /Users/alex/.codex/worktrees/naval-exploration/Settlers/SettlersTests/NavalReleaseCompatibilityTests.swift /Users/alex/.codex/worktrees/naval-exploration/Settlers/SettlersTests/NavalShipArtworkTests.swift /Users/alex/.codex/worktrees/naval-exploration/Settlers/SettlersTests/NewGameEndToEndTests.swift /Users/alex/.codex/worktrees/naval-exploration/Settlers/SettlersTests/OpponentProfileIntegrationTests.swift /Users/alex/.codex/worktrees/naval-exploration/Settlers/SettlersTests/PreMergeAuditRegressionTests.swift /Users/alex/.codex/worktrees/naval-exploration/Settlers/SettlersTests/RobberDragJourneyTests.swift /Users/alex/.codex/worktrees/naval-exploration/Settlers/SettlersTests/SaveRecoveryTests.swift /Users/alex/.codex/worktrees/naval-exploration/Settlers/SettlersTests/TradeTapSafetyFixtureTests.swift (in target 'SettlersTests' from project 'Settlers')
SwiftCompile normal arm64 /Users/alex/.codex/worktrees/naval-exploration/Settlers/SettlersTests/HumanTradeOfferIntegrationTests.swift (in target 'SettlersTests' from project 'Settlers')
    cd /Users/alex/.codex/worktrees/naval-exploration/Settlers
    

SwiftCompile normal arm64 /Users/alex/.codex/worktrees/naval-exploration/Settlers/SettlersTests/IncomingOfferHoldTests.swift (in target 'SettlersTests' from project 'Settlers')
    cd /Users/alex/.codex/worktrees/naval-exploration/Settlers
    

SwiftCompile normal arm64 /Users/alex/.codex/worktrees/naval-exploration/Settlers/SettlersTests/IncrementalCheckpointValidationTests.swift (in target 'SettlersTests' from project 'Settlers')
    cd /Users/alex/.codex/worktrees/naval-exploration/Settlers
    

SwiftCompile normal arm64 /Users/alex/.codex/worktrees/naval-exploration/Settlers/SettlersTests/LiveSyncTests.swift (in target 'SettlersTests' from project 'Settlers')
    cd /Users/alex/.codex/worktrees/naval-exploration/Settlers
    

SwiftCompile normal arm64 /Users/alex/.codex/worktrees/naval-exploration/Settlers/SettlersTests/NavalBoardGeometryTests.swift (in target 'SettlersTests' from project 'Settlers')
    cd /Users/alex/.codex/worktrees/naval-exploration/Settlers
    

SwiftCompile normal arm64 /Users/alex/.codex/worktrees/naval-exploration/Settlers/SettlersTests/NavalMatchFlowTests.swift (in target 'SettlersTests' from project 'Settlers')
    cd /Users/alex/.codex/worktrees/naval-exploration/Settlers
    

SwiftCompile normal arm64 /Users/alex/.codex/worktrees/naval-exploration/Settlers/SettlersTests/NavalReleaseCompatibilityTests.swift (in target 'SettlersTests' from project 'Settlers')
    cd /Users/alex/.codex/worktrees/naval-exploration/Settlers
    

SwiftCompile normal arm64 /Users/alex/.codex/worktrees/naval-exploration/Settlers/SettlersTests/NavalShipArtworkTests.swift (in target 'SettlersTests' from project 'Settlers')
    cd /Users/alex/.codex/worktrees/naval-exploration/Settlers
    

SwiftCompile normal arm64 /Users/alex/.codex/worktrees/naval-exploration/Settlers/SettlersTests/NewGameEndToEndTests.swift (in target 'SettlersTests' from project 'Settlers')
    cd /Users/alex/.codex/worktrees/naval-exploration/Settlers
    

SwiftCompile normal arm64 /Users/alex/.codex/worktrees/naval-exploration/Settlers/SettlersTests/OpponentProfileIntegrationTests.swift (in target 'SettlersTests' from project 'Settlers')
    cd /Users/alex/.codex/worktrees/naval-exploration/Settlers
    

SwiftCompile normal arm64 /Users/alex/.codex/worktrees/naval-exploration/Settlers/SettlersTests/PreMergeAuditRegressionTests.swift (in target 'SettlersTests' from project 'Settlers')
    cd /Users/alex/.codex/worktrees/naval-exploration/Settlers
    

SwiftCompile normal arm64 /Users/alex/.codex/worktrees/naval-exploration/Settlers/SettlersTests/RobberDragJourneyTests.swift (in target 'SettlersTests' from project 'Settlers')
    cd /Users/alex/.codex/worktrees/naval-exploration/Settlers
    

SwiftCompile normal arm64 /Users/alex/.codex/worktrees/naval-exploration/Settlers/SettlersTests/SaveRecoveryTests.swift (in target 'SettlersTests' from project 'Settlers')
    cd /Users/alex/.codex/worktrees/naval-exploration/Settlers
    

SwiftCompile normal arm64 /Users/alex/.codex/worktrees/naval-exploration/Settlers/SettlersTests/TradeTapSafetyFixtureTests.swift (in target 'SettlersTests' from project 'Settlers')
    cd /Users/alex/.codex/worktrees/naval-exploration/Settlers
    

SwiftDriverJobDiscovery normal arm64 Compiling AppSettingsTests.swift, BoardDecisionViewModelTests.swift, BotDifficultyTests.swift, BotProgressTests.swift, CompleteMatchTests.swift, ConquestSetupTests.swift, DevelopmentCardJourneyTests.swift, ExpertRevisionTests.swift, GameLogStoreTests.swift, GameOverActionsTests.swift, GameViewModelCheckpointTests.swift, GameplayFeedbackCommitTests.swift, GhostCompletionIsolationTests.swift, GhostSeatTests.swift, HumanDecisionProvenanceTests.swift (in target 'SettlersTests' from project 'Settlers')

SwiftDriver\ Compilation Settlers normal arm64 com.apple.xcode.tools.swift.compiler (in target 'Settlers' from project 'Settlers')
    cd /Users/alex/.codex/worktrees/naval-exploration/Settlers
    builtin-Swift-Compilation -- /Applications/Xcode.app/Contents/Developer/Toolchains/XcodeDefault.xctoolchain/usr/bin/swiftc -module-name Settlers -Onone @/Users/alex/Library/Developer/Xcode/DerivedData/Settlers-bqwdcayamsmaxsekctdqetlegmaf/Build/Intermediates.noindex/Settlers.build/Debug-iphonesimulator/Settlers.build/Objects-normal/arm64/Settlers.SwiftFileList -DDEBUG -driver-batch-count 2 -enable-experimental-feature DebugDescriptionMacro -sdk /Applications/Xcode.app/Contents/Developer/Platforms/iPhoneSimulator.platform/Developer/SDKs/iPhoneSimulator26.5.sdk -target arm64-apple-ios17.0-simulator -g -module-cache-path /Users/alex/Library/Developer/Xcode/DerivedData/ModuleCache.noindex -Xfrontend -serialize-debugging-options -profile-coverage-mapping -profile-generate -enable-testing -warnings-as-errors -index-store-path /Users/alex/Library/Developer/Xcode/DerivedData/Settlers-bqwdcayamsmaxsekctdqetlegmaf/Index.noindex/DataStore -Xcc -D_LIBCPP_HARDENING_MODE\=_LIBCPP_HARDENING_MODE_DEBUG -swift-version 6 -I /Users/alex/Library/Developer/Xcode/DerivedData/Settlers-bqwdcayamsmaxsekctdqetlegmaf/Build/Products/Debug-iphonesimulator -F /Users/alex/Library/Developer/Xcode/DerivedData/Settlers-bqwdcayamsmaxsekctdqetlegmaf/Build/Products/Debug-iphonesimulator/PackageFrameworks -F /Users/alex/Library/Developer/Xcode/DerivedData/Settlers-bqwdcayamsmaxsekctdqetlegmaf/Build/Products/Debug-iphonesimulator/PackageFrameworks -F /Users/alex/Library/Developer/Xcode/DerivedData/Settlers-bqwdcayamsmaxsekctdqetlegmaf/Build/Products/Debug-iphonesimulator -c -j18 -enable-batch-mode -incremental -Xcc -ivfsstatcache -Xcc /Users/alex/Library/Developer/Xcode/DerivedData/SDKStatCaches.noindex/iphonesimulator26.5-23F73-6cfe768891a92b912361537c460fe42b.sdkstatcache -output-file-map /Users/alex/Library/Developer/Xcode/DerivedData/Settlers-bqwdcayamsmaxsekctdqetlegmaf/Build/Intermediates.noindex/Settlers.build/Debug-iphonesimulator/Settlers.build/Objects-normal/arm64/Settlers-OutputFileMap.json -use-frontend-parseable-output -save-temps -no-color-diagnostics -explicit-module-build -module-cache-path /Users/alex/Library/Developer/Xcode/DerivedData/Settlers-bqwdcayamsmaxsekctdqetlegmaf/Build/Intermediates.noindex/SwiftExplicitPrecompiledModules -clang-scanner-module-cache-path /Users/alex/Library/Developer/Xcode/DerivedData/ModuleCache.noindex -sdk-module-cache-path /Users/alex/Library/Developer/Xcode/DerivedData/ModuleCache.noindex -serialize-diagnostics -emit-dependencies -emit-module -emit-module-path /Users/alex/Library/Developer/Xcode/DerivedData/Settlers-bqwdcayamsmaxsekctdqetlegmaf/Build/Intermediates.noindex/Settlers.build/Debug-iphonesimulator/Settlers.build/Objects-normal/arm64/Settlers.swiftmodule -validate-clang-modules-once -clang-build-session-file /Users/alex/Library/Developer/Xcode/DerivedData/ModuleCache.noindex/Session.modulevalidation -Xcc -I/Users/alex/Library/Developer/Xcode/DerivedData/Settlers-bqwdcayamsmaxsekctdqetlegmaf/Build/Intermediates.noindex/Settlers.build/Debug-iphonesimulator/Settlers.build/swift-overrides.hmap -emit-const-values -Xfrontend -const-gather-protocols-file -Xfrontend /Users/alex/Library/Developer/Xcode/DerivedData/Settlers-bqwdcayamsmaxsekctdqetlegmaf/Build/Intermediates.noindex/Settlers.build/Debug-iphonesimulator/Settlers.build/Objects-normal/arm64/Settlers_const_extract_protocols.json -Xcc -iquote -Xcc /Users/alex/Library/Developer/Xcode/DerivedData/Settlers-bqwdcayamsmaxsekctdqetlegmaf/Build/Intermediates.noindex/Settlers.build/Debug-iphonesimulator/Settlers.build/Settlers-generated-files.hmap -Xcc -I/Users/alex/Library/Developer/Xcode/DerivedData/Settlers-bqwdcayamsmaxsekctdqetlegmaf/Build/Intermediates.noindex/Settlers.build/Debug-iphonesimulator/Settlers.build/Settlers-own-target-headers.hmap -Xcc -I/Users/alex/Library/Developer/Xcode/DerivedData/Settlers-bqwdcayamsmaxsekctdqetlegmaf/Build/Intermediates.noindex/Settlers.build/Debug-iphonesimulator/Settlers.build/Settlers-all-non-framework-target-headers.hmap -Xcc -ivfsoverlay -Xcc /Users/alex/Library/Developer/Xcode/DerivedData/Settlers-bqwdcayamsmaxsekctdqetlegmaf/Build/Intermediates.noindex/Settlers.build/Debug-iphonesimulator/Settlers-9ad65172c434931f4eb5300f50bbe1d2-VFS-iphonesimulator/all-product-headers.yaml -Xcc -iquote -Xcc /Users/alex/Library/Developer/Xcode/DerivedData/Settlers-bqwdcayamsmaxsekctdqetlegmaf/Build/Intermediates.noindex/Settlers.build/Debug-iphonesimulator/Settlers.build/Settlers-project-headers.hmap -Xcc -I/Users/alex/Library/Developer/Xcode/DerivedData/Settlers-bqwdcayamsmaxsekctdqetlegmaf/Build/Products/Debug-iphonesimulator/include -Xcc -I/Users/alex/Library/Developer/Xcode/DerivedData/Settlers-bqwdcayamsmaxsekctdqetlegmaf/Build/Intermediates.noindex/Settlers.build/Debug-iphonesimulator/Settlers.build/DerivedSources-normal/arm64 -Xcc -I/Users/alex/Library/Developer/Xcode/DerivedData/Settlers-bqwdcayamsmaxsekctdqetlegmaf/Build/Intermediates.noindex/Settlers.build/Debug-iphonesimulator/Settlers.build/DerivedSources/arm64 -Xcc -I/Users/alex/Library/Developer/Xcode/DerivedData/Settlers-bqwdcayamsmaxsekctdqetlegmaf/Build/Intermediates.noindex/Settlers.build/Debug-iphonesimulator/Settlers.build/DerivedSources -Xcc -DDEBUG\=1 -emit-objc-header -emit-objc-header-path /Users/alex/Library/Developer/Xcode/DerivedData/Settlers-bqwdcayamsmaxsekctdqetlegmaf/Build/Intermediates.noindex/Settlers.build/Debug-iphonesimulator/Settlers.build/Objects-normal/arm64/Settlers-Swift.h -working-directory /Users/alex/.codex/worktrees/naval-exploration/Settlers -experimental-emit-module-separately -disable-cmo

Ld /Users/alex/Library/Developer/Xcode/DerivedData/Settlers-bqwdcayamsmaxsekctdqetlegmaf/Build/Products/Debug-iphonesimulator/Settlers.app/Settlers.debug.dylib normal (in target 'Settlers' from project 'Settlers')
    cd /Users/alex/.codex/worktrees/naval-exploration/Settlers
    /Applications/Xcode.app/Contents/Developer/Toolchains/XcodeDefault.xctoolchain/usr/bin/clang -Xlinker -reproducible -target arm64-apple-ios17.0-simulator -dynamiclib -isysroot /Applications/Xcode.app/Contents/Developer/Platforms/iPhoneSimulator.platform/Developer/SDKs/iPhoneSimulator26.5.sdk -O0 -L/Users/alex/Library/Developer/Xcode/DerivedData/Settlers-bqwdcayamsmaxsekctdqetlegmaf/Build/Intermediates.noindex/EagerLinkingTBDs/Debug-iphonesimulator -L/Users/alex/Library/Developer/Xcode/DerivedData/Settlers-bqwdcayamsmaxsekctdqetlegmaf/Build/Products/Debug-iphonesimulator -F/Users/alex/Library/Developer/Xcode/DerivedData/Settlers-bqwdcayamsmaxsekctdqetlegmaf/Build/Intermediates.noindex/EagerLinkingTBDs/Debug-iphonesimulator -F/Users/alex/Library/Developer/Xcode/DerivedData/Settlers-bqwdcayamsmaxsekctdqetlegmaf/Build/Products/Debug-iphonesimulator/PackageFrameworks -F/Users/alex/Library/Developer/Xcode/DerivedData/Settlers-bqwdcayamsmaxsekctdqetlegmaf/Build/Products/Debug-iphonesimulator/PackageFrameworks -F/Users/alex/Library/Developer/Xcode/DerivedData/Settlers-bqwdcayamsmaxsekctdqetlegmaf/Build/Products/Debug-iphonesimulator -filelist /Users/alex/Library/Developer/Xcode/DerivedData/Settlers-bqwdcayamsmaxsekctdqetlegmaf/Build/Intermediates.noindex/Settlers.build/Debug-iphonesimulator/Settlers.build/Objects-normal/arm64/Settlers.LinkFileList -install_name @rpath/Settlers.debug.dylib -Xlinker -rpath -Xlinker /usr/lib/swift -Xlinker -rpath -Xlinker /Users/alex/Library/Developer/Xcode/DerivedData/Settlers-bqwdcayamsmaxsekctdqetlegmaf/Build/Products/Debug-iphonesimulator/PackageFrameworks -Xlinker -rpath -Xlinker @executable_path/Frameworks -Xlinker -dead_strip -Xlinker -object_path_lto -Xlinker /Users/alex/Library/Developer/Xcode/DerivedData/Settlers-bqwdcayamsmaxsekctdqetlegmaf/Build/Intermediates.noindex/Settlers.build/Debug-iphonesimulator/Settlers.build/Objects-normal/arm64/Settlers_lto.o -rdynamic -Xlinker -no_deduplicate -Xlinker -objc_abi_version -Xlinker 2 -Xlinker -debug_variant -Xlinker -dependency_info -Xlinker /Users/alex/Library/Developer/Xcode/DerivedData/Settlers-bqwdcayamsmaxsekctdqetlegmaf/Build/Intermediates.noindex/Settlers.build/Debug-iphonesimulator/Settlers.build/Objects-normal/arm64/Settlers_dependency_info.dat -fobjc-link-runtime -fprofile-instr-generate -L/Applications/Xcode.app/Contents/Developer/Toolchains/XcodeDefault.xctoolchain/usr/lib/swift/iphonesimulator -L/usr/lib/swift -Xlinker -add_ast_path -Xlinker /Users/alex/Library/Developer/Xcode/DerivedData/Settlers-bqwdcayamsmaxsekctdqetlegmaf/Build/Intermediates.noindex/Settlers.build/Debug-iphonesimulator/Settlers.build/Objects-normal/arm64/Settlers.swiftmodule @/Users/alex/Library/Developer/Xcode/DerivedData/Settlers-bqwdcayamsmaxsekctdqetlegmaf/Build/Intermediates.noindex/Settlers.build/Debug-iphonesimulator/Settlers.build/Objects-normal/arm64/Settlers-linker-args.resp -Wl,-no_warn_duplicate_libraries -Wl,-no_warn_duplicate_libraries -Xlinker -alias -Xlinker _main -Xlinker ___debug_main_executable_dylib_entry_point -Xlinker -no_adhoc_codesign -o /Users/alex/Library/Developer/Xcode/DerivedData/Settlers-bqwdcayamsmaxsekctdqetlegmaf/Build/Products/Debug-iphonesimulator/Settlers.app/Settlers.debug.dylib -Xlinker -add_ast_path -Xlinker /Users/alex/Library/Developer/Xcode/DerivedData/Settlers-bqwdcayamsmaxsekctdqetlegmaf/Build/Intermediates.noindex/CatanEngine.build/Debug-iphonesimulator/CatanEngine.build/Objects-normal/arm64/CatanEngine.swiftmodule @/Users/alex/Library/Developer/Xcode/DerivedData/Settlers-bqwdcayamsmaxsekctdqetlegmaf/Build/Intermediates.noindex/CatanEngine.build/Debug-iphonesimulator/CatanEngine.build/Objects-normal/arm64/CatanEngine-linker-args.resp -Xlinker -add_ast_path -Xlinker /Users/alex/Library/Developer/Xcode/DerivedData/Settlers-bqwdcayamsmaxsekctdqetlegmaf/Build/Intermediates.noindex/CatanAI.build/Debug-iphonesimulator/CatanAI.build/Objects-normal/arm64/CatanAI.swiftmodule @/Users/alex/Library/Developer/Xcode/DerivedData/Settlers-bqwdcayamsmaxsekctdqetlegmaf/Build/Intermediates.noindex/CatanAI.build/Debug-iphonesimulator/CatanAI.build/Objects-normal/arm64/CatanAI-linker-args.resp

ConstructStubExecutorLinkFileList /Users/alex/Library/Developer/Xcode/DerivedData/Settlers-bqwdcayamsmaxsekctdqetlegmaf/Build/Intermediates.noindex/Settlers.build/Debug-iphonesimulator/Settlers.build/Settlers-ExecutorLinkFileList-normal-arm64.txt (in target 'Settlers' from project 'Settlers')
    cd /Users/alex/.codex/worktrees/naval-exploration/Settlers
    construct-stub-executor-link-file-list /Users/alex/Library/Developer/Xcode/DerivedData/Settlers-bqwdcayamsmaxsekctdqetlegmaf/Build/Products/Debug-iphonesimulator/Settlers.app/Settlers.debug.dylib /Applications/Xcode.app/Contents/Developer/Platforms/iPhoneSimulator.platform/Developer/usr/lib/libPreviewsJITStubExecutor_no_swift_entry_point.a /Applications/Xcode.app/Contents/Developer/Platforms/iPhoneSimulator.platform/Developer/usr/lib/libPreviewsJITStubExecutor.a --output /Users/alex/Library/Developer/Xcode/DerivedData/Settlers-bqwdcayamsmaxsekctdqetlegmaf/Build/Intermediates.noindex/Settlers.build/Debug-iphonesimulator/Settlers.build/Settlers-ExecutorLinkFileList-normal-arm64.txt
note: Using stub executor library with Swift entry point. (in target 'Settlers' from project 'Settlers')

Ld /Users/alex/Library/Developer/Xcode/DerivedData/Settlers-bqwdcayamsmaxsekctdqetlegmaf/Build/Products/Debug-iphonesimulator/Settlers.app/Settlers normal (in target 'Settlers' from project 'Settlers')
    cd /Users/alex/.codex/worktrees/naval-exploration/Settlers
    /Applications/Xcode.app/Contents/Developer/Toolchains/XcodeDefault.xctoolchain/usr/bin/clang -Xlinker -reproducible -target arm64-apple-ios17.0-simulator -isysroot /Applications/Xcode.app/Contents/Developer/Platforms/iPhoneSimulator.platform/Developer/SDKs/iPhoneSimulator26.5.sdk -O0 -L/Users/alex/Library/Developer/Xcode/DerivedData/Settlers-bqwdcayamsmaxsekctdqetlegmaf/Build/Products/Debug-iphonesimulator -F/Users/alex/Library/Developer/Xcode/DerivedData/Settlers-bqwdcayamsmaxsekctdqetlegmaf/Build/Products/Debug-iphonesimulator/PackageFrameworks -F/Users/alex/Library/Developer/Xcode/DerivedData/Settlers-bqwdcayamsmaxsekctdqetlegmaf/Build/Products/Debug-iphonesimulator/PackageFrameworks -F/Users/alex/Library/Developer/Xcode/DerivedData/Settlers-bqwdcayamsmaxsekctdqetlegmaf/Build/Products/Debug-iphonesimulator -Xlinker -rpath -Xlinker @executable_path -Xlinker -rpath -Xlinker /Users/alex/Library/Developer/Xcode/DerivedData/Settlers-bqwdcayamsmaxsekctdqetlegmaf/Build/Products/Debug-iphonesimulator/PackageFrameworks -Xlinker -rpath -Xlinker @executable_path/Frameworks -rdynamic -Xlinker -no_deduplicate -Xlinker -objc_abi_version -Xlinker 2 -Xlinker -debug_variant -e ___debug_blank_executor_main -Xlinker -sectcreate -Xlinker __TEXT -Xlinker __debug_dylib -Xlinker /Users/alex/Library/Developer/Xcode/DerivedData/Settlers-bqwdcayamsmaxsekctdqetlegmaf/Build/Intermediates.noindex/Settlers.build/Debug-iphonesimulator/Settlers.build/Settlers-DebugDylibPath-normal-arm64.txt -Xlinker -sectcreate -Xlinker __TEXT -Xlinker __debug_instlnm -Xlinker /Users/alex/Library/Developer/Xcode/DerivedData/Settlers-bqwdcayamsmaxsekctdqetlegmaf/Build/Intermediates.noindex/Settlers.build/Debug-iphonesimulator/Settlers.build/Settlers-DebugDylibInstallName-normal-arm64.txt -Xlinker -filelist -Xlinker /Users/alex/Library/Developer/Xcode/DerivedData/Settlers-bqwdcayamsmaxsekctdqetlegmaf/Build/Intermediates.noindex/Settlers.build/Debug-iphonesimulator/Settlers.build/Settlers-ExecutorLinkFileList-normal-arm64.txt -Xlinker -sectcreate -Xlinker __TEXT -Xlinker __entitlements -Xlinker /Users/alex/Library/Developer/Xcode/DerivedData/Settlers-bqwdcayamsmaxsekctdqetlegmaf/Build/Intermediates.noindex/Settlers.build/Debug-iphonesimulator/Settlers.build/Settlers.app-Simulated.xcent -Xlinker -sectcreate -Xlinker __TEXT -Xlinker __ents_der -Xlinker /Users/alex/Library/Developer/Xcode/DerivedData/Settlers-bqwdcayamsmaxsekctdqetlegmaf/Build/Intermediates.noindex/Settlers.build/Debug-iphonesimulator/Settlers.build/Settlers.app-Simulated.xcent.der /Users/alex/Library/Developer/Xcode/DerivedData/Settlers-bqwdcayamsmaxsekctdqetlegmaf/Build/Products/Debug-iphonesimulator/Settlers.app/Settlers.debug.dylib -Xlinker -no_adhoc_codesign -o /Users/alex/Library/Developer/Xcode/DerivedData/Settlers-bqwdcayamsmaxsekctdqetlegmaf/Build/Products/Debug-iphonesimulator/Settlers.app/Settlers

ExtractAppIntentsMetadata (in target 'Settlers' from project 'Settlers')
    cd /Users/alex/.codex/worktrees/naval-exploration/Settlers
    /Applications/Xcode.app/Contents/Developer/Toolchains/XcodeDefault.xctoolchain/usr/bin/appintentsmetadataprocessor --toolchain-dir /Applications/Xcode.app/Contents/Developer/Toolchains/XcodeDefault.xctoolchain --module-name Settlers --sdk-root /Applications/Xcode.app/Contents/Developer/Platforms/iPhoneSimulator.platform/Developer/SDKs/iPhoneSimulator26.5.sdk --xcode-version 17F42 --platform-family iOS --deployment-target 17.0 --bundle-identifier com.alexchandler.empires --output /Users/alex/Library/Developer/Xcode/DerivedData/Settlers-bqwdcayamsmaxsekctdqetlegmaf/Build/Products/Debug-iphonesimulator/Settlers.app --target-triple arm64-apple-ios17.0-simulator --binary-file /Users/alex/Library/Developer/Xcode/DerivedData/Settlers-bqwdcayamsmaxsekctdqetlegmaf/Build/Products/Debug-iphonesimulator/Settlers.app/Settlers --dependency-file /Users/alex/Library/Developer/Xcode/DerivedData/Settlers-bqwdcayamsmaxsekctdqetlegmaf/Build/Intermediates.noindex/Settlers.build/Debug-iphonesimulator/Settlers.build/Objects-normal/arm64/Settlers_dependency_info.dat --stringsdata-file /Users/alex/Library/Developer/Xcode/DerivedData/Settlers-bqwdcayamsmaxsekctdqetlegmaf/Build/Intermediates.noindex/Settlers.build/Debug-iphonesimulator/Settlers.build/Objects-normal/arm64/ExtractedAppShortcutsMetadata.stringsdata --source-file-list /Users/alex/Library/Developer/Xcode/DerivedData/Settlers-bqwdcayamsmaxsekctdqetlegmaf/Build/Intermediates.noindex/Settlers.build/Debug-iphonesimulator/Settlers.build/Objects-normal/arm64/Settlers.SwiftFileList --metadata-file-list /Users/alex/Library/Developer/Xcode/DerivedData/Settlers-bqwdcayamsmaxsekctdqetlegmaf/Build/Intermediates.noindex/Settlers.build/Debug-iphonesimulator/Settlers.build/Settlers.DependencyMetadataFileList --static-metadata-file-list /Users/alex/Library/Developer/Xcode/DerivedData/Settlers-bqwdcayamsmaxsekctdqetlegmaf/Build/Intermediates.noindex/Settlers.build/Debug-iphonesimulator/Settlers.build/Settlers.DependencyStaticMetadataFileList --swift-const-vals-list /Users/alex/Library/Developer/Xcode/DerivedData/Settlers-bqwdcayamsmaxsekctdqetlegmaf/Build/Intermediates.noindex/Settlers.build/Debug-iphonesimulator/Settlers.build/Objects-normal/arm64/Settlers.SwiftConstValuesFileList --compile-time-extraction --deployment-aware-processing --validate-assistant-intents --no-app-shortcuts-localization
2026-10-07 02:34:49.243 appintentsmetadataprocessor[5814:2305041] Starting appintentsmetadataprocessor export
2026-10-07 02:34:49.245 appintentsmetadataprocessor[5814:2305041] warning: Metadata extraction skipped. No AppIntents.framework dependency found.

CopySwiftLibs /Users/alex/Library/Developer/Xcode/DerivedData/Settlers-bqwdcayamsmaxsekctdqetlegmaf/Build/Products/Debug-iphonesimulator/Settlers.app (in target 'Settlers' from project 'Settlers')
    cd /Users/alex/.codex/worktrees/naval-exploration/Settlers
    builtin-swiftStdLibTool --copy --verbose --sign - --scan-executable /Users/alex/Library/Developer/Xcode/DerivedData/Settlers-bqwdcayamsmaxsekctdqetlegmaf/Build/Products/Debug-iphonesimulator/Settlers.app/Settlers.debug.dylib --scan-folder /Users/alex/Library/Developer/Xcode/DerivedData/Settlers-bqwdcayamsmaxsekctdqetlegmaf/Build/Products/Debug-iphonesimulator/Settlers.app/Frameworks --scan-folder /Users/alex/Library/Developer/Xcode/DerivedData/Settlers-bqwdcayamsmaxsekctdqetlegmaf/Build/Products/Debug-iphonesimulator/Settlers.app/PlugIns --scan-folder /Users/alex/Library/Developer/Xcode/DerivedData/Settlers-bqwdcayamsmaxsekctdqetlegmaf/Build/Products/Debug-iphonesimulator/Settlers.app/SystemExtensions --scan-folder /Users/alex/Library/Developer/Xcode/DerivedData/Settlers-bqwdcayamsmaxsekctdqetlegmaf/Build/Products/Debug-iphonesimulator/Settlers.app/Extensions --platform iphonesimulator --toolchain /Applications/Xcode.app/Contents/Developer/Toolchains/XcodeDefault.xctoolchain --destination /Users/alex/Library/Developer/Xcode/DerivedData/Settlers-bqwdcayamsmaxsekctdqetlegmaf/Build/Products/Debug-iphonesimulator/Settlers.app/Frameworks --strip-bitcode --strip-bitcode-tool /Applications/Xcode.app/Contents/Developer/Toolchains/XcodeDefault.xctoolchain/usr/bin/bitcode_strip --emit-dependency-info /Users/alex/Library/Developer/Xcode/DerivedData/Settlers-bqwdcayamsmaxsekctdqetlegmaf/Build/Intermediates.noindex/Settlers.build/Debug-iphonesimulator/Settlers.build/SwiftStdLibToolInputDependencies.dep --filter-for-swift-os

SwiftDriverJobDiscovery normal arm64 Compiling HumanTradeOfferIntegrationTests.swift, IncomingOfferHoldTests.swift, IncrementalCheckpointValidationTests.swift, LiveSyncTests.swift, NavalBoardGeometryTests.swift, NavalMatchFlowTests.swift, NavalReleaseCompatibilityTests.swift, NavalShipArtworkTests.swift, NewGameEndToEndTests.swift, OpponentProfileIntegrationTests.swift, PreMergeAuditRegressionTests.swift, RobberDragJourneyTests.swift, SaveRecoveryTests.swift, TradeTapSafetyFixtureTests.swift (in target 'SettlersTests' from project 'Settlers')

SwiftDriver\ Compilation SettlersTests normal arm64 com.apple.xcode.tools.swift.compiler (in target 'SettlersTests' from project 'Settlers')
    cd /Users/alex/.codex/worktrees/naval-exploration/Settlers
    builtin-Swift-Compilation -- /Applications/Xcode.app/Contents/Developer/Toolchains/XcodeDefault.xctoolchain/usr/bin/swiftc -module-name SettlersTests -Onone @/Users/alex/Library/Developer/Xcode/DerivedData/Settlers-bqwdcayamsmaxsekctdqetlegmaf/Build/Intermediates.noindex/Settlers.build/Debug-iphonesimulator/SettlersTests.build/Objects-normal/arm64/SettlersTests.SwiftFileList -DDEBUG -driver-batch-count 2 -plugin-path /Applications/Xcode.app/Contents/Developer/Toolchains/XcodeDefault.xctoolchain/usr/lib/swift/host/plugins/testing -enable-experimental-feature DebugDescriptionMacro -sdk /Applications/Xcode.app/Contents/Developer/Platforms/iPhoneSimulator.platform/Developer/SDKs/iPhoneSimulator26.5.sdk -target arm64-apple-ios17.0-simulator -g -module-cache-path /Users/alex/Library/Developer/Xcode/DerivedData/ModuleCache.noindex -Xfrontend -serialize-debugging-options -profile-coverage-mapping -profile-generate -enable-testing -warnings-as-errors -index-store-path /Users/alex/Library/Developer/Xcode/DerivedData/Settlers-bqwdcayamsmaxsekctdqetlegmaf/Index.noindex/DataStore -Xcc -D_LIBCPP_HARDENING_MODE\=_LIBCPP_HARDENING_MODE_DEBUG -swift-version 6 -I /Users/alex/Library/Developer/Xcode/DerivedData/Settlers-bqwdcayamsmaxsekctdqetlegmaf/Build/Products/Debug-iphonesimulator -Isystem /Applications/Xcode.app/Contents/Developer/Platforms/iPhoneSimulator.platform/Developer/usr/lib -F /Users/alex/Library/Developer/Xcode/DerivedData/Settlers-bqwdcayamsmaxsekctdqetlegmaf/Build/Products/Debug-iphonesimulator/PackageFrameworks -F /Users/alex/Library/Developer/Xcode/DerivedData/Settlers-bqwdcayamsmaxsekctdqetlegmaf/Build/Products/Debug-iphonesimulator/PackageFrameworks -F /Users/alex/Library/Developer/Xcode/DerivedData/Settlers-bqwdcayamsmaxsekctdqetlegmaf/Build/Products/Debug-iphonesimulator -F /Applications/Xcode.app/Contents/Developer/Platforms/iPhoneSimulator.platform/Developer/Library/Frameworks -F /Applications/Xcode.app/Contents/Developer/Platforms/iPhoneSimulator.platform/Developer/SDKs/iPhoneSimulator26.5.sdk/Developer/Library/Frameworks -c -j18 -enable-batch-mode -incremental -Xcc -ivfsstatcache -Xcc /Users/alex/Library/Developer/Xcode/DerivedData/SDKStatCaches.noindex/iphonesimulator26.5-23F73-6cfe768891a92b912361537c460fe42b.sdkstatcache -output-file-map /Users/alex/Library/Developer/Xcode/DerivedData/Settlers-bqwdcayamsmaxsekctdqetlegmaf/Build/Intermediates.noindex/Settlers.build/Debug-iphonesimulator/SettlersTests.build/Objects-normal/arm64/SettlersTests-OutputFileMap.json -use-frontend-parseable-output -save-temps -no-color-diagnostics -explicit-module-build -module-cache-path /Users/alex/Library/Developer/Xcode/DerivedData/Settlers-bqwdcayamsmaxsekctdqetlegmaf/Build/Intermediates.noindex/SwiftExplicitPrecompiledModules -clang-scanner-module-cache-path /Users/alex/Library/Developer/Xcode/DerivedData/ModuleCache.noindex -sdk-module-cache-path /Users/alex/Library/Developer/Xcode/DerivedData/ModuleCache.noindex -serialize-diagnostics -emit-dependencies -emit-module -emit-module-path /Users/alex/Library/Developer/Xcode/DerivedData/Settlers-bqwdcayamsmaxsekctdqetlegmaf/Build/Intermediates.noindex/Settlers.build/Debug-iphonesimulator/SettlersTests.build/Objects-normal/arm64/SettlersTests.swiftmodule -validate-clang-modules-once -clang-build-session-file /Users/alex/Library/Developer/Xcode/DerivedData/ModuleCache.noindex/Session.modulevalidation -Xcc -I/Users/alex/Library/Developer/Xcode/DerivedData/Settlers-bqwdcayamsmaxsekctdqetlegmaf/Build/Intermediates.noindex/Settlers.build/Debug-iphonesimulator/SettlersTests.build/swift-overrides.hmap -emit-const-values -Xfrontend -const-gather-protocols-file -Xfrontend /Users/alex/Library/Developer/Xcode/DerivedData/Settlers-bqwdcayamsmaxsekctdqetlegmaf/Build/Intermediates.noindex/Settlers.build/Debug-iphonesimulator/SettlersTests.build/Objects-normal/arm64/SettlersTests_const_extract_protocols.json -Xcc -iquote -Xcc /Users/alex/Library/Developer/Xcode/DerivedData/Settlers-bqwdcayamsmaxsekctdqetlegmaf/Build/Intermediates.noindex/Settlers.build/Debug-iphonesimulator/SettlersTests.build/SettlersTests-generated-files.hmap -Xcc -I/Users/alex/Library/Developer/Xcode/DerivedData/Settlers-bqwdcayamsmaxsekctdqetlegmaf/Build/Intermediates.noindex/Settlers.build/Debug-iphonesimulator/SettlersTests.build/SettlersTests-own-target-headers.hmap -Xcc -I/Users/alex/Library/Developer/Xcode/DerivedData/Settlers-bqwdcayamsmaxsekctdqetlegmaf/Build/Intermediates.noindex/Settlers.build/Debug-iphonesimulator/SettlersTests.build/SettlersTests-all-non-framework-target-headers.hmap -Xcc -ivfsoverlay -Xcc /Users/alex/Library/Developer/Xcode/DerivedData/Settlers-bqwdcayamsmaxsekctdqetlegmaf/Build/Intermediates.noindex/Settlers.build/Debug-iphonesimulator/Settlers-9ad65172c434931f4eb5300f50bbe1d2-VFS-iphonesimulator/all-product-headers.yaml -Xcc -iquote -Xcc /Users/alex/Library/Developer/Xcode/DerivedData/Settlers-bqwdcayamsmaxsekctdqetlegmaf/Build/Intermediates.noindex/Settlers.build/Debug-iphonesimulator/SettlersTests.build/SettlersTests-project-headers.hmap -Xcc -I/Users/alex/Library/Developer/Xcode/DerivedData/Settlers-bqwdcayamsmaxsekctdqetlegmaf/Build/Products/Debug-iphonesimulator/include -Xcc -I/Users/alex/Library/Developer/Xcode/DerivedData/Settlers-bqwdcayamsmaxsekctdqetlegmaf/Build/Intermediates.noindex/Settlers.build/Debug-iphonesimulator/SettlersTests.build/DerivedSources-normal/arm64 -Xcc -I/Users/alex/Library/Developer/Xcode/DerivedData/Settlers-bqwdcayamsmaxsekctdqetlegmaf/Build/Intermediates.noindex/Settlers.build/Debug-iphonesimulator/SettlersTests.build/DerivedSources/arm64 -Xcc -I/Users/alex/Library/Developer/Xcode/DerivedData/Settlers-bqwdcayamsmaxsekctdqetlegmaf/Build/Intermediates.noindex/Settlers.build/Debug-iphonesimulator/SettlersTests.build/DerivedSources -Xcc -DDEBUG\=1 -emit-objc-header -emit-objc-header-path /Users/alex/Library/Developer/Xcode/DerivedData/Settlers-bqwdcayamsmaxsekctdqetlegmaf/Build/Intermediates.noindex/Settlers.build/Debug-iphonesimulator/SettlersTests.build/Objects-normal/arm64/SettlersTests-Swift.h -working-directory /Users/alex/.codex/worktrees/naval-exploration/Settlers -experimental-emit-module-separately -disable-cmo

Ld /Users/alex/Library/Developer/Xcode/DerivedData/Settlers-bqwdcayamsmaxsekctdqetlegmaf/Build/Products/Debug-iphonesimulator/Settlers.app/PlugIns/SettlersTests.xctest/SettlersTests normal (in target 'SettlersTests' from project 'Settlers')
    cd /Users/alex/.codex/worktrees/naval-exploration/Settlers
    /Applications/Xcode.app/Contents/Developer/Toolchains/XcodeDefault.xctoolchain/usr/bin/clang -Xlinker -reproducible -target arm64-apple-ios17.0-simulator -bundle -isysroot /Applications/Xcode.app/Contents/Developer/Platforms/iPhoneSimulator.platform/Developer/SDKs/iPhoneSimulator26.5.sdk -O0 -L/Users/alex/Library/Developer/Xcode/DerivedData/Settlers-bqwdcayamsmaxsekctdqetlegmaf/Build/Intermediates.noindex/EagerLinkingTBDs/Debug-iphonesimulator -L/Users/alex/Library/Developer/Xcode/DerivedData/Settlers-bqwdcayamsmaxsekctdqetlegmaf/Build/Products/Debug-iphonesimulator -L/Applications/Xcode.app/Contents/Developer/Platforms/iPhoneSimulator.platform/Developer/usr/lib -F/Users/alex/Library/Developer/Xcode/DerivedData/Settlers-bqwdcayamsmaxsekctdqetlegmaf/Build/Intermediates.noindex/EagerLinkingTBDs/Debug-iphonesimulator -F/Users/alex/Library/Developer/Xcode/DerivedData/Settlers-bqwdcayamsmaxsekctdqetlegmaf/Build/Products/Debug-iphonesimulator/PackageFrameworks -F/Users/alex/Library/Developer/Xcode/DerivedData/Settlers-bqwdcayamsmaxsekctdqetlegmaf/Build/Products/Debug-iphonesimulator/PackageFrameworks -F/Users/alex/Library/Developer/Xcode/DerivedData/Settlers-bqwdcayamsmaxsekctdqetlegmaf/Build/Products/Debug-iphonesimulator -iframework /Applications/Xcode.app/Contents/Developer/Platforms/iPhoneSimulator.platform/Developer/Library/Frameworks -iframework /Applications/Xcode.app/Contents/Developer/Platforms/iPhoneSimulator.platform/Developer/SDKs/iPhoneSimulator26.5.sdk/Developer/Library/Frameworks -filelist /Users/alex/Library/Developer/Xcode/DerivedData/Settlers-bqwdcayamsmaxsekctdqetlegmaf/Build/Intermediates.noindex/Settlers.build/Debug-iphonesimulator/SettlersTests.build/Objects-normal/arm64/SettlersTests.LinkFileList -Xlinker -rpath -Xlinker /usr/lib/swift -Xlinker -rpath -Xlinker /Users/alex/Library/Developer/Xcode/DerivedData/Settlers-bqwdcayamsmaxsekctdqetlegmaf/Build/Products/Debug-iphonesimulator/PackageFrameworks -Xlinker -rpath -Xlinker @loader_path/Frameworks -Xlinker -rpath -Xlinker @executable_path/Frameworks -Xlinker -dead_strip -bundle_loader /Users/alex/Library/Developer/Xcode/DerivedData/Settlers-bqwdcayamsmaxsekctdqetlegmaf/Build/Products/Debug-iphonesimulator/Settlers.app/Settlers -Xlinker -object_path_lto -Xlinker /Users/alex/Library/Developer/Xcode/DerivedData/Settlers-bqwdcayamsmaxsekctdqetlegmaf/Build/Intermediates.noindex/Settlers.build/Debug-iphonesimulator/SettlersTests.build/Objects-normal/arm64/SettlersTests_lto.o -rdynamic -Xlinker -no_deduplicate -Xlinker -objc_abi_version -Xlinker 2 -Xlinker -debug_variant -Xlinker -dependency_info -Xlinker /Users/alex/Library/Developer/Xcode/DerivedData/Settlers-bqwdcayamsmaxsekctdqetlegmaf/Build/Intermediates.noindex/Settlers.build/Debug-iphonesimulator/SettlersTests.build/Objects-normal/arm64/SettlersTests_dependency_info.dat -fobjc-link-runtime -fprofile-instr-generate -L/Applications/Xcode.app/Contents/Developer/Toolchains/XcodeDefault.xctoolchain/usr/lib/swift/iphonesimulator -L/usr/lib/swift -Xlinker -add_ast_path -Xlinker /Users/alex/Library/Developer/Xcode/DerivedData/Settlers-bqwdcayamsmaxsekctdqetlegmaf/Build/Intermediates.noindex/Settlers.build/Debug-iphonesimulator/SettlersTests.build/Objects-normal/arm64/SettlersTests.swiftmodule @/Users/alex/Library/Developer/Xcode/DerivedData/Settlers-bqwdcayamsmaxsekctdqetlegmaf/Build/Intermediates.noindex/Settlers.build/Debug-iphonesimulator/SettlersTests.build/Objects-normal/arm64/SettlersTests-linker-args.resp -Wl,-no_warn_duplicate_libraries -Wl,-no_warn_duplicate_libraries -Xlinker -needed_framework -Xlinker XCTest -framework XCTest -Xlinker -needed-lXCTestSwiftSupport -lXCTestSwiftSupport /Users/alex/Library/Developer/Xcode/DerivedData/Settlers-bqwdcayamsmaxsekctdqetlegmaf/Build/Products/Debug-iphonesimulator/Settlers.app/Settlers.debug.dylib -Xlinker -no_adhoc_codesign -o /Users/alex/Library/Developer/Xcode/DerivedData/Settlers-bqwdcayamsmaxsekctdqetlegmaf/Build/Products/Debug-iphonesimulator/Settlers.app/PlugIns/SettlersTests.xctest/SettlersTests

CopySwiftLibs /Users/alex/Library/Developer/Xcode/DerivedData/Settlers-bqwdcayamsmaxsekctdqetlegmaf/Build/Products/Debug-iphonesimulator/Settlers.app/PlugIns/SettlersTests.xctest (in target 'SettlersTests' from project 'Settlers')
    cd /Users/alex/.codex/worktrees/naval-exploration/Settlers
    builtin-swiftStdLibTool --copy --verbose --sign - --scan-executable /Users/alex/Library/Developer/Xcode/DerivedData/Settlers-bqwdcayamsmaxsekctdqetlegmaf/Build/Products/Debug-iphonesimulator/Settlers.app/PlugIns/SettlersTests.xctest/SettlersTests --scan-folder /Users/alex/Library/Developer/Xcode/DerivedData/Settlers-bqwdcayamsmaxsekctdqetlegmaf/Build/Products/Debug-iphonesimulator/Settlers.app/PlugIns/SettlersTests.xctest/Frameworks --scan-folder /Users/alex/Library/Developer/Xcode/DerivedData/Settlers-bqwdcayamsmaxsekctdqetlegmaf/Build/Products/Debug-iphonesimulator/Settlers.app/PlugIns/SettlersTests.xctest/PlugIns --scan-folder /Users/alex/Library/Developer/Xcode/DerivedData/Settlers-bqwdcayamsmaxsekctdqetlegmaf/Build/Products/Debug-iphonesimulator/Settlers.app/PlugIns/SettlersTests.xctest/SystemExtensions --scan-folder /Users/alex/Library/Developer/Xcode/DerivedData/Settlers-bqwdcayamsmaxsekctdqetlegmaf/Build/Products/Debug-iphonesimulator/Settlers.app/PlugIns/SettlersTests.xctest/Extensions --platform iphonesimulator --toolchain /Applications/Xcode.app/Contents/Developer/Toolchains/XcodeDefault.xctoolchain --destination /Users/alex/Library/Developer/Xcode/DerivedData/Settlers-bqwdcayamsmaxsekctdqetlegmaf/Build/Products/Debug-iphonesimulator/Settlers.app/PlugIns/SettlersTests.xctest/Frameworks --strip-bitcode --scan-executable /Applications/Xcode.app/Contents/Developer/Platforms/iPhoneSimulator.platform/Developer/usr/lib/libXCTestSwiftSupport.dylib --strip-bitcode-tool /Applications/Xcode.app/Contents/Developer/Toolchains/XcodeDefault.xctoolchain/usr/bin/bitcode_strip --emit-dependency-info /Users/alex/Library/Developer/Xcode/DerivedData/Settlers-bqwdcayamsmaxsekctdqetlegmaf/Build/Intermediates.noindex/Settlers.build/Debug-iphonesimulator/SettlersTests.build/SwiftStdLibToolInputDependencies.dep --filter-for-swift-os

ExtractAppIntentsMetadata (in target 'SettlersTests' from project 'Settlers')
    cd /Users/alex/.codex/worktrees/naval-exploration/Settlers
    /Applications/Xcode.app/Contents/Developer/Toolchains/XcodeDefault.xctoolchain/usr/bin/appintentsmetadataprocessor --toolchain-dir /Applications/Xcode.app/Contents/Developer/Toolchains/XcodeDefault.xctoolchain --module-name SettlersTests --sdk-root /Applications/Xcode.app/Contents/Developer/Platforms/iPhoneSimulator.platform/Developer/SDKs/iPhoneSimulator26.5.sdk --xcode-version 17F42 --platform-family iOS --deployment-target 17.0 --bundle-identifier com.jakebeinart.settlers.SettlersTests --output /Users/alex/Library/Developer/Xcode/DerivedData/Settlers-bqwdcayamsmaxsekctdqetlegmaf/Build/Products/Debug-iphonesimulator/Settlers.app/PlugIns/SettlersTests.xctest --target-triple arm64-apple-ios17.0-simulator --binary-file /Users/alex/Library/Developer/Xcode/DerivedData/Settlers-bqwdcayamsmaxsekctdqetlegmaf/Build/Products/Debug-iphonesimulator/Settlers.app/PlugIns/SettlersTests.xctest/SettlersTests --dependency-file /Users/alex/Library/Developer/Xcode/DerivedData/Settlers-bqwdcayamsmaxsekctdqetlegmaf/Build/Intermediates.noindex/Settlers.build/Debug-iphonesimulator/SettlersTests.build/Objects-normal/arm64/SettlersTests_dependency_info.dat --stringsdata-file /Users/alex/Library/Developer/Xcode/DerivedData/Settlers-bqwdcayamsmaxsekctdqetlegmaf/Build/Intermediates.noindex/Settlers.build/Debug-iphonesimulator/SettlersTests.build/Objects-normal/arm64/ExtractedAppShortcutsMetadata.stringsdata --source-file-list /Users/alex/Library/Developer/Xcode/DerivedData/Settlers-bqwdcayamsmaxsekctdqetlegmaf/Build/Intermediates.noindex/Settlers.build/Debug-iphonesimulator/SettlersTests.build/Objects-normal/arm64/SettlersTests.SwiftFileList --metadata-file-list /Users/alex/Library/Developer/Xcode/DerivedData/Settlers-bqwdcayamsmaxsekctdqetlegmaf/Build/Intermediates.noindex/Settlers.build/Debug-iphonesimulator/SettlersTests.build/SettlersTests.DependencyMetadataFileList --static-metadata-file-list /Users/alex/Library/Developer/Xcode/DerivedData/Settlers-bqwdcayamsmaxsekctdqetlegmaf/Build/Intermediates.noindex/Settlers.build/Debug-iphonesimulator/SettlersTests.build/SettlersTests.DependencyStaticMetadataFileList --swift-const-vals-list /Users/alex/Library/Developer/Xcode/DerivedData/Settlers-bqwdcayamsmaxsekctdqetlegmaf/Build/Intermediates.noindex/Settlers.build/Debug-iphonesimulator/SettlersTests.build/Objects-normal/arm64/SettlersTests.SwiftConstValuesFileList --compile-time-extraction --deployment-aware-processing --validate-assistant-intents --no-app-shortcuts-localization
2026-10-07 02:34:51.252 appintentsmetadataprocessor[5820:2305107] Starting appintentsmetadataprocessor export
2026-10-07 02:34:51.253 appintentsmetadataprocessor[5820:2305107] warning: Metadata extraction skipped. No AppIntents.framework dependency found.

CodeSign /Users/alex/Library/Developer/Xcode/DerivedData/Settlers-bqwdcayamsmaxsekctdqetlegmaf/Build/Products/Debug-iphonesimulator/Settlers.app/PlugIns/SettlersTests.xctest (in target 'SettlersTests' from project 'Settlers')
    cd /Users/alex/.codex/worktrees/naval-exploration/Settlers
    
    Signing Identity:     "Sign to Run Locally"
    
    /usr/bin/codesign --force --sign - --timestamp\=none --generate-entitlement-der /Users/alex/Library/Developer/Xcode/DerivedData/Settlers-bqwdcayamsmaxsekctdqetlegmaf/Build/Products/Debug-iphonesimulator/Settlers.app/PlugIns/SettlersTests.xctest

CodeSign /Users/alex/Library/Developer/Xcode/DerivedData/Settlers-bqwdcayamsmaxsekctdqetlegmaf/Build/Products/Debug-iphonesimulator/Settlers.app/Settlers.debug.dylib (in target 'Settlers' from project 'Settlers')
    cd /Users/alex/.codex/worktrees/naval-exploration/Settlers
    
    Signing Identity:     "Sign to Run Locally"
    
    /usr/bin/codesign --force --sign - --timestamp\=none --generate-entitlement-der /Users/alex/Library/Developer/Xcode/DerivedData/Settlers-bqwdcayamsmaxsekctdqetlegmaf/Build/Products/Debug-iphonesimulator/Settlers.app/Settlers.debug.dylib

CodeSign /Users/alex/Library/Developer/Xcode/DerivedData/Settlers-bqwdcayamsmaxsekctdqetlegmaf/Build/Products/Debug-iphonesimulator/Settlers.app/__preview.dylib (in target 'Settlers' from project 'Settlers')
    cd /Users/alex/.codex/worktrees/naval-exploration/Settlers
    
    Signing Identity:     "Sign to Run Locally"
    
    /usr/bin/codesign --force --sign - --timestamp\=none --generate-entitlement-der /Users/alex/Library/Developer/Xcode/DerivedData/Settlers-bqwdcayamsmaxsekctdqetlegmaf/Build/Products/Debug-iphonesimulator/Settlers.app/__preview.dylib
/Users/alex/Library/Developer/Xcode/DerivedData/Settlers-bqwdcayamsmaxsekctdqetlegmaf/Build/Products/Debug-iphonesimulator/Settlers.app/__preview.dylib: replacing existing signature

CodeSign /Users/alex/Library/Developer/Xcode/DerivedData/Settlers-bqwdcayamsmaxsekctdqetlegmaf/Build/Products/Debug-iphonesimulator/Settlers.app (in target 'Settlers' from project 'Settlers')
    cd /Users/alex/.codex/worktrees/naval-exploration/Settlers
    
    Signing Identity:     "Sign to Run Locally"
    
    /usr/bin/codesign --force --sign - --timestamp\=none --generate-entitlement-der /Users/alex/Library/Developer/Xcode/DerivedData/Settlers-bqwdcayamsmaxsekctdqetlegmaf/Build/Products/Debug-iphonesimulator/Settlers.app

Validate /Users/alex/Library/Developer/Xcode/DerivedData/Settlers-bqwdcayamsmaxsekctdqetlegmaf/Build/Products/Debug-iphonesimulator/Settlers.app (in target 'Settlers' from project 'Settlers')
    cd /Users/alex/.codex/worktrees/naval-exploration/Settlers
    builtin-validationUtility /Users/alex/Library/Developer/Xcode/DerivedData/Settlers-bqwdcayamsmaxsekctdqetlegmaf/Build/Products/Debug-iphonesimulator/Settlers.app -shallow-bundle -infoplist-subpath Info.plist

Ld /Users/alex/Library/Developer/Xcode/DerivedData/Settlers-bqwdcayamsmaxsekctdqetlegmaf/Build/Products/Debug-iphonesimulator/SettlersUITests-Runner.app/PlugIns/SettlersUITests.xctest/SettlersUITests normal (in target 'SettlersUITests' from project 'Settlers')
    cd /Users/alex/.codex/worktrees/naval-exploration/Settlers
    /Applications/Xcode.app/Contents/Developer/Toolchains/XcodeDefault.xctoolchain/usr/bin/clang -Xlinker -reproducible -target arm64-apple-ios17.0-simulator -bundle -isysroot /Applications/Xcode.app/Contents/Developer/Platforms/iPhoneSimulator.platform/Developer/SDKs/iPhoneSimulator26.5.sdk -O0 -L/Users/alex/Library/Developer/Xcode/DerivedData/Settlers-bqwdcayamsmaxsekctdqetlegmaf/Build/Intermediates.noindex/EagerLinkingTBDs/Debug-iphonesimulator -L/Users/alex/Library/Developer/Xcode/DerivedData/Settlers-bqwdcayamsmaxsekctdqetlegmaf/Build/Products/Debug-iphonesimulator -L/Applications/Xcode.app/Contents/Developer/Platforms/iPhoneSimulator.platform/Developer/usr/lib -F/Users/alex/Library/Developer/Xcode/DerivedData/Settlers-bqwdcayamsmaxsekctdqetlegmaf/Build/Intermediates.noindex/EagerLinkingTBDs/Debug-iphonesimulator -F/Users/alex/Library/Developer/Xcode/DerivedData/Settlers-bqwdcayamsmaxsekctdqetlegmaf/Build/Products/Debug-iphonesimulator -iframework /Applications/Xcode.app/Contents/Developer/Platforms/iPhoneSimulator.platform/Developer/Library/Frameworks -iframework /Applications/Xcode.app/Contents/Developer/Platforms/iPhoneSimulator.platform/Developer/SDKs/iPhoneSimulator26.5.sdk/Developer/Library/Frameworks -filelist /Users/alex/Library/Developer/Xcode/DerivedData/Settlers-bqwdcayamsmaxsekctdqetlegmaf/Build/Intermediates.noindex/Settlers.build/Debug-iphonesimulator/SettlersUITests.build/Objects-normal/arm64/SettlersUITests.LinkFileList -Xlinker -rpath -Xlinker /usr/lib/swift -Xlinker -rpath -Xlinker @loader_path/Frameworks -Xlinker -rpath -Xlinker @executable_path/Frameworks -Xlinker -dead_strip -Xlinker -object_path_lto -Xlinker /Users/alex/Library/Developer/Xcode/DerivedData/Settlers-bqwdcayamsmaxsekctdqetlegmaf/Build/Intermediates.noindex/Settlers.build/Debug-iphonesimulator/SettlersUITests.build/Objects-normal/arm64/SettlersUITests_lto.o -rdynamic -Xlinker -no_deduplicate -Xlinker -objc_abi_version -Xlinker 2 -Xlinker -debug_variant -Xlinker -dependency_info -Xlinker /Users/alex/Library/Developer/Xcode/DerivedData/Settlers-bqwdcayamsmaxsekctdqetlegmaf/Build/Intermediates.noindex/Settlers.build/Debug-iphonesimulator/SettlersUITests.build/Objects-normal/arm64/SettlersUITests_dependency_info.dat -fobjc-link-runtime -fprofile-instr-generate -L/Applications/Xcode.app/Contents/Developer/Toolchains/XcodeDefault.xctoolchain/usr/lib/swift/iphonesimulator -L/usr/lib/swift -Xlinker -add_ast_path -Xlinker /Users/alex/Library/Developer/Xcode/DerivedData/Settlers-bqwdcayamsmaxsekctdqetlegmaf/Build/Intermediates.noindex/Settlers.build/Debug-iphonesimulator/SettlersUITests.build/Objects-normal/arm64/SettlersUITests.swiftmodule @/Users/alex/Library/Developer/Xcode/DerivedData/Settlers-bqwdcayamsmaxsekctdqetlegmaf/Build/Intermediates.noindex/Settlers.build/Debug-iphonesimulator/SettlersUITests.build/Objects-normal/arm64/SettlersUITests-linker-args.resp -Xlinker -needed_framework -Xlinker XCTest -framework XCTest -Xlinker -needed-lXCTestSwiftSupport -lXCTestSwiftSupport -Xlinker -sectcreate -Xlinker __TEXT -Xlinker __entitlements -Xlinker /Users/alex/Library/Developer/Xcode/DerivedData/Settlers-bqwdcayamsmaxsekctdqetlegmaf/Build/Intermediates.noindex/Settlers.build/Debug-iphonesimulator/SettlersUITests.build/SettlersUITests.xctest-Simulated.xcent -Xlinker -sectcreate -Xlinker __TEXT -Xlinker __ents_der -Xlinker /Users/alex/Library/Developer/Xcode/DerivedData/Settlers-bqwdcayamsmaxsekctdqetlegmaf/Build/Intermediates.noindex/Settlers.build/Debug-iphonesimulator/SettlersUITests.build/SettlersUITests.xctest-Simulated.xcent.der -Xlinker -no_adhoc_codesign -o /Users/alex/Library/Developer/Xcode/DerivedData/Settlers-bqwdcayamsmaxsekctdqetlegmaf/Build/Products/Debug-iphonesimulator/SettlersUITests-Runner.app/PlugIns/SettlersUITests.xctest/SettlersUITests

CopySwiftLibs /Users/alex/Library/Developer/Xcode/DerivedData/Settlers-bqwdcayamsmaxsekctdqetlegmaf/Build/Products/Debug-iphonesimulator/SettlersUITests-Runner.app/PlugIns/SettlersUITests.xctest (in target 'SettlersUITests' from project 'Settlers')
    cd /Users/alex/.codex/worktrees/naval-exploration/Settlers
    builtin-swiftStdLibTool --copy --verbose --sign - --scan-executable /Users/alex/Library/Developer/Xcode/DerivedData/Settlers-bqwdcayamsmaxsekctdqetlegmaf/Build/Products/Debug-iphonesimulator/SettlersUITests-Runner.app/PlugIns/SettlersUITests.xctest/SettlersUITests --scan-folder /Users/alex/Library/Developer/Xcode/DerivedData/Settlers-bqwdcayamsmaxsekctdqetlegmaf/Build/Products/Debug-iphonesimulator/SettlersUITests-Runner.app/PlugIns/SettlersUITests.xctest/Frameworks --scan-folder /Users/alex/Library/Developer/Xcode/DerivedData/Settlers-bqwdcayamsmaxsekctdqetlegmaf/Build/Products/Debug-iphonesimulator/SettlersUITests-Runner.app/PlugIns/SettlersUITests.xctest/PlugIns --scan-folder /Users/alex/Library/Developer/Xcode/DerivedData/Settlers-bqwdcayamsmaxsekctdqetlegmaf/Build/Products/Debug-iphonesimulator/SettlersUITests-Runner.app/PlugIns/SettlersUITests.xctest/SystemExtensions --scan-folder /Users/alex/Library/Developer/Xcode/DerivedData/Settlers-bqwdcayamsmaxsekctdqetlegmaf/Build/Products/Debug-iphonesimulator/SettlersUITests-Runner.app/PlugIns/SettlersUITests.xctest/Extensions --platform iphonesimulator --toolchain /Applications/Xcode.app/Contents/Developer/Toolchains/XcodeDefault.xctoolchain --destination /Users/alex/Library/Developer/Xcode/DerivedData/Settlers-bqwdcayamsmaxsekctdqetlegmaf/Build/Products/Debug-iphonesimulator/SettlersUITests-Runner.app/PlugIns/SettlersUITests.xctest/Frameworks --strip-bitcode --scan-executable /Applications/Xcode.app/Contents/Developer/Platforms/iPhoneSimulator.platform/Developer/usr/lib/libXCTestSwiftSupport.dylib --strip-bitcode-tool /Applications/Xcode.app/Contents/Developer/Toolchains/XcodeDefault.xctoolchain/usr/bin/bitcode_strip --emit-dependency-info /Users/alex/Library/Developer/Xcode/DerivedData/Settlers-bqwdcayamsmaxsekctdqetlegmaf/Build/Intermediates.noindex/Settlers.build/Debug-iphonesimulator/SettlersUITests.build/SwiftStdLibToolInputDependencies.dep --filter-for-swift-os

ExtractAppIntentsMetadata (in target 'SettlersUITests' from project 'Settlers')
    cd /Users/alex/.codex/worktrees/naval-exploration/Settlers
    /Applications/Xcode.app/Contents/Developer/Toolchains/XcodeDefault.xctoolchain/usr/bin/appintentsmetadataprocessor --toolchain-dir /Applications/Xcode.app/Contents/Developer/Toolchains/XcodeDefault.xctoolchain --module-name SettlersUITests --sdk-root /Applications/Xcode.app/Contents/Developer/Platforms/iPhoneSimulator.platform/Developer/SDKs/iPhoneSimulator26.5.sdk --xcode-version 17F42 --platform-family iOS --deployment-target 17.0 --bundle-identifier com.jakebeinart.settlers.SettlersUITests --output /Users/alex/Library/Developer/Xcode/DerivedData/Settlers-bqwdcayamsmaxsekctdqetlegmaf/Build/Products/Debug-iphonesimulator/SettlersUITests-Runner.app/PlugIns/SettlersUITests.xctest --target-triple arm64-apple-ios17.0-simulator --binary-file /Users/alex/Library/Developer/Xcode/DerivedData/Settlers-bqwdcayamsmaxsekctdqetlegmaf/Build/Products/Debug-iphonesimulator/SettlersUITests-Runner.app/PlugIns/SettlersUITests.xctest/SettlersUITests --dependency-file /Users/alex/Library/Developer/Xcode/DerivedData/Settlers-bqwdcayamsmaxsekctdqetlegmaf/Build/Intermediates.noindex/Settlers.build/Debug-iphonesimulator/SettlersUITests.build/Objects-normal/arm64/SettlersUITests_dependency_info.dat --stringsdata-file /Users/alex/Library/Developer/Xcode/DerivedData/Settlers-bqwdcayamsmaxsekctdqetlegmaf/Build/Intermediates.noindex/Settlers.build/Debug-iphonesimulator/SettlersUITests.build/Objects-normal/arm64/ExtractedAppShortcutsMetadata.stringsdata --source-file-list /Users/alex/Library/Developer/Xcode/DerivedData/Settlers-bqwdcayamsmaxsekctdqetlegmaf/Build/Intermediates.noindex/Settlers.build/Debug-iphonesimulator/SettlersUITests.build/Objects-normal/arm64/SettlersUITests.SwiftFileList --metadata-file-list /Users/alex/Library/Developer/Xcode/DerivedData/Settlers-bqwdcayamsmaxsekctdqetlegmaf/Build/Intermediates.noindex/Settlers.build/Debug-iphonesimulator/SettlersUITests.build/SettlersUITests.DependencyMetadataFileList --static-metadata-file-list /Users/alex/Library/Developer/Xcode/DerivedData/Settlers-bqwdcayamsmaxsekctdqetlegmaf/Build/Intermediates.noindex/Settlers.build/Debug-iphonesimulator/SettlersUITests.build/SettlersUITests.DependencyStaticMetadataFileList --swift-const-vals-list /Users/alex/Library/Developer/Xcode/DerivedData/Settlers-bqwdcayamsmaxsekctdqetlegmaf/Build/Intermediates.noindex/Settlers.build/Debug-iphonesimulator/SettlersUITests.build/Objects-normal/arm64/SettlersUITests.SwiftConstValuesFileList --compile-time-extraction --deployment-aware-processing --validate-assistant-intents --no-app-shortcuts-localization
2026-10-07 02:34:51.610 appintentsmetadataprocessor[5827:2305162] Starting appintentsmetadataprocessor export
2026-10-07 02:34:51.610 appintentsmetadataprocessor[5827:2305162] warning: Metadata extraction skipped. No AppIntents.framework dependency found.

CodeSign /Users/alex/Library/Developer/Xcode/DerivedData/Settlers-bqwdcayamsmaxsekctdqetlegmaf/Build/Products/Debug-iphonesimulator/SettlersUITests-Runner.app/PlugIns/SettlersUITests.xctest (in target 'SettlersUITests' from project 'Settlers')
    cd /Users/alex/.codex/worktrees/naval-exploration/Settlers
    
    Signing Identity:     "Sign to Run Locally"
    
    /usr/bin/codesign --force --sign - --timestamp\=none --generate-entitlement-der /Users/alex/Library/Developer/Xcode/DerivedData/Settlers-bqwdcayamsmaxsekctdqetlegmaf/Build/Products/Debug-iphonesimulator/SettlersUITests-Runner.app/PlugIns/SettlersUITests.xctest

CodeSign /Users/alex/Library/Developer/Xcode/DerivedData/Settlers-bqwdcayamsmaxsekctdqetlegmaf/Build/Products/Debug-iphonesimulator/SettlersUITests-Runner.app (in target 'SettlersUITests' from project 'Settlers')
    cd /Users/alex/.codex/worktrees/naval-exploration/Settlers
    
    Signing Identity:     "Sign to Run Locally"
    
    /usr/bin/codesign --force --sign - --timestamp\=none --generate-entitlement-der /Users/alex/Library/Developer/Xcode/DerivedData/Settlers-bqwdcayamsmaxsekctdqetlegmaf/Build/Products/Debug-iphonesimulator/SettlersUITests-Runner.app
/Users/alex/Library/Developer/Xcode/DerivedData/Settlers-bqwdcayamsmaxsekctdqetlegmaf/Build/Products/Debug-iphonesimulator/SettlersUITests-Runner.app: replacing existing signature

Test Suite 'Selected tests' started at 2026-10-07 02:34:53.507.
Test Suite 'SettlersTests.xctest' started at 2026-10-07 02:34:53.507.
Test Suite 'SettlersTests.xctest' passed at 2026-10-07 02:34:53.507.
	 Executed 0 tests, with 0 failures (0 unexpected) in 0.000 (0.000) seconds
Test Suite 'Selected tests' passed at 2026-10-07 02:34:53.507.
	 Executed 0 tests, with 0 failures (0 unexpected) in 0.000 (0.001) seconds
◇ Test run started.
↳ Testing Library Version: 1902
↳ Target Platform: arm64-apple-ios13.0-simulator
◇ Suite NavalShipArtworkTests started.
◇ Test everyControllerHasACompleteTransparentRuntimeVessel(civilization:) started.
◇ Test case passing 1 argument civilization → .medieval to everyControllerHasACompleteTransparentRuntimeVessel(civilization:) started.
​◇ Test case passing 1 argument civilization → .greece to everyControllerHasACompleteTransparentRuntimeVessel(civilization:) started.
objc[5830]: Class UIAccessibilityLoaderWebShared is implemented in both /Library/Developer/CoreSimulator/Volumes/iOS_23F77/Library/Developer/CoreSimulator/Profiles/Runtimes/iOS 26.5.simruntime/Contents/Resources/RuntimeRoot/System/Library/AccessibilityBundles/WebCore.axbundle/WebCore (0x115d18310) and /Library/Developer/CoreSimulator/Volumes/iOS_23F77/Library/Developer/CoreSimulator/Profiles/Runtimes/iOS 26.5.simruntime/Contents/Resources/RuntimeRoot/System/Library/AccessibilityBundles/WebKit.axbundle/WebKit (0x115db4398). This may cause spurious casting failures and mysterious crashes. One of the duplicates must be removed or renamed.
​◇ Test case passing 1 argument civilization → .egypt to everyControllerHasACompleteTransparentRuntimeVessel(civilization:) started.
​◇ Test case passing 1 argument civilization → .aztec to everyControllerHasACompleteTransparentRuntimeVessel(civilization:) started.
​◇ Test case passing 1 argument civilization → .columbia to everyControllerHasACompleteTransparentRuntimeVessel(civilization:) started.
​◇ Test case passing 1 argument civilization → .rome to everyControllerHasACompleteTransparentRuntimeVessel(civilization:) started.
​◇ Test case passing 1 argument civilization → .japan to everyControllerHasACompleteTransparentRuntimeVessel(civilization:) started.
​◇ Test case passing 1 argument civilization → .norse to everyControllerHasACompleteTransparentRuntimeVessel(civilization:) started.
​✔ Test everyControllerHasACompleteTransparentRuntimeVessel(civilization:) with 8 test cases passed after 2.030 seconds.
◇ Test allEightControllerStylesAreDistinctRuntimeImages() started.
✔ Test allEightControllerStylesAreDistinctRuntimeImages() passed after 0.246 seconds.
◇ Test scarcityHandPreservesRealSetupAndEveryResourceSupply() started.
✔ Test scarcityHandPreservesRealSetupAndEveryResourceSupply() passed after 0.090 seconds.
✔ Suite NavalShipArtworkTests passed after 2.370 seconds.
✔ Test run with 3 tests in 1 suite passed after 2.371 seconds.
2026-10-07 02:34:56.881318-0400 SettlersUITests-Runner[5841:2305632] [Default] Running tests...
    t =      nans Interface orientation changed to Portrait
Test Suite 'Selected tests' started at 2026-10-07 02:34:56.994.
Test Suite 'SettlersUITests.xctest' started at 2026-10-07 02:34:56.994.
Test Suite 'NavalShipArtworkFlowTests' started at 2026-10-07 02:34:56.994.
Test Case '-[SettlersUITests.NavalShipArtworkFlowTests testAllEightPaintedFleetsThroughRealPurchaseWorldHomeAndFleet]' started.
    t =     0.00s Start Test at 2026-10-07 02:34:56.994
    t =     0.02s Set Up
    t =     0.02s Open com.alexchandler.empires
    t =     0.02s     Launch com.alexchandler.empires
2026-10-07 02:34:57.042 xcodebuild[5696:2304318] [MT] IDELaunchParametersSnapshot: The operation couldn’t be completed. (DebuggerLLDB.DebuggerVersionStore.StoreError error 0.)
2026-10-07 02:34:57.042 xcodebuild[5696:2304318] [MT] IDELaunchParametersSnapshot: no debugger version
    t =     0.25s         Setting up automation session
objc[5841]: Class UIAccessibilityLoaderWebShared is implemented in both /Library/Developer/CoreSimulator/Volumes/iOS_23F77/Library/Developer/CoreSimulator/Profiles/Runtimes/iOS 26.5.simruntime/Contents/Resources/RuntimeRoot/System/Library/AccessibilityBundles/WebCore.axbundle/WebCore (0x1089b0310) and /Library/Developer/CoreSimulator/Volumes/iOS_23F77/Library/Developer/CoreSimulator/Profiles/Runtimes/iOS 26.5.simruntime/Contents/Resources/RuntimeRoot/System/Library/AccessibilityBundles/WebKit.axbundle/WebKit (0x107a98398). This may cause spurious casting failures and mysterious crashes. One of the duplicates must be removed or renamed.
    t =     0.72s         Wait for com.alexchandler.empires to idle
    t =     2.51s Waiting 15.0s for "Build" Button to exist
    t =     3.54s     Checking `Expect predicate `existsNoRetry == 1` for object "Build" Button`
    t =     3.55s         Checking existence of `"Build" Button`
    t =     3.62s Tap "Build" Button
    t =     3.62s     Wait for com.alexchandler.empires to idle
    t =     3.62s     Find the "Build" Button
    t =     3.64s     Check for interrupting elements affecting "Build" Button
    t =     3.66s     Synthesize event
    t =     3.95s     Wait for com.alexchandler.empires to idle
    t =     3.95s Waiting 5.0s for "build.ship" Button to exist
    t =     5.00s     Checking `Expect predicate `existsNoRetry == 1` for object "build.ship" Button`
    t =     5.00s         Checking existence of `"build.ship" Button`
    t =     5.06s Find the "build.ship" Button
    t =     5.09s Tap "build.ship" Button
    t =     5.09s     Wait for com.alexchandler.empires to idle
    t =     5.09s     Find the "build.ship" Button
    t =     5.12s     Check for interrupting elements affecting "build.ship" Button
    t =     5.15s     Synthesize event
    t =     5.43s     Wait for com.alexchandler.empires to idle
    t =     5.43s Waiting 5.0s for Button (First Match) to exist
    t =     6.49s     Checking `Expect predicate `existsNoRetry == 1` for object Button (First Match)`
    t =     6.49s         Checking existence of `Button (First Match)`
    t =     6.52s Get all elements bound by index for: Elements matching predicate 'identifier BEGINSWITH "board.tile."'
    t =     6.54s Find the Button (Element at index 0)
    t =     6.57s Tap "board.tile.-1_-2" Button
    t =     6.57s     Wait for com.alexchandler.empires to idle
    t =     6.57s     Find the "board.tile.-1_-2" Button
    t =     6.59s     Check for interrupting elements affecting "board.tile.-1_-2" Button
    t =     6.60s     Synthesize event
    t =     6.89s     Wait for com.alexchandler.empires to idle
    t =     6.89s Tap "board-decision.confirm" Button
    t =     6.89s     Wait for com.alexchandler.empires to idle
    t =     6.89s     Find the "board-decision.confirm" Button
    t =     6.92s     Check for interrupting elements affecting "board-decision.confirm" Button
    t =     6.94s     Synthesize event
    t =     7.23s     Wait for com.alexchandler.empires to idle
    t =     7.29s Waiting 5.0s for "board.ship.0" Button to exist
    t =     8.33s     Checking `Expect predicate `existsNoRetry == 1` for object "board.ship.0" Button`
    t =     8.33s         Checking existence of `"board.ship.0" Button`
    t =     8.37s Find the "board.ship.0" Button
    t =     8.40s Tap "naval.fleet.open" Button
    t =     8.40s     Wait for com.alexchandler.empires to idle
    t =     8.40s     Find the "naval.fleet.open" Button
    t =     8.42s     Check for interrupting elements affecting "naval.fleet.open" Button
    t =     8.44s     Synthesize event
    t =     8.73s     Wait for com.alexchandler.empires to idle
    t =     8.73s Waiting 5.0s for "naval.fleet.ship.0" Button to exist
    t =     9.76s     Checking `Expect predicate `existsNoRetry == 1` for object "naval.fleet.ship.0" Button`
    t =     9.76s         Checking existence of `"naval.fleet.ship.0" Button`
    t =     9.80s Find the Target Application 'com.alexchandler.empires'
    t =     9.96s Added attachment named 'Painted Britannia fleet chooser'
    t =     9.96s Tap "naval.fleet.ship.0" Button
    t =     9.96s     Wait for com.alexchandler.empires to idle
    t =     9.96s     Find the "naval.fleet.ship.0" Button
    t =     9.98s     Check for interrupting elements affecting "naval.fleet.ship.0" Button
    t =    10.00s     Synthesize event
    t =    10.29s     Wait for com.alexchandler.empires to idle
    t =    10.29s Find the "board.surface" Other
    t =    10.32s Find the Target Application 'com.alexchandler.empires'
    t =    10.46s Added attachment named 'Painted Britannia vessel at local scale'
    t =    10.46s Tap "naval.overview" Button
    t =    10.46s     Wait for com.alexchandler.empires to idle
    t =    10.46s     Find the "naval.overview" Button
    t =    10.48s     Check for interrupting elements affecting "naval.overview" Button
    t =    10.50s     Synthesize event
    t =    10.79s     Wait for com.alexchandler.empires to idle
    t =    10.80s Find the "board.surface" Other
    t =    10.83s Find the Target Application 'com.alexchandler.empires'
    t =    10.97s Added attachment named 'Painted Britannia vessel at World scale'
    t =    10.98s Tap "naval.overview" Button
    t =    10.98s     Wait for com.alexchandler.empires to idle
    t =    10.98s     Find the "naval.overview" Button
    t =    11.00s     Check for interrupting elements affecting "naval.overview" Button
    t =    11.02s     Synthesize event
    t =    11.30s     Wait for com.alexchandler.empires to idle
    t =    11.30s Find the "board.surface" Other
    t =    11.34s Find the "board.ship.0" Button
    t =    11.36s Terminate com.alexchandler.empires:5843
    t =    12.39s Open com.alexchandler.empires
    t =    12.40s     Launch com.alexchandler.empires
2026-10-07 02:35:09.391 xcodebuild[5696:2304318] [MT] IDELaunchParametersSnapshot: The operation couldn’t be completed. (DebuggerLLDB.DebuggerVersionStore.StoreError error 0.)
2026-10-07 02:35:09.391 xcodebuild[5696:2304318] [MT] IDELaunchParametersSnapshot: no debugger version
    t =    12.60s         Setting up automation session
    t =    13.08s         Wait for com.alexchandler.empires to idle
    t =    14.81s Waiting 15.0s for "Build" Button to exist
    t =    15.84s     Checking `Expect predicate `existsNoRetry == 1` for object "Build" Button`
    t =    15.85s         Checking existence of `"Build" Button`
    t =    15.91s Tap "Build" Button
    t =    15.91s     Wait for com.alexchandler.empires to idle
    t =    15.91s     Find the "Build" Button
    t =    15.93s     Check for interrupting elements affecting "Build" Button
    t =    15.95s     Synthesize event
    t =    16.24s     Wait for com.alexchandler.empires to idle
    t =    16.25s Waiting 5.0s for "build.ship" Button to exist
    t =    17.29s     Checking `Expect predicate `existsNoRetry == 1` for object "build.ship" Button`
    t =    17.29s         Checking existence of `"build.ship" Button`
    t =    17.35s Find the "build.ship" Button
    t =    17.38s Tap "build.ship" Button
    t =    17.38s     Wait for com.alexchandler.empires to idle
    t =    17.39s     Find the "build.ship" Button
    t =    17.42s     Check for interrupting elements affecting "build.ship" Button
    t =    17.45s     Synthesize event
    t =    17.73s     Wait for com.alexchandler.empires to idle
    t =    17.73s Waiting 5.0s for Button (First Match) to exist
    t =    18.76s     Checking `Expect predicate `existsNoRetry == 1` for object Button (First Match)`
    t =    18.76s         Checking existence of `Button (First Match)`
    t =    18.79s Get all elements bound by index for: Elements matching predicate 'identifier BEGINSWITH "board.tile."'
    t =    18.82s Find the Button (Element at index 0)
    t =    18.86s Tap "board.tile.-1_-2" Button
    t =    18.86s     Wait for com.alexchandler.empires to idle
    t =    18.86s     Find the "board.tile.-1_-2" Button
    t =    18.88s     Check for interrupting elements affecting "board.tile.-1_-2" Button
    t =    18.90s     Synthesize event
    t =    19.19s     Wait for com.alexchandler.empires to idle
    t =    19.19s Tap "board-decision.confirm" Button
    t =    19.19s     Wait for com.alexchandler.empires to idle
    t =    19.19s     Find the "board-decision.confirm" Button
    t =    19.22s     Check for interrupting elements affecting "board-decision.confirm" Button
    t =    19.24s     Synthesize event
    t =    19.53s     Wait for com.alexchandler.empires to idle
    t =    19.59s Waiting 5.0s for "board.ship.0" Button to exist
    t =    20.62s     Checking `Expect predicate `existsNoRetry == 1` for object "board.ship.0" Button`
    t =    20.62s         Checking existence of `"board.ship.0" Button`
    t =    20.66s Find the "board.ship.0" Button
    t =    20.68s Tap "naval.fleet.open" Button
    t =    20.68s     Wait for com.alexchandler.empires to idle
    t =    20.69s     Find the "naval.fleet.open" Button
    t =    20.71s     Check for interrupting elements affecting "naval.fleet.open" Button
    t =    20.73s     Synthesize event
    t =    21.02s     Wait for com.alexchandler.empires to idle
    t =    21.02s Waiting 5.0s for "naval.fleet.ship.0" Button to exist
    t =    22.02s     Checking `Expect predicate `existsNoRetry == 1` for object "naval.fleet.ship.0" Button`
    t =    22.03s         Checking existence of `"naval.fleet.ship.0" Button`
    t =    22.07s Find the Target Application 'com.alexchandler.empires'
    t =    22.23s Added attachment named 'Painted Greece fleet chooser'
    t =    22.23s Tap "naval.fleet.ship.0" Button
    t =    22.23s     Wait for com.alexchandler.empires to idle
    t =    22.23s     Find the "naval.fleet.ship.0" Button
    t =    22.25s     Check for interrupting elements affecting "naval.fleet.ship.0" Button
    t =    22.27s     Synthesize event
    t =    22.56s     Wait for com.alexchandler.empires to idle
    t =    22.56s Find the "board.surface" Other
    t =    22.60s Find the Target Application 'com.alexchandler.empires'
    t =    22.74s Added attachment named 'Painted Greece vessel at local scale'
    t =    22.75s Tap "naval.overview" Button
    t =    22.75s     Wait for com.alexchandler.empires to idle
    t =    22.75s     Find the "naval.overview" Button
    t =    22.77s     Check for interrupting elements affecting "naval.overview" Button
    t =    22.79s     Synthesize event
    t =    23.08s     Wait for com.alexchandler.empires to idle
    t =    23.08s Find the "board.surface" Other
    t =    23.11s Find the Target Application 'com.alexchandler.empires'
    t =    23.26s Added attachment named 'Painted Greece vessel at World scale'
    t =    23.26s Tap "naval.overview" Button
    t =    23.26s     Wait for com.alexchandler.empires to idle
    t =    23.26s     Find the "naval.overview" Button
    t =    23.28s     Check for interrupting elements affecting "naval.overview" Button
    t =    23.30s     Synthesize event
    t =    23.59s     Wait for com.alexchandler.empires to idle
    t =    23.59s Find the "board.surface" Other
    t =    23.62s Find the "board.ship.0" Button
    t =    23.65s Terminate com.alexchandler.empires:5921
    t =    24.71s Open com.alexchandler.empires
    t =    24.71s     Launch com.alexchandler.empires
2026-10-07 02:35:21.711 xcodebuild[5696:2304318] [MT] IDELaunchParametersSnapshot: The operation couldn’t be completed. (DebuggerLLDB.DebuggerVersionStore.StoreError error 0.)
2026-10-07 02:35:21.711 xcodebuild[5696:2304318] [MT] IDELaunchParametersSnapshot: no debugger version
    t =    24.92s         Setting up automation session
    t =    25.40s         Wait for com.alexchandler.empires to idle
    t =    27.13s Waiting 15.0s for "Build" Button to exist
    t =    28.14s     Checking `Expect predicate `existsNoRetry == 1` for object "Build" Button`
    t =    28.15s         Checking existence of `"Build" Button`
    t =    28.21s Tap "Build" Button
    t =    28.21s     Wait for com.alexchandler.empires to idle
    t =    28.21s     Find the "Build" Button
    t =    28.23s     Check for interrupting elements affecting "Build" Button
    t =    28.25s     Synthesize event
    t =    28.54s     Wait for com.alexchandler.empires to idle
    t =    28.55s Waiting 5.0s for "build.ship" Button to exist
    t =    29.59s     Checking `Expect predicate `existsNoRetry == 1` for object "build.ship" Button`
    t =    29.59s         Checking existence of `"build.ship" Button`
    t =    29.65s Find the "build.ship" Button
    t =    29.68s Tap "build.ship" Button
    t =    29.68s     Wait for com.alexchandler.empires to idle
    t =    29.68s     Find the "build.ship" Button
    t =    29.71s     Check for interrupting elements affecting "build.ship" Button
    t =    29.74s     Synthesize event
    t =    30.03s     Wait for com.alexchandler.empires to idle
    t =    30.03s Waiting 5.0s for Button (First Match) to exist
    t =    31.06s     Checking `Expect predicate `existsNoRetry == 1` for object Button (First Match)`
    t =    31.06s         Checking existence of `Button (First Match)`
    t =    31.09s Get all elements bound by index for: Elements matching predicate 'identifier BEGINSWITH "board.tile."'
    t =    31.12s Find the Button (Element at index 0)
    t =    31.14s Tap "board.tile.-1_-2" Button
    t =    31.14s     Wait for com.alexchandler.empires to idle
    t =    31.14s     Find the "board.tile.-1_-2" Button
    t =    31.16s     Check for interrupting elements affecting "board.tile.-1_-2" Button
    t =    31.18s     Synthesize event
    t =    31.46s     Wait for com.alexchandler.empires to idle
    t =    31.46s Tap "board-decision.confirm" Button
    t =    31.46s     Wait for com.alexchandler.empires to idle
    t =    31.46s     Find the "board-decision.confirm" Button
    t =    31.49s     Check for interrupting elements affecting "board-decision.confirm" Button
    t =    31.51s     Synthesize event
    t =    31.79s     Wait for com.alexchandler.empires to idle
    t =    31.84s Waiting 5.0s for "board.ship.0" Button to exist
    t =    32.88s     Checking `Expect predicate `existsNoRetry == 1` for object "board.ship.0" Button`
    t =    32.88s         Checking existence of `"board.ship.0" Button`
    t =    32.92s Find the "board.ship.0" Button
    t =    32.95s Tap "naval.fleet.open" Button
    t =    32.95s     Wait for com.alexchandler.empires to idle
    t =    32.95s     Find the "naval.fleet.open" Button
    t =    32.97s     Check for interrupting elements affecting "naval.fleet.open" Button
    t =    32.99s     Synthesize event
    t =    33.28s     Wait for com.alexchandler.empires to idle
    t =    33.28s Waiting 5.0s for "naval.fleet.ship.0" Button to exist
    t =    34.31s     Checking `Expect predicate `existsNoRetry == 1` for object "naval.fleet.ship.0" Button`
    t =    34.31s         Checking existence of `"naval.fleet.ship.0" Button`
    t =    34.36s Find the Target Application 'com.alexchandler.empires'
    t =    34.51s Added attachment named 'Painted Egypt fleet chooser'
    t =    34.51s Tap "naval.fleet.ship.0" Button
    t =    34.51s     Wait for com.alexchandler.empires to idle
    t =    34.51s     Find the "naval.fleet.ship.0" Button
    t =    34.54s     Check for interrupting elements affecting "naval.fleet.ship.0" Button
    t =    34.56s     Synthesize event
    t =    34.85s     Wait for com.alexchandler.empires to idle
    t =    34.85s Find the "board.surface" Other
    t =    34.89s Find the Target Application 'com.alexchandler.empires'
    t =    35.04s Added attachment named 'Painted Egypt vessel at local scale'
    t =    35.04s Tap "naval.overview" Button
    t =    35.04s     Wait for com.alexchandler.empires to idle
    t =    35.04s     Find the "naval.overview" Button
    t =    35.06s     Check for interrupting elements affecting "naval.overview" Button
    t =    35.08s     Synthesize event
    t =    35.36s     Wait for com.alexchandler.empires to idle
    t =    35.36s Find the "board.surface" Other
    t =    35.39s Find the Target Application 'com.alexchandler.empires'
    t =    35.54s Added attachment named 'Painted Egypt vessel at World scale'
    t =    35.54s Tap "naval.overview" Button
    t =    35.54s     Wait for com.alexchandler.empires to idle
    t =    35.54s     Find the "naval.overview" Button
    t =    35.56s     Check for interrupting elements affecting "naval.overview" Button
    t =    35.58s     Synthesize event
    t =    35.86s     Wait for com.alexchandler.empires to idle
    t =    35.87s Find the "board.surface" Other
    t =    35.90s Find the "board.ship.0" Button
    t =    35.92s Terminate com.alexchandler.empires:5957
    t =    36.96s Open com.alexchandler.empires
    t =    36.96s     Launch com.alexchandler.empires
2026-10-07 02:35:33.957 xcodebuild[5696:2304318] [MT] IDELaunchParametersSnapshot: The operation couldn’t be completed. (DebuggerLLDB.DebuggerVersionStore.StoreError error 0.)
2026-10-07 02:35:33.957 xcodebuild[5696:2304318] [MT] IDELaunchParametersSnapshot: no debugger version
    t =    37.17s         Setting up automation session
    t =    37.64s         Wait for com.alexchandler.empires to idle
    t =    39.36s Waiting 15.0s for "Build" Button to exist
    t =    40.38s     Checking `Expect predicate `existsNoRetry == 1` for object "Build" Button`
    t =    40.38s         Checking existence of `"Build" Button`
    t =    40.44s Tap "Build" Button
    t =    40.44s     Wait for com.alexchandler.empires to idle
    t =    40.44s     Find the "Build" Button
    t =    40.47s     Check for interrupting elements affecting "Build" Button
    t =    40.48s     Synthesize event
    t =    40.76s     Wait for com.alexchandler.empires to idle
    t =    40.77s Waiting 5.0s for "build.ship" Button to exist
    t =    41.79s     Checking `Expect predicate `existsNoRetry == 1` for object "build.ship" Button`
    t =    41.79s         Checking existence of `"build.ship" Button`
    t =    41.85s Find the "build.ship" Button
    t =    41.88s Tap "build.ship" Button
    t =    41.88s     Wait for com.alexchandler.empires to idle
    t =    41.88s     Find the "build.ship" Button
    t =    41.91s     Check for interrupting elements affecting "build.ship" Button
    t =    41.94s     Synthesize event
    t =    42.23s     Wait for com.alexchandler.empires to idle
    t =    42.23s Waiting 5.0s for Button (First Match) to exist
    t =    43.26s     Checking `Expect predicate `existsNoRetry == 1` for object Button (First Match)`
    t =    43.26s         Checking existence of `Button (First Match)`
    t =    43.29s Get all elements bound by index for: Elements matching predicate 'identifier BEGINSWITH "board.tile."'
    t =    43.31s Find the Button (Element at index 0)
    t =    43.34s Tap "board.tile.-1_-2" Button
    t =    43.34s     Wait for com.alexchandler.empires to idle
    t =    43.34s     Find the "board.tile.-1_-2" Button
    t =    43.36s     Check for interrupting elements affecting "board.tile.-1_-2" Button
    t =    43.37s     Synthesize event
    t =    43.66s     Wait for com.alexchandler.empires to idle
    t =    43.66s Tap "board-decision.confirm" Button
    t =    43.66s     Wait for com.alexchandler.empires to idle
    t =    43.66s     Find the "board-decision.confirm" Button
    t =    43.69s     Check for interrupting elements affecting "board-decision.confirm" Button
    t =    43.71s     Synthesize event
    t =    43.99s     Wait for com.alexchandler.empires to idle
    t =    44.04s Waiting 5.0s for "board.ship.0" Button to exist
    t =    45.08s     Checking `Expect predicate `existsNoRetry == 1` for object "board.ship.0" Button`
    t =    45.08s         Checking existence of `"board.ship.0" Button`
    t =    45.12s Find the "board.ship.0" Button
    t =    45.15s Tap "naval.fleet.open" Button
    t =    45.15s     Wait for com.alexchandler.empires to idle
    t =    45.15s     Find the "naval.fleet.open" Button
    t =    45.17s     Check for interrupting elements affecting "naval.fleet.open" Button
    t =    45.19s     Synthesize event
    t =    45.48s     Wait for com.alexchandler.empires to idle
    t =    45.48s Waiting 5.0s for "naval.fleet.ship.0" Button to exist
    t =    46.51s     Checking `Expect predicate `existsNoRetry == 1` for object "naval.fleet.ship.0" Button`
    t =    46.51s         Checking existence of `"naval.fleet.ship.0" Button`
    t =    46.56s Find the Target Application 'com.alexchandler.empires'
    t =    46.71s Added attachment named 'Painted Aztec fleet chooser'
    t =    46.71s Tap "naval.fleet.ship.0" Button
    t =    46.71s     Wait for com.alexchandler.empires to idle
    t =    46.71s     Find the "naval.fleet.ship.0" Button
    t =    46.74s     Check for interrupting elements affecting "naval.fleet.ship.0" Button
    t =    46.76s     Synthesize event
    t =    47.05s     Wait for com.alexchandler.empires to idle
    t =    47.05s Find the "board.surface" Other
    t =    47.08s Find the Target Application 'com.alexchandler.empires'
    t =    47.23s Added attachment named 'Painted Aztec vessel at local scale'
    t =    47.23s Tap "naval.overview" Button
    t =    47.23s     Wait for com.alexchandler.empires to idle
    t =    47.23s     Find the "naval.overview" Button
    t =    47.26s     Check for interrupting elements affecting "naval.overview" Button
    t =    47.27s     Synthesize event
    t =    47.56s     Wait for com.alexchandler.empires to idle
    t =    47.56s Find the "board.surface" Other
    t =    47.60s Find the Target Application 'com.alexchandler.empires'
    t =    47.74s Added attachment named 'Painted Aztec vessel at World scale'
    t =    47.74s Tap "naval.overview" Button
    t =    47.74s     Wait for com.alexchandler.empires to idle
    t =    47.74s     Find the "naval.overview" Button
    t =    47.77s     Check for interrupting elements affecting "naval.overview" Button
    t =    47.78s     Synthesize event
    t =    48.07s     Wait for com.alexchandler.empires to idle
    t =    48.08s Find the "board.surface" Other
    t =    48.11s Find the "board.ship.0" Button
    t =    48.13s Terminate com.alexchandler.empires:5987
    t =    49.19s Open com.alexchandler.empires
    t =    49.20s     Launch com.alexchandler.empires
2026-10-07 02:35:46.191 xcodebuild[5696:2304318] [MT] IDELaunchParametersSnapshot: The operation couldn’t be completed. (DebuggerLLDB.DebuggerVersionStore.StoreError error 0.)
2026-10-07 02:35:46.191 xcodebuild[5696:2304318] [MT] IDELaunchParametersSnapshot: no debugger version
    t =    49.41s         Setting up automation session
    t =    49.88s         Wait for com.alexchandler.empires to idle
    t =    51.55s Waiting 15.0s for "Build" Button to exist
    t =    52.58s     Checking `Expect predicate `existsNoRetry == 1` for object "Build" Button`
    t =    52.58s         Checking existence of `"Build" Button`
    t =    52.64s Tap "Build" Button
    t =    52.64s     Wait for com.alexchandler.empires to idle
    t =    52.64s     Find the "Build" Button
    t =    52.67s     Check for interrupting elements affecting "Build" Button
    t =    52.69s     Synthesize event
    t =    52.98s     Wait for com.alexchandler.empires to idle
    t =    52.98s Waiting 5.0s for "build.ship" Button to exist
    t =    53.99s     Checking `Expect predicate `existsNoRetry == 1` for object "build.ship" Button`
    t =    53.99s         Checking existence of `"build.ship" Button`
    t =    54.05s Find the "build.ship" Button
    t =    54.09s Tap "build.ship" Button
    t =    54.09s     Wait for com.alexchandler.empires to idle
    t =    54.09s     Find the "build.ship" Button
    t =    54.12s     Check for interrupting elements affecting "build.ship" Button
    t =    54.15s     Synthesize event
    t =    54.43s     Wait for com.alexchandler.empires to idle
    t =    54.43s Waiting 5.0s for Button (First Match) to exist
    t =    55.46s     Checking `Expect predicate `existsNoRetry == 1` for object Button (First Match)`
    t =    55.46s         Checking existence of `Button (First Match)`
    t =    55.49s Get all elements bound by index for: Elements matching predicate 'identifier BEGINSWITH "board.tile."'
    t =    55.51s Find the Button (Element at index 0)
    t =    55.54s Tap "board.tile.-1_-2" Button
    t =    55.54s     Wait for com.alexchandler.empires to idle
    t =    55.54s     Find the "board.tile.-1_-2" Button
    t =    55.55s     Check for interrupting elements affecting "board.tile.-1_-2" Button
    t =    55.57s     Synthesize event
    t =    55.86s     Wait for com.alexchandler.empires to idle
    t =    55.86s Tap "board-decision.confirm" Button
    t =    55.86s     Wait for com.alexchandler.empires to idle
    t =    55.86s     Find the "board-decision.confirm" Button
    t =    55.89s     Check for interrupting elements affecting "board-decision.confirm" Button
    t =    55.91s     Synthesize event
    t =    56.19s     Wait for com.alexchandler.empires to idle
    t =    56.28s Waiting 5.0s for "board.ship.0" Button to exist
    t =    57.33s     Checking `Expect predicate `existsNoRetry == 1` for object "board.ship.0" Button`
    t =    57.33s         Checking existence of `"board.ship.0" Button`
    t =    57.37s Find the "board.ship.0" Button
    t =    57.40s Tap "naval.fleet.open" Button
    t =    57.40s     Wait for com.alexchandler.empires to idle
    t =    57.40s     Find the "naval.fleet.open" Button
    t =    57.42s     Check for interrupting elements affecting "naval.fleet.open" Button
    t =    57.44s     Synthesize event
    t =    57.73s     Wait for com.alexchandler.empires to idle
    t =    57.73s Waiting 5.0s for "naval.fleet.ship.0" Button to exist
    t =    58.76s     Checking `Expect predicate `existsNoRetry == 1` for object "naval.fleet.ship.0" Button`
    t =    58.76s         Checking existence of `"naval.fleet.ship.0" Button`
    t =    58.81s Find the Target Application 'com.alexchandler.empires'
    t =    58.96s Added attachment named 'Painted Columbia fleet chooser'
    t =    58.96s Tap "naval.fleet.ship.0" Button
    t =    58.96s     Wait for com.alexchandler.empires to idle
    t =    58.96s     Find the "naval.fleet.ship.0" Button
    t =    58.98s     Check for interrupting elements affecting "naval.fleet.ship.0" Button
    t =    59.00s     Synthesize event
    t =    59.29s     Wait for com.alexchandler.empires to idle
    t =    59.30s Find the "board.surface" Other
    t =    59.33s Find the Target Application 'com.alexchandler.empires'
    t =    59.48s Added attachment named 'Painted Columbia vessel at local scale'
    t =    59.48s Tap "naval.overview" Button
    t =    59.48s     Wait for com.alexchandler.empires to idle
    t =    59.48s     Find the "naval.overview" Button
    t =    59.50s     Check for interrupting elements affecting "naval.overview" Button
    t =    59.52s     Synthesize event
    t =    59.81s     Wait for com.alexchandler.empires to idle
    t =    59.81s Find the "board.surface" Other
    t =    59.85s Find the Target Application 'com.alexchandler.empires'
    t =    59.99s Added attachment named 'Painted Columbia vessel at World scale'
    t =    59.99s Tap "naval.overview" Button
    t =    59.99s     Wait for com.alexchandler.empires to idle
    t =    59.99s     Find the "naval.overview" Button
    t =    60.01s     Check for interrupting elements affecting "naval.overview" Button
    t =    60.03s     Synthesize event
    t =    60.31s     Wait for com.alexchandler.empires to idle
    t =    60.32s Find the "board.surface" Other
    t =    60.35s Find the "board.ship.0" Button
    t =    60.37s Terminate com.alexchandler.empires:6014
    t =    61.43s Open com.alexchandler.empires
    t =    61.43s     Launch com.alexchandler.empires
2026-10-07 02:35:58.424 xcodebuild[5696:2304318] [MT] IDELaunchParametersSnapshot: The operation couldn’t be completed. (DebuggerLLDB.DebuggerVersionStore.StoreError error 0.)
2026-10-07 02:35:58.424 xcodebuild[5696:2304318] [MT] IDELaunchParametersSnapshot: no debugger version
    t =    61.63s         Setting up automation session
    t =    62.11s         Wait for com.alexchandler.empires to idle
    t =    63.90s Waiting 15.0s for "Build" Button to exist
    t =    64.92s     Checking `Expect predicate `existsNoRetry == 1` for object "Build" Button`
    t =    64.93s         Checking existence of `"Build" Button`
    t =    64.99s Tap "Build" Button
    t =    64.99s     Wait for com.alexchandler.empires to idle
    t =    64.99s     Find the "Build" Button
    t =    65.01s     Check for interrupting elements affecting "Build" Button
    t =    65.03s     Synthesize event
    t =    65.32s     Wait for com.alexchandler.empires to idle
    t =    65.32s Waiting 5.0s for "build.ship" Button to exist
    t =    66.34s     Checking `Expect predicate `existsNoRetry == 1` for object "build.ship" Button`
    t =    66.35s         Checking existence of `"build.ship" Button`
    t =    66.41s Find the "build.ship" Button
    t =    66.44s Tap "build.ship" Button
    t =    66.44s     Wait for com.alexchandler.empires to idle
    t =    66.44s     Find the "build.ship" Button
    t =    66.47s     Check for interrupting elements affecting "build.ship" Button
    t =    66.50s     Synthesize event
    t =    66.79s     Wait for com.alexchandler.empires to idle
    t =    66.79s Waiting 5.0s for Button (First Match) to exist
    t =    67.81s     Checking `Expect predicate `existsNoRetry == 1` for object Button (First Match)`
    t =    67.81s         Checking existence of `Button (First Match)`
    t =    67.84s Get all elements bound by index for: Elements matching predicate 'identifier BEGINSWITH "board.tile."'
    t =    67.86s Find the Button (Element at index 0)
    t =    67.89s Tap "board.tile.-1_-2" Button
    t =    67.89s     Wait for com.alexchandler.empires to idle
    t =    67.89s     Find the "board.tile.-1_-2" Button
    t =    67.91s     Check for interrupting elements affecting "board.tile.-1_-2" Button
    t =    67.92s     Synthesize event
    t =    68.21s     Wait for com.alexchandler.empires to idle
    t =    68.21s Tap "board-decision.confirm" Button
    t =    68.21s     Wait for com.alexchandler.empires to idle
    t =    68.22s     Find the "board-decision.confirm" Button
    t =    68.24s     Check for interrupting elements affecting "board-decision.confirm" Button
    t =    68.26s     Synthesize event
    t =    68.55s     Wait for com.alexchandler.empires to idle
    t =    68.57s Waiting 5.0s for "board.ship.0" Button to exist
    t =    69.59s     Checking `Expect predicate `existsNoRetry == 1` for object "board.ship.0" Button`
    t =    69.59s         Checking existence of `"board.ship.0" Button`
    t =    69.63s Find the "board.ship.0" Button
    t =    69.66s Tap "naval.fleet.open" Button
    t =    69.66s     Wait for com.alexchandler.empires to idle
    t =    69.66s     Find the "naval.fleet.open" Button
    t =    69.68s     Check for interrupting elements affecting "naval.fleet.open" Button
    t =    69.70s     Synthesize event
    t =    69.99s     Wait for com.alexchandler.empires to idle
    t =    69.99s Waiting 5.0s for "naval.fleet.ship.0" Button to exist
    t =    71.02s     Checking `Expect predicate `existsNoRetry == 1` for object "naval.fleet.ship.0" Button`
    t =    71.02s         Checking existence of `"naval.fleet.ship.0" Button`
    t =    71.07s Find the Target Application 'com.alexchandler.empires'
    t =    71.21s Added attachment named 'Painted Rome fleet chooser'
    t =    71.21s Tap "naval.fleet.ship.0" Button
    t =    71.21s     Wait for com.alexchandler.empires to idle
    t =    71.21s     Find the "naval.fleet.ship.0" Button
    t =    71.24s     Check for interrupting elements affecting "naval.fleet.ship.0" Button
    t =    71.25s     Synthesize event
    t =    71.55s     Wait for com.alexchandler.empires to idle
    t =    71.55s Find the "board.surface" Other
    t =    71.58s Find the Target Application 'com.alexchandler.empires'
    t =    71.73s Added attachment named 'Painted Rome vessel at local scale'
    t =    71.73s Tap "naval.overview" Button
    t =    71.73s     Wait for com.alexchandler.empires to idle
    t =    71.73s     Find the "naval.overview" Button
    t =    71.75s     Check for interrupting elements affecting "naval.overview" Button
    t =    71.77s     Synthesize event
    t =    72.06s     Wait for com.alexchandler.empires to idle
    t =    72.06s Find the "board.surface" Other
    t =    72.09s Find the Target Application 'com.alexchandler.empires'
    t =    72.23s Added attachment named 'Painted Rome vessel at World scale'
    t =    72.24s Tap "naval.overview" Button
    t =    72.24s     Wait for com.alexchandler.empires to idle
    t =    72.24s     Find the "naval.overview" Button
    t =    72.26s     Check for interrupting elements affecting "naval.overview" Button
    t =    72.28s     Synthesize event
    t =    72.56s     Wait for com.alexchandler.empires to idle
    t =    72.56s Find the "board.surface" Other
    t =    72.59s Find the "board.ship.0" Button
    t =    72.61s Terminate com.alexchandler.empires:6037
    t =    73.66s Open com.alexchandler.empires
    t =    73.66s     Launch com.alexchandler.empires
2026-10-07 02:36:10.657 xcodebuild[5696:2304318] [MT] IDELaunchParametersSnapshot: The operation couldn’t be completed. (DebuggerLLDB.DebuggerVersionStore.StoreError error 0.)
2026-10-07 02:36:10.657 xcodebuild[5696:2304318] [MT] IDELaunchParametersSnapshot: no debugger version
    t =    73.87s         Setting up automation session
    t =    74.34s         Wait for com.alexchandler.empires to idle
    t =    75.94s Waiting 15.0s for "Build" Button to exist
    t =    76.96s     Checking `Expect predicate `existsNoRetry == 1` for object "Build" Button`
    t =    76.96s         Checking existence of `"Build" Button`
    t =    77.02s Tap "Build" Button
    t =    77.02s     Wait for com.alexchandler.empires to idle
    t =    77.02s     Find the "Build" Button
    t =    77.05s     Check for interrupting elements affecting "Build" Button
    t =    77.07s     Synthesize event
    t =    77.35s     Wait for com.alexchandler.empires to idle
    t =    77.35s Waiting 5.0s for "build.ship" Button to exist
    t =    78.36s     Checking `Expect predicate `existsNoRetry == 1` for object "build.ship" Button`
    t =    78.36s         Checking existence of `"build.ship" Button`
    t =    78.40s Find the "build.ship" Button
    t =    78.44s Tap "build.ship" Button
    t =    78.44s     Wait for com.alexchandler.empires to idle
    t =    78.44s     Find the "build.ship" Button
    t =    78.47s     Check for interrupting elements affecting "build.ship" Button
    t =    78.49s     Synthesize event
    t =    78.78s     Wait for com.alexchandler.empires to idle
    t =    78.78s Waiting 5.0s for Button (First Match) to exist
    t =    79.81s     Checking `Expect predicate `existsNoRetry == 1` for object Button (First Match)`
    t =    79.81s         Checking existence of `Button (First Match)`
    t =    79.83s Get all elements bound by index for: Elements matching predicate 'identifier BEGINSWITH "board.tile."'
    t =    79.85s Find the Button (Element at index 0)
    t =    79.87s Tap "board.tile.-1_-2" Button
    t =    79.87s     Wait for com.alexchandler.empires to idle
    t =    79.87s     Find the "board.tile.-1_-2" Button
    t =    79.89s     Check for interrupting elements affecting "board.tile.-1_-2" Button
    t =    79.91s     Synthesize event
    t =    80.19s     Wait for com.alexchandler.empires to idle
    t =    80.19s Tap "board-decision.confirm" Button
    t =    80.19s     Wait for com.alexchandler.empires to idle
    t =    80.20s     Find the "board-decision.confirm" Button
    t =    80.23s     Check for interrupting elements affecting "board-decision.confirm" Button
    t =    80.25s     Synthesize event
    t =    80.53s     Wait for com.alexchandler.empires to idle
    t =    80.61s Waiting 5.0s for "board.ship.0" Button to exist
    t =    81.64s     Checking `Expect predicate `existsNoRetry == 1` for object "board.ship.0" Button`
    t =    81.65s         Checking existence of `"board.ship.0" Button`
    t =    81.69s Find the "board.ship.0" Button
    t =    81.72s Tap "naval.fleet.open" Button
    t =    81.72s     Wait for com.alexchandler.empires to idle
    t =    81.72s     Find the "naval.fleet.open" Button
    t =    81.74s     Check for interrupting elements affecting "naval.fleet.open" Button
    t =    81.76s     Synthesize event
    t =    82.05s     Wait for com.alexchandler.empires to idle
    t =    82.05s Waiting 5.0s for "naval.fleet.ship.0" Button to exist
    t =    83.08s     Checking `Expect predicate `existsNoRetry == 1` for object "naval.fleet.ship.0" Button`
    t =    83.08s         Checking existence of `"naval.fleet.ship.0" Button`
    t =    83.12s Find the Target Application 'com.alexchandler.empires'
    t =    83.27s Added attachment named 'Painted Japan fleet chooser'
    t =    83.27s Tap "naval.fleet.ship.0" Button
    t =    83.27s     Wait for com.alexchandler.empires to idle
    t =    83.27s     Find the "naval.fleet.ship.0" Button
    t =    83.29s     Check for interrupting elements affecting "naval.fleet.ship.0" Button
    t =    83.31s     Synthesize event
    t =    83.60s     Wait for com.alexchandler.empires to idle
    t =    83.60s Find the "board.surface" Other
    t =    83.64s Find the Target Application 'com.alexchandler.empires'
    t =    83.79s Added attachment named 'Painted Japan vessel at local scale'
    t =    83.79s Tap "naval.overview" Button
    t =    83.79s     Wait for com.alexchandler.empires to idle
    t =    83.79s     Find the "naval.overview" Button
    t =    83.81s     Check for interrupting elements affecting "naval.overview" Button
    t =    83.83s     Synthesize event
    t =    84.11s     Wait for com.alexchandler.empires to idle
    t =    84.11s Find the "board.surface" Other
    t =    84.15s Find the Target Application 'com.alexchandler.empires'
    t =    84.29s Added attachment named 'Painted Japan vessel at World scale'
    t =    84.29s Tap "naval.overview" Button
    t =    84.29s     Wait for com.alexchandler.empires to idle
    t =    84.30s     Find the "naval.overview" Button
    t =    84.32s     Check for interrupting elements affecting "naval.overview" Button
    t =    84.34s     Synthesize event
    t =    84.63s     Wait for com.alexchandler.empires to idle
    t =    84.63s Find the "board.surface" Other
    t =    84.66s Find the "board.ship.0" Button
    t =    84.69s Terminate com.alexchandler.empires:6111
    t =    85.75s Open com.alexchandler.empires
    t =    85.75s     Launch com.alexchandler.empires
2026-10-07 02:36:22.743 xcodebuild[5696:2304318] [MT] IDELaunchParametersSnapshot: The operation couldn’t be completed. (DebuggerLLDB.DebuggerVersionStore.StoreError error 0.)
2026-10-07 02:36:22.743 xcodebuild[5696:2304318] [MT] IDELaunchParametersSnapshot: no debugger version
    t =    85.95s         Setting up automation session
    t =    86.42s         Wait for com.alexchandler.empires to idle
    t =    88.09s Waiting 15.0s for "Build" Button to exist
    t =    89.11s     Checking `Expect predicate `existsNoRetry == 1` for object "Build" Button`
    t =    89.11s         Checking existence of `"Build" Button`
    t =    89.17s Tap "Build" Button
    t =    89.17s     Wait for com.alexchandler.empires to idle
    t =    89.18s     Find the "Build" Button
    t =    89.20s     Check for interrupting elements affecting "Build" Button
    t =    89.22s     Synthesize event
    t =    89.51s     Wait for com.alexchandler.empires to idle
    t =    89.51s Waiting 5.0s for "build.ship" Button to exist
    t =    90.54s     Checking `Expect predicate `existsNoRetry == 1` for object "build.ship" Button`
    t =    90.54s         Checking existence of `"build.ship" Button`
    t =    90.61s Find the "build.ship" Button
    t =    90.64s Tap "build.ship" Button
    t =    90.64s     Wait for com.alexchandler.empires to idle
    t =    90.64s     Find the "build.ship" Button
    t =    90.67s     Check for interrupting elements affecting "build.ship" Button
    t =    90.70s     Synthesize event
    t =    90.99s     Wait for com.alexchandler.empires to idle
    t =    90.99s Waiting 5.0s for Button (First Match) to exist
    t =    91.99s     Checking `Expect predicate `existsNoRetry == 1` for object Button (First Match)`
    t =    91.99s         Checking existence of `Button (First Match)`
    t =    92.02s Get all elements bound by index for: Elements matching predicate 'identifier BEGINSWITH "board.tile."'
    t =    92.04s Find the Button (Element at index 0)
    t =    92.07s Tap "board.tile.-1_-2" Button
    t =    92.07s     Wait for com.alexchandler.empires to idle
    t =    92.07s     Find the "board.tile.-1_-2" Button
    t =    92.09s     Check for interrupting elements affecting "board.tile.-1_-2" Button
    t =    92.11s     Synthesize event
    t =    92.39s     Wait for com.alexchandler.empires to idle
    t =    92.40s Tap "board-decision.confirm" Button
    t =    92.40s     Wait for com.alexchandler.empires to idle
    t =    92.40s     Find the "board-decision.confirm" Button
    t =    92.43s     Check for interrupting elements affecting "board-decision.confirm" Button
    t =    92.45s     Synthesize event
    t =    92.73s     Wait for com.alexchandler.empires to idle
    t =    92.77s Waiting 5.0s for "board.ship.0" Button to exist
    t =    93.79s     Checking `Expect predicate `existsNoRetry == 1` for object "board.ship.0" Button`
    t =    93.79s         Checking existence of `"board.ship.0" Button`
    t =    93.84s Find the "board.ship.0" Button
    t =    93.86s Tap "naval.fleet.open" Button
    t =    93.86s     Wait for com.alexchandler.empires to idle
    t =    93.86s     Find the "naval.fleet.open" Button
    t =    93.88s     Check for interrupting elements affecting "naval.fleet.open" Button
    t =    93.90s     Synthesize event
    t =    94.19s     Wait for com.alexchandler.empires to idle
    t =    94.20s Waiting 5.0s for "naval.fleet.ship.0" Button to exist
    t =    95.23s     Checking `Expect predicate `existsNoRetry == 1` for object "naval.fleet.ship.0" Button`
    t =    95.23s         Checking existence of `"naval.fleet.ship.0" Button`
    t =    95.28s Find the Target Application 'com.alexchandler.empires'
    t =    95.43s Added attachment named 'Painted Norse fleet chooser'
    t =    95.43s Tap "naval.fleet.ship.0" Button
    t =    95.43s     Wait for com.alexchandler.empires to idle
    t =    95.43s     Find the "naval.fleet.ship.0" Button
    t =    95.45s     Check for interrupting elements affecting "naval.fleet.ship.0" Button
    t =    95.47s     Synthesize event
    t =    95.76s     Wait for com.alexchandler.empires to idle
    t =    95.76s Find the "board.surface" Other
    t =    95.80s Find the Target Application 'com.alexchandler.empires'
    t =    95.95s Added attachment named 'Painted Norse vessel at local scale'
    t =    95.95s Tap "naval.overview" Button
    t =    95.95s     Wait for com.alexchandler.empires to idle
    t =    95.95s     Find the "naval.overview" Button
    t =    95.97s     Check for interrupting elements affecting "naval.overview" Button
    t =    95.99s     Synthesize event
    t =    96.28s     Wait for com.alexchandler.empires to idle
    t =    96.28s Find the "board.surface" Other
    t =    96.31s Find the Target Application 'com.alexchandler.empires'
    t =    96.46s Added attachment named 'Painted Norse vessel at World scale'
    t =    96.46s Tap "naval.overview" Button
    t =    96.46s     Wait for com.alexchandler.empires to idle
    t =    96.46s     Find the "naval.overview" Button
    t =    96.48s     Check for interrupting elements affecting "naval.overview" Button
    t =    96.50s     Synthesize event
    t =    96.79s     Wait for com.alexchandler.empires to idle
    t =    96.79s Find the "board.surface" Other
    t =    96.83s Find the "board.ship.0" Button
    t =    96.85s Terminate com.alexchandler.empires:6138
    t =    97.90s Tear Down
Test Case '-[SettlersUITests.NavalShipArtworkFlowTests testAllEightPaintedFleetsThroughRealPurchaseWorldHomeAndFleet]' passed (98.117 seconds).
Test Case '-[SettlersUITests.NavalShipArtworkFlowTests testPaintedVesselAtMaximumZoomKeepsItsCoastalHarborAndViewport]' started.
    t =     0.00s Start Test at 2026-10-07 02:36:35.113
    t =     0.01s Set Up
    t =     0.01s Open com.alexchandler.empires
    t =     0.01s     Launch com.alexchandler.empires
2026-10-07 02:36:35.212 xcodebuild[5696:2304318] [MT] IDELaunchParametersSnapshot: The operation couldn’t be completed. (DebuggerLLDB.DebuggerVersionStore.StoreError error 0.)
2026-10-07 02:36:35.212 xcodebuild[5696:2304318] [MT] IDELaunchParametersSnapshot: no debugger version
    t =     0.31s         Setting up automation session
    t =     0.77s         Wait for com.alexchandler.empires to idle
    t =     2.44s Waiting 15.0s for "Build" Button to exist
    t =     3.46s     Checking `Expect predicate `existsNoRetry == 1` for object "Build" Button`
    t =     3.46s         Checking existence of `"Build" Button`
    t =     3.51s Tap "Build" Button
    t =     3.51s     Wait for com.alexchandler.empires to idle
    t =     3.51s     Find the "Build" Button
    t =     3.54s     Check for interrupting elements affecting "Build" Button
    t =     3.55s     Synthesize event
    t =     3.84s     Wait for com.alexchandler.empires to idle
    t =     3.84s Waiting 5.0s for "build.ship" Button to exist
    t =     4.86s     Checking `Expect predicate `existsNoRetry == 1` for object "build.ship" Button`
    t =     4.86s         Checking existence of `"build.ship" Button`
    t =     4.92s Find the "build.ship" Button
    t =     4.95s Tap "build.ship" Button
    t =     4.95s     Wait for com.alexchandler.empires to idle
    t =     4.95s     Find the "build.ship" Button
    t =     4.98s     Check for interrupting elements affecting "build.ship" Button
    t =     5.01s     Synthesize event
    t =     5.29s     Wait for com.alexchandler.empires to idle
    t =     5.30s Waiting 5.0s for Button (First Match) to exist
    t =     6.31s     Checking `Expect predicate `existsNoRetry == 1` for object Button (First Match)`
    t =     6.31s         Checking existence of `Button (First Match)`
    t =     6.33s Get all elements bound by index for: Elements matching predicate 'identifier BEGINSWITH "board.tile."'
    t =     6.35s Find the Button (Element at index 0)
    t =     6.38s Tap "board.tile.-1_-2" Button
    t =     6.38s     Wait for com.alexchandler.empires to idle
    t =     6.38s     Find the "board.tile.-1_-2" Button
    t =     6.40s     Check for interrupting elements affecting "board.tile.-1_-2" Button
    t =     6.41s     Synthesize event
    t =     6.70s     Wait for com.alexchandler.empires to idle
    t =     6.70s Tap "board-decision.confirm" Button
    t =     6.70s     Wait for com.alexchandler.empires to idle
    t =     6.70s     Find the "board-decision.confirm" Button
    t =     6.73s     Check for interrupting elements affecting "board-decision.confirm" Button
    t =     6.75s     Synthesize event
    t =     7.04s     Wait for com.alexchandler.empires to idle
    t =     7.07s Waiting 5.0s for "board.ship.0" Button to exist
    t =     8.10s     Checking `Expect predicate `existsNoRetry == 1` for object "board.ship.0" Button`
    t =     8.10s         Checking existence of `"board.ship.0" Button`
    t =     8.15s Tap "naval.fleet.open" Button
    t =     8.15s     Wait for com.alexchandler.empires to idle
    t =     8.15s     Find the "naval.fleet.open" Button
    t =     8.18s     Check for interrupting elements affecting "naval.fleet.open" Button
    t =     8.20s     Synthesize event
    t =     8.49s     Wait for com.alexchandler.empires to idle
    t =     8.49s Tap "naval.fleet.ship.0" Button
    t =     8.49s     Wait for com.alexchandler.empires to idle
    t =     8.49s     Find the "naval.fleet.ship.0" Button
    t =     8.53s     Check for interrupting elements affecting "naval.fleet.ship.0" Button
    t =     8.55s     Synthesize event
    t =     8.84s     Wait for com.alexchandler.empires to idle
    t =     8.85s Find the "board.surface" Other
    t =     8.88s Pinch with scale 4, velocity 2 in "board.surface" Other
    t =     8.88s     Wait for com.alexchandler.empires to idle
    t =     8.88s     Find the "board.surface" Other
    t =     8.91s     Check for interrupting elements affecting "board.surface" Other
    t =     8.92s     Synthesize event
    t =     8.93s         Pinching with rect {{50, 221}, {302, 326}}
    t =    11.27s     Wait for com.alexchandler.empires to idle
    t =    11.27s Find the "naval.camera.reference" Other
    t =    11.31s Find the "board.surface" Other
    t =    11.33s Find the "board.ship.0" Button
    t =    11.36s Find the Target Application 'com.alexchandler.empires'
    t =    11.50s Added attachment named 'Painted Britannia vessel and harbor at maximum zoom'
    t =    11.50s Find the "naval.home" Button
    t =    11.53s Tap "naval.home" Button
    t =    11.53s     Wait for com.alexchandler.empires to idle
    t =    11.53s     Find the "naval.home" Button
    t =    11.55s     Check for interrupting elements affecting "naval.home" Button
    t =    11.57s     Synthesize event
    t =    11.86s     Wait for com.alexchandler.empires to idle
    t =    11.86s Find the "board.surface" Other
    t =    11.90s Terminate com.alexchandler.empires:6167
    t =    12.93s Tear Down
Test Case '-[SettlersUITests.NavalShipArtworkFlowTests testPaintedVesselAtMaximumZoomKeepsItsCoastalHarborAndViewport]' passed (13.001 seconds).
Test Suite 'NavalShipArtworkFlowTests' passed at 2026-10-07 02:36:48.113.
	 Executed 2 tests, with 0 failures (0 unexpected) in 111.117 (111.119) seconds
Test Suite 'SettlersUITests.xctest' passed at 2026-10-07 02:36:48.114.
	 Executed 2 tests, with 0 failures (0 unexpected) in 111.117 (111.120) seconds
Test Suite 'Selected tests' passed at 2026-10-07 02:36:48.115.
	 Executed 2 tests, with 0 failures (0 unexpected) in 111.117 (111.121) seconds
2026-10-07 02:36:48.417 xcodebuild[5696:2304318] [MT] IDETestOperationsObserverDebug: 116.720 elapsed -- Testing started completed.
2026-10-07 02:36:48.417 xcodebuild[5696:2304318] [MT] IDETestOperationsObserverDebug: 0.000 sec, +0.000 sec -- start
2026-10-07 02:36:48.417 xcodebuild[5696:2304318] [MT] IDETestOperationsObserverDebug: 116.721 sec, +116.721 sec -- end

Test session results, code coverage, and logs:
	/Users/alex/.codex/artifacts/naval-exploration/build23-sprites-build-trade-safety/all-eight-artwork-green.xcresult

** TEST SUCCEEDED **

Testing started
