Command line invocation:
    /Applications/Xcode.app/Contents/Developer/usr/bin/xcodebuild test -project Settlers.xcodeproj -scheme Settlers -configuration Debug -destination "platform=iOS Simulator,id=937692FF-BFBF-4683-80E5-2590F5288D56" -parallel-testing-enabled NO "-only-testing:SettlersUITests/NewGameMatchSettingsFlowTests" "-only-testing:SettlersUITests/NavalFlowTests/testShippingSetupSelectsFamilyTogglesAndExpertThenResumes" -resultBundlePath /tmp/empires-naval-refinement19/advanced-first.xcresult

Resolve Package Graph


Resolved source packages:
  CatanEngine: /Users/alex/.codex/worktrees/naval-exploration/Settlers/Packages/CatanEngine
  CatanAI: /Users/alex/.codex/worktrees/naval-exploration/Settlers/Packages/CatanAI

Writing result bundle at path:
	/tmp/empires-naval-refinement19/advanced-first.xcresult

ComputePackagePrebuildTargetDependencyGraph

Prepare packages

CreateBuildRequest

SendProjectDescription

CreateBuildOperation

ComputeTargetDependencyGraph
note: Building targets in dependency order
note: Target dependency graph (7 targets)
    Target 'SettlersUITests' in project 'Settlers'
        ➜ Explicit dependency on target 'Settlers' in project 'Settlers'
    Target 'SettlersTests' in project 'Settlers'
        ➜ Explicit dependency on target 'Settlers' in project 'Settlers'
    Target 'Settlers' in project 'Settlers'
        ➜ Explicit dependency on target 'CatanEngine' in project 'CatanEngine'
        ➜ Explicit dependency on target 'CatanAI' in project 'CatanAI'
    Target 'CatanAI' in project 'CatanAI'
        ➜ Explicit dependency on target 'CatanAI' in project 'CatanAI'
        ➜ Explicit dependency on target 'CatanEngine' in project 'CatanEngine'
    Target 'CatanAI' in project 'CatanAI'
        ➜ Explicit dependency on target 'CatanEngine' in project 'CatanEngine'
    Target 'CatanEngine' in project 'CatanEngine'
        ➜ Explicit dependency on target 'CatanEngine' in project 'CatanEngine'
    Target 'CatanEngine' in project 'CatanEngine' (no dependencies)

GatherProvisioningInputs

CreateBuildDescription

ExecuteExternalTool /Applications/Xcode.app/Contents/Developer/Toolchains/XcodeDefault.xctoolchain/usr/bin/clang -v -E -dM -isysroot /Applications/Xcode.app/Contents/Developer/Platforms/iPhoneSimulator.platform/Developer/SDKs/iPhoneSimulator26.5.sdk -x c -c /dev/null

ExecuteExternalTool /Applications/Xcode.app/Contents/Developer/Toolchains/XcodeDefault.xctoolchain/usr/bin/swiftc --version

ExecuteExternalTool /Applications/Xcode.app/Contents/Developer/usr/bin/actool --print-asset-tag-combinations --output-format xml1 /Users/alex/.codex/worktrees/naval-exploration/Settlers/Settlers/Assets.xcassets

ExecuteExternalTool /Applications/Xcode.app/Contents/Developer/Toolchains/XcodeDefault.xctoolchain/usr/bin/ld -version_details

ExecuteExternalTool /Applications/Xcode.app/Contents/Developer/usr/bin/actool --version --output-format xml1

Build description signature: 77cd2ef0e1d6bfb6fb172cf08de5b5f7
Build description path: /Users/alex/Library/Developer/Xcode/DerivedData/Settlers-bqwdcayamsmaxsekctdqetlegmaf/Build/Intermediates.noindex/XCBuildData/77cd2ef0e1d6bfb6fb172cf08de5b5f7.xcbuilddata
ClangStatCache /Applications/Xcode.app/Contents/Developer/Toolchains/XcodeDefault.xctoolchain/usr/bin/clang-stat-cache /Applications/Xcode.app/Contents/Developer/Platforms/iPhoneSimulator.platform/Developer/SDKs/iPhoneSimulator26.5.sdk /Users/alex/Library/Developer/Xcode/DerivedData/SDKStatCaches.noindex/iphonesimulator26.5-23F73-6cfe768891a92b912361537c460fe42b.sdkstatcache
    cd /Users/alex/.codex/worktrees/naval-exploration/Settlers/Settlers.xcodeproj
    /Applications/Xcode.app/Contents/Developer/Toolchains/XcodeDefault.xctoolchain/usr/bin/clang-stat-cache /Applications/Xcode.app/Contents/Developer/Platforms/iPhoneSimulator.platform/Developer/SDKs/iPhoneSimulator26.5.sdk -o /Users/alex/Library/Developer/Xcode/DerivedData/SDKStatCaches.noindex/iphonesimulator26.5-23F73-6cfe768891a92b912361537c460fe42b.sdkstatcache

MkDir /Users/alex/Library/Developer/Xcode/DerivedData/Settlers-bqwdcayamsmaxsekctdqetlegmaf/Build/Products/Debug-iphonesimulator/Settlers.app/PlugIns/SettlersTests.xctest (in target 'SettlersTests' from project 'Settlers')
    cd /Users/alex/.codex/worktrees/naval-exploration/Settlers
    /bin/mkdir -p /Users/alex/Library/Developer/Xcode/DerivedData/Settlers-bqwdcayamsmaxsekctdqetlegmaf/Build/Products/Debug-iphonesimulator/Settlers.app/PlugIns/SettlersTests.xctest

WriteAuxiliaryFile /Users/alex/Library/Developer/Xcode/DerivedData/Settlers-bqwdcayamsmaxsekctdqetlegmaf/Build/Intermediates.noindex/Settlers.build/Debug-iphonesimulator/Settlers.build/Objects-normal/arm64/Settlers.SwiftConstValuesFileList (in target 'Settlers' from project 'Settlers')
    cd /Users/alex/.codex/worktrees/naval-exploration/Settlers
    write-file /Users/alex/Library/Developer/Xcode/DerivedData/Settlers-bqwdcayamsmaxsekctdqetlegmaf/Build/Intermediates.noindex/Settlers.build/Debug-iphonesimulator/Settlers.build/Objects-normal/arm64/Settlers.SwiftConstValuesFileList

WriteAuxiliaryFile /Users/alex/Library/Developer/Xcode/DerivedData/Settlers-bqwdcayamsmaxsekctdqetlegmaf/Build/Intermediates.noindex/Settlers.build/Debug-iphonesimulator/Settlers.build/Objects-normal/arm64/Settlers.SwiftFileList (in target 'Settlers' from project 'Settlers')
    cd /Users/alex/.codex/worktrees/naval-exploration/Settlers
    write-file /Users/alex/Library/Developer/Xcode/DerivedData/Settlers-bqwdcayamsmaxsekctdqetlegmaf/Build/Intermediates.noindex/Settlers.build/Debug-iphonesimulator/Settlers.build/Objects-normal/arm64/Settlers.SwiftFileList

MkDir /Users/alex/Library/Developer/Xcode/DerivedData/Settlers-bqwdcayamsmaxsekctdqetlegmaf/Build/Products/Debug-iphonesimulator/Settlers.app/PlugIns (in target 'Settlers' from project 'Settlers')
    cd /Users/alex/.codex/worktrees/naval-exploration/Settlers
    /bin/mkdir -p /Users/alex/Library/Developer/Xcode/DerivedData/Settlers-bqwdcayamsmaxsekctdqetlegmaf/Build/Products/Debug-iphonesimulator/Settlers.app/PlugIns

WriteAuxiliaryFile /Users/alex/Library/Developer/Xcode/DerivedData/Settlers-bqwdcayamsmaxsekctdqetlegmaf/Build/Intermediates.noindex/CatanEngine.build/Debug-iphonesimulator/CatanEngine.build/Objects-normal/arm64/CatanEngine-OutputFileMap.json (in target 'CatanEngine' from project 'CatanEngine')
    cd /Users/alex/.codex/worktrees/naval-exploration/Settlers/Packages/CatanEngine
    write-file /Users/alex/Library/Developer/Xcode/DerivedData/Settlers-bqwdcayamsmaxsekctdqetlegmaf/Build/Intermediates.noindex/CatanEngine.build/Debug-iphonesimulator/CatanEngine.build/Objects-normal/arm64/CatanEngine-OutputFileMap.json

WriteAuxiliaryFile /Users/alex/Library/Developer/Xcode/DerivedData/Settlers-bqwdcayamsmaxsekctdqetlegmaf/Build/Intermediates.noindex/Settlers.build/Debug-iphonesimulator/Settlers.build/Objects-normal/arm64/Settlers.LinkFileList (in target 'Settlers' from project 'Settlers')
    cd /Users/alex/.codex/worktrees/naval-exploration/Settlers
    write-file /Users/alex/Library/Developer/Xcode/DerivedData/Settlers-bqwdcayamsmaxsekctdqetlegmaf/Build/Intermediates.noindex/Settlers.build/Debug-iphonesimulator/Settlers.build/Objects-normal/arm64/Settlers.LinkFileList

MkDir /Users/alex/Library/Developer/Xcode/DerivedData/Settlers-bqwdcayamsmaxsekctdqetlegmaf/Build/Products/Debug-iphonesimulator/Settlers.app/Frameworks (in target 'Settlers' from project 'Settlers')
    cd /Users/alex/.codex/worktrees/naval-exploration/Settlers
    /bin/mkdir -p /Users/alex/Library/Developer/Xcode/DerivedData/Settlers-bqwdcayamsmaxsekctdqetlegmaf/Build/Products/Debug-iphonesimulator/Settlers.app/Frameworks

WriteAuxiliaryFile /Users/alex/Library/Developer/Xcode/DerivedData/Settlers-bqwdcayamsmaxsekctdqetlegmaf/Build/Intermediates.noindex/Settlers.build/Debug-iphonesimulator/Settlers.build/Objects-normal/arm64/Settlers-OutputFileMap.json (in target 'Settlers' from project 'Settlers')
    cd /Users/alex/.codex/worktrees/naval-exploration/Settlers
    write-file /Users/alex/Library/Developer/Xcode/DerivedData/Settlers-bqwdcayamsmaxsekctdqetlegmaf/Build/Intermediates.noindex/Settlers.build/Debug-iphonesimulator/Settlers.build/Objects-normal/arm64/Settlers-OutputFileMap.json

WriteAuxiliaryFile /Users/alex/Library/Developer/Xcode/DerivedData/Settlers-bqwdcayamsmaxsekctdqetlegmaf/Build/Intermediates.noindex/CatanEngine.build/Debug-iphonesimulator/CatanEngine.build/Objects-normal/arm64/CatanEngine.SwiftConstValuesFileList (in target 'CatanEngine' from project 'CatanEngine')
    cd /Users/alex/.codex/worktrees/naval-exploration/Settlers/Packages/CatanEngine
    write-file /Users/alex/Library/Developer/Xcode/DerivedData/Settlers-bqwdcayamsmaxsekctdqetlegmaf/Build/Intermediates.noindex/CatanEngine.build/Debug-iphonesimulator/CatanEngine.build/Objects-normal/arm64/CatanEngine.SwiftConstValuesFileList

WriteAuxiliaryFile /Users/alex/Library/Developer/Xcode/DerivedData/Settlers-bqwdcayamsmaxsekctdqetlegmaf/Build/Intermediates.noindex/CatanEngine.build/Debug-iphonesimulator/CatanEngine.build/Objects-normal/arm64/CatanEngine.SwiftFileList (in target 'CatanEngine' from project 'CatanEngine')
    cd /Users/alex/.codex/worktrees/naval-exploration/Settlers/Packages/CatanEngine
    write-file /Users/alex/Library/Developer/Xcode/DerivedData/Settlers-bqwdcayamsmaxsekctdqetlegmaf/Build/Intermediates.noindex/CatanEngine.build/Debug-iphonesimulator/CatanEngine.build/Objects-normal/arm64/CatanEngine.SwiftFileList

WriteAuxiliaryFile /Users/alex/Library/Developer/Xcode/DerivedData/Settlers-bqwdcayamsmaxsekctdqetlegmaf/Build/Intermediates.noindex/CatanEngine.build/Debug-iphonesimulator/CatanEngine.build/Objects-normal/arm64/CatanEngine.LinkFileList (in target 'CatanEngine' from project 'CatanEngine')
    cd /Users/alex/.codex/worktrees/naval-exploration/Settlers/Packages/CatanEngine
    write-file /Users/alex/Library/Developer/Xcode/DerivedData/Settlers-bqwdcayamsmaxsekctdqetlegmaf/Build/Intermediates.noindex/CatanEngine.build/Debug-iphonesimulator/CatanEngine.build/Objects-normal/arm64/CatanEngine.LinkFileList

SwiftDriver CatanEngine normal arm64 com.apple.xcode.tools.swift.compiler (in target 'CatanEngine' from project 'CatanEngine')
    cd /Users/alex/.codex/worktrees/naval-exploration/Settlers/Settlers.xcodeproj
    builtin-SwiftDriver -- /Applications/Xcode.app/Contents/Developer/Toolchains/XcodeDefault.xctoolchain/usr/bin/swiftc -module-name CatanEngine -Onone @/Users/alex/Library/Developer/Xcode/DerivedData/Settlers-bqwdcayamsmaxsekctdqetlegmaf/Build/Intermediates.noindex/CatanEngine.build/Debug-iphonesimulator/CatanEngine.build/Objects-normal/arm64/CatanEngine.SwiftFileList -DSWIFT_PACKAGE -DDEBUG -DSWIFT_MODULE_RESOURCE_BUNDLE_UNAVAILABLE -DXcode -plugin-path /Applications/Xcode.app/Contents/Developer/Toolchains/XcodeDefault.xctoolchain/usr/lib/swift/host/plugins/testing -enable-experimental-feature DebugDescriptionMacro -sdk /Applications/Xcode.app/Contents/Developer/Platforms/iPhoneSimulator.platform/Developer/SDKs/iPhoneSimulator26.5.sdk -target arm64-apple-ios17.0-simulator -g -module-cache-path /Users/alex/Library/Developer/Xcode/DerivedData/ModuleCache.noindex -Xfrontend -serialize-debugging-options -profile-coverage-mapping -profile-generate -enable-testing -index-store-path /Users/alex/Library/Developer/Xcode/DerivedData/Settlers-bqwdcayamsmaxsekctdqetlegmaf/Index.noindex/DataStore -Xcc -D_LIBCPP_HARDENING_MODE\=_LIBCPP_HARDENING_MODE_DEBUG -swift-version 6 -I /Users/alex/Library/Developer/Xcode/DerivedData/Settlers-bqwdcayamsmaxsekctdqetlegmaf/Build/Products/Debug-iphonesimulator -Isystem /Applications/Xcode.app/Contents/Developer/Platforms/iPhoneSimulator.platform/Developer/usr/lib -F /Users/alex/Library/Developer/Xcode/DerivedData/Settlers-bqwdcayamsmaxsekctdqetlegmaf/Build/Products/Debug-iphonesimulator -F /Applications/Xcode.app/Contents/Developer/Platforms/iPhoneSimulator.platform/Developer/Library/Frameworks -F /Applications/Xcode.app/Contents/Developer/Platforms/iPhoneSimulator.platform/Developer/SDKs/iPhoneSimulator26.5.sdk/Developer/Library/Frameworks -c -j18 -enable-batch-mode -incremental -Xcc -ivfsstatcache -Xcc /Users/alex/Library/Developer/Xcode/DerivedData/SDKStatCaches.noindex/iphonesimulator26.5-23F73-6cfe768891a92b912361537c460fe42b.sdkstatcache -output-file-map /Users/alex/Library/Developer/Xcode/DerivedData/Settlers-bqwdcayamsmaxsekctdqetlegmaf/Build/Intermediates.noindex/CatanEngine.build/Debug-iphonesimulator/CatanEngine.build/Objects-normal/arm64/CatanEngine-OutputFileMap.json -use-frontend-parseable-output -save-temps -no-color-diagnostics -explicit-module-build -module-cache-path /Users/alex/Library/Developer/Xcode/DerivedData/Settlers-bqwdcayamsmaxsekctdqetlegmaf/Build/Intermediates.noindex/SwiftExplicitPrecompiledModules -clang-scanner-module-cache-path /Users/alex/Library/Developer/Xcode/DerivedData/ModuleCache.noindex -sdk-module-cache-path /Users/alex/Library/Developer/Xcode/DerivedData/ModuleCache.noindex -serialize-diagnostics -emit-dependencies -emit-module -emit-module-path /Users/alex/Library/Developer/Xcode/DerivedData/Settlers-bqwdcayamsmaxsekctdqetlegmaf/Build/Intermediates.noindex/CatanEngine.build/Debug-iphonesimulator/CatanEngine.build/Objects-normal/arm64/CatanEngine.swiftmodule -validate-clang-modules-once -clang-build-session-file /Users/alex/Library/Developer/Xcode/DerivedData/ModuleCache.noindex/Session.modulevalidation -package-name catanengine -Xcc -I/Users/alex/Library/Developer/Xcode/DerivedData/Settlers-bqwdcayamsmaxsekctdqetlegmaf/Build/Intermediates.noindex/CatanEngine.build/Debug-iphonesimulator/CatanEngine.build/swift-overrides.hmap -emit-const-values -Xfrontend -const-gather-protocols-file -Xfrontend /Users/alex/Library/Developer/Xcode/DerivedData/Settlers-bqwdcayamsmaxsekctdqetlegmaf/Build/Intermediates.noindex/CatanEngine.build/Debug-iphonesimulator/CatanEngine.build/Objects-normal/arm64/CatanEngine_const_extract_protocols.json -Xcc -I/Users/alex/Library/Developer/Xcode/DerivedData/Settlers-bqwdcayamsmaxsekctdqetlegmaf/Build/Products/Debug-iphonesimulator/include -Xcc -I/Users/alex/Library/Developer/Xcode/DerivedData/Settlers-bqwdcayamsmaxsekctdqetlegmaf/Build/Intermediates.noindex/CatanEngine.build/Debug-iphonesimulator/CatanEngine.build/DerivedSources-normal/arm64 -Xcc -I/Users/alex/Library/Developer/Xcode/DerivedData/Settlers-bqwdcayamsmaxsekctdqetlegmaf/Build/Intermediates.noindex/CatanEngine.build/Debug-iphonesimulator/CatanEngine.build/DerivedSources/arm64 -Xcc -I/Users/alex/Library/Developer/Xcode/DerivedData/Settlers-bqwdcayamsmaxsekctdqetlegmaf/Build/Intermediates.noindex/CatanEngine.build/Debug-iphonesimulator/CatanEngine.build/DerivedSources -Xcc -DSWIFT_PACKAGE -Xcc -DDEBUG\=1 -emit-objc-header -emit-objc-header-path /Users/alex/Library/Developer/Xcode/DerivedData/Settlers-bqwdcayamsmaxsekctdqetlegmaf/Build/Intermediates.noindex/CatanEngine.build/Debug-iphonesimulator/CatanEngine.build/Objects-normal/arm64/CatanEngine-Swift.h -working-directory /Users/alex/.codex/worktrees/naval-exploration/Settlers/Settlers.xcodeproj -experimental-emit-module-separately -disable-cmo

SwiftCompile normal arm64 Compiling\ NavalStateValidation.swift /Users/alex/.codex/worktrees/naval-exploration/Settlers/Packages/CatanEngine/Sources/CatanEngine/Naval/NavalStateValidation.swift (in target 'CatanEngine' from project 'CatanEngine')

SwiftCompile normal arm64 /Users/alex/.codex/worktrees/naval-exploration/Settlers/Packages/CatanEngine/Sources/CatanEngine/Naval/NavalStateValidation.swift (in target 'CatanEngine' from project 'CatanEngine')
    cd /Users/alex/.codex/worktrees/naval-exploration/Settlers/Settlers.xcodeproj
    

SwiftCompile normal arm64 Compiling\ NavalVisibility.swift /Users/alex/.codex/worktrees/naval-exploration/Settlers/Packages/CatanEngine/Sources/CatanEngine/Naval/NavalVisibility.swift (in target 'CatanEngine' from project 'CatanEngine')

SwiftCompile normal arm64 /Users/alex/.codex/worktrees/naval-exploration/Settlers/Packages/CatanEngine/Sources/CatanEngine/Naval/NavalVisibility.swift (in target 'CatanEngine' from project 'CatanEngine')
    cd /Users/alex/.codex/worktrees/naval-exploration/Settlers/Settlers.xcodeproj
    

SwiftEmitModule normal arm64 Emitting\ module\ for\ CatanEngine (in target 'CatanEngine' from project 'CatanEngine')
EmitSwiftModule normal arm64 (in target 'CatanEngine' from project 'CatanEngine')
    cd /Users/alex/.codex/worktrees/naval-exploration/Settlers/Settlers.xcodeproj
    

SwiftCompile normal arm64 Compiling\ NavalModels.swift /Users/alex/.codex/worktrees/naval-exploration/Settlers/Packages/CatanEngine/Sources/CatanEngine/Naval/NavalModels.swift (in target 'CatanEngine' from project 'CatanEngine')

SwiftCompile normal arm64 /Users/alex/.codex/worktrees/naval-exploration/Settlers/Packages/CatanEngine/Sources/CatanEngine/Naval/NavalModels.swift (in target 'CatanEngine' from project 'CatanEngine')
    cd /Users/alex/.codex/worktrees/naval-exploration/Settlers/Settlers.xcodeproj
    

SwiftCompile normal arm64 Compiling\ NavalSightGeometry.swift /Users/alex/.codex/worktrees/naval-exploration/Settlers/Packages/CatanEngine/Sources/CatanEngine/Naval/NavalSightGeometry.swift (in target 'CatanEngine' from project 'CatanEngine')

SwiftCompile normal arm64 /Users/alex/.codex/worktrees/naval-exploration/Settlers/Packages/CatanEngine/Sources/CatanEngine/Naval/NavalSightGeometry.swift (in target 'CatanEngine' from project 'CatanEngine')
    cd /Users/alex/.codex/worktrees/naval-exploration/Settlers/Settlers.xcodeproj
    

SwiftCompile normal arm64 Compiling\ Naval.swift /Users/alex/.codex/worktrees/naval-exploration/Settlers/Packages/CatanEngine/Sources/CatanEngine/Naval/Naval.swift (in target 'CatanEngine' from project 'CatanEngine')

SwiftCompile normal arm64 /Users/alex/.codex/worktrees/naval-exploration/Settlers/Packages/CatanEngine/Sources/CatanEngine/Naval/Naval.swift (in target 'CatanEngine' from project 'CatanEngine')
    cd /Users/alex/.codex/worktrees/naval-exploration/Settlers/Settlers.xcodeproj
    

SwiftDriverJobDiscovery normal arm64 Compiling NavalSightGeometry.swift (in target 'CatanEngine' from project 'CatanEngine')

SwiftCompile normal arm64 Compiling\ NavalMapGenerator.swift /Users/alex/.codex/worktrees/naval-exploration/Settlers/Packages/CatanEngine/Sources/CatanEngine/Naval/NavalMapGenerator.swift (in target 'CatanEngine' from project 'CatanEngine')
SwiftCompile normal arm64 /Users/alex/.codex/worktrees/naval-exploration/Settlers/Packages/CatanEngine/Sources/CatanEngine/Naval/NavalMapGenerator.swift (in target 'CatanEngine' from project 'CatanEngine')
    cd /Users/alex/.codex/worktrees/naval-exploration/Settlers/Settlers.xcodeproj
    

SwiftCompile normal arm64 Compiling\ NavalMapValidation.swift /Users/alex/.codex/worktrees/naval-exploration/Settlers/Packages/CatanEngine/Sources/CatanEngine/Naval/NavalMapValidation.swift (in target 'CatanEngine' from project 'CatanEngine')

SwiftCompile normal arm64 /Users/alex/.codex/worktrees/naval-exploration/Settlers/Packages/CatanEngine/Sources/CatanEngine/Naval/NavalMapValidation.swift (in target 'CatanEngine' from project 'CatanEngine')
    cd /Users/alex/.codex/worktrees/naval-exploration/Settlers/Settlers.xcodeproj
    

SwiftCompile normal arm64 Compiling\ NavalTerrain.swift /Users/alex/.codex/worktrees/naval-exploration/Settlers/Packages/CatanEngine/Sources/CatanEngine/Naval/NavalTerrain.swift (in target 'CatanEngine' from project 'CatanEngine')

SwiftCompile normal arm64 /Users/alex/.codex/worktrees/naval-exploration/Settlers/Packages/CatanEngine/Sources/CatanEngine/Naval/NavalTerrain.swift (in target 'CatanEngine' from project 'CatanEngine')
    cd /Users/alex/.codex/worktrees/naval-exploration/Settlers/Settlers.xcodeproj
    

SwiftCompile normal arm64 Compiling\ GameSession.swift /Users/alex/.codex/worktrees/naval-exploration/Settlers/Packages/CatanEngine/Sources/CatanEngine/GameSession.swift (in target 'CatanEngine' from project 'CatanEngine')
SwiftCompile normal arm64 /Users/alex/.codex/worktrees/naval-exploration/Settlers/Packages/CatanEngine/Sources/CatanEngine/GameSession.swift (in target 'CatanEngine' from project 'CatanEngine')
    cd /Users/alex/.codex/worktrees/naval-exploration/Settlers/Settlers.xcodeproj
    

SwiftCompile normal arm64 Compiling\ NavalProduction.swift /Users/alex/.codex/worktrees/naval-exploration/Settlers/Packages/CatanEngine/Sources/CatanEngine/Naval/NavalProduction.swift (in target 'CatanEngine' from project 'CatanEngine')

SwiftCompile normal arm64 /Users/alex/.codex/worktrees/naval-exploration/Settlers/Packages/CatanEngine/Sources/CatanEngine/Naval/NavalProduction.swift (in target 'CatanEngine' from project 'CatanEngine')
    cd /Users/alex/.codex/worktrees/naval-exploration/Settlers/Settlers.xcodeproj
    

SwiftCompile normal arm64 Compiling\ Building.swift /Users/alex/.codex/worktrees/naval-exploration/Settlers/Packages/CatanEngine/Sources/CatanEngine/Building.swift (in target 'CatanEngine' from project 'CatanEngine')

SwiftCompile normal arm64 /Users/alex/.codex/worktrees/naval-exploration/Settlers/Packages/CatanEngine/Sources/CatanEngine/Building.swift (in target 'CatanEngine' from project 'CatanEngine')
    cd /Users/alex/.codex/worktrees/naval-exploration/Settlers/Settlers.xcodeproj
    

SwiftCompile normal arm64 Compiling\ NavalMoves.swift /Users/alex/.codex/worktrees/naval-exploration/Settlers/Packages/CatanEngine/Sources/CatanEngine/Naval/NavalMoves.swift (in target 'CatanEngine' from project 'CatanEngine')

SwiftCompile normal arm64 /Users/alex/.codex/worktrees/naval-exploration/Settlers/Packages/CatanEngine/Sources/CatanEngine/Naval/NavalMoves.swift (in target 'CatanEngine' from project 'CatanEngine')
    cd /Users/alex/.codex/worktrees/naval-exploration/Settlers/Settlers.xcodeproj
    

SwiftCompile normal arm64 Compiling\ SetupPhase.swift /Users/alex/.codex/worktrees/naval-exploration/Settlers/Packages/CatanEngine/Sources/CatanEngine/SetupPhase.swift (in target 'CatanEngine' from project 'CatanEngine')

SwiftCompile normal arm64 /Users/alex/.codex/worktrees/naval-exploration/Settlers/Packages/CatanEngine/Sources/CatanEngine/SetupPhase.swift (in target 'CatanEngine' from project 'CatanEngine')
    cd /Users/alex/.codex/worktrees/naval-exploration/Settlers/Settlers.xcodeproj
    

SwiftCompile normal arm64 Compiling\ RulesEngine.swift /Users/alex/.codex/worktrees/naval-exploration/Settlers/Packages/CatanEngine/Sources/CatanEngine/RulesEngine.swift (in target 'CatanEngine' from project 'CatanEngine')

SwiftCompile normal arm64 /Users/alex/.codex/worktrees/naval-exploration/Settlers/Packages/CatanEngine/Sources/CatanEngine/RulesEngine.swift (in target 'CatanEngine' from project 'CatanEngine')
    cd /Users/alex/.codex/worktrees/naval-exploration/Settlers/Settlers.xcodeproj
    

SwiftCompile normal arm64 Compiling\ Robber.swift /Users/alex/.codex/worktrees/naval-exploration/Settlers/Packages/CatanEngine/Sources/CatanEngine/Robber.swift (in target 'CatanEngine' from project 'CatanEngine')

SwiftCompile normal arm64 /Users/alex/.codex/worktrees/naval-exploration/Settlers/Packages/CatanEngine/Sources/CatanEngine/Robber.swift (in target 'CatanEngine' from project 'CatanEngine')
    cd /Users/alex/.codex/worktrees/naval-exploration/Settlers/Settlers.xcodeproj
    

SwiftCompile normal arm64 Compiling\ PublicLedger.swift /Users/alex/.codex/worktrees/naval-exploration/Settlers/Packages/CatanEngine/Sources/CatanEngine/PublicLedger.swift (in target 'CatanEngine' from project 'CatanEngine')

SwiftCompile normal arm64 /Users/alex/.codex/worktrees/naval-exploration/Settlers/Packages/CatanEngine/Sources/CatanEngine/PublicLedger.swift (in target 'CatanEngine' from project 'CatanEngine')
    cd /Users/alex/.codex/worktrees/naval-exploration/Settlers/Settlers.xcodeproj
    

SwiftDriverJobDiscovery normal arm64 Compiling NavalVisibility.swift (in target 'CatanEngine' from project 'CatanEngine')

SwiftDriverJobDiscovery normal arm64 Compiling Naval.swift (in target 'CatanEngine' from project 'CatanEngine')

SwiftDriverJobDiscovery normal arm64 Compiling NavalStateValidation.swift (in target 'CatanEngine' from project 'CatanEngine')

SwiftDriverJobDiscovery normal arm64 Compiling Building.swift (in target 'CatanEngine' from project 'CatanEngine')

SwiftDriverJobDiscovery normal arm64 Compiling Robber.swift (in target 'CatanEngine' from project 'CatanEngine')

SwiftDriverJobDiscovery normal arm64 Compiling SetupPhase.swift (in target 'CatanEngine' from project 'CatanEngine')

SwiftDriverJobDiscovery normal arm64 Compiling NavalProduction.swift (in target 'CatanEngine' from project 'CatanEngine')

SwiftDriverJobDiscovery normal arm64 Compiling NavalMoves.swift (in target 'CatanEngine' from project 'CatanEngine')

SwiftDriverJobDiscovery normal arm64 Compiling NavalModels.swift (in target 'CatanEngine' from project 'CatanEngine')

SwiftDriverJobDiscovery normal arm64 Compiling NavalTerrain.swift (in target 'CatanEngine' from project 'CatanEngine')

SwiftDriverJobDiscovery normal arm64 Emitting module for CatanEngine (in target 'CatanEngine' from project 'CatanEngine')

SwiftDriver\ Compilation\ Requirements CatanEngine normal arm64 com.apple.xcode.tools.swift.compiler (in target 'CatanEngine' from project 'CatanEngine')
    cd /Users/alex/.codex/worktrees/naval-exploration/Settlers/Settlers.xcodeproj
    builtin-Swift-Compilation-Requirements -- /Applications/Xcode.app/Contents/Developer/Toolchains/XcodeDefault.xctoolchain/usr/bin/swiftc -module-name CatanEngine -Onone @/Users/alex/Library/Developer/Xcode/DerivedData/Settlers-bqwdcayamsmaxsekctdqetlegmaf/Build/Intermediates.noindex/CatanEngine.build/Debug-iphonesimulator/CatanEngine.build/Objects-normal/arm64/CatanEngine.SwiftFileList -DSWIFT_PACKAGE -DDEBUG -DSWIFT_MODULE_RESOURCE_BUNDLE_UNAVAILABLE -DXcode -plugin-path /Applications/Xcode.app/Contents/Developer/Toolchains/XcodeDefault.xctoolchain/usr/lib/swift/host/plugins/testing -enable-experimental-feature DebugDescriptionMacro -sdk /Applications/Xcode.app/Contents/Developer/Platforms/iPhoneSimulator.platform/Developer/SDKs/iPhoneSimulator26.5.sdk -target arm64-apple-ios17.0-simulator -g -module-cache-path /Users/alex/Library/Developer/Xcode/DerivedData/ModuleCache.noindex -Xfrontend -serialize-debugging-options -profile-coverage-mapping -profile-generate -enable-testing -index-store-path /Users/alex/Library/Developer/Xcode/DerivedData/Settlers-bqwdcayamsmaxsekctdqetlegmaf/Index.noindex/DataStore -Xcc -D_LIBCPP_HARDENING_MODE\=_LIBCPP_HARDENING_MODE_DEBUG -swift-version 6 -I /Users/alex/Library/Developer/Xcode/DerivedData/Settlers-bqwdcayamsmaxsekctdqetlegmaf/Build/Products/Debug-iphonesimulator -Isystem /Applications/Xcode.app/Contents/Developer/Platforms/iPhoneSimulator.platform/Developer/usr/lib -F /Users/alex/Library/Developer/Xcode/DerivedData/Settlers-bqwdcayamsmaxsekctdqetlegmaf/Build/Products/Debug-iphonesimulator -F /Applications/Xcode.app/Contents/Developer/Platforms/iPhoneSimulator.platform/Developer/Library/Frameworks -F /Applications/Xcode.app/Contents/Developer/Platforms/iPhoneSimulator.platform/Developer/SDKs/iPhoneSimulator26.5.sdk/Developer/Library/Frameworks -c -j18 -enable-batch-mode -incremental -Xcc -ivfsstatcache -Xcc /Users/alex/Library/Developer/Xcode/DerivedData/SDKStatCaches.noindex/iphonesimulator26.5-23F73-6cfe768891a92b912361537c460fe42b.sdkstatcache -output-file-map /Users/alex/Library/Developer/Xcode/DerivedData/Settlers-bqwdcayamsmaxsekctdqetlegmaf/Build/Intermediates.noindex/CatanEngine.build/Debug-iphonesimulator/CatanEngine.build/Objects-normal/arm64/CatanEngine-OutputFileMap.json -use-frontend-parseable-output -save-temps -no-color-diagnostics -explicit-module-build -module-cache-path /Users/alex/Library/Developer/Xcode/DerivedData/Settlers-bqwdcayamsmaxsekctdqetlegmaf/Build/Intermediates.noindex/SwiftExplicitPrecompiledModules -clang-scanner-module-cache-path /Users/alex/Library/Developer/Xcode/DerivedData/ModuleCache.noindex -sdk-module-cache-path /Users/alex/Library/Developer/Xcode/DerivedData/ModuleCache.noindex -serialize-diagnostics -emit-dependencies -emit-module -emit-module-path /Users/alex/Library/Developer/Xcode/DerivedData/Settlers-bqwdcayamsmaxsekctdqetlegmaf/Build/Intermediates.noindex/CatanEngine.build/Debug-iphonesimulator/CatanEngine.build/Objects-normal/arm64/CatanEngine.swiftmodule -validate-clang-modules-once -clang-build-session-file /Users/alex/Library/Developer/Xcode/DerivedData/ModuleCache.noindex/Session.modulevalidation -package-name catanengine -Xcc -I/Users/alex/Library/Developer/Xcode/DerivedData/Settlers-bqwdcayamsmaxsekctdqetlegmaf/Build/Intermediates.noindex/CatanEngine.build/Debug-iphonesimulator/CatanEngine.build/swift-overrides.hmap -emit-const-values -Xfrontend -const-gather-protocols-file -Xfrontend /Users/alex/Library/Developer/Xcode/DerivedData/Settlers-bqwdcayamsmaxsekctdqetlegmaf/Build/Intermediates.noindex/CatanEngine.build/Debug-iphonesimulator/CatanEngine.build/Objects-normal/arm64/CatanEngine_const_extract_protocols.json -Xcc -I/Users/alex/Library/Developer/Xcode/DerivedData/Settlers-bqwdcayamsmaxsekctdqetlegmaf/Build/Products/Debug-iphonesimulator/include -Xcc -I/Users/alex/Library/Developer/Xcode/DerivedData/Settlers-bqwdcayamsmaxsekctdqetlegmaf/Build/Intermediates.noindex/CatanEngine.build/Debug-iphonesimulator/CatanEngine.build/DerivedSources-normal/arm64 -Xcc -I/Users/alex/Library/Developer/Xcode/DerivedData/Settlers-bqwdcayamsmaxsekctdqetlegmaf/Build/Intermediates.noindex/CatanEngine.build/Debug-iphonesimulator/CatanEngine.build/DerivedSources/arm64 -Xcc -I/Users/alex/Library/Developer/Xcode/DerivedData/Settlers-bqwdcayamsmaxsekctdqetlegmaf/Build/Intermediates.noindex/CatanEngine.build/Debug-iphonesimulator/CatanEngine.build/DerivedSources -Xcc -DSWIFT_PACKAGE -Xcc -DDEBUG\=1 -emit-objc-header -emit-objc-header-path /Users/alex/Library/Developer/Xcode/DerivedData/Settlers-bqwdcayamsmaxsekctdqetlegmaf/Build/Intermediates.noindex/CatanEngine.build/Debug-iphonesimulator/CatanEngine.build/Objects-normal/arm64/CatanEngine-Swift.h -working-directory /Users/alex/.codex/worktrees/naval-exploration/Settlers/Settlers.xcodeproj -experimental-emit-module-separately -disable-cmo

Copy /Users/alex/Library/Developer/Xcode/DerivedData/Settlers-bqwdcayamsmaxsekctdqetlegmaf/Build/Products/Debug-iphonesimulator/CatanEngine.swiftmodule/arm64-apple-ios-simulator.swiftmodule /Users/alex/Library/Developer/Xcode/DerivedData/Settlers-bqwdcayamsmaxsekctdqetlegmaf/Build/Intermediates.noindex/CatanEngine.build/Debug-iphonesimulator/CatanEngine.build/Objects-normal/arm64/CatanEngine.swiftmodule (in target 'CatanEngine' from project 'CatanEngine')
    cd /Users/alex/.codex/worktrees/naval-exploration/Settlers/Packages/CatanEngine
    builtin-copy -exclude .DS_Store -exclude CVS -exclude .svn -exclude .git -exclude .hg -resolve-src-symlinks -rename /Users/alex/Library/Developer/Xcode/DerivedData/Settlers-bqwdcayamsmaxsekctdqetlegmaf/Build/Intermediates.noindex/CatanEngine.build/Debug-iphonesimulator/CatanEngine.build/Objects-normal/arm64/CatanEngine.swiftmodule /Users/alex/Library/Developer/Xcode/DerivedData/Settlers-bqwdcayamsmaxsekctdqetlegmaf/Build/Products/Debug-iphonesimulator/CatanEngine.swiftmodule/arm64-apple-ios-simulator.swiftmodule

Copy /Users/alex/Library/Developer/Xcode/DerivedData/Settlers-bqwdcayamsmaxsekctdqetlegmaf/Build/Products/Debug-iphonesimulator/CatanEngine.swiftmodule/arm64-apple-ios-simulator.swiftdoc /Users/alex/Library/Developer/Xcode/DerivedData/Settlers-bqwdcayamsmaxsekctdqetlegmaf/Build/Intermediates.noindex/CatanEngine.build/Debug-iphonesimulator/CatanEngine.build/Objects-normal/arm64/CatanEngine.swiftdoc (in target 'CatanEngine' from project 'CatanEngine')
    cd /Users/alex/.codex/worktrees/naval-exploration/Settlers/Packages/CatanEngine
    builtin-copy -exclude .DS_Store -exclude CVS -exclude .svn -exclude .git -exclude .hg -resolve-src-symlinks -rename /Users/alex/Library/Developer/Xcode/DerivedData/Settlers-bqwdcayamsmaxsekctdqetlegmaf/Build/Intermediates.noindex/CatanEngine.build/Debug-iphonesimulator/CatanEngine.build/Objects-normal/arm64/CatanEngine.swiftdoc /Users/alex/Library/Developer/Xcode/DerivedData/Settlers-bqwdcayamsmaxsekctdqetlegmaf/Build/Products/Debug-iphonesimulator/CatanEngine.swiftmodule/arm64-apple-ios-simulator.swiftdoc

Copy /Users/alex/Library/Developer/Xcode/DerivedData/Settlers-bqwdcayamsmaxsekctdqetlegmaf/Build/Products/Debug-iphonesimulator/CatanEngine.swiftmodule/arm64-apple-ios-simulator.abi.json /Users/alex/Library/Developer/Xcode/DerivedData/Settlers-bqwdcayamsmaxsekctdqetlegmaf/Build/Intermediates.noindex/CatanEngine.build/Debug-iphonesimulator/CatanEngine.build/Objects-normal/arm64/CatanEngine.abi.json (in target 'CatanEngine' from project 'CatanEngine')
    cd /Users/alex/.codex/worktrees/naval-exploration/Settlers/Packages/CatanEngine
    builtin-copy -exclude .DS_Store -exclude CVS -exclude .svn -exclude .git -exclude .hg -resolve-src-symlinks -rename /Users/alex/Library/Developer/Xcode/DerivedData/Settlers-bqwdcayamsmaxsekctdqetlegmaf/Build/Intermediates.noindex/CatanEngine.build/Debug-iphonesimulator/CatanEngine.build/Objects-normal/arm64/CatanEngine.abi.json /Users/alex/Library/Developer/Xcode/DerivedData/Settlers-bqwdcayamsmaxsekctdqetlegmaf/Build/Products/Debug-iphonesimulator/CatanEngine.swiftmodule/arm64-apple-ios-simulator.abi.json

Copy /Users/alex/Library/Developer/Xcode/DerivedData/Settlers-bqwdcayamsmaxsekctdqetlegmaf/Build/Products/Debug-iphonesimulator/CatanEngine.swiftmodule/Project/arm64-apple-ios-simulator.swiftsourceinfo /Users/alex/Library/Developer/Xcode/DerivedData/Settlers-bqwdcayamsmaxsekctdqetlegmaf/Build/Intermediates.noindex/CatanEngine.build/Debug-iphonesimulator/CatanEngine.build/Objects-normal/arm64/CatanEngine.swiftsourceinfo (in target 'CatanEngine' from project 'CatanEngine')
    cd /Users/alex/.codex/worktrees/naval-exploration/Settlers/Packages/CatanEngine
    builtin-copy -exclude .DS_Store -exclude CVS -exclude .svn -exclude .git -exclude .hg -resolve-src-symlinks -rename /Users/alex/Library/Developer/Xcode/DerivedData/Settlers-bqwdcayamsmaxsekctdqetlegmaf/Build/Intermediates.noindex/CatanEngine.build/Debug-iphonesimulator/CatanEngine.build/Objects-normal/arm64/CatanEngine.swiftsourceinfo /Users/alex/Library/Developer/Xcode/DerivedData/Settlers-bqwdcayamsmaxsekctdqetlegmaf/Build/Products/Debug-iphonesimulator/CatanEngine.swiftmodule/Project/arm64-apple-ios-simulator.swiftsourceinfo

SwiftDriverJobDiscovery normal arm64 Compiling PublicLedger.swift (in target 'CatanEngine' from project 'CatanEngine')

SwiftDriver CatanAI normal arm64 com.apple.xcode.tools.swift.compiler (in target 'CatanAI' from project 'CatanAI')
    cd /Users/alex/.codex/worktrees/naval-exploration/Settlers/Settlers.xcodeproj
    builtin-SwiftDriver -- /Applications/Xcode.app/Contents/Developer/Toolchains/XcodeDefault.xctoolchain/usr/bin/swiftc -module-name CatanAI -Onone @/Users/alex/Library/Developer/Xcode/DerivedData/Settlers-bqwdcayamsmaxsekctdqetlegmaf/Build/Intermediates.noindex/CatanAI.build/Debug-iphonesimulator/CatanAI.build/Objects-normal/arm64/CatanAI.SwiftFileList -DSWIFT_PACKAGE -DDEBUG -DSWIFT_MODULE_RESOURCE_BUNDLE_UNAVAILABLE -DXcode -plugin-path /Applications/Xcode.app/Contents/Developer/Toolchains/XcodeDefault.xctoolchain/usr/lib/swift/host/plugins/testing -enable-experimental-feature DebugDescriptionMacro -sdk /Applications/Xcode.app/Contents/Developer/Platforms/iPhoneSimulator.platform/Developer/SDKs/iPhoneSimulator26.5.sdk -target arm64-apple-ios17.0-simulator -g -module-cache-path /Users/alex/Library/Developer/Xcode/DerivedData/ModuleCache.noindex -Xfrontend -serialize-debugging-options -profile-coverage-mapping -profile-generate -enable-testing -index-store-path /Users/alex/Library/Developer/Xcode/DerivedData/Settlers-bqwdcayamsmaxsekctdqetlegmaf/Index.noindex/DataStore -Xcc -D_LIBCPP_HARDENING_MODE\=_LIBCPP_HARDENING_MODE_DEBUG -swift-version 6 -I /Users/alex/Library/Developer/Xcode/DerivedData/Settlers-bqwdcayamsmaxsekctdqetlegmaf/Build/Products/Debug-iphonesimulator -Isystem /Applications/Xcode.app/Contents/Developer/Platforms/iPhoneSimulator.platform/Developer/usr/lib -F /Users/alex/Library/Developer/Xcode/DerivedData/Settlers-bqwdcayamsmaxsekctdqetlegmaf/Build/Products/Debug-iphonesimulator/PackageFrameworks -F /Users/alex/Library/Developer/Xcode/DerivedData/Settlers-bqwdcayamsmaxsekctdqetlegmaf/Build/Products/Debug-iphonesimulator -F /Applications/Xcode.app/Contents/Developer/Platforms/iPhoneSimulator.platform/Developer/Library/Frameworks -F /Applications/Xcode.app/Contents/Developer/Platforms/iPhoneSimulator.platform/Developer/SDKs/iPhoneSimulator26.5.sdk/Developer/Library/Frameworks -c -j18 -enable-batch-mode -incremental -Xcc -ivfsstatcache -Xcc /Users/alex/Library/Developer/Xcode/DerivedData/SDKStatCaches.noindex/iphonesimulator26.5-23F73-6cfe768891a92b912361537c460fe42b.sdkstatcache -output-file-map /Users/alex/Library/Developer/Xcode/DerivedData/Settlers-bqwdcayamsmaxsekctdqetlegmaf/Build/Intermediates.noindex/CatanAI.build/Debug-iphonesimulator/CatanAI.build/Objects-normal/arm64/CatanAI-OutputFileMap.json -use-frontend-parseable-output -save-temps -no-color-diagnostics -explicit-module-build -module-cache-path /Users/alex/Library/Developer/Xcode/DerivedData/Settlers-bqwdcayamsmaxsekctdqetlegmaf/Build/Intermediates.noindex/SwiftExplicitPrecompiledModules -clang-scanner-module-cache-path /Users/alex/Library/Developer/Xcode/DerivedData/ModuleCache.noindex -sdk-module-cache-path /Users/alex/Library/Developer/Xcode/DerivedData/ModuleCache.noindex -serialize-diagnostics -emit-dependencies -emit-module -emit-module-path /Users/alex/Library/Developer/Xcode/DerivedData/Settlers-bqwdcayamsmaxsekctdqetlegmaf/Build/Intermediates.noindex/CatanAI.build/Debug-iphonesimulator/CatanAI.build/Objects-normal/arm64/CatanAI.swiftmodule -validate-clang-modules-once -clang-build-session-file /Users/alex/Library/Developer/Xcode/DerivedData/ModuleCache.noindex/Session.modulevalidation -package-name catanai -Xcc -I/Users/alex/Library/Developer/Xcode/DerivedData/Settlers-bqwdcayamsmaxsekctdqetlegmaf/Build/Intermediates.noindex/CatanAI.build/Debug-iphonesimulator/CatanAI.build/swift-overrides.hmap -emit-const-values -Xfrontend -const-gather-protocols-file -Xfrontend /Users/alex/Library/Developer/Xcode/DerivedData/Settlers-bqwdcayamsmaxsekctdqetlegmaf/Build/Intermediates.noindex/CatanAI.build/Debug-iphonesimulator/CatanAI.build/Objects-normal/arm64/CatanAI_const_extract_protocols.json -Xcc -I/Users/alex/Library/Developer/Xcode/DerivedData/Settlers-bqwdcayamsmaxsekctdqetlegmaf/Build/Products/Debug-iphonesimulator/include -Xcc -I/Users/alex/Library/Developer/Xcode/DerivedData/Settlers-bqwdcayamsmaxsekctdqetlegmaf/Build/Intermediates.noindex/CatanAI.build/Debug-iphonesimulator/CatanAI.build/DerivedSources-normal/arm64 -Xcc -I/Users/alex/Library/Developer/Xcode/DerivedData/Settlers-bqwdcayamsmaxsekctdqetlegmaf/Build/Intermediates.noindex/CatanAI.build/Debug-iphonesimulator/CatanAI.build/DerivedSources/arm64 -Xcc -I/Users/alex/Library/Developer/Xcode/DerivedData/Settlers-bqwdcayamsmaxsekctdqetlegmaf/Build/Intermediates.noindex/CatanAI.build/Debug-iphonesimulator/CatanAI.build/DerivedSources -Xcc -DSWIFT_PACKAGE -Xcc -DDEBUG\=1 -emit-objc-header -emit-objc-header-path /Users/alex/Library/Developer/Xcode/DerivedData/Settlers-bqwdcayamsmaxsekctdqetlegmaf/Build/Intermediates.noindex/CatanAI.build/Debug-iphonesimulator/CatanAI.build/Objects-normal/arm64/CatanAI-Swift.h -working-directory /Users/alex/.codex/worktrees/naval-exploration/Settlers/Settlers.xcodeproj -experimental-emit-module-separately -disable-cmo

SwiftDriverJobDiscovery normal arm64 Compiling RulesEngine.swift (in target 'CatanEngine' from project 'CatanEngine')

SwiftDriverJobDiscovery normal arm64 Compiling NavalMapValidation.swift (in target 'CatanEngine' from project 'CatanEngine')

SwiftDriverJobDiscovery normal arm64 Compiling NavalMapGenerator.swift (in target 'CatanEngine' from project 'CatanEngine')

SwiftCompile normal arm64 Compiling\ Bot.swift,\ BuildPlanner.swift,\ ConquestHeuristics.swift /Users/alex/.codex/worktrees/naval-exploration/Settlers/Packages/CatanAI/Sources/CatanAI/Bot.swift /Users/alex/.codex/worktrees/naval-exploration/Settlers/Packages/CatanAI/Sources/CatanAI/BuildPlanner.swift /Users/alex/.codex/worktrees/naval-exploration/Settlers/Packages/CatanAI/Sources/CatanAI/ConquestHeuristics.swift (in target 'CatanAI' from project 'CatanAI')

SwiftCompile normal arm64 /Users/alex/.codex/worktrees/naval-exploration/Settlers/Packages/CatanAI/Sources/CatanAI/Bot.swift (in target 'CatanAI' from project 'CatanAI')
    cd /Users/alex/.codex/worktrees/naval-exploration/Settlers/Settlers.xcodeproj
    

SwiftCompile normal arm64 /Users/alex/.codex/worktrees/naval-exploration/Settlers/Packages/CatanAI/Sources/CatanAI/BuildPlanner.swift (in target 'CatanAI' from project 'CatanAI')
    cd /Users/alex/.codex/worktrees/naval-exploration/Settlers/Settlers.xcodeproj
    

SwiftCompile normal arm64 /Users/alex/.codex/worktrees/naval-exploration/Settlers/Packages/CatanAI/Sources/CatanAI/ConquestHeuristics.swift (in target 'CatanAI' from project 'CatanAI')
    cd /Users/alex/.codex/worktrees/naval-exploration/Settlers/Settlers.xcodeproj
    

SwiftCompile normal arm64 Compiling\ DevCardHeuristics.swift,\ BoardIndex.swift,\ EvaluationPolicy.swift /Users/alex/.codex/worktrees/naval-exploration/Settlers/Packages/CatanAI/Sources/CatanAI/DevCardHeuristics.swift /Users/alex/.codex/worktrees/naval-exploration/Settlers/Packages/CatanAI/Sources/CatanAI/Evaluation/BoardIndex.swift /Users/alex/.codex/worktrees/naval-exploration/Settlers/Packages/CatanAI/Sources/CatanAI/Evaluation/EvaluationPolicy.swift (in target 'CatanAI' from project 'CatanAI')

SwiftCompile normal arm64 /Users/alex/.codex/worktrees/naval-exploration/Settlers/Packages/CatanAI/Sources/CatanAI/DevCardHeuristics.swift (in target 'CatanAI' from project 'CatanAI')
    cd /Users/alex/.codex/worktrees/naval-exploration/Settlers/Settlers.xcodeproj
    

SwiftCompile normal arm64 /Users/alex/.codex/worktrees/naval-exploration/Settlers/Packages/CatanAI/Sources/CatanAI/Evaluation/BoardIndex.swift (in target 'CatanAI' from project 'CatanAI')
    cd /Users/alex/.codex/worktrees/naval-exploration/Settlers/Settlers.xcodeproj
    

SwiftCompile normal arm64 /Users/alex/.codex/worktrees/naval-exploration/Settlers/Packages/CatanAI/Sources/CatanAI/Evaluation/EvaluationPolicy.swift (in target 'CatanAI' from project 'CatanAI')
    cd /Users/alex/.codex/worktrees/naval-exploration/Settlers/Settlers.xcodeproj
    

SwiftCompile normal arm64 Compiling\ DecisionRecord.swift,\ GhostPolicy.swift,\ PersonFitter.swift /Users/alex/.codex/worktrees/naval-exploration/Settlers/Packages/CatanAI/Sources/CatanAI/Ghost/DecisionRecord.swift /Users/alex/.codex/worktrees/naval-exploration/Settlers/Packages/CatanAI/Sources/CatanAI/Ghost/GhostPolicy.swift /Users/alex/.codex/worktrees/naval-exploration/Settlers/Packages/CatanAI/Sources/CatanAI/Ghost/PersonFitter.swift (in target 'CatanAI' from project 'CatanAI')

SwiftCompile normal arm64 /Users/alex/.codex/worktrees/naval-exploration/Settlers/Packages/CatanAI/Sources/CatanAI/Ghost/DecisionRecord.swift (in target 'CatanAI' from project 'CatanAI')
    cd /Users/alex/.codex/worktrees/naval-exploration/Settlers/Settlers.xcodeproj
    

SwiftCompile normal arm64 /Users/alex/.codex/worktrees/naval-exploration/Settlers/Packages/CatanAI/Sources/CatanAI/Ghost/GhostPolicy.swift (in target 'CatanAI' from project 'CatanAI')
    cd /Users/alex/.codex/worktrees/naval-exploration/Settlers/Settlers.xcodeproj
    

SwiftCompile normal arm64 /Users/alex/.codex/worktrees/naval-exploration/Settlers/Packages/CatanAI/Sources/CatanAI/Ghost/PersonFitter.swift (in target 'CatanAI' from project 'CatanAI')
    cd /Users/alex/.codex/worktrees/naval-exploration/Settlers/Settlers.xcodeproj
    

SwiftCompile normal arm64 Compiling\ PersonModel.swift,\ SeatStats.swift,\ StyleFeatures.swift /Users/alex/.codex/worktrees/naval-exploration/Settlers/Packages/CatanAI/Sources/CatanAI/Ghost/PersonModel.swift /Users/alex/.codex/worktrees/naval-exploration/Settlers/Packages/CatanAI/Sources/CatanAI/Ghost/SeatStats.swift /Users/alex/.codex/worktrees/naval-exploration/Settlers/Packages/CatanAI/Sources/CatanAI/Ghost/StyleFeatures.swift (in target 'CatanAI' from project 'CatanAI')

SwiftCompile normal arm64 /Users/alex/.codex/worktrees/naval-exploration/Settlers/Packages/CatanAI/Sources/CatanAI/Ghost/PersonModel.swift (in target 'CatanAI' from project 'CatanAI')
    cd /Users/alex/.codex/worktrees/naval-exploration/Settlers/Settlers.xcodeproj
    

SwiftCompile normal arm64 /Users/alex/.codex/worktrees/naval-exploration/Settlers/Packages/CatanAI/Sources/CatanAI/Ghost/SeatStats.swift (in target 'CatanAI' from project 'CatanAI')
    cd /Users/alex/.codex/worktrees/naval-exploration/Settlers/Settlers.xcodeproj
    

SwiftCompile normal arm64 /Users/alex/.codex/worktrees/naval-exploration/Settlers/Packages/CatanAI/Sources/CatanAI/Ghost/StyleFeatures.swift (in target 'CatanAI' from project 'CatanAI')
    cd /Users/alex/.codex/worktrees/naval-exploration/Settlers/Settlers.xcodeproj
    

SwiftCompile normal arm64 Compiling\ EvaluationProjections.swift,\ EvaluationWeights.swift,\ ExpertRevision.swift /Users/alex/.codex/worktrees/naval-exploration/Settlers/Packages/CatanAI/Sources/CatanAI/Evaluation/EvaluationProjections.swift /Users/alex/.codex/worktrees/naval-exploration/Settlers/Packages/CatanAI/Sources/CatanAI/Evaluation/EvaluationWeights.swift /Users/alex/.codex/worktrees/naval-exploration/Settlers/Packages/CatanAI/Sources/CatanAI/Evaluation/ExpertRevision.swift (in target 'CatanAI' from project 'CatanAI')

SwiftCompile normal arm64 /Users/alex/.codex/worktrees/naval-exploration/Settlers/Packages/CatanAI/Sources/CatanAI/Evaluation/EvaluationProjections.swift (in target 'CatanAI' from project 'CatanAI')
    cd /Users/alex/.codex/worktrees/naval-exploration/Settlers/Settlers.xcodeproj
    

SwiftCompile normal arm64 /Users/alex/.codex/worktrees/naval-exploration/Settlers/Packages/CatanAI/Sources/CatanAI/Evaluation/EvaluationWeights.swift (in target 'CatanAI' from project 'CatanAI')
    cd /Users/alex/.codex/worktrees/naval-exploration/Settlers/Settlers.xcodeproj
    

SwiftCompile normal arm64 /Users/alex/.codex/worktrees/naval-exploration/Settlers/Packages/CatanAI/Sources/CatanAI/Evaluation/ExpertRevision.swift (in target 'CatanAI' from project 'CatanAI')
    cd /Users/alex/.codex/worktrees/naval-exploration/Settlers/Settlers.xcodeproj
    

SwiftCompile normal arm64 Compiling\ HandDiscipline.swift,\ PositionEvaluator.swift,\ TradeCascade.swift /Users/alex/.codex/worktrees/naval-exploration/Settlers/Packages/CatanAI/Sources/CatanAI/Evaluation/HandDiscipline.swift /Users/alex/.codex/worktrees/naval-exploration/Settlers/Packages/CatanAI/Sources/CatanAI/Evaluation/PositionEvaluator.swift /Users/alex/.codex/worktrees/naval-exploration/Settlers/Packages/CatanAI/Sources/CatanAI/Evaluation/TradeCascade.swift (in target 'CatanAI' from project 'CatanAI')

SwiftCompile normal arm64 /Users/alex/.codex/worktrees/naval-exploration/Settlers/Packages/CatanAI/Sources/CatanAI/Evaluation/HandDiscipline.swift (in target 'CatanAI' from project 'CatanAI')
    cd /Users/alex/.codex/worktrees/naval-exploration/Settlers/Settlers.xcodeproj
    

SwiftCompile normal arm64 /Users/alex/.codex/worktrees/naval-exploration/Settlers/Packages/CatanAI/Sources/CatanAI/Evaluation/PositionEvaluator.swift (in target 'CatanAI' from project 'CatanAI')
    cd /Users/alex/.codex/worktrees/naval-exploration/Settlers/Settlers.xcodeproj
    

SwiftCompile normal arm64 /Users/alex/.codex/worktrees/naval-exploration/Settlers/Packages/CatanAI/Sources/CatanAI/Evaluation/TradeCascade.swift (in target 'CatanAI' from project 'CatanAI')
    cd /Users/alex/.codex/worktrees/naval-exploration/Settlers/Settlers.xcodeproj
    

SwiftCompile normal arm64 Compiling\ NavalCards.swift,\ NavalDecisionContext.swift /Users/alex/.codex/worktrees/naval-exploration/Settlers/Packages/CatanAI/Sources/CatanAI/Naval/NavalCards.swift /Users/alex/.codex/worktrees/naval-exploration/Settlers/Packages/CatanAI/Sources/CatanAI/Naval/NavalDecisionContext.swift (in target 'CatanAI' from project 'CatanAI')

SwiftCompile normal arm64 /Users/alex/.codex/worktrees/naval-exploration/Settlers/Packages/CatanAI/Sources/CatanAI/Naval/NavalCards.swift (in target 'CatanAI' from project 'CatanAI')
    cd /Users/alex/.codex/worktrees/naval-exploration/Settlers/Settlers.xcodeproj
    

SwiftCompile normal arm64 /Users/alex/.codex/worktrees/naval-exploration/Settlers/Packages/CatanAI/Sources/CatanAI/Naval/NavalDecisionContext.swift (in target 'CatanAI' from project 'CatanAI')
    cd /Users/alex/.codex/worktrees/naval-exploration/Settlers/Settlers.xcodeproj
    

SwiftCompile normal arm64 Compiling\ GreedyPolicy.swift,\ HeuristicPolicy.swift,\ JointTradeResponsePolicy.swift /Users/alex/.codex/worktrees/naval-exploration/Settlers/Packages/CatanAI/Sources/CatanAI/GreedyPolicy.swift /Users/alex/.codex/worktrees/naval-exploration/Settlers/Packages/CatanAI/Sources/CatanAI/HeuristicPolicy.swift /Users/alex/.codex/worktrees/naval-exploration/Settlers/Packages/CatanAI/Sources/CatanAI/JointTradeResponsePolicy.swift (in target 'CatanAI' from project 'CatanAI')

SwiftCompile normal arm64 /Users/alex/.codex/worktrees/naval-exploration/Settlers/Packages/CatanAI/Sources/CatanAI/GreedyPolicy.swift (in target 'CatanAI' from project 'CatanAI')
    cd /Users/alex/.codex/worktrees/naval-exploration/Settlers/Settlers.xcodeproj
    

SwiftCompile normal arm64 /Users/alex/.codex/worktrees/naval-exploration/Settlers/Packages/CatanAI/Sources/CatanAI/HeuristicPolicy.swift (in target 'CatanAI' from project 'CatanAI')
    cd /Users/alex/.codex/worktrees/naval-exploration/Settlers/Settlers.xcodeproj
    

SwiftCompile normal arm64 /Users/alex/.codex/worktrees/naval-exploration/Settlers/Packages/CatanAI/Sources/CatanAI/JointTradeResponsePolicy.swift (in target 'CatanAI' from project 'CatanAI')
    cd /Users/alex/.codex/worktrees/naval-exploration/Settlers/Settlers.xcodeproj
    

SwiftCompile normal arm64 Compiling\ TradeValuation.swift,\ CandidateScoring.swift,\ DecisionExtractor.swift /Users/alex/.codex/worktrees/naval-exploration/Settlers/Packages/CatanAI/Sources/CatanAI/Evaluation/TradeValuation.swift /Users/alex/.codex/worktrees/naval-exploration/Settlers/Packages/CatanAI/Sources/CatanAI/Ghost/CandidateScoring.swift /Users/alex/.codex/worktrees/naval-exploration/Settlers/Packages/CatanAI/Sources/CatanAI/Ghost/DecisionExtractor.swift (in target 'CatanAI' from project 'CatanAI')

SwiftCompile normal arm64 /Users/alex/.codex/worktrees/naval-exploration/Settlers/Packages/CatanAI/Sources/CatanAI/Evaluation/TradeValuation.swift (in target 'CatanAI' from project 'CatanAI')
    cd /Users/alex/.codex/worktrees/naval-exploration/Settlers/Settlers.xcodeproj
    

SwiftCompile normal arm64 /Users/alex/.codex/worktrees/naval-exploration/Settlers/Packages/CatanAI/Sources/CatanAI/Ghost/CandidateScoring.swift (in target 'CatanAI' from project 'CatanAI')
    cd /Users/alex/.codex/worktrees/naval-exploration/Settlers/Settlers.xcodeproj
    

SwiftCompile normal arm64 /Users/alex/.codex/worktrees/naval-exploration/Settlers/Packages/CatanAI/Sources/CatanAI/Ghost/DecisionExtractor.swift (in target 'CatanAI' from project 'CatanAI')
    cd /Users/alex/.codex/worktrees/naval-exploration/Settlers/Settlers.xcodeproj
    

SwiftCompile normal arm64 Compiling\ NavalNavigation.swift,\ NavalNavigationDiagnostics.swift /Users/alex/.codex/worktrees/naval-exploration/Settlers/Packages/CatanAI/Sources/CatanAI/Naval/NavalNavigation.swift /Users/alex/.codex/worktrees/naval-exploration/Settlers/Packages/CatanAI/Sources/CatanAI/Naval/NavalNavigationDiagnostics.swift (in target 'CatanAI' from project 'CatanAI')

SwiftCompile normal arm64 /Users/alex/.codex/worktrees/naval-exploration/Settlers/Packages/CatanAI/Sources/CatanAI/Naval/NavalNavigation.swift (in target 'CatanAI' from project 'CatanAI')
    cd /Users/alex/.codex/worktrees/naval-exploration/Settlers/Settlers.xcodeproj
    

SwiftCompile normal arm64 /Users/alex/.codex/worktrees/naval-exploration/Settlers/Packages/CatanAI/Sources/CatanAI/Naval/NavalNavigationDiagnostics.swift (in target 'CatanAI' from project 'CatanAI')
    cd /Users/alex/.codex/worktrees/naval-exploration/Settlers/Settlers.xcodeproj
    

SwiftCompile normal arm64 Compiling\ NavalPolicy.swift,\ NavalTrading.swift /Users/alex/.codex/worktrees/naval-exploration/Settlers/Packages/CatanAI/Sources/CatanAI/Naval/NavalPolicy.swift /Users/alex/.codex/worktrees/naval-exploration/Settlers/Packages/CatanAI/Sources/CatanAI/Naval/NavalTrading.swift (in target 'CatanAI' from project 'CatanAI')

SwiftCompile normal arm64 /Users/alex/.codex/worktrees/naval-exploration/Settlers/Packages/CatanAI/Sources/CatanAI/Naval/NavalPolicy.swift (in target 'CatanAI' from project 'CatanAI')
    cd /Users/alex/.codex/worktrees/naval-exploration/Settlers/Settlers.xcodeproj
    

SwiftCompile normal arm64 /Users/alex/.codex/worktrees/naval-exploration/Settlers/Packages/CatanAI/Sources/CatanAI/Naval/NavalTrading.swift (in target 'CatanAI' from project 'CatanAI')
    cd /Users/alex/.codex/worktrees/naval-exploration/Settlers/Settlers.xcodeproj
    

SwiftCompile normal arm64 Compiling\ PolicyBehaviorMetrics.swift,\ RobberHeuristics.swift /Users/alex/.codex/worktrees/naval-exploration/Settlers/Packages/CatanAI/Sources/CatanAI/PolicyBehaviorMetrics.swift /Users/alex/.codex/worktrees/naval-exploration/Settlers/Packages/CatanAI/Sources/CatanAI/RobberHeuristics.swift (in target 'CatanAI' from project 'CatanAI')

SwiftCompile normal arm64 /Users/alex/.codex/worktrees/naval-exploration/Settlers/Packages/CatanAI/Sources/CatanAI/PolicyBehaviorMetrics.swift (in target 'CatanAI' from project 'CatanAI')
    cd /Users/alex/.codex/worktrees/naval-exploration/Settlers/Settlers.xcodeproj
    

SwiftCompile normal arm64 /Users/alex/.codex/worktrees/naval-exploration/Settlers/Packages/CatanAI/Sources/CatanAI/RobberHeuristics.swift (in target 'CatanAI' from project 'CatanAI')
    cd /Users/alex/.codex/worktrees/naval-exploration/Settlers/Settlers.xcodeproj
    

SwiftCompile normal arm64 Compiling\ TradeHeuristics.swift,\ TradeMessages.swift /Users/alex/.codex/worktrees/naval-exploration/Settlers/Packages/CatanAI/Sources/CatanAI/TradeHeuristics.swift /Users/alex/.codex/worktrees/naval-exploration/Settlers/Packages/CatanAI/Sources/CatanAI/TradeMessages.swift (in target 'CatanAI' from project 'CatanAI')

SwiftCompile normal arm64 /Users/alex/.codex/worktrees/naval-exploration/Settlers/Packages/CatanAI/Sources/CatanAI/TradeHeuristics.swift (in target 'CatanAI' from project 'CatanAI')
    cd /Users/alex/.codex/worktrees/naval-exploration/Settlers/Settlers.xcodeproj
    

SwiftCompile normal arm64 /Users/alex/.codex/worktrees/naval-exploration/Settlers/Packages/CatanAI/Sources/CatanAI/TradeMessages.swift (in target 'CatanAI' from project 'CatanAI')
    cd /Users/alex/.codex/worktrees/naval-exploration/Settlers/Settlers.xcodeproj
    

SwiftEmitModule normal arm64 Emitting\ module\ for\ CatanAI (in target 'CatanAI' from project 'CatanAI')

EmitSwiftModule normal arm64 (in target 'CatanAI' from project 'CatanAI')
    cd /Users/alex/.codex/worktrees/naval-exploration/Settlers/Settlers.xcodeproj
    

SwiftCompile normal arm64 Compiling\ TradeRefusingPolicy.swift,\ TradeReviewContext.swift /Users/alex/.codex/worktrees/naval-exploration/Settlers/Packages/CatanAI/Sources/CatanAI/TradeRefusingPolicy.swift /Users/alex/.codex/worktrees/naval-exploration/Settlers/Packages/CatanAI/Sources/CatanAI/TradeReviewContext.swift (in target 'CatanAI' from project 'CatanAI')

SwiftCompile normal arm64 /Users/alex/.codex/worktrees/naval-exploration/Settlers/Packages/CatanAI/Sources/CatanAI/TradeRefusingPolicy.swift (in target 'CatanAI' from project 'CatanAI')
    cd /Users/alex/.codex/worktrees/naval-exploration/Settlers/Settlers.xcodeproj
    

SwiftCompile normal arm64 /Users/alex/.codex/worktrees/naval-exploration/Settlers/Packages/CatanAI/Sources/CatanAI/TradeReviewContext.swift (in target 'CatanAI' from project 'CatanAI')
    cd /Users/alex/.codex/worktrees/naval-exploration/Settlers/Settlers.xcodeproj
    

SwiftCompile normal arm64 Compiling\ ThreatAssessment.swift,\ TradeAssessment.swift /Users/alex/.codex/worktrees/naval-exploration/Settlers/Packages/CatanAI/Sources/CatanAI/ThreatAssessment.swift /Users/alex/.codex/worktrees/naval-exploration/Settlers/Packages/CatanAI/Sources/CatanAI/TradeAssessment.swift (in target 'CatanAI' from project 'CatanAI')

SwiftCompile normal arm64 /Users/alex/.codex/worktrees/naval-exploration/Settlers/Packages/CatanAI/Sources/CatanAI/ThreatAssessment.swift (in target 'CatanAI' from project 'CatanAI')
    cd /Users/alex/.codex/worktrees/naval-exploration/Settlers/Settlers.xcodeproj
    

SwiftCompile normal arm64 /Users/alex/.codex/worktrees/naval-exploration/Settlers/Packages/CatanAI/Sources/CatanAI/TradeAssessment.swift (in target 'CatanAI' from project 'CatanAI')
    cd /Users/alex/.codex/worktrees/naval-exploration/Settlers/Settlers.xcodeproj
    

SwiftCompile normal arm64 Compiling\ ProductionModel.swift,\ PlanningContext.swift /Users/alex/.codex/worktrees/naval-exploration/Settlers/Packages/CatanAI/Sources/CatanAI/Planner/ProductionModel.swift /Users/alex/.codex/worktrees/naval-exploration/Settlers/Packages/CatanAI/Sources/CatanAI/PlanningContext.swift (in target 'CatanAI' from project 'CatanAI')

SwiftCompile normal arm64 /Users/alex/.codex/worktrees/naval-exploration/Settlers/Packages/CatanAI/Sources/CatanAI/Planner/ProductionModel.swift (in target 'CatanAI' from project 'CatanAI')
    cd /Users/alex/.codex/worktrees/naval-exploration/Settlers/Settlers.xcodeproj
    

SwiftCompile normal arm64 /Users/alex/.codex/worktrees/naval-exploration/Settlers/Packages/CatanAI/Sources/CatanAI/PlanningContext.swift (in target 'CatanAI' from project 'CatanAI')
    cd /Users/alex/.codex/worktrees/naval-exploration/Settlers/Settlers.xcodeproj
    

SwiftCompile normal arm64 Compiling\ NavalEconomy.swift,\ NavalLandControl.swift /Users/alex/.codex/worktrees/naval-exploration/Settlers/Packages/CatanAI/Sources/CatanAI/Naval/NavalEconomy.swift /Users/alex/.codex/worktrees/naval-exploration/Settlers/Packages/CatanAI/Sources/CatanAI/Naval/NavalLandControl.swift (in target 'CatanAI' from project 'CatanAI')
SwiftCompile normal arm64 /Users/alex/.codex/worktrees/naval-exploration/Settlers/Packages/CatanAI/Sources/CatanAI/Naval/NavalEconomy.swift (in target 'CatanAI' from project 'CatanAI')
    cd /Users/alex/.codex/worktrees/naval-exploration/Settlers/Settlers.xcodeproj
    

SwiftCompile normal arm64 /Users/alex/.codex/worktrees/naval-exploration/Settlers/Packages/CatanAI/Sources/CatanAI/Naval/NavalLandControl.swift (in target 'CatanAI' from project 'CatanAI')
    cd /Users/alex/.codex/worktrees/naval-exploration/Settlers/Settlers.xcodeproj
    

SwiftDriverJobDiscovery normal arm64 Compiling GameSession.swift (in target 'CatanEngine' from project 'CatanEngine')

SwiftDriver\ Compilation CatanEngine normal arm64 com.apple.xcode.tools.swift.compiler (in target 'CatanEngine' from project 'CatanEngine')
    cd /Users/alex/.codex/worktrees/naval-exploration/Settlers/Settlers.xcodeproj
    builtin-Swift-Compilation -- /Applications/Xcode.app/Contents/Developer/Toolchains/XcodeDefault.xctoolchain/usr/bin/swiftc -module-name CatanEngine -Onone @/Users/alex/Library/Developer/Xcode/DerivedData/Settlers-bqwdcayamsmaxsekctdqetlegmaf/Build/Intermediates.noindex/CatanEngine.build/Debug-iphonesimulator/CatanEngine.build/Objects-normal/arm64/CatanEngine.SwiftFileList -DSWIFT_PACKAGE -DDEBUG -DSWIFT_MODULE_RESOURCE_BUNDLE_UNAVAILABLE -DXcode -plugin-path /Applications/Xcode.app/Contents/Developer/Toolchains/XcodeDefault.xctoolchain/usr/lib/swift/host/plugins/testing -enable-experimental-feature DebugDescriptionMacro -sdk /Applications/Xcode.app/Contents/Developer/Platforms/iPhoneSimulator.platform/Developer/SDKs/iPhoneSimulator26.5.sdk -target arm64-apple-ios17.0-simulator -g -module-cache-path /Users/alex/Library/Developer/Xcode/DerivedData/ModuleCache.noindex -Xfrontend -serialize-debugging-options -profile-coverage-mapping -profile-generate -enable-testing -index-store-path /Users/alex/Library/Developer/Xcode/DerivedData/Settlers-bqwdcayamsmaxsekctdqetlegmaf/Index.noindex/DataStore -Xcc -D_LIBCPP_HARDENING_MODE\=_LIBCPP_HARDENING_MODE_DEBUG -swift-version 6 -I /Users/alex/Library/Developer/Xcode/DerivedData/Settlers-bqwdcayamsmaxsekctdqetlegmaf/Build/Products/Debug-iphonesimulator -Isystem /Applications/Xcode.app/Contents/Developer/Platforms/iPhoneSimulator.platform/Developer/usr/lib -F /Users/alex/Library/Developer/Xcode/DerivedData/Settlers-bqwdcayamsmaxsekctdqetlegmaf/Build/Products/Debug-iphonesimulator -F /Applications/Xcode.app/Contents/Developer/Platforms/iPhoneSimulator.platform/Developer/Library/Frameworks -F /Applications/Xcode.app/Contents/Developer/Platforms/iPhoneSimulator.platform/Developer/SDKs/iPhoneSimulator26.5.sdk/Developer/Library/Frameworks -c -j18 -enable-batch-mode -incremental -Xcc -ivfsstatcache -Xcc /Users/alex/Library/Developer/Xcode/DerivedData/SDKStatCaches.noindex/iphonesimulator26.5-23F73-6cfe768891a92b912361537c460fe42b.sdkstatcache -output-file-map /Users/alex/Library/Developer/Xcode/DerivedData/Settlers-bqwdcayamsmaxsekctdqetlegmaf/Build/Intermediates.noindex/CatanEngine.build/Debug-iphonesimulator/CatanEngine.build/Objects-normal/arm64/CatanEngine-OutputFileMap.json -use-frontend-parseable-output -save-temps -no-color-diagnostics -explicit-module-build -module-cache-path /Users/alex/Library/Developer/Xcode/DerivedData/Settlers-bqwdcayamsmaxsekctdqetlegmaf/Build/Intermediates.noindex/SwiftExplicitPrecompiledModules -clang-scanner-module-cache-path /Users/alex/Library/Developer/Xcode/DerivedData/ModuleCache.noindex -sdk-module-cache-path /Users/alex/Library/Developer/Xcode/DerivedData/ModuleCache.noindex -serialize-diagnostics -emit-dependencies -emit-module -emit-module-path /Users/alex/Library/Developer/Xcode/DerivedData/Settlers-bqwdcayamsmaxsekctdqetlegmaf/Build/Intermediates.noindex/CatanEngine.build/Debug-iphonesimulator/CatanEngine.build/Objects-normal/arm64/CatanEngine.swiftmodule -validate-clang-modules-once -clang-build-session-file /Users/alex/Library/Developer/Xcode/DerivedData/ModuleCache.noindex/Session.modulevalidation -package-name catanengine -Xcc -I/Users/alex/Library/Developer/Xcode/DerivedData/Settlers-bqwdcayamsmaxsekctdqetlegmaf/Build/Intermediates.noindex/CatanEngine.build/Debug-iphonesimulator/CatanEngine.build/swift-overrides.hmap -emit-const-values -Xfrontend -const-gather-protocols-file -Xfrontend /Users/alex/Library/Developer/Xcode/DerivedData/Settlers-bqwdcayamsmaxsekctdqetlegmaf/Build/Intermediates.noindex/CatanEngine.build/Debug-iphonesimulator/CatanEngine.build/Objects-normal/arm64/CatanEngine_const_extract_protocols.json -Xcc -I/Users/alex/Library/Developer/Xcode/DerivedData/Settlers-bqwdcayamsmaxsekctdqetlegmaf/Build/Products/Debug-iphonesimulator/include -Xcc -I/Users/alex/Library/Developer/Xcode/DerivedData/Settlers-bqwdcayamsmaxsekctdqetlegmaf/Build/Intermediates.noindex/CatanEngine.build/Debug-iphonesimulator/CatanEngine.build/DerivedSources-normal/arm64 -Xcc -I/Users/alex/Library/Developer/Xcode/DerivedData/Settlers-bqwdcayamsmaxsekctdqetlegmaf/Build/Intermediates.noindex/CatanEngine.build/Debug-iphonesimulator/CatanEngine.build/DerivedSources/arm64 -Xcc -I/Users/alex/Library/Developer/Xcode/DerivedData/Settlers-bqwdcayamsmaxsekctdqetlegmaf/Build/Intermediates.noindex/CatanEngine.build/Debug-iphonesimulator/CatanEngine.build/DerivedSources -Xcc -DSWIFT_PACKAGE -Xcc -DDEBUG\=1 -emit-objc-header -emit-objc-header-path /Users/alex/Library/Developer/Xcode/DerivedData/Settlers-bqwdcayamsmaxsekctdqetlegmaf/Build/Intermediates.noindex/CatanEngine.build/Debug-iphonesimulator/CatanEngine.build/Objects-normal/arm64/CatanEngine-Swift.h -working-directory /Users/alex/.codex/worktrees/naval-exploration/Settlers/Settlers.xcodeproj -experimental-emit-module-separately -disable-cmo

SwiftDriverJobDiscovery normal arm64 Compiling ProductionModel.swift, PlanningContext.swift (in target 'CatanAI' from project 'CatanAI')

SwiftCompile normal arm64 Compiling\ PlacementHeuristics.swift,\ PlannerTradeEvaluator.swift /Users/alex/.codex/worktrees/naval-exploration/Settlers/Packages/CatanAI/Sources/CatanAI/PlacementHeuristics.swift /Users/alex/.codex/worktrees/naval-exploration/Settlers/Packages/CatanAI/Sources/CatanAI/Planner/PlannerTradeEvaluator.swift (in target 'CatanAI' from project 'CatanAI')

SwiftCompile normal arm64 /Users/alex/.codex/worktrees/naval-exploration/Settlers/Packages/CatanAI/Sources/CatanAI/PlacementHeuristics.swift (in target 'CatanAI' from project 'CatanAI')
    cd /Users/alex/.codex/worktrees/naval-exploration/Settlers/Settlers.xcodeproj
    

SwiftCompile normal arm64 /Users/alex/.codex/worktrees/naval-exploration/Settlers/Packages/CatanAI/Sources/CatanAI/Planner/PlannerTradeEvaluator.swift (in target 'CatanAI' from project 'CatanAI')
    cd /Users/alex/.codex/worktrees/naval-exploration/Settlers/Settlers.xcodeproj
    

Ld /Users/alex/Library/Developer/Xcode/DerivedData/Settlers-bqwdcayamsmaxsekctdqetlegmaf/Build/Products/Debug-iphonesimulator/CatanEngine.o normal (in target 'CatanEngine' from project 'CatanEngine')
    cd /Users/alex/.codex/worktrees/naval-exploration/Settlers/Packages/CatanEngine
    /Applications/Xcode.app/Contents/Developer/Toolchains/XcodeDefault.xctoolchain/usr/bin/clang -Xlinker -reproducible -target arm64-apple-ios17.0-simulator -r -isysroot /Applications/Xcode.app/Contents/Developer/Platforms/iPhoneSimulator.platform/Developer/SDKs/iPhoneSimulator26.5.sdk -O0 -F/Users/alex/Library/Developer/Xcode/DerivedData/Settlers-bqwdcayamsmaxsekctdqetlegmaf/Build/Intermediates.noindex/EagerLinkingTBDs/Debug-iphonesimulator -F/Users/alex/Library/Developer/Xcode/DerivedData/Settlers-bqwdcayamsmaxsekctdqetlegmaf/Build/Products/Debug-iphonesimulator -iframework /Applications/Xcode.app/Contents/Developer/Platforms/iPhoneSimulator.platform/Developer/Library/Frameworks -iframework /Applications/Xcode.app/Contents/Developer/Platforms/iPhoneSimulator.platform/Developer/SDKs/iPhoneSimulator26.5.sdk/Developer/Library/Frameworks -filelist /Users/alex/Library/Developer/Xcode/DerivedData/Settlers-bqwdcayamsmaxsekctdqetlegmaf/Build/Intermediates.noindex/CatanEngine.build/Debug-iphonesimulator/CatanEngine.build/Objects-normal/arm64/CatanEngine.LinkFileList -nostdlib -Xlinker -object_path_lto -Xlinker /Users/alex/Library/Developer/Xcode/DerivedData/Settlers-bqwdcayamsmaxsekctdqetlegmaf/Build/Intermediates.noindex/CatanEngine.build/Debug-iphonesimulator/CatanEngine.build/Objects-normal/arm64/CatanEngine_lto.o -Xlinker -no_deduplicate -Xlinker -objc_abi_version -Xlinker 2 -Xlinker -debug_variant -Xlinker -dependency_info -Xlinker /Users/alex/Library/Developer/Xcode/DerivedData/Settlers-bqwdcayamsmaxsekctdqetlegmaf/Build/Intermediates.noindex/CatanEngine.build/Debug-iphonesimulator/CatanEngine.build/Objects-normal/arm64/CatanEngine_dependency_info.dat -fobjc-link-runtime -L/Applications/Xcode.app/Contents/Developer/Toolchains/XcodeDefault.xctoolchain/usr/lib/swift/iphonesimulator -L/usr/lib/swift -Xlinker -add_ast_path -Xlinker /Users/alex/Library/Developer/Xcode/DerivedData/Settlers-bqwdcayamsmaxsekctdqetlegmaf/Build/Intermediates.noindex/CatanEngine.build/Debug-iphonesimulator/CatanEngine.build/Objects-normal/arm64/CatanEngine.swiftmodule @/Users/alex/Library/Developer/Xcode/DerivedData/Settlers-bqwdcayamsmaxsekctdqetlegmaf/Build/Intermediates.noindex/CatanEngine.build/Debug-iphonesimulator/CatanEngine.build/Objects-normal/arm64/CatanEngine-linker-args.resp -o /Users/alex/Library/Developer/Xcode/DerivedData/Settlers-bqwdcayamsmaxsekctdqetlegmaf/Build/Products/Debug-iphonesimulator/CatanEngine.o

SwiftDriverJobDiscovery normal arm64 Compiling GreedyPolicy.swift, HeuristicPolicy.swift, JointTradeResponsePolicy.swift (in target 'CatanAI' from project 'CatanAI')

SwiftDriverJobDiscovery normal arm64 Compiling EvaluationProjections.swift, EvaluationWeights.swift, ExpertRevision.swift (in target 'CatanAI' from project 'CatanAI')

SwiftDriverJobDiscovery normal arm64 Compiling ThreatAssessment.swift, TradeAssessment.swift (in target 'CatanAI' from project 'CatanAI')

SwiftDriverJobDiscovery normal arm64 Compiling TradeRefusingPolicy.swift, TradeReviewContext.swift (in target 'CatanAI' from project 'CatanAI')

SwiftDriverJobDiscovery normal arm64 Compiling NavalPolicy.swift, NavalTrading.swift (in target 'CatanAI' from project 'CatanAI')

SwiftDriverJobDiscovery normal arm64 Compiling PolicyBehaviorMetrics.swift, RobberHeuristics.swift (in target 'CatanAI' from project 'CatanAI')

SwiftDriverJobDiscovery normal arm64 Compiling TradeValuation.swift, CandidateScoring.swift, DecisionExtractor.swift (in target 'CatanAI' from project 'CatanAI')

ExtractAppIntentsMetadata (in target 'CatanEngine' from project 'CatanEngine')
    cd /Users/alex/.codex/worktrees/naval-exploration/Settlers/Packages/CatanEngine
    /Applications/Xcode.app/Contents/Developer/Toolchains/XcodeDefault.xctoolchain/usr/bin/appintentsmetadataprocessor --toolchain-dir /Applications/Xcode.app/Contents/Developer/Toolchains/XcodeDefault.xctoolchain --module-name CatanEngine --sdk-root /Applications/Xcode.app/Contents/Developer/Platforms/iPhoneSimulator.platform/Developer/SDKs/iPhoneSimulator26.5.sdk --xcode-version 17F42 --platform-family iOS --deployment-target 17.0 --bundle-identifier catanengine.CatanEngine --output /Users/alex/Library/Developer/Xcode/DerivedData/Settlers-bqwdcayamsmaxsekctdqetlegmaf/Build/Products/Debug-iphonesimulator/CatanEngine.appintents --target-triple arm64-apple-ios17.0-simulator --binary-file /Users/alex/Library/Developer/Xcode/DerivedData/Settlers-bqwdcayamsmaxsekctdqetlegmaf/Build/Products/Debug-iphonesimulator/CatanEngine.o --dependency-file /Users/alex/Library/Developer/Xcode/DerivedData/Settlers-bqwdcayamsmaxsekctdqetlegmaf/Build/Intermediates.noindex/CatanEngine.build/Debug-iphonesimulator/CatanEngine.build/Objects-normal/arm64/CatanEngine_dependency_info.dat --stringsdata-file /Users/alex/Library/Developer/Xcode/DerivedData/Settlers-bqwdcayamsmaxsekctdqetlegmaf/Build/Intermediates.noindex/CatanEngine.build/Debug-iphonesimulator/CatanEngine.build/Objects-normal/arm64/ExtractedAppShortcutsMetadata.stringsdata --source-file-list /Users/alex/Library/Developer/Xcode/DerivedData/Settlers-bqwdcayamsmaxsekctdqetlegmaf/Build/Intermediates.noindex/CatanEngine.build/Debug-iphonesimulator/CatanEngine.build/Objects-normal/arm64/CatanEngine.SwiftFileList --metadata-file-list /Users/alex/Library/Developer/Xcode/DerivedData/Settlers-bqwdcayamsmaxsekctdqetlegmaf/Build/Intermediates.noindex/CatanEngine.build/Debug-iphonesimulator/CatanEngine.build/CatanEngine.DependencyMetadataFileList --static-metadata-file-list /Users/alex/Library/Developer/Xcode/DerivedData/Settlers-bqwdcayamsmaxsekctdqetlegmaf/Build/Intermediates.noindex/CatanEngine.build/Debug-iphonesimulator/CatanEngine.build/CatanEngine.DependencyStaticMetadataFileList --swift-const-vals-list /Users/alex/Library/Developer/Xcode/DerivedData/Settlers-bqwdcayamsmaxsekctdqetlegmaf/Build/Intermediates.noindex/CatanEngine.build/Debug-iphonesimulator/CatanEngine.build/Objects-normal/arm64/CatanEngine.SwiftConstValuesFileList --force --compile-time-extraction --deployment-aware-processing --validate-assistant-intents --no-app-shortcuts-localization
2026-10-05 18:29:25.775 appintentsmetadataprocessor[59411:16933771] Starting appintentsmetadataprocessor export
2026-10-05 18:29:25.797 appintentsmetadataprocessor[59411:16933771] Extracted no relevant App Intents symbols, skipping writing output

SwiftDriverJobDiscovery normal arm64 Compiling PersonModel.swift, SeatStats.swift, StyleFeatures.swift (in target 'CatanAI' from project 'CatanAI')

SwiftDriverJobDiscovery normal arm64 Compiling NavalCards.swift, NavalDecisionContext.swift (in target 'CatanAI' from project 'CatanAI')

SwiftDriverJobDiscovery normal arm64 Compiling TradeHeuristics.swift, TradeMessages.swift (in target 'CatanAI' from project 'CatanAI')

SwiftDriverJobDiscovery normal arm64 Compiling DecisionRecord.swift, GhostPolicy.swift, PersonFitter.swift (in target 'CatanAI' from project 'CatanAI')

SwiftDriverJobDiscovery normal arm64 Compiling DevCardHeuristics.swift, BoardIndex.swift, EvaluationPolicy.swift (in target 'CatanAI' from project 'CatanAI')

SwiftDriverJobDiscovery normal arm64 Emitting module for CatanAI (in target 'CatanAI' from project 'CatanAI')

SwiftDriver\ Compilation\ Requirements CatanAI normal arm64 com.apple.xcode.tools.swift.compiler (in target 'CatanAI' from project 'CatanAI')
    cd /Users/alex/.codex/worktrees/naval-exploration/Settlers/Settlers.xcodeproj
    builtin-Swift-Compilation-Requirements -- /Applications/Xcode.app/Contents/Developer/Toolchains/XcodeDefault.xctoolchain/usr/bin/swiftc -module-name CatanAI -Onone @/Users/alex/Library/Developer/Xcode/DerivedData/Settlers-bqwdcayamsmaxsekctdqetlegmaf/Build/Intermediates.noindex/CatanAI.build/Debug-iphonesimulator/CatanAI.build/Objects-normal/arm64/CatanAI.SwiftFileList -DSWIFT_PACKAGE -DDEBUG -DSWIFT_MODULE_RESOURCE_BUNDLE_UNAVAILABLE -DXcode -plugin-path /Applications/Xcode.app/Contents/Developer/Toolchains/XcodeDefault.xctoolchain/usr/lib/swift/host/plugins/testing -enable-experimental-feature DebugDescriptionMacro -sdk /Applications/Xcode.app/Contents/Developer/Platforms/iPhoneSimulator.platform/Developer/SDKs/iPhoneSimulator26.5.sdk -target arm64-apple-ios17.0-simulator -g -module-cache-path /Users/alex/Library/Developer/Xcode/DerivedData/ModuleCache.noindex -Xfrontend -serialize-debugging-options -profile-coverage-mapping -profile-generate -enable-testing -index-store-path /Users/alex/Library/Developer/Xcode/DerivedData/Settlers-bqwdcayamsmaxsekctdqetlegmaf/Index.noindex/DataStore -Xcc -D_LIBCPP_HARDENING_MODE\=_LIBCPP_HARDENING_MODE_DEBUG -swift-version 6 -I /Users/alex/Library/Developer/Xcode/DerivedData/Settlers-bqwdcayamsmaxsekctdqetlegmaf/Build/Products/Debug-iphonesimulator -Isystem /Applications/Xcode.app/Contents/Developer/Platforms/iPhoneSimulator.platform/Developer/usr/lib -F /Users/alex/Library/Developer/Xcode/DerivedData/Settlers-bqwdcayamsmaxsekctdqetlegmaf/Build/Products/Debug-iphonesimulator/PackageFrameworks -F /Users/alex/Library/Developer/Xcode/DerivedData/Settlers-bqwdcayamsmaxsekctdqetlegmaf/Build/Products/Debug-iphonesimulator -F /Applications/Xcode.app/Contents/Developer/Platforms/iPhoneSimulator.platform/Developer/Library/Frameworks -F /Applications/Xcode.app/Contents/Developer/Platforms/iPhoneSimulator.platform/Developer/SDKs/iPhoneSimulator26.5.sdk/Developer/Library/Frameworks -c -j18 -enable-batch-mode -incremental -Xcc -ivfsstatcache -Xcc /Users/alex/Library/Developer/Xcode/DerivedData/SDKStatCaches.noindex/iphonesimulator26.5-23F73-6cfe768891a92b912361537c460fe42b.sdkstatcache -output-file-map /Users/alex/Library/Developer/Xcode/DerivedData/Settlers-bqwdcayamsmaxsekctdqetlegmaf/Build/Intermediates.noindex/CatanAI.build/Debug-iphonesimulator/CatanAI.build/Objects-normal/arm64/CatanAI-OutputFileMap.json -use-frontend-parseable-output -save-temps -no-color-diagnostics -explicit-module-build -module-cache-path /Users/alex/Library/Developer/Xcode/DerivedData/Settlers-bqwdcayamsmaxsekctdqetlegmaf/Build/Intermediates.noindex/SwiftExplicitPrecompiledModules -clang-scanner-module-cache-path /Users/alex/Library/Developer/Xcode/DerivedData/ModuleCache.noindex -sdk-module-cache-path /Users/alex/Library/Developer/Xcode/DerivedData/ModuleCache.noindex -serialize-diagnostics -emit-dependencies -emit-module -emit-module-path /Users/alex/Library/Developer/Xcode/DerivedData/Settlers-bqwdcayamsmaxsekctdqetlegmaf/Build/Intermediates.noindex/CatanAI.build/Debug-iphonesimulator/CatanAI.build/Objects-normal/arm64/CatanAI.swiftmodule -validate-clang-modules-once -clang-build-session-file /Users/alex/Library/Developer/Xcode/DerivedData/ModuleCache.noindex/Session.modulevalidation -package-name catanai -Xcc -I/Users/alex/Library/Developer/Xcode/DerivedData/Settlers-bqwdcayamsmaxsekctdqetlegmaf/Build/Intermediates.noindex/CatanAI.build/Debug-iphonesimulator/CatanAI.build/swift-overrides.hmap -emit-const-values -Xfrontend -const-gather-protocols-file -Xfrontend /Users/alex/Library/Developer/Xcode/DerivedData/Settlers-bqwdcayamsmaxsekctdqetlegmaf/Build/Intermediates.noindex/CatanAI.build/Debug-iphonesimulator/CatanAI.build/Objects-normal/arm64/CatanAI_const_extract_protocols.json -Xcc -I/Users/alex/Library/Developer/Xcode/DerivedData/Settlers-bqwdcayamsmaxsekctdqetlegmaf/Build/Products/Debug-iphonesimulator/include -Xcc -I/Users/alex/Library/Developer/Xcode/DerivedData/Settlers-bqwdcayamsmaxsekctdqetlegmaf/Build/Intermediates.noindex/CatanAI.build/Debug-iphonesimulator/CatanAI.build/DerivedSources-normal/arm64 -Xcc -I/Users/alex/Library/Developer/Xcode/DerivedData/Settlers-bqwdcayamsmaxsekctdqetlegmaf/Build/Intermediates.noindex/CatanAI.build/Debug-iphonesimulator/CatanAI.build/DerivedSources/arm64 -Xcc -I/Users/alex/Library/Developer/Xcode/DerivedData/Settlers-bqwdcayamsmaxsekctdqetlegmaf/Build/Intermediates.noindex/CatanAI.build/Debug-iphonesimulator/CatanAI.build/DerivedSources -Xcc -DSWIFT_PACKAGE -Xcc -DDEBUG\=1 -emit-objc-header -emit-objc-header-path /Users/alex/Library/Developer/Xcode/DerivedData/Settlers-bqwdcayamsmaxsekctdqetlegmaf/Build/Intermediates.noindex/CatanAI.build/Debug-iphonesimulator/CatanAI.build/Objects-normal/arm64/CatanAI-Swift.h -working-directory /Users/alex/.codex/worktrees/naval-exploration/Settlers/Settlers.xcodeproj -experimental-emit-module-separately -disable-cmo

Copy /Users/alex/Library/Developer/Xcode/DerivedData/Settlers-bqwdcayamsmaxsekctdqetlegmaf/Build/Products/Debug-iphonesimulator/CatanAI.swiftmodule/arm64-apple-ios-simulator.abi.json /Users/alex/Library/Developer/Xcode/DerivedData/Settlers-bqwdcayamsmaxsekctdqetlegmaf/Build/Intermediates.noindex/CatanAI.build/Debug-iphonesimulator/CatanAI.build/Objects-normal/arm64/CatanAI.abi.json (in target 'CatanAI' from project 'CatanAI')
    cd /Users/alex/.codex/worktrees/naval-exploration/Settlers/Packages/CatanAI
    builtin-copy -exclude .DS_Store -exclude CVS -exclude .svn -exclude .git -exclude .hg -resolve-src-symlinks -rename /Users/alex/Library/Developer/Xcode/DerivedData/Settlers-bqwdcayamsmaxsekctdqetlegmaf/Build/Intermediates.noindex/CatanAI.build/Debug-iphonesimulator/CatanAI.build/Objects-normal/arm64/CatanAI.abi.json /Users/alex/Library/Developer/Xcode/DerivedData/Settlers-bqwdcayamsmaxsekctdqetlegmaf/Build/Products/Debug-iphonesimulator/CatanAI.swiftmodule/arm64-apple-ios-simulator.abi.json

RegisterExecutionPolicyException /Users/alex/Library/Developer/Xcode/DerivedData/Settlers-bqwdcayamsmaxsekctdqetlegmaf/Build/Products/Debug-iphonesimulator/CatanEngine.o (in target 'CatanEngine' from project 'CatanEngine')
    cd /Users/alex/.codex/worktrees/naval-exploration/Settlers/Packages/CatanEngine
    builtin-RegisterExecutionPolicyException /Users/alex/Library/Developer/Xcode/DerivedData/Settlers-bqwdcayamsmaxsekctdqetlegmaf/Build/Products/Debug-iphonesimulator/CatanEngine.o

ProcessProductPackaging "" /Users/alex/Library/Developer/Xcode/DerivedData/Settlers-bqwdcayamsmaxsekctdqetlegmaf/Build/Intermediates.noindex/Settlers.build/Debug-iphonesimulator/Settlers.build/Settlers.app-Simulated.xcent (in target 'Settlers' from project 'Settlers')
    cd /Users/alex/.codex/worktrees/naval-exploration/Settlers
    
    Entitlements:
    
    {
    "application-identifier" = "HXB9F28LHR.com.alexchandler.empires";
}
    
    builtin-productPackagingUtility -entitlements -format xml -o /Users/alex/Library/Developer/Xcode/DerivedData/Settlers-bqwdcayamsmaxsekctdqetlegmaf/Build/Intermediates.noindex/Settlers.build/Debug-iphonesimulator/Settlers.build/Settlers.app-Simulated.xcent

ProcessProductPackagingDER /Users/alex/Library/Developer/Xcode/DerivedData/Settlers-bqwdcayamsmaxsekctdqetlegmaf/Build/Intermediates.noindex/Settlers.build/Debug-iphonesimulator/Settlers.build/Settlers.app-Simulated.xcent /Users/alex/Library/Developer/Xcode/DerivedData/Settlers-bqwdcayamsmaxsekctdqetlegmaf/Build/Intermediates.noindex/Settlers.build/Debug-iphonesimulator/Settlers.build/Settlers.app-Simulated.xcent.der (in target 'Settlers' from project 'Settlers')
    cd /Users/alex/.codex/worktrees/naval-exploration/Settlers
    /usr/bin/derq query -f xml -i /Users/alex/Library/Developer/Xcode/DerivedData/Settlers-bqwdcayamsmaxsekctdqetlegmaf/Build/Intermediates.noindex/Settlers.build/Debug-iphonesimulator/Settlers.build/Settlers.app-Simulated.xcent -o /Users/alex/Library/Developer/Xcode/DerivedData/Settlers-bqwdcayamsmaxsekctdqetlegmaf/Build/Intermediates.noindex/Settlers.build/Debug-iphonesimulator/Settlers.build/Settlers.app-Simulated.xcent.der --raw

SwiftDriver Settlers normal arm64 com.apple.xcode.tools.swift.compiler (in target 'Settlers' from project 'Settlers')
    cd /Users/alex/.codex/worktrees/naval-exploration/Settlers
    builtin-SwiftDriver -- /Applications/Xcode.app/Contents/Developer/Toolchains/XcodeDefault.xctoolchain/usr/bin/swiftc -module-name Settlers -Onone @/Users/alex/Library/Developer/Xcode/DerivedData/Settlers-bqwdcayamsmaxsekctdqetlegmaf/Build/Intermediates.noindex/Settlers.build/Debug-iphonesimulator/Settlers.build/Objects-normal/arm64/Settlers.SwiftFileList -DDEBUG -enable-experimental-feature DebugDescriptionMacro -sdk /Applications/Xcode.app/Contents/Developer/Platforms/iPhoneSimulator.platform/Developer/SDKs/iPhoneSimulator26.5.sdk -target arm64-apple-ios17.0-simulator -g -module-cache-path /Users/alex/Library/Developer/Xcode/DerivedData/ModuleCache.noindex -Xfrontend -serialize-debugging-options -profile-coverage-mapping -profile-generate -enable-testing -warnings-as-errors -index-store-path /Users/alex/Library/Developer/Xcode/DerivedData/Settlers-bqwdcayamsmaxsekctdqetlegmaf/Index.noindex/DataStore -Xcc -D_LIBCPP_HARDENING_MODE\=_LIBCPP_HARDENING_MODE_DEBUG -swift-version 6 -I /Users/alex/Library/Developer/Xcode/DerivedData/Settlers-bqwdcayamsmaxsekctdqetlegmaf/Build/Products/Debug-iphonesimulator -F /Users/alex/Library/Developer/Xcode/DerivedData/Settlers-bqwdcayamsmaxsekctdqetlegmaf/Build/Products/Debug-iphonesimulator/PackageFrameworks -F /Users/alex/Library/Developer/Xcode/DerivedData/Settlers-bqwdcayamsmaxsekctdqetlegmaf/Build/Products/Debug-iphonesimulator/PackageFrameworks -F /Users/alex/Library/Developer/Xcode/DerivedData/Settlers-bqwdcayamsmaxsekctdqetlegmaf/Build/Products/Debug-iphonesimulator -c -j18 -enable-batch-mode -incremental -Xcc -ivfsstatcache -Xcc /Users/alex/Library/Developer/Xcode/DerivedData/SDKStatCaches.noindex/iphonesimulator26.5-23F73-6cfe768891a92b912361537c460fe42b.sdkstatcache -output-file-map /Users/alex/Library/Developer/Xcode/DerivedData/Settlers-bqwdcayamsmaxsekctdqetlegmaf/Build/Intermediates.noindex/Settlers.build/Debug-iphonesimulator/Settlers.build/Objects-normal/arm64/Settlers-OutputFileMap.json -use-frontend-parseable-output -save-temps -no-color-diagnostics -explicit-module-build -module-cache-path /Users/alex/Library/Developer/Xcode/DerivedData/Settlers-bqwdcayamsmaxsekctdqetlegmaf/Build/Intermediates.noindex/SwiftExplicitPrecompiledModules -clang-scanner-module-cache-path /Users/alex/Library/Developer/Xcode/DerivedData/ModuleCache.noindex -sdk-module-cache-path /Users/alex/Library/Developer/Xcode/DerivedData/ModuleCache.noindex -serialize-diagnostics -emit-dependencies -emit-module -emit-module-path /Users/alex/Library/Developer/Xcode/DerivedData/Settlers-bqwdcayamsmaxsekctdqetlegmaf/Build/Intermediates.noindex/Settlers.build/Debug-iphonesimulator/Settlers.build/Objects-normal/arm64/Settlers.swiftmodule -validate-clang-modules-once -clang-build-session-file /Users/alex/Library/Developer/Xcode/DerivedData/ModuleCache.noindex/Session.modulevalidation -Xcc -I/Users/alex/Library/Developer/Xcode/DerivedData/Settlers-bqwdcayamsmaxsekctdqetlegmaf/Build/Intermediates.noindex/Settlers.build/Debug-iphonesimulator/Settlers.build/swift-overrides.hmap -emit-const-values -Xfrontend -const-gather-protocols-file -Xfrontend /Users/alex/Library/Developer/Xcode/DerivedData/Settlers-bqwdcayamsmaxsekctdqetlegmaf/Build/Intermediates.noindex/Settlers.build/Debug-iphonesimulator/Settlers.build/Objects-normal/arm64/Settlers_const_extract_protocols.json -Xcc -iquote -Xcc /Users/alex/Library/Developer/Xcode/DerivedData/Settlers-bqwdcayamsmaxsekctdqetlegmaf/Build/Intermediates.noindex/Settlers.build/Debug-iphonesimulator/Settlers.build/Settlers-generated-files.hmap -Xcc -I/Users/alex/Library/Developer/Xcode/DerivedData/Settlers-bqwdcayamsmaxsekctdqetlegmaf/Build/Intermediates.noindex/Settlers.build/Debug-iphonesimulator/Settlers.build/Settlers-own-target-headers.hmap -Xcc -I/Users/alex/Library/Developer/Xcode/DerivedData/Settlers-bqwdcayamsmaxsekctdqetlegmaf/Build/Intermediates.noindex/Settlers.build/Debug-iphonesimulator/Settlers.build/Settlers-all-non-framework-target-headers.hmap -Xcc -ivfsoverlay -Xcc /Users/alex/Library/Developer/Xcode/DerivedData/Settlers-bqwdcayamsmaxsekctdqetlegmaf/Build/Intermediates.noindex/Settlers.build/Debug-iphonesimulator/Settlers-9ad65172c434931f4eb5300f50bbe1d2-VFS-iphonesimulator/all-product-headers.yaml -Xcc -iquote -Xcc /Users/alex/Library/Developer/Xcode/DerivedData/Settlers-bqwdcayamsmaxsekctdqetlegmaf/Build/Intermediates.noindex/Settlers.build/Debug-iphonesimulator/Settlers.build/Settlers-project-headers.hmap -Xcc -I/Users/alex/Library/Developer/Xcode/DerivedData/Settlers-bqwdcayamsmaxsekctdqetlegmaf/Build/Products/Debug-iphonesimulator/include -Xcc -I/Users/alex/Library/Developer/Xcode/DerivedData/Settlers-bqwdcayamsmaxsekctdqetlegmaf/Build/Intermediates.noindex/Settlers.build/Debug-iphonesimulator/Settlers.build/DerivedSources-normal/arm64 -Xcc -I/Users/alex/Library/Developer/Xcode/DerivedData/Settlers-bqwdcayamsmaxsekctdqetlegmaf/Build/Intermediates.noindex/Settlers.build/Debug-iphonesimulator/Settlers.build/DerivedSources/arm64 -Xcc -I/Users/alex/Library/Developer/Xcode/DerivedData/Settlers-bqwdcayamsmaxsekctdqetlegmaf/Build/Intermediates.noindex/Settlers.build/Debug-iphonesimulator/Settlers.build/DerivedSources -Xcc -DDEBUG\=1 -emit-objc-header -emit-objc-header-path /Users/alex/Library/Developer/Xcode/DerivedData/Settlers-bqwdcayamsmaxsekctdqetlegmaf/Build/Intermediates.noindex/Settlers.build/Debug-iphonesimulator/Settlers.build/Objects-normal/arm64/Settlers-Swift.h -working-directory /Users/alex/.codex/worktrees/naval-exploration/Settlers -experimental-emit-module-separately -disable-cmo

SwiftDriverJobDiscovery normal arm64 Compiling HandDiscipline.swift, PositionEvaluator.swift, TradeCascade.swift (in target 'CatanAI' from project 'CatanAI')

SwiftDriverJobDiscovery normal arm64 Compiling NavalNavigation.swift, NavalNavigationDiagnostics.swift (in target 'CatanAI' from project 'CatanAI')

SwiftDriverJobDiscovery normal arm64 Compiling PlacementHeuristics.swift, PlannerTradeEvaluator.swift (in target 'CatanAI' from project 'CatanAI')

SwiftDriverJobDiscovery normal arm64 Compiling Bot.swift, BuildPlanner.swift, ConquestHeuristics.swift (in target 'CatanAI' from project 'CatanAI')

SwiftCompile normal arm64 Compiling\ CloudKitBackend.swift,\ ContentView.swift,\ DevCardArt.swift,\ DevCardDisplay.swift,\ DevCardInventoryView.swift,\ DevCardPopupView.swift,\ DevCardResourceChoice.swift,\ DevCardStyle.swift /Users/alex/.codex/worktrees/naval-exploration/Settlers/Settlers/Sync/CloudKitBackend.swift /Users/alex/.codex/worktrees/naval-exploration/Settlers/Settlers/ContentView.swift /Users/alex/.codex/worktrees/naval-exploration/Settlers/Settlers/Views/DevCardArt.swift /Users/alex/.codex/worktrees/naval-exploration/Settlers/Settlers/Theme/DevCardDisplay.swift /Users/alex/.codex/worktrees/naval-exploration/Settlers/Settlers/Views/DevCardInventoryView.swift /Users/alex/.codex/worktrees/naval-exploration/Settlers/Settlers/Views/DevCardPopupView.swift /Users/alex/.codex/worktrees/naval-exploration/Settlers/Settlers/Views/DevCardResourceChoice.swift /Users/alex/.codex/worktrees/naval-exploration/Settlers/Settlers/Theme/DevCardStyle.swift (in target 'Settlers' from project 'Settlers')
SwiftCompile normal arm64 /Users/alex/.codex/worktrees/naval-exploration/Settlers/Settlers/Sync/CloudKitBackend.swift (in target 'Settlers' from project 'Settlers')
    cd /Users/alex/.codex/worktrees/naval-exploration/Settlers
    

SwiftCompile normal arm64 /Users/alex/.codex/worktrees/naval-exploration/Settlers/Settlers/ContentView.swift (in target 'Settlers' from project 'Settlers')
    cd /Users/alex/.codex/worktrees/naval-exploration/Settlers
    

SwiftCompile normal arm64 /Users/alex/.codex/worktrees/naval-exploration/Settlers/Settlers/Views/DevCardArt.swift (in target 'Settlers' from project 'Settlers')
    cd /Users/alex/.codex/worktrees/naval-exploration/Settlers
    

SwiftCompile normal arm64 /Users/alex/.codex/worktrees/naval-exploration/Settlers/Settlers/Theme/DevCardDisplay.swift (in target 'Settlers' from project 'Settlers')
    cd /Users/alex/.codex/worktrees/naval-exploration/Settlers
    

SwiftCompile normal arm64 /Users/alex/.codex/worktrees/naval-exploration/Settlers/Settlers/Views/DevCardInventoryView.swift (in target 'Settlers' from project 'Settlers')
    cd /Users/alex/.codex/worktrees/naval-exploration/Settlers
    

SwiftCompile normal arm64 /Users/alex/.codex/worktrees/naval-exploration/Settlers/Settlers/Views/DevCardPopupView.swift (in target 'Settlers' from project 'Settlers')
    cd /Users/alex/.codex/worktrees/naval-exploration/Settlers
    

SwiftCompile normal arm64 /Users/alex/.codex/worktrees/naval-exploration/Settlers/Settlers/Views/DevCardResourceChoice.swift (in target 'Settlers' from project 'Settlers')
    cd /Users/alex/.codex/worktrees/naval-exploration/Settlers
    

SwiftCompile normal arm64 /Users/alex/.codex/worktrees/naval-exploration/Settlers/Settlers/Theme/DevCardStyle.swift (in target 'Settlers' from project 'Settlers')
    cd /Users/alex/.codex/worktrees/naval-exploration/Settlers
    

SwiftCompile normal arm64 Compiling\ GameViewModel+QACompleteMatch.swift,\ GameViewModel+QAConquest.swift,\ GameViewModel+QADevCards.swift,\ GameViewModel+QADiscard.swift,\ GameViewModel+QAFeedback.swift,\ GameViewModel+QANaval.swift,\ GameViewModel+QAProduction.swift,\ GameViewModel+QATrade.swift /Users/alex/.codex/worktrees/naval-exploration/Settlers/Settlers/Testing/GameViewModel+QACompleteMatch.swift /Users/alex/.codex/worktrees/naval-exploration/Settlers/Settlers/Testing/GameViewModel+QAConquest.swift /Users/alex/.codex/worktrees/naval-exploration/Settlers/Settlers/Testing/GameViewModel+QADevCards.swift /Users/alex/.codex/worktrees/naval-exploration/Settlers/Settlers/Testing/GameViewModel+QADiscard.swift /Users/alex/.codex/worktrees/naval-exploration/Settlers/Settlers/Testing/GameViewModel+QAFeedback.swift /Users/alex/.codex/worktrees/naval-exploration/Settlers/Settlers/Testing/GameViewModel+QANaval.swift /Users/alex/.codex/worktrees/naval-exploration/Settlers/Settlers/Testing/GameViewModel+QAProduction.swift /Users/alex/.codex/worktrees/naval-exploration/Settlers/Settlers/Testing/GameViewModel+QATrade.swift (in target 'Settlers' from project 'Settlers')

SwiftCompile normal arm64 /Users/alex/.codex/worktrees/naval-exploration/Settlers/Settlers/Testing/GameViewModel+QACompleteMatch.swift (in target 'Settlers' from project 'Settlers')
    cd /Users/alex/.codex/worktrees/naval-exploration/Settlers
    

SwiftCompile normal arm64 /Users/alex/.codex/worktrees/naval-exploration/Settlers/Settlers/Testing/GameViewModel+QAConquest.swift (in target 'Settlers' from project 'Settlers')
    cd /Users/alex/.codex/worktrees/naval-exploration/Settlers
    

SwiftCompile normal arm64 /Users/alex/.codex/worktrees/naval-exploration/Settlers/Settlers/Testing/GameViewModel+QADevCards.swift (in target 'Settlers' from project 'Settlers')
    cd /Users/alex/.codex/worktrees/naval-exploration/Settlers
    

SwiftCompile normal arm64 /Users/alex/.codex/worktrees/naval-exploration/Settlers/Settlers/Testing/GameViewModel+QADiscard.swift (in target 'Settlers' from project 'Settlers')
    cd /Users/alex/.codex/worktrees/naval-exploration/Settlers
    

SwiftCompile normal arm64 /Users/alex/.codex/worktrees/naval-exploration/Settlers/Settlers/Testing/GameViewModel+QAFeedback.swift (in target 'Settlers' from project 'Settlers')
    cd /Users/alex/.codex/worktrees/naval-exploration/Settlers
    

SwiftCompile normal arm64 /Users/alex/.codex/worktrees/naval-exploration/Settlers/Settlers/Testing/GameViewModel+QANaval.swift (in target 'Settlers' from project 'Settlers')
    cd /Users/alex/.codex/worktrees/naval-exploration/Settlers
    

SwiftCompile normal arm64 /Users/alex/.codex/worktrees/naval-exploration/Settlers/Settlers/Testing/GameViewModel+QAProduction.swift (in target 'Settlers' from project 'Settlers')
    cd /Users/alex/.codex/worktrees/naval-exploration/Settlers
    

SwiftCompile normal arm64 /Users/alex/.codex/worktrees/naval-exploration/Settlers/Settlers/Testing/GameViewModel+QATrade.swift (in target 'Settlers' from project 'Settlers')
    cd /Users/alex/.codex/worktrees/naval-exploration/Settlers
    

SwiftCompile normal arm64 Compiling\ MatchCheckpointMigration.swift,\ MatchCheckpointStore.swift,\ MatchPersistenceTransaction.swift,\ MatchSettingHelpView.swift,\ MatchSetup.swift,\ NavalAdvancedSettingsView.swift,\ NavalArtwork.swift /Users/alex/.codex/worktrees/naval-exploration/Settlers/Settlers/Persistence/MatchCheckpointMigration.swift /Users/alex/.codex/worktrees/naval-exploration/Settlers/Settlers/Persistence/MatchCheckpointStore.swift /Users/alex/.codex/worktrees/naval-exploration/Settlers/Settlers/ViewModels/MatchPersistenceTransaction.swift /Users/alex/.codex/worktrees/naval-exploration/Settlers/Settlers/Views/MatchSettingHelpView.swift /Users/alex/.codex/worktrees/naval-exploration/Settlers/Settlers/Persistence/MatchSetup.swift /Users/alex/.codex/worktrees/naval-exploration/Settlers/Settlers/Views/NavalAdvancedSettingsView.swift /Users/alex/.codex/worktrees/naval-exploration/Settlers/Settlers/Views/Board/NavalArtwork.swift (in target 'Settlers' from project 'Settlers')

SwiftCompile normal arm64 /Users/alex/.codex/worktrees/naval-exploration/Settlers/Settlers/Persistence/MatchCheckpointMigration.swift (in target 'Settlers' from project 'Settlers')
    cd /Users/alex/.codex/worktrees/naval-exploration/Settlers
    

SwiftCompile normal arm64 /Users/alex/.codex/worktrees/naval-exploration/Settlers/Settlers/Persistence/MatchCheckpointStore.swift (in target 'Settlers' from project 'Settlers')
    cd /Users/alex/.codex/worktrees/naval-exploration/Settlers
    

SwiftCompile normal arm64 /Users/alex/.codex/worktrees/naval-exploration/Settlers/Settlers/ViewModels/MatchPersistenceTransaction.swift (in target 'Settlers' from project 'Settlers')
    cd /Users/alex/.codex/worktrees/naval-exploration/Settlers
    

SwiftCompile normal arm64 /Users/alex/.codex/worktrees/naval-exploration/Settlers/Settlers/Views/MatchSettingHelpView.swift (in target 'Settlers' from project 'Settlers')
    cd /Users/alex/.codex/worktrees/naval-exploration/Settlers
    

SwiftCompile normal arm64 /Users/alex/.codex/worktrees/naval-exploration/Settlers/Settlers/Persistence/MatchSetup.swift (in target 'Settlers' from project 'Settlers')
    cd /Users/alex/.codex/worktrees/naval-exploration/Settlers
    

SwiftCompile normal arm64 /Users/alex/.codex/worktrees/naval-exploration/Settlers/Settlers/Views/NavalAdvancedSettingsView.swift (in target 'Settlers' from project 'Settlers')
    cd /Users/alex/.codex/worktrees/naval-exploration/Settlers
    

SwiftCompile normal arm64 /Users/alex/.codex/worktrees/naval-exploration/Settlers/Settlers/Views/Board/NavalArtwork.swift (in target 'Settlers' from project 'Settlers')
    cd /Users/alex/.codex/worktrees/naval-exploration/Settlers
    

SwiftCompile normal arm64 Compiling\ NewGameSetupView.swift,\ PlayerDirectory.swift,\ PlayerHUDView.swift,\ PlayerIdentity.swift,\ QAGameHistoryFixture.swift,\ QALaunchFlag.swift,\ RadarChartView.swift /Users/alex/.codex/worktrees/naval-exploration/Settlers/Settlers/Views/NewGameSetupView.swift /Users/alex/.codex/worktrees/naval-exploration/Settlers/Settlers/Persistence/PlayerDirectory.swift /Users/alex/.codex/worktrees/naval-exploration/Settlers/Settlers/Views/PlayerHUDView.swift /Users/alex/.codex/worktrees/naval-exploration/Settlers/Settlers/Theme/PlayerIdentity.swift /Users/alex/.codex/worktrees/naval-exploration/Settlers/Settlers/Testing/QAGameHistoryFixture.swift /Users/alex/.codex/worktrees/naval-exploration/Settlers/Settlers/QALaunchFlag.swift /Users/alex/.codex/worktrees/naval-exploration/Settlers/Settlers/Views/RadarChartView.swift (in target 'Settlers' from project 'Settlers')

SwiftCompile normal arm64 /Users/alex/.codex/worktrees/naval-exploration/Settlers/Settlers/Views/NewGameSetupView.swift (in target 'Settlers' from project 'Settlers')
    cd /Users/alex/.codex/worktrees/naval-exploration/Settlers
    

SwiftCompile normal arm64 /Users/alex/.codex/worktrees/naval-exploration/Settlers/Settlers/Persistence/PlayerDirectory.swift (in target 'Settlers' from project 'Settlers')
    cd /Users/alex/.codex/worktrees/naval-exploration/Settlers
    

SwiftCompile normal arm64 /Users/alex/.codex/worktrees/naval-exploration/Settlers/Settlers/Views/PlayerHUDView.swift (in target 'Settlers' from project 'Settlers')
    cd /Users/alex/.codex/worktrees/naval-exploration/Settlers
    

SwiftCompile normal arm64 /Users/alex/.codex/worktrees/naval-exploration/Settlers/Settlers/Theme/PlayerIdentity.swift (in target 'Settlers' from project 'Settlers')
    cd /Users/alex/.codex/worktrees/naval-exploration/Settlers
    

SwiftCompile normal arm64 /Users/alex/.codex/worktrees/naval-exploration/Settlers/Settlers/Testing/QAGameHistoryFixture.swift (in target 'Settlers' from project 'Settlers')
    cd /Users/alex/.codex/worktrees/naval-exploration/Settlers
    

SwiftCompile normal arm64 /Users/alex/.codex/worktrees/naval-exploration/Settlers/Settlers/QALaunchFlag.swift (in target 'Settlers' from project 'Settlers')
    cd /Users/alex/.codex/worktrees/naval-exploration/Settlers
    

SwiftCompile normal arm64 /Users/alex/.codex/worktrees/naval-exploration/Settlers/Settlers/Views/RadarChartView.swift (in target 'Settlers' from project 'Settlers')
    cd /Users/alex/.codex/worktrees/naval-exploration/Settlers
    

SwiftCompile normal arm64 Compiling\ GameViewModel+Checkpoints.swift,\ GameViewModel+Conquest.swift,\ GameViewModel+GameOver.swift,\ GameViewModel+Ghosts.swift,\ GameViewModel+HumanTradeOffers.swift,\ GameViewModel+OpponentProfiles.swift,\ GameViewModel+Policies.swift,\ GameViewModel+QABoardDecision.swift /Users/alex/.codex/worktrees/naval-exploration/Settlers/Settlers/ViewModels/GameViewModel+Checkpoints.swift /Users/alex/.codex/worktrees/naval-exploration/Settlers/Settlers/ViewModels/GameViewModel+Conquest.swift /Users/alex/.codex/worktrees/naval-exploration/Settlers/Settlers/ViewModels/GameViewModel+GameOver.swift /Users/alex/.codex/worktrees/naval-exploration/Settlers/Settlers/ViewModels/GameViewModel+Ghosts.swift /Users/alex/.codex/worktrees/naval-exploration/Settlers/Settlers/ViewModels/GameViewModel+HumanTradeOffers.swift /Users/alex/.codex/worktrees/naval-exploration/Settlers/Settlers/ViewModels/GameViewModel+OpponentProfiles.swift /Users/alex/.codex/worktrees/naval-exploration/Settlers/Settlers/ViewModels/GameViewModel+Policies.swift /Users/alex/.codex/worktrees/naval-exploration/Settlers/Settlers/Testing/GameViewModel+QABoardDecision.swift (in target 'Settlers' from project 'Settlers')

SwiftCompile normal arm64 /Users/alex/.codex/worktrees/naval-exploration/Settlers/Settlers/ViewModels/GameViewModel+Checkpoints.swift (in target 'Settlers' from project 'Settlers')
    cd /Users/alex/.codex/worktrees/naval-exploration/Settlers
    

SwiftCompile normal arm64 /Users/alex/.codex/worktrees/naval-exploration/Settlers/Settlers/ViewModels/GameViewModel+Conquest.swift (in target 'Settlers' from project 'Settlers')
    cd /Users/alex/.codex/worktrees/naval-exploration/Settlers
    

SwiftCompile normal arm64 /Users/alex/.codex/worktrees/naval-exploration/Settlers/Settlers/ViewModels/GameViewModel+GameOver.swift (in target 'Settlers' from project 'Settlers')
    cd /Users/alex/.codex/worktrees/naval-exploration/Settlers
    

SwiftCompile normal arm64 /Users/alex/.codex/worktrees/naval-exploration/Settlers/Settlers/ViewModels/GameViewModel+Ghosts.swift (in target 'Settlers' from project 'Settlers')
    cd /Users/alex/.codex/worktrees/naval-exploration/Settlers
    

SwiftCompile normal arm64 /Users/alex/.codex/worktrees/naval-exploration/Settlers/Settlers/ViewModels/GameViewModel+HumanTradeOffers.swift (in target 'Settlers' from project 'Settlers')
    cd /Users/alex/.codex/worktrees/naval-exploration/Settlers
    

SwiftCompile normal arm64 /Users/alex/.codex/worktrees/naval-exploration/Settlers/Settlers/ViewModels/GameViewModel+OpponentProfiles.swift (in target 'Settlers' from project 'Settlers')
    cd /Users/alex/.codex/worktrees/naval-exploration/Settlers
    

SwiftCompile normal arm64 /Users/alex/.codex/worktrees/naval-exploration/Settlers/Settlers/ViewModels/GameViewModel+Policies.swift (in target 'Settlers' from project 'Settlers')
    cd /Users/alex/.codex/worktrees/naval-exploration/Settlers
    

SwiftCompile normal arm64 /Users/alex/.codex/worktrees/naval-exploration/Settlers/Settlers/Testing/GameViewModel+QABoardDecision.swift (in target 'Settlers' from project 'Settlers')
    cd /Users/alex/.codex/worktrees/naval-exploration/Settlers
    

SwiftCompile normal arm64 Compiling\ BuildPopupView.swift,\ CatanTheme.swift,\ CheckpointProcessProbe.swift,\ Civilization.swift,\ CivilizationAssignmentStore.swift,\ CivilizationPickerPopup.swift,\ CivilizationSettingsStore.swift,\ CloudBackend.swift /Users/alex/.codex/worktrees/naval-exploration/Settlers/Settlers/Views/BuildPopupView.swift /Users/alex/.codex/worktrees/naval-exploration/Settlers/Settlers/Theme/CatanTheme.swift /Users/alex/.codex/worktrees/naval-exploration/Settlers/Settlers/Testing/CheckpointProcessProbe.swift /Users/alex/.codex/worktrees/naval-exploration/Settlers/Settlers/Theme/Civilization.swift /Users/alex/.codex/worktrees/naval-exploration/Settlers/Settlers/Persistence/CivilizationAssignmentStore.swift /Users/alex/.codex/worktrees/naval-exploration/Settlers/Settlers/Views/CivilizationPickerPopup.swift /Users/alex/.codex/worktrees/naval-exploration/Settlers/Settlers/Persistence/CivilizationSettingsStore.swift /Users/alex/.codex/worktrees/naval-exploration/Settlers/Settlers/Sync/CloudBackend.swift (in target 'Settlers' from project 'Settlers')

SwiftCompile normal arm64 /Users/alex/.codex/worktrees/naval-exploration/Settlers/Settlers/Views/BuildPopupView.swift (in target 'Settlers' from project 'Settlers')
    cd /Users/alex/.codex/worktrees/naval-exploration/Settlers
    

SwiftCompile normal arm64 /Users/alex/.codex/worktrees/naval-exploration/Settlers/Settlers/Theme/CatanTheme.swift (in target 'Settlers' from project 'Settlers')
    cd /Users/alex/.codex/worktrees/naval-exploration/Settlers
    

SwiftCompile normal arm64 /Users/alex/.codex/worktrees/naval-exploration/Settlers/Settlers/Testing/CheckpointProcessProbe.swift (in target 'Settlers' from project 'Settlers')
    cd /Users/alex/.codex/worktrees/naval-exploration/Settlers
    

SwiftCompile normal arm64 /Users/alex/.codex/worktrees/naval-exploration/Settlers/Settlers/Theme/Civilization.swift (in target 'Settlers' from project 'Settlers')
    cd /Users/alex/.codex/worktrees/naval-exploration/Settlers
    

SwiftCompile normal arm64 /Users/alex/.codex/worktrees/naval-exploration/Settlers/Settlers/Persistence/CivilizationAssignmentStore.swift (in target 'Settlers' from project 'Settlers')
    cd /Users/alex/.codex/worktrees/naval-exploration/Settlers
    

SwiftCompile normal arm64 /Users/alex/.codex/worktrees/naval-exploration/Settlers/Settlers/Views/CivilizationPickerPopup.swift (in target 'Settlers' from project 'Settlers')
    cd /Users/alex/.codex/worktrees/naval-exploration/Settlers
    

SwiftCompile normal arm64 /Users/alex/.codex/worktrees/naval-exploration/Settlers/Settlers/Persistence/CivilizationSettingsStore.swift (in target 'Settlers' from project 'Settlers')
    cd /Users/alex/.codex/worktrees/naval-exploration/Settlers
    

SwiftCompile normal arm64 /Users/alex/.codex/worktrees/naval-exploration/Settlers/Settlers/Sync/CloudBackend.swift (in target 'Settlers' from project 'Settlers')
    cd /Users/alex/.codex/worktrees/naval-exploration/Settlers
    

SwiftCompile normal arm64 Compiling\ RatedEntityDetailView.swift,\ RatingStore.swift,\ ReplayExportModel.swift,\ ReplayExportPresentation.swift,\ ReplayExportSequence.swift,\ ReplayExportSheet.swift,\ ReplayMovieWriter.swift /Users/alex/.codex/worktrees/naval-exploration/Settlers/Settlers/Views/RatedEntityDetailView.swift /Users/alex/.codex/worktrees/naval-exploration/Settlers/Settlers/Persistence/RatingStore.swift /Users/alex/.codex/worktrees/naval-exploration/Settlers/Settlers/ViewModels/ReplayExportModel.swift /Users/alex/.codex/worktrees/naval-exploration/Settlers/Settlers/Models/ReplayExportPresentation.swift /Users/alex/.codex/worktrees/naval-exploration/Settlers/Settlers/Models/ReplayExportSequence.swift /Users/alex/.codex/worktrees/naval-exploration/Settlers/Settlers/Views/ReplayExportSheet.swift /Users/alex/.codex/worktrees/naval-exploration/Settlers/Settlers/Services/ReplayMovieWriter.swift (in target 'Settlers' from project 'Settlers')

SwiftCompile normal arm64 /Users/alex/.codex/worktrees/naval-exploration/Settlers/Settlers/Views/RatedEntityDetailView.swift (in target 'Settlers' from project 'Settlers')
    cd /Users/alex/.codex/worktrees/naval-exploration/Settlers
    

SwiftCompile normal arm64 /Users/alex/.codex/worktrees/naval-exploration/Settlers/Settlers/Persistence/RatingStore.swift (in target 'Settlers' from project 'Settlers')
    cd /Users/alex/.codex/worktrees/naval-exploration/Settlers
    

SwiftCompile normal arm64 /Users/alex/.codex/worktrees/naval-exploration/Settlers/Settlers/ViewModels/ReplayExportModel.swift (in target 'Settlers' from project 'Settlers')
    cd /Users/alex/.codex/worktrees/naval-exploration/Settlers
    

SwiftCompile normal arm64 /Users/alex/.codex/worktrees/naval-exploration/Settlers/Settlers/Models/ReplayExportPresentation.swift (in target 'Settlers' from project 'Settlers')
    cd /Users/alex/.codex/worktrees/naval-exploration/Settlers
    

SwiftCompile normal arm64 /Users/alex/.codex/worktrees/naval-exploration/Settlers/Settlers/Models/ReplayExportSequence.swift (in target 'Settlers' from project 'Settlers')
    cd /Users/alex/.codex/worktrees/naval-exploration/Settlers
    

SwiftCompile normal arm64 /Users/alex/.codex/worktrees/naval-exploration/Settlers/Settlers/Views/ReplayExportSheet.swift (in target 'Settlers' from project 'Settlers')
    cd /Users/alex/.codex/worktrees/naval-exploration/Settlers
    

SwiftCompile normal arm64 /Users/alex/.codex/worktrees/naval-exploration/Settlers/Settlers/Services/ReplayMovieWriter.swift (in target 'Settlers' from project 'Settlers')
    cd /Users/alex/.codex/worktrees/naval-exploration/Settlers
    

SwiftEmitModule normal arm64 Emitting\ module\ for\ Settlers (in target 'Settlers' from project 'Settlers')

EmitSwiftModule normal arm64 (in target 'Settlers' from project 'Settlers')
    cd /Users/alex/.codex/worktrees/naval-exploration/Settlers
    

SwiftCompile normal arm64 Compiling\ TradePresentationState.swift,\ TradeReceiptView.swift,\ TradeResourceRow.swift,\ TradeTermsView.swift,\ UITestBootstrap.swift,\ UniformActionButton.swift,\ VictoryPointBreakdown.swift /Users/alex/.codex/worktrees/naval-exploration/Settlers/Settlers/ViewModels/TradePresentationState.swift /Users/alex/.codex/worktrees/naval-exploration/Settlers/Settlers/Views/TradeReceiptView.swift /Users/alex/.codex/worktrees/naval-exploration/Settlers/Settlers/Views/TradeResourceRow.swift /Users/alex/.codex/worktrees/naval-exploration/Settlers/Settlers/Views/TradeTermsView.swift /Users/alex/.codex/worktrees/naval-exploration/Settlers/Settlers/Testing/UITestBootstrap.swift /Users/alex/.codex/worktrees/naval-exploration/Settlers/Settlers/Views/UniformActionButton.swift /Users/alex/.codex/worktrees/naval-exploration/Settlers/Settlers/Models/VictoryPointBreakdown.swift (in target 'Settlers' from project 'Settlers')

SwiftCompile normal arm64 /Users/alex/.codex/worktrees/naval-exploration/Settlers/Settlers/ViewModels/TradePresentationState.swift (in target 'Settlers' from project 'Settlers')
    cd /Users/alex/.codex/worktrees/naval-exploration/Settlers
    

SwiftCompile normal arm64 /Users/alex/.codex/worktrees/naval-exploration/Settlers/Settlers/Views/TradeReceiptView.swift (in target 'Settlers' from project 'Settlers')
    cd /Users/alex/.codex/worktrees/naval-exploration/Settlers
    

SwiftCompile normal arm64 /Users/alex/.codex/worktrees/naval-exploration/Settlers/Settlers/Views/TradeResourceRow.swift (in target 'Settlers' from project 'Settlers')
    cd /Users/alex/.codex/worktrees/naval-exploration/Settlers
    

SwiftCompile normal arm64 /Users/alex/.codex/worktrees/naval-exploration/Settlers/Settlers/Views/TradeTermsView.swift (in target 'Settlers' from project 'Settlers')
    cd /Users/alex/.codex/worktrees/naval-exploration/Settlers
    

SwiftCompile normal arm64 /Users/alex/.codex/worktrees/naval-exploration/Settlers/Settlers/Testing/UITestBootstrap.swift (in target 'Settlers' from project 'Settlers')
    cd /Users/alex/.codex/worktrees/naval-exploration/Settlers
    

SwiftCompile normal arm64 /Users/alex/.codex/worktrees/naval-exploration/Settlers/Settlers/Views/UniformActionButton.swift (in target 'Settlers' from project 'Settlers')
    cd /Users/alex/.codex/worktrees/naval-exploration/Settlers
    

SwiftCompile normal arm64 /Users/alex/.codex/worktrees/naval-exploration/Settlers/Settlers/Models/VictoryPointBreakdown.swift (in target 'Settlers' from project 'Settlers')
    cd /Users/alex/.codex/worktrees/naval-exploration/Settlers
    

SwiftCompile normal arm64 Compiling\ GameViewModel+QAVast.swift,\ GameViewModel+Recovery.swift,\ GameViewModel.swift,\ GameplayFeedback.swift,\ GameplayFeedbackView.swift,\ GhostPickerPopup.swift,\ GhostStore.swift,\ GhostTrainer.swift /Users/alex/.codex/worktrees/naval-exploration/Settlers/Settlers/Testing/GameViewModel+QAVast.swift /Users/alex/.codex/worktrees/naval-exploration/Settlers/Settlers/ViewModels/GameViewModel+Recovery.swift /Users/alex/.codex/worktrees/naval-exploration/Settlers/Settlers/ViewModels/GameViewModel.swift /Users/alex/.codex/worktrees/naval-exploration/Settlers/Settlers/Models/GameplayFeedback.swift /Users/alex/.codex/worktrees/naval-exploration/Settlers/Settlers/Views/GameplayFeedbackView.swift /Users/alex/.codex/worktrees/naval-exploration/Settlers/Settlers/Views/GhostPickerPopup.swift /Users/alex/.codex/worktrees/naval-exploration/Settlers/Settlers/Persistence/GhostStore.swift /Users/alex/.codex/worktrees/naval-exploration/Settlers/Settlers/ViewModels/GhostTrainer.swift (in target 'Settlers' from project 'Settlers')

SwiftCompile normal arm64 /Users/alex/.codex/worktrees/naval-exploration/Settlers/Settlers/Testing/GameViewModel+QAVast.swift (in target 'Settlers' from project 'Settlers')
    cd /Users/alex/.codex/worktrees/naval-exploration/Settlers
    

SwiftCompile normal arm64 /Users/alex/.codex/worktrees/naval-exploration/Settlers/Settlers/ViewModels/GameViewModel+Recovery.swift (in target 'Settlers' from project 'Settlers')
    cd /Users/alex/.codex/worktrees/naval-exploration/Settlers
    

SwiftCompile normal arm64 /Users/alex/.codex/worktrees/naval-exploration/Settlers/Settlers/ViewModels/GameViewModel.swift (in target 'Settlers' from project 'Settlers')
    cd /Users/alex/.codex/worktrees/naval-exploration/Settlers
    

SwiftCompile normal arm64 /Users/alex/.codex/worktrees/naval-exploration/Settlers/Settlers/Models/GameplayFeedback.swift (in target 'Settlers' from project 'Settlers')
    cd /Users/alex/.codex/worktrees/naval-exploration/Settlers
    

SwiftCompile normal arm64 /Users/alex/.codex/worktrees/naval-exploration/Settlers/Settlers/Views/GameplayFeedbackView.swift (in target 'Settlers' from project 'Settlers')
    cd /Users/alex/.codex/worktrees/naval-exploration/Settlers
    

SwiftCompile normal arm64 /Users/alex/.codex/worktrees/naval-exploration/Settlers/Settlers/Views/GhostPickerPopup.swift (in target 'Settlers' from project 'Settlers')
    cd /Users/alex/.codex/worktrees/naval-exploration/Settlers
    

SwiftCompile normal arm64 /Users/alex/.codex/worktrees/naval-exploration/Settlers/Settlers/Persistence/GhostStore.swift (in target 'Settlers' from project 'Settlers')
    cd /Users/alex/.codex/worktrees/naval-exploration/Settlers
    

SwiftCompile normal arm64 /Users/alex/.codex/worktrees/naval-exploration/Settlers/Settlers/ViewModels/GhostTrainer.swift (in target 'Settlers' from project 'Settlers')
    cd /Users/alex/.codex/worktrees/naval-exploration/Settlers
    

SwiftCompile normal arm64 Compiling\ DevelopmentCardPresentationState.swift,\ DiscardPopupView.swift,\ DiscardPresentationState.swift,\ EndGameView.swift,\ GameActionPanels.swift,\ GameHistoryView.swift,\ GameLogStore.swift,\ GameReplayNarrator.swift /Users/alex/.codex/worktrees/naval-exploration/Settlers/Settlers/ViewModels/DevelopmentCardPresentationState.swift /Users/alex/.codex/worktrees/naval-exploration/Settlers/Settlers/Views/DiscardPopupView.swift /Users/alex/.codex/worktrees/naval-exploration/Settlers/Settlers/ViewModels/DiscardPresentationState.swift /Users/alex/.codex/worktrees/naval-exploration/Settlers/Settlers/Views/EndGameView.swift /Users/alex/.codex/worktrees/naval-exploration/Settlers/Settlers/Views/GameActionPanels.swift /Users/alex/.codex/worktrees/naval-exploration/Settlers/Settlers/Views/GameHistoryView.swift /Users/alex/.codex/worktrees/naval-exploration/Settlers/Settlers/Persistence/GameLogStore.swift /Users/alex/.codex/worktrees/naval-exploration/Settlers/Settlers/Models/GameReplayNarrator.swift (in target 'Settlers' from project 'Settlers')

SwiftCompile normal arm64 /Users/alex/.codex/worktrees/naval-exploration/Settlers/Settlers/ViewModels/DevelopmentCardPresentationState.swift (in target 'Settlers' from project 'Settlers')
    cd /Users/alex/.codex/worktrees/naval-exploration/Settlers
    

SwiftCompile normal arm64 /Users/alex/.codex/worktrees/naval-exploration/Settlers/Settlers/Views/DiscardPopupView.swift (in target 'Settlers' from project 'Settlers')
    cd /Users/alex/.codex/worktrees/naval-exploration/Settlers
    

SwiftCompile normal arm64 /Users/alex/.codex/worktrees/naval-exploration/Settlers/Settlers/ViewModels/DiscardPresentationState.swift (in target 'Settlers' from project 'Settlers')
    cd /Users/alex/.codex/worktrees/naval-exploration/Settlers
    

SwiftCompile normal arm64 /Users/alex/.codex/worktrees/naval-exploration/Settlers/Settlers/Views/EndGameView.swift (in target 'Settlers' from project 'Settlers')
    cd /Users/alex/.codex/worktrees/naval-exploration/Settlers
    

SwiftCompile normal arm64 /Users/alex/.codex/worktrees/naval-exploration/Settlers/Settlers/Views/GameActionPanels.swift (in target 'Settlers' from project 'Settlers')
    cd /Users/alex/.codex/worktrees/naval-exploration/Settlers
    

SwiftCompile normal arm64 /Users/alex/.codex/worktrees/naval-exploration/Settlers/Settlers/Views/GameHistoryView.swift (in target 'Settlers' from project 'Settlers')
    cd /Users/alex/.codex/worktrees/naval-exploration/Settlers
    

SwiftCompile normal arm64 /Users/alex/.codex/worktrees/naval-exploration/Settlers/Settlers/Persistence/GameLogStore.swift (in target 'Settlers' from project 'Settlers')
    cd /Users/alex/.codex/worktrees/naval-exploration/Settlers
    

SwiftCompile normal arm64 /Users/alex/.codex/worktrees/naval-exploration/Settlers/Settlers/Models/GameReplayNarrator.swift (in target 'Settlers' from project 'Settlers')
    cd /Users/alex/.codex/worktrees/naval-exploration/Settlers
    

SwiftCompile normal arm64 Compiling\ NavalBoardInteractions.swift,\ NavalMistDrawing.swift,\ NavalQAFixture.swift,\ NavalResourceChoiceView.swift,\ NavalSeaDrawing.swift,\ NavalSetupOptionsView.swift,\ NavalVisualNoise.swift /Users/alex/.codex/worktrees/naval-exploration/Settlers/Settlers/Views/Board/NavalBoardInteractions.swift /Users/alex/.codex/worktrees/naval-exploration/Settlers/Settlers/Views/Board/NavalMistDrawing.swift /Users/alex/.codex/worktrees/naval-exploration/Settlers/Settlers/Testing/NavalQAFixture.swift /Users/alex/.codex/worktrees/naval-exploration/Settlers/Settlers/Views/NavalResourceChoiceView.swift /Users/alex/.codex/worktrees/naval-exploration/Settlers/Settlers/Views/Board/NavalSeaDrawing.swift /Users/alex/.codex/worktrees/naval-exploration/Settlers/Settlers/Views/NavalSetupOptionsView.swift /Users/alex/.codex/worktrees/naval-exploration/Settlers/Settlers/Views/Board/NavalVisualNoise.swift (in target 'Settlers' from project 'Settlers')

SwiftCompile normal arm64 /Users/alex/.codex/worktrees/naval-exploration/Settlers/Settlers/Views/Board/NavalBoardInteractions.swift (in target 'Settlers' from project 'Settlers')
    cd /Users/alex/.codex/worktrees/naval-exploration/Settlers
    

SwiftCompile normal arm64 /Users/alex/.codex/worktrees/naval-exploration/Settlers/Settlers/Views/Board/NavalMistDrawing.swift (in target 'Settlers' from project 'Settlers')
    cd /Users/alex/.codex/worktrees/naval-exploration/Settlers
    

SwiftCompile normal arm64 /Users/alex/.codex/worktrees/naval-exploration/Settlers/Settlers/Testing/NavalQAFixture.swift (in target 'Settlers' from project 'Settlers')
    cd /Users/alex/.codex/worktrees/naval-exploration/Settlers
    

SwiftCompile normal arm64 /Users/alex/.codex/worktrees/naval-exploration/Settlers/Settlers/Views/NavalResourceChoiceView.swift (in target 'Settlers' from project 'Settlers')
    cd /Users/alex/.codex/worktrees/naval-exploration/Settlers
    

SwiftCompile normal arm64 /Users/alex/.codex/worktrees/naval-exploration/Settlers/Settlers/Views/Board/NavalSeaDrawing.swift (in target 'Settlers' from project 'Settlers')
    cd /Users/alex/.codex/worktrees/naval-exploration/Settlers
    

SwiftCompile normal arm64 /Users/alex/.codex/worktrees/naval-exploration/Settlers/Settlers/Views/NavalSetupOptionsView.swift (in target 'Settlers' from project 'Settlers')
    cd /Users/alex/.codex/worktrees/naval-exploration/Settlers
    

SwiftCompile normal arm64 /Users/alex/.codex/worktrees/naval-exploration/Settlers/Settlers/Views/Board/NavalVisualNoise.swift (in target 'Settlers' from project 'Settlers')
    cd /Users/alex/.codex/worktrees/naval-exploration/Settlers
    

SwiftCompile normal arm64 Compiling\ GameReplayTimeline.swift,\ GameReplayView.swift,\ GameStore.swift,\ GameView+QA.swift,\ GameView.swift,\ GameViewModel+BoardDecision.swift,\ GameViewModel+BotPacing.swift,\ GameViewModel+BotTurns.swift /Users/alex/.codex/worktrees/naval-exploration/Settlers/Settlers/Models/GameReplayTimeline.swift /Users/alex/.codex/worktrees/naval-exploration/Settlers/Settlers/Views/GameReplayView.swift /Users/alex/.codex/worktrees/naval-exploration/Settlers/Settlers/Persistence/GameStore.swift /Users/alex/.codex/worktrees/naval-exploration/Settlers/Settlers/Testing/GameView+QA.swift /Users/alex/.codex/worktrees/naval-exploration/Settlers/Settlers/Views/GameView.swift /Users/alex/.codex/worktrees/naval-exploration/Settlers/Settlers/ViewModels/GameViewModel+BoardDecision.swift /Users/alex/.codex/worktrees/naval-exploration/Settlers/Settlers/ViewModels/GameViewModel+BotPacing.swift /Users/alex/.codex/worktrees/naval-exploration/Settlers/Settlers/ViewModels/GameViewModel+BotTurns.swift (in target 'Settlers' from project 'Settlers')

SwiftCompile normal arm64 /Users/alex/.codex/worktrees/naval-exploration/Settlers/Settlers/Models/GameReplayTimeline.swift (in target 'Settlers' from project 'Settlers')
    cd /Users/alex/.codex/worktrees/naval-exploration/Settlers
    

SwiftCompile normal arm64 /Users/alex/.codex/worktrees/naval-exploration/Settlers/Settlers/Views/GameReplayView.swift (in target 'Settlers' from project 'Settlers')
    cd /Users/alex/.codex/worktrees/naval-exploration/Settlers
    

SwiftCompile normal arm64 /Users/alex/.codex/worktrees/naval-exploration/Settlers/Settlers/Persistence/GameStore.swift (in target 'Settlers' from project 'Settlers')
    cd /Users/alex/.codex/worktrees/naval-exploration/Settlers
    

SwiftCompile normal arm64 /Users/alex/.codex/worktrees/naval-exploration/Settlers/Settlers/Testing/GameView+QA.swift (in target 'Settlers' from project 'Settlers')
    cd /Users/alex/.codex/worktrees/naval-exploration/Settlers
    

SwiftCompile normal arm64 /Users/alex/.codex/worktrees/naval-exploration/Settlers/Settlers/Views/GameView.swift (in target 'Settlers' from project 'Settlers')
    cd /Users/alex/.codex/worktrees/naval-exploration/Settlers
    

SwiftCompile normal arm64 /Users/alex/.codex/worktrees/naval-exploration/Settlers/Settlers/ViewModels/GameViewModel+BoardDecision.swift (in target 'Settlers' from project 'Settlers')
    cd /Users/alex/.codex/worktrees/naval-exploration/Settlers
    

SwiftCompile normal arm64 /Users/alex/.codex/worktrees/naval-exploration/Settlers/Settlers/ViewModels/GameViewModel+BotPacing.swift (in target 'Settlers' from project 'Settlers')
    cd /Users/alex/.codex/worktrees/naval-exploration/Settlers
    

SwiftCompile normal arm64 /Users/alex/.codex/worktrees/naval-exploration/Settlers/Settlers/ViewModels/GameViewModel+BotTurns.swift (in target 'Settlers' from project 'Settlers')
    cd /Users/alex/.codex/worktrees/naval-exploration/Settlers
    

SwiftCompile normal arm64 Compiling\ GoldRowButton.swift,\ HexGeometry.swift,\ HowToPlayContent.swift,\ HowToPlayIllustration.swift,\ HowToPlayView.swift,\ HumanSeatStore.swift,\ HumanTradeOfferPolicy.swift /Users/alex/.codex/worktrees/naval-exploration/Settlers/Settlers/Views/GoldRowButton.swift /Users/alex/.codex/worktrees/naval-exploration/Settlers/Settlers/Views/Board/HexGeometry.swift /Users/alex/.codex/worktrees/naval-exploration/Settlers/Settlers/Views/HowToPlayContent.swift /Users/alex/.codex/worktrees/naval-exploration/Settlers/Settlers/Views/HowToPlayIllustration.swift /Users/alex/.codex/worktrees/naval-exploration/Settlers/Settlers/Views/HowToPlayView.swift /Users/alex/.codex/worktrees/naval-exploration/Settlers/Settlers/Persistence/HumanSeatStore.swift /Users/alex/.codex/worktrees/naval-exploration/Settlers/Settlers/Models/HumanTradeOfferPolicy.swift (in target 'Settlers' from project 'Settlers')

SwiftCompile normal arm64 /Users/alex/.codex/worktrees/naval-exploration/Settlers/Settlers/Views/GoldRowButton.swift (in target 'Settlers' from project 'Settlers')
    cd /Users/alex/.codex/worktrees/naval-exploration/Settlers
    

SwiftCompile normal arm64 /Users/alex/.codex/worktrees/naval-exploration/Settlers/Settlers/Views/Board/HexGeometry.swift (in target 'Settlers' from project 'Settlers')
    cd /Users/alex/.codex/worktrees/naval-exploration/Settlers
    

SwiftCompile normal arm64 /Users/alex/.codex/worktrees/naval-exploration/Settlers/Settlers/Views/HowToPlayContent.swift (in target 'Settlers' from project 'Settlers')
    cd /Users/alex/.codex/worktrees/naval-exploration/Settlers
    

SwiftCompile normal arm64 /Users/alex/.codex/worktrees/naval-exploration/Settlers/Settlers/Views/HowToPlayIllustration.swift (in target 'Settlers' from project 'Settlers')
    cd /Users/alex/.codex/worktrees/naval-exploration/Settlers
    

SwiftCompile normal arm64 /Users/alex/.codex/worktrees/naval-exploration/Settlers/Settlers/Views/HowToPlayView.swift (in target 'Settlers' from project 'Settlers')
    cd /Users/alex/.codex/worktrees/naval-exploration/Settlers
    

SwiftCompile normal arm64 /Users/alex/.codex/worktrees/naval-exploration/Settlers/Settlers/Persistence/HumanSeatStore.swift (in target 'Settlers' from project 'Settlers')
    cd /Users/alex/.codex/worktrees/naval-exploration/Settlers
    

SwiftCompile normal arm64 /Users/alex/.codex/worktrees/naval-exploration/Settlers/Settlers/Models/HumanTradeOfferPolicy.swift (in target 'Settlers' from project 'Settlers')
    cd /Users/alex/.codex/worktrees/naval-exploration/Settlers
    

SwiftCompile normal arm64 Compiling\ AccessibilityID.swift,\ ArmyHandViews.swift,\ ArmyPurchasePopupView.swift,\ BoardCamera.swift,\ BoardChips.swift,\ BoardDecisionBoardChrome.swift,\ BoardDecisionCoordinator.swift,\ BoardDecisionInteractionLayer.swift /Users/alex/.codex/worktrees/naval-exploration/Settlers/Settlers/Testing/AccessibilityID.swift /Users/alex/.codex/worktrees/naval-exploration/Settlers/Settlers/Views/ArmyHandViews.swift /Users/alex/.codex/worktrees/naval-exploration/Settlers/Settlers/Views/ArmyPurchasePopupView.swift /Users/alex/.codex/worktrees/naval-exploration/Settlers/Settlers/Views/Board/BoardCamera.swift /Users/alex/.codex/worktrees/naval-exploration/Settlers/Settlers/Views/BoardChips.swift /Users/alex/.codex/worktrees/naval-exploration/Settlers/Settlers/Views/Board/BoardDecisionBoardChrome.swift /Users/alex/.codex/worktrees/naval-exploration/Settlers/Settlers/ViewModels/BoardDecisionCoordinator.swift /Users/alex/.codex/worktrees/naval-exploration/Settlers/Settlers/Views/Board/BoardDecisionInteractionLayer.swift (in target 'Settlers' from project 'Settlers')

SwiftCompile normal arm64 /Users/alex/.codex/worktrees/naval-exploration/Settlers/Settlers/Testing/AccessibilityID.swift (in target 'Settlers' from project 'Settlers')
    cd /Users/alex/.codex/worktrees/naval-exploration/Settlers
    

SwiftCompile normal arm64 /Users/alex/.codex/worktrees/naval-exploration/Settlers/Settlers/Views/ArmyHandViews.swift (in target 'Settlers' from project 'Settlers')
    cd /Users/alex/.codex/worktrees/naval-exploration/Settlers
    

SwiftCompile normal arm64 /Users/alex/.codex/worktrees/naval-exploration/Settlers/Settlers/Views/ArmyPurchasePopupView.swift (in target 'Settlers' from project 'Settlers')
    cd /Users/alex/.codex/worktrees/naval-exploration/Settlers
    

SwiftCompile normal arm64 /Users/alex/.codex/worktrees/naval-exploration/Settlers/Settlers/Views/Board/BoardCamera.swift (in target 'Settlers' from project 'Settlers')
    cd /Users/alex/.codex/worktrees/naval-exploration/Settlers
    

SwiftCompile normal arm64 /Users/alex/.codex/worktrees/naval-exploration/Settlers/Settlers/Views/BoardChips.swift (in target 'Settlers' from project 'Settlers')
    cd /Users/alex/.codex/worktrees/naval-exploration/Settlers
    

SwiftCompile normal arm64 /Users/alex/.codex/worktrees/naval-exploration/Settlers/Settlers/Views/Board/BoardDecisionBoardChrome.swift (in target 'Settlers' from project 'Settlers')
    cd /Users/alex/.codex/worktrees/naval-exploration/Settlers
    

SwiftCompile normal arm64 /Users/alex/.codex/worktrees/naval-exploration/Settlers/Settlers/ViewModels/BoardDecisionCoordinator.swift (in target 'Settlers' from project 'Settlers')
    cd /Users/alex/.codex/worktrees/naval-exploration/Settlers
    

SwiftCompile normal arm64 /Users/alex/.codex/worktrees/naval-exploration/Settlers/Settlers/Views/Board/BoardDecisionInteractionLayer.swift (in target 'Settlers' from project 'Settlers')
    cd /Users/alex/.codex/worktrees/naval-exploration/Settlers
    

SwiftCompile normal arm64 Compiling\ BoardGestureRouter.swift,\ BoardInspectionSemantics.swift,\ BoardView.swift,\ BoardViewCamera.swift,\ BoardViewNaval.swift,\ BotDifficulty.swift,\ BotTurnProgress.swift,\ BotTurnStatusView.swift /Users/alex/.codex/worktrees/naval-exploration/Settlers/Settlers/Views/Board/BoardGestureRouter.swift /Users/alex/.codex/worktrees/naval-exploration/Settlers/Settlers/Views/Board/BoardInspectionSemantics.swift /Users/alex/.codex/worktrees/naval-exploration/Settlers/Settlers/Views/Board/BoardView.swift /Users/alex/.codex/worktrees/naval-exploration/Settlers/Settlers/Views/Board/BoardViewCamera.swift /Users/alex/.codex/worktrees/naval-exploration/Settlers/Settlers/Views/Board/BoardViewNaval.swift /Users/alex/.codex/worktrees/naval-exploration/Settlers/Settlers/Models/BotDifficulty.swift /Users/alex/.codex/worktrees/naval-exploration/Settlers/Settlers/Models/BotTurnProgress.swift /Users/alex/.codex/worktrees/naval-exploration/Settlers/Settlers/Views/BotTurnStatusView.swift (in target 'Settlers' from project 'Settlers')

SwiftCompile normal arm64 /Users/alex/.codex/worktrees/naval-exploration/Settlers/Settlers/Views/Board/BoardGestureRouter.swift (in target 'Settlers' from project 'Settlers')
    cd /Users/alex/.codex/worktrees/naval-exploration/Settlers
    

SwiftCompile normal arm64 /Users/alex/.codex/worktrees/naval-exploration/Settlers/Settlers/Views/Board/BoardInspectionSemantics.swift (in target 'Settlers' from project 'Settlers')
    cd /Users/alex/.codex/worktrees/naval-exploration/Settlers
    

SwiftCompile normal arm64 /Users/alex/.codex/worktrees/naval-exploration/Settlers/Settlers/Views/Board/BoardView.swift (in target 'Settlers' from project 'Settlers')
    cd /Users/alex/.codex/worktrees/naval-exploration/Settlers
    

SwiftCompile normal arm64 /Users/alex/.codex/worktrees/naval-exploration/Settlers/Settlers/Views/Board/BoardViewCamera.swift (in target 'Settlers' from project 'Settlers')
    cd /Users/alex/.codex/worktrees/naval-exploration/Settlers
    

SwiftCompile normal arm64 /Users/alex/.codex/worktrees/naval-exploration/Settlers/Settlers/Views/Board/BoardViewNaval.swift (in target 'Settlers' from project 'Settlers')
    cd /Users/alex/.codex/worktrees/naval-exploration/Settlers
    

SwiftCompile normal arm64 /Users/alex/.codex/worktrees/naval-exploration/Settlers/Settlers/Models/BotDifficulty.swift (in target 'Settlers' from project 'Settlers')
    cd /Users/alex/.codex/worktrees/naval-exploration/Settlers
    

SwiftCompile normal arm64 /Users/alex/.codex/worktrees/naval-exploration/Settlers/Settlers/Models/BotTurnProgress.swift (in target 'Settlers' from project 'Settlers')
    cd /Users/alex/.codex/worktrees/naval-exploration/Settlers
    

SwiftCompile normal arm64 /Users/alex/.codex/worktrees/naval-exploration/Settlers/Settlers/Views/BotTurnStatusView.swift (in target 'Settlers' from project 'Settlers')
    cd /Users/alex/.codex/worktrees/naval-exploration/Settlers
    

SwiftCompile normal arm64 Compiling\ ReplayVideoExporter.swift,\ ReplayVideoFrameView.swift,\ ResourceChip.swift,\ ResourceProductionFeedback.swift,\ ResourceProductionFeedbackView.swift,\ SeatCardView.swift,\ SeatNumberPickerPopup.swift /Users/alex/.codex/worktrees/naval-exploration/Settlers/Settlers/Services/ReplayVideoExporter.swift /Users/alex/.codex/worktrees/naval-exploration/Settlers/Settlers/Views/ReplayVideoFrameView.swift /Users/alex/.codex/worktrees/naval-exploration/Settlers/Settlers/Views/ResourceChip.swift /Users/alex/.codex/worktrees/naval-exploration/Settlers/Settlers/Models/ResourceProductionFeedback.swift /Users/alex/.codex/worktrees/naval-exploration/Settlers/Settlers/Views/ResourceProductionFeedbackView.swift /Users/alex/.codex/worktrees/naval-exploration/Settlers/Settlers/Views/SeatCardView.swift /Users/alex/.codex/worktrees/naval-exploration/Settlers/Settlers/Views/SeatNumberPickerPopup.swift (in target 'Settlers' from project 'Settlers')

SwiftCompile normal arm64 /Users/alex/.codex/worktrees/naval-exploration/Settlers/Settlers/Services/ReplayVideoExporter.swift (in target 'Settlers' from project 'Settlers')
    cd /Users/alex/.codex/worktrees/naval-exploration/Settlers
    

SwiftCompile normal arm64 /Users/alex/.codex/worktrees/naval-exploration/Settlers/Settlers/Views/ReplayVideoFrameView.swift (in target 'Settlers' from project 'Settlers')
    cd /Users/alex/.codex/worktrees/naval-exploration/Settlers
    

SwiftCompile normal arm64 /Users/alex/.codex/worktrees/naval-exploration/Settlers/Settlers/Views/ResourceChip.swift (in target 'Settlers' from project 'Settlers')
    cd /Users/alex/.codex/worktrees/naval-exploration/Settlers
    

SwiftCompile normal arm64 /Users/alex/.codex/worktrees/naval-exploration/Settlers/Settlers/Models/ResourceProductionFeedback.swift (in target 'Settlers' from project 'Settlers')
    cd /Users/alex/.codex/worktrees/naval-exploration/Settlers
    

SwiftCompile normal arm64 /Users/alex/.codex/worktrees/naval-exploration/Settlers/Settlers/Views/ResourceProductionFeedbackView.swift (in target 'Settlers' from project 'Settlers')
    cd /Users/alex/.codex/worktrees/naval-exploration/Settlers
    

SwiftCompile normal arm64 /Users/alex/.codex/worktrees/naval-exploration/Settlers/Settlers/Views/SeatCardView.swift (in target 'Settlers' from project 'Settlers')
    cd /Users/alex/.codex/worktrees/naval-exploration/Settlers
    

SwiftCompile normal arm64 /Users/alex/.codex/worktrees/naval-exploration/Settlers/Settlers/Views/SeatNumberPickerPopup.swift (in target 'Settlers' from project 'Settlers')
    cd /Users/alex/.codex/worktrees/naval-exploration/Settlers
    

SwiftCompile normal arm64 Compiling\ InGameSettingsView.swift,\ IncomingTradeCardView.swift,\ LadderNameEntry.swift,\ Leaderboard.swift,\ LeaderboardView.swift,\ LiveSync.swift,\ MainMenuView.swift /Users/alex/.codex/worktrees/naval-exploration/Settlers/Settlers/Views/InGameSettingsView.swift /Users/alex/.codex/worktrees/naval-exploration/Settlers/Settlers/Views/IncomingTradeCardView.swift /Users/alex/.codex/worktrees/naval-exploration/Settlers/Settlers/Views/LadderNameEntry.swift /Users/alex/.codex/worktrees/naval-exploration/Settlers/Settlers/Models/Leaderboard.swift /Users/alex/.codex/worktrees/naval-exploration/Settlers/Settlers/Views/LeaderboardView.swift /Users/alex/.codex/worktrees/naval-exploration/Settlers/Settlers/Sync/LiveSync.swift /Users/alex/.codex/worktrees/naval-exploration/Settlers/Settlers/Views/MainMenuView.swift (in target 'Settlers' from project 'Settlers')

SwiftCompile normal arm64 /Users/alex/.codex/worktrees/naval-exploration/Settlers/Settlers/Views/InGameSettingsView.swift (in target 'Settlers' from project 'Settlers')
    cd /Users/alex/.codex/worktrees/naval-exploration/Settlers
    

SwiftCompile normal arm64 /Users/alex/.codex/worktrees/naval-exploration/Settlers/Settlers/Views/IncomingTradeCardView.swift (in target 'Settlers' from project 'Settlers')
    cd /Users/alex/.codex/worktrees/naval-exploration/Settlers
    

SwiftCompile normal arm64 /Users/alex/.codex/worktrees/naval-exploration/Settlers/Settlers/Views/LadderNameEntry.swift (in target 'Settlers' from project 'Settlers')
    cd /Users/alex/.codex/worktrees/naval-exploration/Settlers
    

SwiftCompile normal arm64 /Users/alex/.codex/worktrees/naval-exploration/Settlers/Settlers/Models/Leaderboard.swift (in target 'Settlers' from project 'Settlers')
    cd /Users/alex/.codex/worktrees/naval-exploration/Settlers
    

SwiftCompile normal arm64 /Users/alex/.codex/worktrees/naval-exploration/Settlers/Settlers/Views/LeaderboardView.swift (in target 'Settlers' from project 'Settlers')
    cd /Users/alex/.codex/worktrees/naval-exploration/Settlers
    

SwiftCompile normal arm64 /Users/alex/.codex/worktrees/naval-exploration/Settlers/Settlers/Sync/LiveSync.swift (in target 'Settlers' from project 'Settlers')
    cd /Users/alex/.codex/worktrees/naval-exploration/Settlers
    

SwiftCompile normal arm64 /Users/alex/.codex/worktrees/naval-exploration/Settlers/Settlers/Views/MainMenuView.swift (in target 'Settlers' from project 'Settlers')
    cd /Users/alex/.codex/worktrees/naval-exploration/Settlers
    

SwiftDriverJobDiscovery normal arm64 Compiling NavalEconomy.swift, NavalLandControl.swift (in target 'CatanAI' from project 'CatanAI')

SwiftCompile normal arm64 Compiling\ SeatStatsStore.swift,\ SettingsChrome.swift,\ SettlersApp.swift,\ SharedMatch.swift,\ TileView.swift,\ TradeDraftFeedback.swift,\ TradePopupView.swift /Users/alex/.codex/worktrees/naval-exploration/Settlers/Settlers/Persistence/SeatStatsStore.swift /Users/alex/.codex/worktrees/naval-exploration/Settlers/Settlers/Views/SettingsChrome.swift /Users/alex/.codex/worktrees/naval-exploration/Settlers/Settlers/SettlersApp.swift /Users/alex/.codex/worktrees/naval-exploration/Settlers/Settlers/Sync/SharedMatch.swift /Users/alex/.codex/worktrees/naval-exploration/Settlers/Settlers/Views/Board/TileView.swift /Users/alex/.codex/worktrees/naval-exploration/Settlers/Settlers/Views/TradeDraftFeedback.swift /Users/alex/.codex/worktrees/naval-exploration/Settlers/Settlers/Views/TradePopupView.swift (in target 'Settlers' from project 'Settlers')

SwiftCompile normal arm64 /Users/alex/.codex/worktrees/naval-exploration/Settlers/Settlers/Persistence/SeatStatsStore.swift (in target 'Settlers' from project 'Settlers')
    cd /Users/alex/.codex/worktrees/naval-exploration/Settlers
    

SwiftCompile normal arm64 /Users/alex/.codex/worktrees/naval-exploration/Settlers/Settlers/Views/SettingsChrome.swift (in target 'Settlers' from project 'Settlers')
    cd /Users/alex/.codex/worktrees/naval-exploration/Settlers
    

SwiftCompile normal arm64 /Users/alex/.codex/worktrees/naval-exploration/Settlers/Settlers/SettlersApp.swift (in target 'Settlers' from project 'Settlers')
    cd /Users/alex/.codex/worktrees/naval-exploration/Settlers
    

SwiftCompile normal arm64 /Users/alex/.codex/worktrees/naval-exploration/Settlers/Settlers/Sync/SharedMatch.swift (in target 'Settlers' from project 'Settlers')
    cd /Users/alex/.codex/worktrees/naval-exploration/Settlers
    

SwiftCompile normal arm64 /Users/alex/.codex/worktrees/naval-exploration/Settlers/Settlers/Views/Board/TileView.swift (in target 'Settlers' from project 'Settlers')
    cd /Users/alex/.codex/worktrees/naval-exploration/Settlers
    

SwiftCompile normal arm64 /Users/alex/.codex/worktrees/naval-exploration/Settlers/Settlers/Views/TradeDraftFeedback.swift (in target 'Settlers' from project 'Settlers')
    cd /Users/alex/.codex/worktrees/naval-exploration/Settlers
    

SwiftCompile normal arm64 /Users/alex/.codex/worktrees/naval-exploration/Settlers/Settlers/Views/TradePopupView.swift (in target 'Settlers' from project 'Settlers')
    cd /Users/alex/.codex/worktrees/naval-exploration/Settlers
    

SwiftDriverJobDiscovery normal arm64 Compiling GameViewModel+QACompleteMatch.swift, GameViewModel+QAConquest.swift, GameViewModel+QADevCards.swift, GameViewModel+QADiscard.swift, GameViewModel+QAFeedback.swift, GameViewModel+QANaval.swift, GameViewModel+QAProduction.swift, GameViewModel+QATrade.swift (in target 'Settlers' from project 'Settlers')

SwiftDriver\ Compilation CatanAI normal arm64 com.apple.xcode.tools.swift.compiler (in target 'CatanAI' from project 'CatanAI')
    cd /Users/alex/.codex/worktrees/naval-exploration/Settlers/Settlers.xcodeproj
    builtin-Swift-Compilation -- /Applications/Xcode.app/Contents/Developer/Toolchains/XcodeDefault.xctoolchain/usr/bin/swiftc -module-name CatanAI -Onone @/Users/alex/Library/Developer/Xcode/DerivedData/Settlers-bqwdcayamsmaxsekctdqetlegmaf/Build/Intermediates.noindex/CatanAI.build/Debug-iphonesimulator/CatanAI.build/Objects-normal/arm64/CatanAI.SwiftFileList -DSWIFT_PACKAGE -DDEBUG -DSWIFT_MODULE_RESOURCE_BUNDLE_UNAVAILABLE -DXcode -plugin-path /Applications/Xcode.app/Contents/Developer/Toolchains/XcodeDefault.xctoolchain/usr/lib/swift/host/plugins/testing -enable-experimental-feature DebugDescriptionMacro -sdk /Applications/Xcode.app/Contents/Developer/Platforms/iPhoneSimulator.platform/Developer/SDKs/iPhoneSimulator26.5.sdk -target arm64-apple-ios17.0-simulator -g -module-cache-path /Users/alex/Library/Developer/Xcode/DerivedData/ModuleCache.noindex -Xfrontend -serialize-debugging-options -profile-coverage-mapping -profile-generate -enable-testing -index-store-path /Users/alex/Library/Developer/Xcode/DerivedData/Settlers-bqwdcayamsmaxsekctdqetlegmaf/Index.noindex/DataStore -Xcc -D_LIBCPP_HARDENING_MODE\=_LIBCPP_HARDENING_MODE_DEBUG -swift-version 6 -I /Users/alex/Library/Developer/Xcode/DerivedData/Settlers-bqwdcayamsmaxsekctdqetlegmaf/Build/Products/Debug-iphonesimulator -Isystem /Applications/Xcode.app/Contents/Developer/Platforms/iPhoneSimulator.platform/Developer/usr/lib -F /Users/alex/Library/Developer/Xcode/DerivedData/Settlers-bqwdcayamsmaxsekctdqetlegmaf/Build/Products/Debug-iphonesimulator/PackageFrameworks -F /Users/alex/Library/Developer/Xcode/DerivedData/Settlers-bqwdcayamsmaxsekctdqetlegmaf/Build/Products/Debug-iphonesimulator -F /Applications/Xcode.app/Contents/Developer/Platforms/iPhoneSimulator.platform/Developer/Library/Frameworks -F /Applications/Xcode.app/Contents/Developer/Platforms/iPhoneSimulator.platform/Developer/SDKs/iPhoneSimulator26.5.sdk/Developer/Library/Frameworks -c -j18 -enable-batch-mode -incremental -Xcc -ivfsstatcache -Xcc /Users/alex/Library/Developer/Xcode/DerivedData/SDKStatCaches.noindex/iphonesimulator26.5-23F73-6cfe768891a92b912361537c460fe42b.sdkstatcache -output-file-map /Users/alex/Library/Developer/Xcode/DerivedData/Settlers-bqwdcayamsmaxsekctdqetlegmaf/Build/Intermediates.noindex/CatanAI.build/Debug-iphonesimulator/CatanAI.build/Objects-normal/arm64/CatanAI-OutputFileMap.json -use-frontend-parseable-output -save-temps -no-color-diagnostics -explicit-module-build -module-cache-path /Users/alex/Library/Developer/Xcode/DerivedData/Settlers-bqwdcayamsmaxsekctdqetlegmaf/Build/Intermediates.noindex/SwiftExplicitPrecompiledModules -clang-scanner-module-cache-path /Users/alex/Library/Developer/Xcode/DerivedData/ModuleCache.noindex -sdk-module-cache-path /Users/alex/Library/Developer/Xcode/DerivedData/ModuleCache.noindex -serialize-diagnostics -emit-dependencies -emit-module -emit-module-path /Users/alex/Library/Developer/Xcode/DerivedData/Settlers-bqwdcayamsmaxsekctdqetlegmaf/Build/Intermediates.noindex/CatanAI.build/Debug-iphonesimulator/CatanAI.build/Objects-normal/arm64/CatanAI.swiftmodule -validate-clang-modules-once -clang-build-session-file /Users/alex/Library/Developer/Xcode/DerivedData/ModuleCache.noindex/Session.modulevalidation -package-name catanai -Xcc -I/Users/alex/Library/Developer/Xcode/DerivedData/Settlers-bqwdcayamsmaxsekctdqetlegmaf/Build/Intermediates.noindex/CatanAI.build/Debug-iphonesimulator/CatanAI.build/swift-overrides.hmap -emit-const-values -Xfrontend -const-gather-protocols-file -Xfrontend /Users/alex/Library/Developer/Xcode/DerivedData/Settlers-bqwdcayamsmaxsekctdqetlegmaf/Build/Intermediates.noindex/CatanAI.build/Debug-iphonesimulator/CatanAI.build/Objects-normal/arm64/CatanAI_const_extract_protocols.json -Xcc -I/Users/alex/Library/Developer/Xcode/DerivedData/Settlers-bqwdcayamsmaxsekctdqetlegmaf/Build/Products/Debug-iphonesimulator/include -Xcc -I/Users/alex/Library/Developer/Xcode/DerivedData/Settlers-bqwdcayamsmaxsekctdqetlegmaf/Build/Intermediates.noindex/CatanAI.build/Debug-iphonesimulator/CatanAI.build/DerivedSources-normal/arm64 -Xcc -I/Users/alex/Library/Developer/Xcode/DerivedData/Settlers-bqwdcayamsmaxsekctdqetlegmaf/Build/Intermediates.noindex/CatanAI.build/Debug-iphonesimulator/CatanAI.build/DerivedSources/arm64 -Xcc -I/Users/alex/Library/Developer/Xcode/DerivedData/Settlers-bqwdcayamsmaxsekctdqetlegmaf/Build/Intermediates.noindex/CatanAI.build/Debug-iphonesimulator/CatanAI.build/DerivedSources -Xcc -DSWIFT_PACKAGE -Xcc -DDEBUG\=1 -emit-objc-header -emit-objc-header-path /Users/alex/Library/Developer/Xcode/DerivedData/Settlers-bqwdcayamsmaxsekctdqetlegmaf/Build/Intermediates.noindex/CatanAI.build/Debug-iphonesimulator/CatanAI.build/Objects-normal/arm64/CatanAI-Swift.h -working-directory /Users/alex/.codex/worktrees/naval-exploration/Settlers/Settlers.xcodeproj -experimental-emit-module-separately -disable-cmo

SwiftDriverJobDiscovery normal arm64 Compiling TradePresentationState.swift, TradeReceiptView.swift, TradeResourceRow.swift, TradeTermsView.swift, UITestBootstrap.swift, UniformActionButton.swift, VictoryPointBreakdown.swift (in target 'Settlers' from project 'Settlers')

ProcessInfoPlistFile /Users/alex/Library/Developer/Xcode/DerivedData/Settlers-bqwdcayamsmaxsekctdqetlegmaf/Build/Products/Debug-iphonesimulator/Settlers.app/Info.plist /Users/alex/.codex/worktrees/naval-exploration/Settlers/Settlers/Info.plist (in target 'Settlers' from project 'Settlers')
    cd /Users/alex/.codex/worktrees/naval-exploration/Settlers
    builtin-infoPlistUtility /Users/alex/.codex/worktrees/naval-exploration/Settlers/Settlers/Info.plist -producttype com.apple.product-type.application -genpkginfo /Users/alex/Library/Developer/Xcode/DerivedData/Settlers-bqwdcayamsmaxsekctdqetlegmaf/Build/Products/Debug-iphonesimulator/Settlers.app/PkgInfo -expandbuildsettings -format binary -platform iphonesimulator -additionalcontentfile /Users/alex/Library/Developer/Xcode/DerivedData/Settlers-bqwdcayamsmaxsekctdqetlegmaf/Build/Intermediates.noindex/Settlers.build/Debug-iphonesimulator/Settlers.build/assetcatalog_generated_info.plist -o /Users/alex/Library/Developer/Xcode/DerivedData/Settlers-bqwdcayamsmaxsekctdqetlegmaf/Build/Products/Debug-iphonesimulator/Settlers.app/Info.plist

Copy /Users/alex/Library/Developer/Xcode/DerivedData/Settlers-bqwdcayamsmaxsekctdqetlegmaf/Build/Products/Debug-iphonesimulator/Settlers.app/Frameworks/libXCTestSwiftSupport.dylib /Applications/Xcode.app/Contents/Developer/Platforms/iPhoneSimulator.platform/Developer/usr/lib/libXCTestSwiftSupport.dylib (in target 'Settlers' from project 'Settlers')
    cd /Users/alex/.codex/worktrees/naval-exploration/Settlers
    builtin-copy -exclude .DS_Store -exclude CVS -exclude .svn -exclude .git -exclude .hg -exclude Headers -exclude PrivateHeaders -exclude Modules -exclude \*.tbd -resolve-src-symlinks /Applications/Xcode.app/Contents/Developer/Platforms/iPhoneSimulator.platform/Developer/usr/lib/libXCTestSwiftSupport.dylib /Users/alex/Library/Developer/Xcode/DerivedData/Settlers-bqwdcayamsmaxsekctdqetlegmaf/Build/Products/Debug-iphonesimulator/Settlers.app/Frameworks

Copy /Users/alex/Library/Developer/Xcode/DerivedData/Settlers-bqwdcayamsmaxsekctdqetlegmaf/Build/Products/Debug-iphonesimulator/Settlers.app/Frameworks/libXCTestBundleInject.dylib /Applications/Xcode.app/Contents/Developer/Platforms/iPhoneSimulator.platform/Developer/usr/lib/libXCTestBundleInject.dylib (in target 'Settlers' from project 'Settlers')
    cd /Users/alex/.codex/worktrees/naval-exploration/Settlers
    builtin-copy -exclude .DS_Store -exclude CVS -exclude .svn -exclude .git -exclude .hg -exclude Headers -exclude PrivateHeaders -exclude Modules -exclude \*.tbd -resolve-src-symlinks /Applications/Xcode.app/Contents/Developer/Platforms/iPhoneSimulator.platform/Developer/usr/lib/libXCTestBundleInject.dylib /Users/alex/Library/Developer/Xcode/DerivedData/Settlers-bqwdcayamsmaxsekctdqetlegmaf/Build/Products/Debug-iphonesimulator/Settlers.app/Frameworks

Copy /Users/alex/Library/Developer/Xcode/DerivedData/Settlers-bqwdcayamsmaxsekctdqetlegmaf/Build/Products/Debug-iphonesimulator/Settlers.app/Frameworks/XCUnit.framework /Applications/Xcode.app/Contents/Developer/Platforms/iPhoneSimulator.platform/Developer/Library/PrivateFrameworks/XCUnit.framework (in target 'Settlers' from project 'Settlers')
    cd /Users/alex/.codex/worktrees/naval-exploration/Settlers
    builtin-copy -exclude .DS_Store -exclude CVS -exclude .svn -exclude .git -exclude .hg -exclude Headers -exclude PrivateHeaders -exclude Modules -exclude \*.tbd -resolve-src-symlinks /Applications/Xcode.app/Contents/Developer/Platforms/iPhoneSimulator.platform/Developer/Library/PrivateFrameworks/XCUnit.framework /Users/alex/Library/Developer/Xcode/DerivedData/Settlers-bqwdcayamsmaxsekctdqetlegmaf/Build/Products/Debug-iphonesimulator/Settlers.app/Frameworks

Copy /Users/alex/Library/Developer/Xcode/DerivedData/Settlers-bqwdcayamsmaxsekctdqetlegmaf/Build/Products/Debug-iphonesimulator/Settlers.app/Frameworks/XCUIAutomation.framework /Applications/Xcode.app/Contents/Developer/Platforms/iPhoneSimulator.platform/Developer/Library/Frameworks/XCUIAutomation.framework (in target 'Settlers' from project 'Settlers')
    cd /Users/alex/.codex/worktrees/naval-exploration/Settlers
    builtin-copy -exclude .DS_Store -exclude CVS -exclude .svn -exclude .git -exclude .hg -exclude Headers -exclude PrivateHeaders -exclude Modules -exclude \*.tbd -resolve-src-symlinks /Applications/Xcode.app/Contents/Developer/Platforms/iPhoneSimulator.platform/Developer/Library/Frameworks/XCUIAutomation.framework /Users/alex/Library/Developer/Xcode/DerivedData/Settlers-bqwdcayamsmaxsekctdqetlegmaf/Build/Products/Debug-iphonesimulator/Settlers.app/Frameworks

Copy /Users/alex/Library/Developer/Xcode/DerivedData/Settlers-bqwdcayamsmaxsekctdqetlegmaf/Build/Products/Debug-iphonesimulator/Settlers.app/Frameworks/XCTestSupport.framework /Applications/Xcode.app/Contents/Developer/Platforms/iPhoneSimulator.platform/Developer/Library/PrivateFrameworks/XCTestSupport.framework (in target 'Settlers' from project 'Settlers')
    cd /Users/alex/.codex/worktrees/naval-exploration/Settlers
    builtin-copy -exclude .DS_Store -exclude CVS -exclude .svn -exclude .git -exclude .hg -exclude Headers -exclude PrivateHeaders -exclude Modules -exclude \*.tbd -resolve-src-symlinks /Applications/Xcode.app/Contents/Developer/Platforms/iPhoneSimulator.platform/Developer/Library/PrivateFrameworks/XCTestSupport.framework /Users/alex/Library/Developer/Xcode/DerivedData/Settlers-bqwdcayamsmaxsekctdqetlegmaf/Build/Products/Debug-iphonesimulator/Settlers.app/Frameworks

Copy /Users/alex/Library/Developer/Xcode/DerivedData/Settlers-bqwdcayamsmaxsekctdqetlegmaf/Build/Products/Debug-iphonesimulator/Settlers.app/Frameworks/XCTestCore.framework /Applications/Xcode.app/Contents/Developer/Platforms/iPhoneSimulator.platform/Developer/Library/PrivateFrameworks/XCTestCore.framework (in target 'Settlers' from project 'Settlers')
    cd /Users/alex/.codex/worktrees/naval-exploration/Settlers
    builtin-copy -exclude .DS_Store -exclude CVS -exclude .svn -exclude .git -exclude .hg -exclude Headers -exclude PrivateHeaders -exclude Modules -exclude \*.tbd -resolve-src-symlinks /Applications/Xcode.app/Contents/Developer/Platforms/iPhoneSimulator.platform/Developer/Library/PrivateFrameworks/XCTestCore.framework /Users/alex/Library/Developer/Xcode/DerivedData/Settlers-bqwdcayamsmaxsekctdqetlegmaf/Build/Products/Debug-iphonesimulator/Settlers.app/Frameworks

Copy /Users/alex/Library/Developer/Xcode/DerivedData/Settlers-bqwdcayamsmaxsekctdqetlegmaf/Build/Products/Debug-iphonesimulator/Settlers.app/Frameworks/XCTest.framework /Applications/Xcode.app/Contents/Developer/Platforms/iPhoneSimulator.platform/Developer/Library/Frameworks/XCTest.framework (in target 'Settlers' from project 'Settlers')
    cd /Users/alex/.codex/worktrees/naval-exploration/Settlers
    builtin-copy -exclude .DS_Store -exclude CVS -exclude .svn -exclude .git -exclude .hg -exclude Headers -exclude PrivateHeaders -exclude Modules -exclude \*.tbd -resolve-src-symlinks /Applications/Xcode.app/Contents/Developer/Platforms/iPhoneSimulator.platform/Developer/Library/Frameworks/XCTest.framework /Users/alex/Library/Developer/Xcode/DerivedData/Settlers-bqwdcayamsmaxsekctdqetlegmaf/Build/Products/Debug-iphonesimulator/Settlers.app/Frameworks

Copy /Users/alex/Library/Developer/Xcode/DerivedData/Settlers-bqwdcayamsmaxsekctdqetlegmaf/Build/Products/Debug-iphonesimulator/Settlers.app/Frameworks/XCTAutomationSupport.framework /Applications/Xcode.app/Contents/Developer/Platforms/iPhoneSimulator.platform/Developer/Library/PrivateFrameworks/XCTAutomationSupport.framework (in target 'Settlers' from project 'Settlers')
    cd /Users/alex/.codex/worktrees/naval-exploration/Settlers
    builtin-copy -exclude .DS_Store -exclude CVS -exclude .svn -exclude .git -exclude .hg -exclude Headers -exclude PrivateHeaders -exclude Modules -exclude \*.tbd -resolve-src-symlinks /Applications/Xcode.app/Contents/Developer/Platforms/iPhoneSimulator.platform/Developer/Library/PrivateFrameworks/XCTAutomationSupport.framework /Users/alex/Library/Developer/Xcode/DerivedData/Settlers-bqwdcayamsmaxsekctdqetlegmaf/Build/Products/Debug-iphonesimulator/Settlers.app/Frameworks

Copy /Users/alex/Library/Developer/Xcode/DerivedData/Settlers-bqwdcayamsmaxsekctdqetlegmaf/Build/Products/Debug-iphonesimulator/Settlers.app/Frameworks/Testing.framework /Applications/Xcode.app/Contents/Developer/Platforms/iPhoneSimulator.platform/Developer/Library/Frameworks/Testing.framework (in target 'Settlers' from project 'Settlers')
    cd /Users/alex/.codex/worktrees/naval-exploration/Settlers
    builtin-copy -exclude .DS_Store -exclude CVS -exclude .svn -exclude .git -exclude .hg -exclude Headers -exclude PrivateHeaders -exclude Modules -exclude \*.tbd -resolve-src-symlinks /Applications/Xcode.app/Contents/Developer/Platforms/iPhoneSimulator.platform/Developer/Library/Frameworks/Testing.framework /Users/alex/Library/Developer/Xcode/DerivedData/Settlers-bqwdcayamsmaxsekctdqetlegmaf/Build/Products/Debug-iphonesimulator/Settlers.app/Frameworks

SwiftDriverJobDiscovery normal arm64 Compiling GameViewModel+Checkpoints.swift, GameViewModel+Conquest.swift, GameViewModel+GameOver.swift, GameViewModel+Ghosts.swift, GameViewModel+HumanTradeOffers.swift, GameViewModel+OpponentProfiles.swift, GameViewModel+Policies.swift, GameViewModel+QABoardDecision.swift (in target 'Settlers' from project 'Settlers')

SwiftDriverJobDiscovery normal arm64 Compiling RatedEntityDetailView.swift, RatingStore.swift, ReplayExportModel.swift, ReplayExportPresentation.swift, ReplayExportSequence.swift, ReplayExportSheet.swift, ReplayMovieWriter.swift (in target 'Settlers' from project 'Settlers')

SwiftDriverJobDiscovery normal arm64 Compiling BuildPopupView.swift, CatanTheme.swift, CheckpointProcessProbe.swift, Civilization.swift, CivilizationAssignmentStore.swift, CivilizationPickerPopup.swift, CivilizationSettingsStore.swift, CloudBackend.swift (in target 'Settlers' from project 'Settlers')

SwiftDriverJobDiscovery normal arm64 Compiling GoldRowButton.swift, HexGeometry.swift, HowToPlayContent.swift, HowToPlayIllustration.swift, HowToPlayView.swift, HumanSeatStore.swift, HumanTradeOfferPolicy.swift (in target 'Settlers' from project 'Settlers')

SwiftDriverJobDiscovery normal arm64 Compiling ReplayVideoExporter.swift, ReplayVideoFrameView.swift, ResourceChip.swift, ResourceProductionFeedback.swift, ResourceProductionFeedbackView.swift, SeatCardView.swift, SeatNumberPickerPopup.swift (in target 'Settlers' from project 'Settlers')

SwiftDriverJobDiscovery normal arm64 Compiling GameViewModel+QAVast.swift, GameViewModel+Recovery.swift, GameViewModel.swift, GameplayFeedback.swift, GameplayFeedbackView.swift, GhostPickerPopup.swift, GhostStore.swift, GhostTrainer.swift (in target 'Settlers' from project 'Settlers')

SwiftDriverJobDiscovery normal arm64 Compiling AccessibilityID.swift, ArmyHandViews.swift, ArmyPurchasePopupView.swift, BoardCamera.swift, BoardChips.swift, BoardDecisionBoardChrome.swift, BoardDecisionCoordinator.swift, BoardDecisionInteractionLayer.swift (in target 'Settlers' from project 'Settlers')

SwiftDriverJobDiscovery normal arm64 Compiling NavalBoardInteractions.swift, NavalMistDrawing.swift, NavalQAFixture.swift, NavalResourceChoiceView.swift, NavalSeaDrawing.swift, NavalSetupOptionsView.swift, NavalVisualNoise.swift (in target 'Settlers' from project 'Settlers')

SwiftDriverJobDiscovery normal arm64 Compiling MatchCheckpointMigration.swift, MatchCheckpointStore.swift, MatchPersistenceTransaction.swift, MatchSettingHelpView.swift, MatchSetup.swift, NavalAdvancedSettingsView.swift, NavalArtwork.swift (in target 'Settlers' from project 'Settlers')

SwiftDriverJobDiscovery normal arm64 Compiling InGameSettingsView.swift, IncomingTradeCardView.swift, LadderNameEntry.swift, Leaderboard.swift, LeaderboardView.swift, LiveSync.swift, MainMenuView.swift (in target 'Settlers' from project 'Settlers')

SwiftDriverJobDiscovery normal arm64 Emitting module for Settlers (in target 'Settlers' from project 'Settlers')

SwiftDriver\ Compilation\ Requirements Settlers normal arm64 com.apple.xcode.tools.swift.compiler (in target 'Settlers' from project 'Settlers')
    cd /Users/alex/.codex/worktrees/naval-exploration/Settlers
    builtin-Swift-Compilation-Requirements -- /Applications/Xcode.app/Contents/Developer/Toolchains/XcodeDefault.xctoolchain/usr/bin/swiftc -module-name Settlers -Onone @/Users/alex/Library/Developer/Xcode/DerivedData/Settlers-bqwdcayamsmaxsekctdqetlegmaf/Build/Intermediates.noindex/Settlers.build/Debug-iphonesimulator/Settlers.build/Objects-normal/arm64/Settlers.SwiftFileList -DDEBUG -enable-experimental-feature DebugDescriptionMacro -sdk /Applications/Xcode.app/Contents/Developer/Platforms/iPhoneSimulator.platform/Developer/SDKs/iPhoneSimulator26.5.sdk -target arm64-apple-ios17.0-simulator -g -module-cache-path /Users/alex/Library/Developer/Xcode/DerivedData/ModuleCache.noindex -Xfrontend -serialize-debugging-options -profile-coverage-mapping -profile-generate -enable-testing -warnings-as-errors -index-store-path /Users/alex/Library/Developer/Xcode/DerivedData/Settlers-bqwdcayamsmaxsekctdqetlegmaf/Index.noindex/DataStore -Xcc -D_LIBCPP_HARDENING_MODE\=_LIBCPP_HARDENING_MODE_DEBUG -swift-version 6 -I /Users/alex/Library/Developer/Xcode/DerivedData/Settlers-bqwdcayamsmaxsekctdqetlegmaf/Build/Products/Debug-iphonesimulator -F /Users/alex/Library/Developer/Xcode/DerivedData/Settlers-bqwdcayamsmaxsekctdqetlegmaf/Build/Products/Debug-iphonesimulator/PackageFrameworks -F /Users/alex/Library/Developer/Xcode/DerivedData/Settlers-bqwdcayamsmaxsekctdqetlegmaf/Build/Products/Debug-iphonesimulator/PackageFrameworks -F /Users/alex/Library/Developer/Xcode/DerivedData/Settlers-bqwdcayamsmaxsekctdqetlegmaf/Build/Products/Debug-iphonesimulator -c -j18 -enable-batch-mode -incremental -Xcc -ivfsstatcache -Xcc /Users/alex/Library/Developer/Xcode/DerivedData/SDKStatCaches.noindex/iphonesimulator26.5-23F73-6cfe768891a92b912361537c460fe42b.sdkstatcache -output-file-map /Users/alex/Library/Developer/Xcode/DerivedData/Settlers-bqwdcayamsmaxsekctdqetlegmaf/Build/Intermediates.noindex/Settlers.build/Debug-iphonesimulator/Settlers.build/Objects-normal/arm64/Settlers-OutputFileMap.json -use-frontend-parseable-output -save-temps -no-color-diagnostics -explicit-module-build -module-cache-path /Users/alex/Library/Developer/Xcode/DerivedData/Settlers-bqwdcayamsmaxsekctdqetlegmaf/Build/Intermediates.noindex/SwiftExplicitPrecompiledModules -clang-scanner-module-cache-path /Users/alex/Library/Developer/Xcode/DerivedData/ModuleCache.noindex -sdk-module-cache-path /Users/alex/Library/Developer/Xcode/DerivedData/ModuleCache.noindex -serialize-diagnostics -emit-dependencies -emit-module -emit-module-path /Users/alex/Library/Developer/Xcode/DerivedData/Settlers-bqwdcayamsmaxsekctdqetlegmaf/Build/Intermediates.noindex/Settlers.build/Debug-iphonesimulator/Settlers.build/Objects-normal/arm64/Settlers.swiftmodule -validate-clang-modules-once -clang-build-session-file /Users/alex/Library/Developer/Xcode/DerivedData/ModuleCache.noindex/Session.modulevalidation -Xcc -I/Users/alex/Library/Developer/Xcode/DerivedData/Settlers-bqwdcayamsmaxsekctdqetlegmaf/Build/Intermediates.noindex/Settlers.build/Debug-iphonesimulator/Settlers.build/swift-overrides.hmap -emit-const-values -Xfrontend -const-gather-protocols-file -Xfrontend /Users/alex/Library/Developer/Xcode/DerivedData/Settlers-bqwdcayamsmaxsekctdqetlegmaf/Build/Intermediates.noindex/Settlers.build/Debug-iphonesimulator/Settlers.build/Objects-normal/arm64/Settlers_const_extract_protocols.json -Xcc -iquote -Xcc /Users/alex/Library/Developer/Xcode/DerivedData/Settlers-bqwdcayamsmaxsekctdqetlegmaf/Build/Intermediates.noindex/Settlers.build/Debug-iphonesimulator/Settlers.build/Settlers-generated-files.hmap -Xcc -I/Users/alex/Library/Developer/Xcode/DerivedData/Settlers-bqwdcayamsmaxsekctdqetlegmaf/Build/Intermediates.noindex/Settlers.build/Debug-iphonesimulator/Settlers.build/Settlers-own-target-headers.hmap -Xcc -I/Users/alex/Library/Developer/Xcode/DerivedData/Settlers-bqwdcayamsmaxsekctdqetlegmaf/Build/Intermediates.noindex/Settlers.build/Debug-iphonesimulator/Settlers.build/Settlers-all-non-framework-target-headers.hmap -Xcc -ivfsoverlay -Xcc /Users/alex/Library/Developer/Xcode/DerivedData/Settlers-bqwdcayamsmaxsekctdqetlegmaf/Build/Intermediates.noindex/Settlers.build/Debug-iphonesimulator/Settlers-9ad65172c434931f4eb5300f50bbe1d2-VFS-iphonesimulator/all-product-headers.yaml -Xcc -iquote -Xcc /Users/alex/Library/Developer/Xcode/DerivedData/Settlers-bqwdcayamsmaxsekctdqetlegmaf/Build/Intermediates.noindex/Settlers.build/Debug-iphonesimulator/Settlers.build/Settlers-project-headers.hmap -Xcc -I/Users/alex/Library/Developer/Xcode/DerivedData/Settlers-bqwdcayamsmaxsekctdqetlegmaf/Build/Products/Debug-iphonesimulator/include -Xcc -I/Users/alex/Library/Developer/Xcode/DerivedData/Settlers-bqwdcayamsmaxsekctdqetlegmaf/Build/Intermediates.noindex/Settlers.build/Debug-iphonesimulator/Settlers.build/DerivedSources-normal/arm64 -Xcc -I/Users/alex/Library/Developer/Xcode/DerivedData/Settlers-bqwdcayamsmaxsekctdqetlegmaf/Build/Intermediates.noindex/Settlers.build/Debug-iphonesimulator/Settlers.build/DerivedSources/arm64 -Xcc -I/Users/alex/Library/Developer/Xcode/DerivedData/Settlers-bqwdcayamsmaxsekctdqetlegmaf/Build/Intermediates.noindex/Settlers.build/Debug-iphonesimulator/Settlers.build/DerivedSources -Xcc -DDEBUG\=1 -emit-objc-header -emit-objc-header-path /Users/alex/Library/Developer/Xcode/DerivedData/Settlers-bqwdcayamsmaxsekctdqetlegmaf/Build/Intermediates.noindex/Settlers.build/Debug-iphonesimulator/Settlers.build/Objects-normal/arm64/Settlers-Swift.h -working-directory /Users/alex/.codex/worktrees/naval-exploration/Settlers -experimental-emit-module-separately -disable-cmo

Copy /Users/alex/Library/Developer/Xcode/DerivedData/Settlers-bqwdcayamsmaxsekctdqetlegmaf/Build/Products/Debug-iphonesimulator/Settlers.swiftmodule/Project/arm64-apple-ios-simulator.swiftsourceinfo /Users/alex/Library/Developer/Xcode/DerivedData/Settlers-bqwdcayamsmaxsekctdqetlegmaf/Build/Intermediates.noindex/Settlers.build/Debug-iphonesimulator/Settlers.build/Objects-normal/arm64/Settlers.swiftsourceinfo (in target 'Settlers' from project 'Settlers')
    cd /Users/alex/.codex/worktrees/naval-exploration/Settlers
    builtin-copy -exclude .DS_Store -exclude CVS -exclude .svn -exclude .git -exclude .hg -resolve-src-symlinks -rename /Users/alex/Library/Developer/Xcode/DerivedData/Settlers-bqwdcayamsmaxsekctdqetlegmaf/Build/Intermediates.noindex/Settlers.build/Debug-iphonesimulator/Settlers.build/Objects-normal/arm64/Settlers.swiftsourceinfo /Users/alex/Library/Developer/Xcode/DerivedData/Settlers-bqwdcayamsmaxsekctdqetlegmaf/Build/Products/Debug-iphonesimulator/Settlers.swiftmodule/Project/arm64-apple-ios-simulator.swiftsourceinfo

Copy /Users/alex/Library/Developer/Xcode/DerivedData/Settlers-bqwdcayamsmaxsekctdqetlegmaf/Build/Products/Debug-iphonesimulator/Settlers.swiftmodule/arm64-apple-ios-simulator.abi.json /Users/alex/Library/Developer/Xcode/DerivedData/Settlers-bqwdcayamsmaxsekctdqetlegmaf/Build/Intermediates.noindex/Settlers.build/Debug-iphonesimulator/Settlers.build/Objects-normal/arm64/Settlers.abi.json (in target 'Settlers' from project 'Settlers')
    cd /Users/alex/.codex/worktrees/naval-exploration/Settlers
    builtin-copy -exclude .DS_Store -exclude CVS -exclude .svn -exclude .git -exclude .hg -resolve-src-symlinks -rename /Users/alex/Library/Developer/Xcode/DerivedData/Settlers-bqwdcayamsmaxsekctdqetlegmaf/Build/Intermediates.noindex/Settlers.build/Debug-iphonesimulator/Settlers.build/Objects-normal/arm64/Settlers.abi.json /Users/alex/Library/Developer/Xcode/DerivedData/Settlers-bqwdcayamsmaxsekctdqetlegmaf/Build/Products/Debug-iphonesimulator/Settlers.swiftmodule/arm64-apple-ios-simulator.abi.json

Copy /Users/alex/Library/Developer/Xcode/DerivedData/Settlers-bqwdcayamsmaxsekctdqetlegmaf/Build/Products/Debug-iphonesimulator/Settlers.swiftmodule/arm64-apple-ios-simulator.swiftdoc /Users/alex/Library/Developer/Xcode/DerivedData/Settlers-bqwdcayamsmaxsekctdqetlegmaf/Build/Intermediates.noindex/Settlers.build/Debug-iphonesimulator/Settlers.build/Objects-normal/arm64/Settlers.swiftdoc (in target 'Settlers' from project 'Settlers')
    cd /Users/alex/.codex/worktrees/naval-exploration/Settlers
    builtin-copy -exclude .DS_Store -exclude CVS -exclude .svn -exclude .git -exclude .hg -resolve-src-symlinks -rename /Users/alex/Library/Developer/Xcode/DerivedData/Settlers-bqwdcayamsmaxsekctdqetlegmaf/Build/Intermediates.noindex/Settlers.build/Debug-iphonesimulator/Settlers.build/Objects-normal/arm64/Settlers.swiftdoc /Users/alex/Library/Developer/Xcode/DerivedData/Settlers-bqwdcayamsmaxsekctdqetlegmaf/Build/Products/Debug-iphonesimulator/Settlers.swiftmodule/arm64-apple-ios-simulator.swiftdoc

Copy /Users/alex/Library/Developer/Xcode/DerivedData/Settlers-bqwdcayamsmaxsekctdqetlegmaf/Build/Products/Debug-iphonesimulator/Settlers.swiftmodule/arm64-apple-ios-simulator.swiftmodule /Users/alex/Library/Developer/Xcode/DerivedData/Settlers-bqwdcayamsmaxsekctdqetlegmaf/Build/Intermediates.noindex/Settlers.build/Debug-iphonesimulator/Settlers.build/Objects-normal/arm64/Settlers.swiftmodule (in target 'Settlers' from project 'Settlers')
    cd /Users/alex/.codex/worktrees/naval-exploration/Settlers
    builtin-copy -exclude .DS_Store -exclude CVS -exclude .svn -exclude .git -exclude .hg -resolve-src-symlinks -rename /Users/alex/Library/Developer/Xcode/DerivedData/Settlers-bqwdcayamsmaxsekctdqetlegmaf/Build/Intermediates.noindex/Settlers.build/Debug-iphonesimulator/Settlers.build/Objects-normal/arm64/Settlers.swiftmodule /Users/alex/Library/Developer/Xcode/DerivedData/Settlers-bqwdcayamsmaxsekctdqetlegmaf/Build/Products/Debug-iphonesimulator/Settlers.swiftmodule/arm64-apple-ios-simulator.swiftmodule

SwiftDriver SettlersUITests normal arm64 com.apple.xcode.tools.swift.compiler (in target 'SettlersUITests' from project 'Settlers')
    cd /Users/alex/.codex/worktrees/naval-exploration/Settlers
    builtin-SwiftDriver -- /Applications/Xcode.app/Contents/Developer/Toolchains/XcodeDefault.xctoolchain/usr/bin/swiftc -module-name SettlersUITests -Onone @/Users/alex/Library/Developer/Xcode/DerivedData/Settlers-bqwdcayamsmaxsekctdqetlegmaf/Build/Intermediates.noindex/Settlers.build/Debug-iphonesimulator/SettlersUITests.build/Objects-normal/arm64/SettlersUITests.SwiftFileList -DDEBUG -module-alias Testing\=_Testing_Unavailable -plugin-path /Applications/Xcode.app/Contents/Developer/Toolchains/XcodeDefault.xctoolchain/usr/lib/swift/host/plugins/testing -enable-experimental-feature DebugDescriptionMacro -sdk /Applications/Xcode.app/Contents/Developer/Platforms/iPhoneSimulator.platform/Developer/SDKs/iPhoneSimulator26.5.sdk -target arm64-apple-ios17.0-simulator -g -module-cache-path /Users/alex/Library/Developer/Xcode/DerivedData/ModuleCache.noindex -Xfrontend -serialize-debugging-options -profile-coverage-mapping -profile-generate -enable-testing -warnings-as-errors -index-store-path /Users/alex/Library/Developer/Xcode/DerivedData/Settlers-bqwdcayamsmaxsekctdqetlegmaf/Index.noindex/DataStore -Xcc -D_LIBCPP_HARDENING_MODE\=_LIBCPP_HARDENING_MODE_DEBUG -swift-version 6 -I /Users/alex/Library/Developer/Xcode/DerivedData/Settlers-bqwdcayamsmaxsekctdqetlegmaf/Build/Products/Debug-iphonesimulator -Isystem /Applications/Xcode.app/Contents/Developer/Platforms/iPhoneSimulator.platform/Developer/usr/lib -F /Users/alex/Library/Developer/Xcode/DerivedData/Settlers-bqwdcayamsmaxsekctdqetlegmaf/Build/Products/Debug-iphonesimulator -F /Applications/Xcode.app/Contents/Developer/Platforms/iPhoneSimulator.platform/Developer/Library/Frameworks -F /Applications/Xcode.app/Contents/Developer/Platforms/iPhoneSimulator.platform/Developer/SDKs/iPhoneSimulator26.5.sdk/Developer/Library/Frameworks -c -j18 -enable-batch-mode -incremental -Xcc -ivfsstatcache -Xcc /Users/alex/Library/Developer/Xcode/DerivedData/SDKStatCaches.noindex/iphonesimulator26.5-23F73-6cfe768891a92b912361537c460fe42b.sdkstatcache -output-file-map /Users/alex/Library/Developer/Xcode/DerivedData/Settlers-bqwdcayamsmaxsekctdqetlegmaf/Build/Intermediates.noindex/Settlers.build/Debug-iphonesimulator/SettlersUITests.build/Objects-normal/arm64/SettlersUITests-OutputFileMap.json -use-frontend-parseable-output -save-temps -no-color-diagnostics -explicit-module-build -module-cache-path /Users/alex/Library/Developer/Xcode/DerivedData/Settlers-bqwdcayamsmaxsekctdqetlegmaf/Build/Intermediates.noindex/SwiftExplicitPrecompiledModules -clang-scanner-module-cache-path /Users/alex/Library/Developer/Xcode/DerivedData/ModuleCache.noindex -sdk-module-cache-path /Users/alex/Library/Developer/Xcode/DerivedData/ModuleCache.noindex -serialize-diagnostics -emit-dependencies -emit-module -emit-module-path /Users/alex/Library/Developer/Xcode/DerivedData/Settlers-bqwdcayamsmaxsekctdqetlegmaf/Build/Intermediates.noindex/Settlers.build/Debug-iphonesimulator/SettlersUITests.build/Objects-normal/arm64/SettlersUITests.swiftmodule -validate-clang-modules-once -clang-build-session-file /Users/alex/Library/Developer/Xcode/DerivedData/ModuleCache.noindex/Session.modulevalidation -Xcc -I/Users/alex/Library/Developer/Xcode/DerivedData/Settlers-bqwdcayamsmaxsekctdqetlegmaf/Build/Intermediates.noindex/Settlers.build/Debug-iphonesimulator/SettlersUITests.build/swift-overrides.hmap -emit-const-values -Xfrontend -const-gather-protocols-file -Xfrontend /Users/alex/Library/Developer/Xcode/DerivedData/Settlers-bqwdcayamsmaxsekctdqetlegmaf/Build/Intermediates.noindex/Settlers.build/Debug-iphonesimulator/SettlersUITests.build/Objects-normal/arm64/SettlersUITests_const_extract_protocols.json -Xcc -iquote -Xcc /Users/alex/Library/Developer/Xcode/DerivedData/Settlers-bqwdcayamsmaxsekctdqetlegmaf/Build/Intermediates.noindex/Settlers.build/Debug-iphonesimulator/SettlersUITests.build/SettlersUITests-generated-files.hmap -Xcc -I/Users/alex/Library/Developer/Xcode/DerivedData/Settlers-bqwdcayamsmaxsekctdqetlegmaf/Build/Intermediates.noindex/Settlers.build/Debug-iphonesimulator/SettlersUITests.build/SettlersUITests-own-target-headers.hmap -Xcc -I/Users/alex/Library/Developer/Xcode/DerivedData/Settlers-bqwdcayamsmaxsekctdqetlegmaf/Build/Intermediates.noindex/Settlers.build/Debug-iphonesimulator/SettlersUITests.build/SettlersUITests-all-non-framework-target-headers.hmap -Xcc -ivfsoverlay -Xcc /Users/alex/Library/Developer/Xcode/DerivedData/Settlers-bqwdcayamsmaxsekctdqetlegmaf/Build/Intermediates.noindex/Settlers.build/Debug-iphonesimulator/Settlers-9ad65172c434931f4eb5300f50bbe1d2-VFS-iphonesimulator/all-product-headers.yaml -Xcc -iquote -Xcc /Users/alex/Library/Developer/Xcode/DerivedData/Settlers-bqwdcayamsmaxsekctdqetlegmaf/Build/Intermediates.noindex/Settlers.build/Debug-iphonesimulator/SettlersUITests.build/SettlersUITests-project-headers.hmap -Xcc -I/Users/alex/Library/Developer/Xcode/DerivedData/Settlers-bqwdcayamsmaxsekctdqetlegmaf/Build/Products/Debug-iphonesimulator/include -Xcc -I/Users/alex/Library/Developer/Xcode/DerivedData/Settlers-bqwdcayamsmaxsekctdqetlegmaf/Build/Intermediates.noindex/Settlers.build/Debug-iphonesimulator/SettlersUITests.build/DerivedSources-normal/arm64 -Xcc -I/Users/alex/Library/Developer/Xcode/DerivedData/Settlers-bqwdcayamsmaxsekctdqetlegmaf/Build/Intermediates.noindex/Settlers.build/Debug-iphonesimulator/SettlersUITests.build/DerivedSources/arm64 -Xcc -I/Users/alex/Library/Developer/Xcode/DerivedData/Settlers-bqwdcayamsmaxsekctdqetlegmaf/Build/Intermediates.noindex/Settlers.build/Debug-iphonesimulator/SettlersUITests.build/DerivedSources -Xcc -DDEBUG\=1 -emit-objc-header -emit-objc-header-path /Users/alex/Library/Developer/Xcode/DerivedData/Settlers-bqwdcayamsmaxsekctdqetlegmaf/Build/Intermediates.noindex/Settlers.build/Debug-iphonesimulator/SettlersUITests.build/Objects-normal/arm64/SettlersUITests-Swift.h -working-directory /Users/alex/.codex/worktrees/naval-exploration/Settlers -experimental-emit-module-separately -disable-cmo

SwiftDriver SettlersTests normal arm64 com.apple.xcode.tools.swift.compiler (in target 'SettlersTests' from project 'Settlers')
    cd /Users/alex/.codex/worktrees/naval-exploration/Settlers
    builtin-SwiftDriver -- /Applications/Xcode.app/Contents/Developer/Toolchains/XcodeDefault.xctoolchain/usr/bin/swiftc -module-name SettlersTests -Onone @/Users/alex/Library/Developer/Xcode/DerivedData/Settlers-bqwdcayamsmaxsekctdqetlegmaf/Build/Intermediates.noindex/Settlers.build/Debug-iphonesimulator/SettlersTests.build/Objects-normal/arm64/SettlersTests.SwiftFileList -DDEBUG -plugin-path /Applications/Xcode.app/Contents/Developer/Toolchains/XcodeDefault.xctoolchain/usr/lib/swift/host/plugins/testing -enable-experimental-feature DebugDescriptionMacro -sdk /Applications/Xcode.app/Contents/Developer/Platforms/iPhoneSimulator.platform/Developer/SDKs/iPhoneSimulator26.5.sdk -target arm64-apple-ios17.0-simulator -g -module-cache-path /Users/alex/Library/Developer/Xcode/DerivedData/ModuleCache.noindex -Xfrontend -serialize-debugging-options -profile-coverage-mapping -profile-generate -enable-testing -warnings-as-errors -index-store-path /Users/alex/Library/Developer/Xcode/DerivedData/Settlers-bqwdcayamsmaxsekctdqetlegmaf/Index.noindex/DataStore -Xcc -D_LIBCPP_HARDENING_MODE\=_LIBCPP_HARDENING_MODE_DEBUG -swift-version 6 -I /Users/alex/Library/Developer/Xcode/DerivedData/Settlers-bqwdcayamsmaxsekctdqetlegmaf/Build/Products/Debug-iphonesimulator -Isystem /Applications/Xcode.app/Contents/Developer/Platforms/iPhoneSimulator.platform/Developer/usr/lib -F /Users/alex/Library/Developer/Xcode/DerivedData/Settlers-bqwdcayamsmaxsekctdqetlegmaf/Build/Products/Debug-iphonesimulator/PackageFrameworks -F /Users/alex/Library/Developer/Xcode/DerivedData/Settlers-bqwdcayamsmaxsekctdqetlegmaf/Build/Products/Debug-iphonesimulator/PackageFrameworks -F /Users/alex/Library/Developer/Xcode/DerivedData/Settlers-bqwdcayamsmaxsekctdqetlegmaf/Build/Products/Debug-iphonesimulator -F /Applications/Xcode.app/Contents/Developer/Platforms/iPhoneSimulator.platform/Developer/Library/Frameworks -F /Applications/Xcode.app/Contents/Developer/Platforms/iPhoneSimulator.platform/Developer/SDKs/iPhoneSimulator26.5.sdk/Developer/Library/Frameworks -c -j18 -enable-batch-mode -incremental -Xcc -ivfsstatcache -Xcc /Users/alex/Library/Developer/Xcode/DerivedData/SDKStatCaches.noindex/iphonesimulator26.5-23F73-6cfe768891a92b912361537c460fe42b.sdkstatcache -output-file-map /Users/alex/Library/Developer/Xcode/DerivedData/Settlers-bqwdcayamsmaxsekctdqetlegmaf/Build/Intermediates.noindex/Settlers.build/Debug-iphonesimulator/SettlersTests.build/Objects-normal/arm64/SettlersTests-OutputFileMap.json -use-frontend-parseable-output -save-temps -no-color-diagnostics -explicit-module-build -module-cache-path /Users/alex/Library/Developer/Xcode/DerivedData/Settlers-bqwdcayamsmaxsekctdqetlegmaf/Build/Intermediates.noindex/SwiftExplicitPrecompiledModules -clang-scanner-module-cache-path /Users/alex/Library/Developer/Xcode/DerivedData/ModuleCache.noindex -sdk-module-cache-path /Users/alex/Library/Developer/Xcode/DerivedData/ModuleCache.noindex -serialize-diagnostics -emit-dependencies -emit-module -emit-module-path /Users/alex/Library/Developer/Xcode/DerivedData/Settlers-bqwdcayamsmaxsekctdqetlegmaf/Build/Intermediates.noindex/Settlers.build/Debug-iphonesimulator/SettlersTests.build/Objects-normal/arm64/SettlersTests.swiftmodule -validate-clang-modules-once -clang-build-session-file /Users/alex/Library/Developer/Xcode/DerivedData/ModuleCache.noindex/Session.modulevalidation -Xcc -I/Users/alex/Library/Developer/Xcode/DerivedData/Settlers-bqwdcayamsmaxsekctdqetlegmaf/Build/Intermediates.noindex/Settlers.build/Debug-iphonesimulator/SettlersTests.build/swift-overrides.hmap -emit-const-values -Xfrontend -const-gather-protocols-file -Xfrontend /Users/alex/Library/Developer/Xcode/DerivedData/Settlers-bqwdcayamsmaxsekctdqetlegmaf/Build/Intermediates.noindex/Settlers.build/Debug-iphonesimulator/SettlersTests.build/Objects-normal/arm64/SettlersTests_const_extract_protocols.json -Xcc -iquote -Xcc /Users/alex/Library/Developer/Xcode/DerivedData/Settlers-bqwdcayamsmaxsekctdqetlegmaf/Build/Intermediates.noindex/Settlers.build/Debug-iphonesimulator/SettlersTests.build/SettlersTests-generated-files.hmap -Xcc -I/Users/alex/Library/Developer/Xcode/DerivedData/Settlers-bqwdcayamsmaxsekctdqetlegmaf/Build/Intermediates.noindex/Settlers.build/Debug-iphonesimulator/SettlersTests.build/SettlersTests-own-target-headers.hmap -Xcc -I/Users/alex/Library/Developer/Xcode/DerivedData/Settlers-bqwdcayamsmaxsekctdqetlegmaf/Build/Intermediates.noindex/Settlers.build/Debug-iphonesimulator/SettlersTests.build/SettlersTests-all-non-framework-target-headers.hmap -Xcc -ivfsoverlay -Xcc /Users/alex/Library/Developer/Xcode/DerivedData/Settlers-bqwdcayamsmaxsekctdqetlegmaf/Build/Intermediates.noindex/Settlers.build/Debug-iphonesimulator/Settlers-9ad65172c434931f4eb5300f50bbe1d2-VFS-iphonesimulator/all-product-headers.yaml -Xcc -iquote -Xcc /Users/alex/Library/Developer/Xcode/DerivedData/Settlers-bqwdcayamsmaxsekctdqetlegmaf/Build/Intermediates.noindex/Settlers.build/Debug-iphonesimulator/SettlersTests.build/SettlersTests-project-headers.hmap -Xcc -I/Users/alex/Library/Developer/Xcode/DerivedData/Settlers-bqwdcayamsmaxsekctdqetlegmaf/Build/Products/Debug-iphonesimulator/include -Xcc -I/Users/alex/Library/Developer/Xcode/DerivedData/Settlers-bqwdcayamsmaxsekctdqetlegmaf/Build/Intermediates.noindex/Settlers.build/Debug-iphonesimulator/SettlersTests.build/DerivedSources-normal/arm64 -Xcc -I/Users/alex/Library/Developer/Xcode/DerivedData/Settlers-bqwdcayamsmaxsekctdqetlegmaf/Build/Intermediates.noindex/Settlers.build/Debug-iphonesimulator/SettlersTests.build/DerivedSources/arm64 -Xcc -I/Users/alex/Library/Developer/Xcode/DerivedData/Settlers-bqwdcayamsmaxsekctdqetlegmaf/Build/Intermediates.noindex/Settlers.build/Debug-iphonesimulator/SettlersTests.build/DerivedSources -Xcc -DDEBUG\=1 -emit-objc-header -emit-objc-header-path /Users/alex/Library/Developer/Xcode/DerivedData/Settlers-bqwdcayamsmaxsekctdqetlegmaf/Build/Intermediates.noindex/Settlers.build/Debug-iphonesimulator/SettlersTests.build/Objects-normal/arm64/SettlersTests-Swift.h -working-directory /Users/alex/.codex/worktrees/naval-exploration/Settlers -experimental-emit-module-separately -disable-cmo

SwiftDriverJobDiscovery normal arm64 Compiling GameReplayTimeline.swift, GameReplayView.swift, GameStore.swift, GameView+QA.swift, GameView.swift, GameViewModel+BoardDecision.swift, GameViewModel+BotPacing.swift, GameViewModel+BotTurns.swift (in target 'Settlers' from project 'Settlers')

SwiftDriverJobDiscovery normal arm64 Compiling NewGameSetupView.swift, PlayerDirectory.swift, PlayerHUDView.swift, PlayerIdentity.swift, QAGameHistoryFixture.swift, QALaunchFlag.swift, RadarChartView.swift (in target 'Settlers' from project 'Settlers')

SwiftDriverJobDiscovery normal arm64 Compiling DevelopmentCardPresentationState.swift, DiscardPopupView.swift, DiscardPresentationState.swift, EndGameView.swift, GameActionPanels.swift, GameHistoryView.swift, GameLogStore.swift, GameReplayNarrator.swift (in target 'Settlers' from project 'Settlers')

SwiftDriverJobDiscovery normal arm64 Compiling BoardGestureRouter.swift, BoardInspectionSemantics.swift, BoardView.swift, BoardViewCamera.swift, BoardViewNaval.swift, BotDifficulty.swift, BotTurnProgress.swift, BotTurnStatusView.swift (in target 'Settlers' from project 'Settlers')

SwiftDriverJobDiscovery normal arm64 Compiling SeatStatsStore.swift, SettingsChrome.swift, SettlersApp.swift, SharedMatch.swift, TileView.swift, TradeDraftFeedback.swift, TradePopupView.swift (in target 'Settlers' from project 'Settlers')

SwiftDriverJobDiscovery normal arm64 Compiling CloudKitBackend.swift, ContentView.swift, DevCardArt.swift, DevCardDisplay.swift, DevCardInventoryView.swift, DevCardPopupView.swift, DevCardResourceChoice.swift, DevCardStyle.swift (in target 'Settlers' from project 'Settlers')

SwiftDriver\ Compilation Settlers normal arm64 com.apple.xcode.tools.swift.compiler (in target 'Settlers' from project 'Settlers')
    cd /Users/alex/.codex/worktrees/naval-exploration/Settlers
    builtin-Swift-Compilation -- /Applications/Xcode.app/Contents/Developer/Toolchains/XcodeDefault.xctoolchain/usr/bin/swiftc -module-name Settlers -Onone @/Users/alex/Library/Developer/Xcode/DerivedData/Settlers-bqwdcayamsmaxsekctdqetlegmaf/Build/Intermediates.noindex/Settlers.build/Debug-iphonesimulator/Settlers.build/Objects-normal/arm64/Settlers.SwiftFileList -DDEBUG -enable-experimental-feature DebugDescriptionMacro -sdk /Applications/Xcode.app/Contents/Developer/Platforms/iPhoneSimulator.platform/Developer/SDKs/iPhoneSimulator26.5.sdk -target arm64-apple-ios17.0-simulator -g -module-cache-path /Users/alex/Library/Developer/Xcode/DerivedData/ModuleCache.noindex -Xfrontend -serialize-debugging-options -profile-coverage-mapping -profile-generate -enable-testing -warnings-as-errors -index-store-path /Users/alex/Library/Developer/Xcode/DerivedData/Settlers-bqwdcayamsmaxsekctdqetlegmaf/Index.noindex/DataStore -Xcc -D_LIBCPP_HARDENING_MODE\=_LIBCPP_HARDENING_MODE_DEBUG -swift-version 6 -I /Users/alex/Library/Developer/Xcode/DerivedData/Settlers-bqwdcayamsmaxsekctdqetlegmaf/Build/Products/Debug-iphonesimulator -F /Users/alex/Library/Developer/Xcode/DerivedData/Settlers-bqwdcayamsmaxsekctdqetlegmaf/Build/Products/Debug-iphonesimulator/PackageFrameworks -F /Users/alex/Library/Developer/Xcode/DerivedData/Settlers-bqwdcayamsmaxsekctdqetlegmaf/Build/Products/Debug-iphonesimulator/PackageFrameworks -F /Users/alex/Library/Developer/Xcode/DerivedData/Settlers-bqwdcayamsmaxsekctdqetlegmaf/Build/Products/Debug-iphonesimulator -c -j18 -enable-batch-mode -incremental -Xcc -ivfsstatcache -Xcc /Users/alex/Library/Developer/Xcode/DerivedData/SDKStatCaches.noindex/iphonesimulator26.5-23F73-6cfe768891a92b912361537c460fe42b.sdkstatcache -output-file-map /Users/alex/Library/Developer/Xcode/DerivedData/Settlers-bqwdcayamsmaxsekctdqetlegmaf/Build/Intermediates.noindex/Settlers.build/Debug-iphonesimulator/Settlers.build/Objects-normal/arm64/Settlers-OutputFileMap.json -use-frontend-parseable-output -save-temps -no-color-diagnostics -explicit-module-build -module-cache-path /Users/alex/Library/Developer/Xcode/DerivedData/Settlers-bqwdcayamsmaxsekctdqetlegmaf/Build/Intermediates.noindex/SwiftExplicitPrecompiledModules -clang-scanner-module-cache-path /Users/alex/Library/Developer/Xcode/DerivedData/ModuleCache.noindex -sdk-module-cache-path /Users/alex/Library/Developer/Xcode/DerivedData/ModuleCache.noindex -serialize-diagnostics -emit-dependencies -emit-module -emit-module-path /Users/alex/Library/Developer/Xcode/DerivedData/Settlers-bqwdcayamsmaxsekctdqetlegmaf/Build/Intermediates.noindex/Settlers.build/Debug-iphonesimulator/Settlers.build/Objects-normal/arm64/Settlers.swiftmodule -validate-clang-modules-once -clang-build-session-file /Users/alex/Library/Developer/Xcode/DerivedData/ModuleCache.noindex/Session.modulevalidation -Xcc -I/Users/alex/Library/Developer/Xcode/DerivedData/Settlers-bqwdcayamsmaxsekctdqetlegmaf/Build/Intermediates.noindex/Settlers.build/Debug-iphonesimulator/Settlers.build/swift-overrides.hmap -emit-const-values -Xfrontend -const-gather-protocols-file -Xfrontend /Users/alex/Library/Developer/Xcode/DerivedData/Settlers-bqwdcayamsmaxsekctdqetlegmaf/Build/Intermediates.noindex/Settlers.build/Debug-iphonesimulator/Settlers.build/Objects-normal/arm64/Settlers_const_extract_protocols.json -Xcc -iquote -Xcc /Users/alex/Library/Developer/Xcode/DerivedData/Settlers-bqwdcayamsmaxsekctdqetlegmaf/Build/Intermediates.noindex/Settlers.build/Debug-iphonesimulator/Settlers.build/Settlers-generated-files.hmap -Xcc -I/Users/alex/Library/Developer/Xcode/DerivedData/Settlers-bqwdcayamsmaxsekctdqetlegmaf/Build/Intermediates.noindex/Settlers.build/Debug-iphonesimulator/Settlers.build/Settlers-own-target-headers.hmap -Xcc -I/Users/alex/Library/Developer/Xcode/DerivedData/Settlers-bqwdcayamsmaxsekctdqetlegmaf/Build/Intermediates.noindex/Settlers.build/Debug-iphonesimulator/Settlers.build/Settlers-all-non-framework-target-headers.hmap -Xcc -ivfsoverlay -Xcc /Users/alex/Library/Developer/Xcode/DerivedData/Settlers-bqwdcayamsmaxsekctdqetlegmaf/Build/Intermediates.noindex/Settlers.build/Debug-iphonesimulator/Settlers-9ad65172c434931f4eb5300f50bbe1d2-VFS-iphonesimulator/all-product-headers.yaml -Xcc -iquote -Xcc /Users/alex/Library/Developer/Xcode/DerivedData/Settlers-bqwdcayamsmaxsekctdqetlegmaf/Build/Intermediates.noindex/Settlers.build/Debug-iphonesimulator/Settlers.build/Settlers-project-headers.hmap -Xcc -I/Users/alex/Library/Developer/Xcode/DerivedData/Settlers-bqwdcayamsmaxsekctdqetlegmaf/Build/Products/Debug-iphonesimulator/include -Xcc -I/Users/alex/Library/Developer/Xcode/DerivedData/Settlers-bqwdcayamsmaxsekctdqetlegmaf/Build/Intermediates.noindex/Settlers.build/Debug-iphonesimulator/Settlers.build/DerivedSources-normal/arm64 -Xcc -I/Users/alex/Library/Developer/Xcode/DerivedData/Settlers-bqwdcayamsmaxsekctdqetlegmaf/Build/Intermediates.noindex/Settlers.build/Debug-iphonesimulator/Settlers.build/DerivedSources/arm64 -Xcc -I/Users/alex/Library/Developer/Xcode/DerivedData/Settlers-bqwdcayamsmaxsekctdqetlegmaf/Build/Intermediates.noindex/Settlers.build/Debug-iphonesimulator/Settlers.build/DerivedSources -Xcc -DDEBUG\=1 -emit-objc-header -emit-objc-header-path /Users/alex/Library/Developer/Xcode/DerivedData/Settlers-bqwdcayamsmaxsekctdqetlegmaf/Build/Intermediates.noindex/Settlers.build/Debug-iphonesimulator/Settlers.build/Objects-normal/arm64/Settlers-Swift.h -working-directory /Users/alex/.codex/worktrees/naval-exploration/Settlers -experimental-emit-module-separately -disable-cmo

Ld /Users/alex/Library/Developer/Xcode/DerivedData/Settlers-bqwdcayamsmaxsekctdqetlegmaf/Build/Products/Debug-iphonesimulator/Settlers.app/Settlers.debug.dylib normal (in target 'Settlers' from project 'Settlers')
    cd /Users/alex/.codex/worktrees/naval-exploration/Settlers
    /Applications/Xcode.app/Contents/Developer/Toolchains/XcodeDefault.xctoolchain/usr/bin/clang -Xlinker -reproducible -target arm64-apple-ios17.0-simulator -dynamiclib -isysroot /Applications/Xcode.app/Contents/Developer/Platforms/iPhoneSimulator.platform/Developer/SDKs/iPhoneSimulator26.5.sdk -O0 -L/Users/alex/Library/Developer/Xcode/DerivedData/Settlers-bqwdcayamsmaxsekctdqetlegmaf/Build/Intermediates.noindex/EagerLinkingTBDs/Debug-iphonesimulator -L/Users/alex/Library/Developer/Xcode/DerivedData/Settlers-bqwdcayamsmaxsekctdqetlegmaf/Build/Products/Debug-iphonesimulator -F/Users/alex/Library/Developer/Xcode/DerivedData/Settlers-bqwdcayamsmaxsekctdqetlegmaf/Build/Intermediates.noindex/EagerLinkingTBDs/Debug-iphonesimulator -F/Users/alex/Library/Developer/Xcode/DerivedData/Settlers-bqwdcayamsmaxsekctdqetlegmaf/Build/Products/Debug-iphonesimulator/PackageFrameworks -F/Users/alex/Library/Developer/Xcode/DerivedData/Settlers-bqwdcayamsmaxsekctdqetlegmaf/Build/Products/Debug-iphonesimulator/PackageFrameworks -F/Users/alex/Library/Developer/Xcode/DerivedData/Settlers-bqwdcayamsmaxsekctdqetlegmaf/Build/Products/Debug-iphonesimulator -filelist /Users/alex/Library/Developer/Xcode/DerivedData/Settlers-bqwdcayamsmaxsekctdqetlegmaf/Build/Intermediates.noindex/Settlers.build/Debug-iphonesimulator/Settlers.build/Objects-normal/arm64/Settlers.LinkFileList -install_name @rpath/Settlers.debug.dylib -Xlinker -rpath -Xlinker /usr/lib/swift -Xlinker -rpath -Xlinker /Users/alex/Library/Developer/Xcode/DerivedData/Settlers-bqwdcayamsmaxsekctdqetlegmaf/Build/Products/Debug-iphonesimulator/PackageFrameworks -Xlinker -rpath -Xlinker @executable_path/Frameworks -Xlinker -dead_strip -Xlinker -object_path_lto -Xlinker /Users/alex/Library/Developer/Xcode/DerivedData/Settlers-bqwdcayamsmaxsekctdqetlegmaf/Build/Intermediates.noindex/Settlers.build/Debug-iphonesimulator/Settlers.build/Objects-normal/arm64/Settlers_lto.o -rdynamic -Xlinker -no_deduplicate -Xlinker -objc_abi_version -Xlinker 2 -Xlinker -debug_variant -Xlinker -dependency_info -Xlinker /Users/alex/Library/Developer/Xcode/DerivedData/Settlers-bqwdcayamsmaxsekctdqetlegmaf/Build/Intermediates.noindex/Settlers.build/Debug-iphonesimulator/Settlers.build/Objects-normal/arm64/Settlers_dependency_info.dat -fobjc-link-runtime -fprofile-instr-generate -L/Applications/Xcode.app/Contents/Developer/Toolchains/XcodeDefault.xctoolchain/usr/lib/swift/iphonesimulator -L/usr/lib/swift -Xlinker -add_ast_path -Xlinker /Users/alex/Library/Developer/Xcode/DerivedData/Settlers-bqwdcayamsmaxsekctdqetlegmaf/Build/Intermediates.noindex/Settlers.build/Debug-iphonesimulator/Settlers.build/Objects-normal/arm64/Settlers.swiftmodule @/Users/alex/Library/Developer/Xcode/DerivedData/Settlers-bqwdcayamsmaxsekctdqetlegmaf/Build/Intermediates.noindex/Settlers.build/Debug-iphonesimulator/Settlers.build/Objects-normal/arm64/Settlers-linker-args.resp -Wl,-no_warn_duplicate_libraries -Wl,-no_warn_duplicate_libraries -Xlinker -alias -Xlinker _main -Xlinker ___debug_main_executable_dylib_entry_point -Xlinker -no_adhoc_codesign -o /Users/alex/Library/Developer/Xcode/DerivedData/Settlers-bqwdcayamsmaxsekctdqetlegmaf/Build/Products/Debug-iphonesimulator/Settlers.app/Settlers.debug.dylib -Xlinker -add_ast_path -Xlinker /Users/alex/Library/Developer/Xcode/DerivedData/Settlers-bqwdcayamsmaxsekctdqetlegmaf/Build/Intermediates.noindex/CatanEngine.build/Debug-iphonesimulator/CatanEngine.build/Objects-normal/arm64/CatanEngine.swiftmodule @/Users/alex/Library/Developer/Xcode/DerivedData/Settlers-bqwdcayamsmaxsekctdqetlegmaf/Build/Intermediates.noindex/CatanEngine.build/Debug-iphonesimulator/CatanEngine.build/Objects-normal/arm64/CatanEngine-linker-args.resp -Xlinker -add_ast_path -Xlinker /Users/alex/Library/Developer/Xcode/DerivedData/Settlers-bqwdcayamsmaxsekctdqetlegmaf/Build/Intermediates.noindex/CatanAI.build/Debug-iphonesimulator/CatanAI.build/Objects-normal/arm64/CatanAI.swiftmodule @/Users/alex/Library/Developer/Xcode/DerivedData/Settlers-bqwdcayamsmaxsekctdqetlegmaf/Build/Intermediates.noindex/CatanAI.build/Debug-iphonesimulator/CatanAI.build/Objects-normal/arm64/CatanAI-linker-args.resp

SwiftExplicitDependencyGeneratePcm arm64 /Users/alex/Library/Developer/Xcode/DerivedData/Settlers-bqwdcayamsmaxsekctdqetlegmaf/Build/Intermediates.noindex/SwiftExplicitPrecompiledModules/XCUIAutomation-6IXSURIBIAZ20PIF2198B2WC0.pcm

SwiftExplicitDependencyGeneratePcm arm64 /Users/alex/Library/Developer/Xcode/DerivedData/Settlers-bqwdcayamsmaxsekctdqetlegmaf/Build/Intermediates.noindex/SwiftExplicitPrecompiledModules/XCTest-2UCCWI71OU5PQ2F4EUV2GNH8R.pcm

SwiftExplicitDependencyCompileModuleFromInterface arm64 /Users/alex/Library/Developer/Xcode/DerivedData/Settlers-bqwdcayamsmaxsekctdqetlegmaf/Build/Intermediates.noindex/SwiftExplicitPrecompiledModules/XCUIAutomation-3U0HIGM5UC7UD.swiftmodule

SwiftExplicitDependencyCompileModuleFromInterface arm64 /Users/alex/Library/Developer/Xcode/DerivedData/Settlers-bqwdcayamsmaxsekctdqetlegmaf/Build/Intermediates.noindex/SwiftExplicitPrecompiledModules/Testing-25X0XQ7HYAKSV.swiftmodule

ConstructStubExecutorLinkFileList /Users/alex/Library/Developer/Xcode/DerivedData/Settlers-bqwdcayamsmaxsekctdqetlegmaf/Build/Intermediates.noindex/Settlers.build/Debug-iphonesimulator/Settlers.build/Settlers-ExecutorLinkFileList-normal-arm64.txt (in target 'Settlers' from project 'Settlers')
    cd /Users/alex/.codex/worktrees/naval-exploration/Settlers
    construct-stub-executor-link-file-list /Users/alex/Library/Developer/Xcode/DerivedData/Settlers-bqwdcayamsmaxsekctdqetlegmaf/Build/Products/Debug-iphonesimulator/Settlers.app/Settlers.debug.dylib /Applications/Xcode.app/Contents/Developer/Platforms/iPhoneSimulator.platform/Developer/usr/lib/libPreviewsJITStubExecutor_no_swift_entry_point.a /Applications/Xcode.app/Contents/Developer/Platforms/iPhoneSimulator.platform/Developer/usr/lib/libPreviewsJITStubExecutor.a --output /Users/alex/Library/Developer/Xcode/DerivedData/Settlers-bqwdcayamsmaxsekctdqetlegmaf/Build/Intermediates.noindex/Settlers.build/Debug-iphonesimulator/Settlers.build/Settlers-ExecutorLinkFileList-normal-arm64.txt
note: Using stub executor library with Swift entry point. (in target 'Settlers' from project 'Settlers')

Ld /Users/alex/Library/Developer/Xcode/DerivedData/Settlers-bqwdcayamsmaxsekctdqetlegmaf/Build/Products/Debug-iphonesimulator/Settlers.app/Settlers normal (in target 'Settlers' from project 'Settlers')
    cd /Users/alex/.codex/worktrees/naval-exploration/Settlers
    /Applications/Xcode.app/Contents/Developer/Toolchains/XcodeDefault.xctoolchain/usr/bin/clang -Xlinker -reproducible -target arm64-apple-ios17.0-simulator -isysroot /Applications/Xcode.app/Contents/Developer/Platforms/iPhoneSimulator.platform/Developer/SDKs/iPhoneSimulator26.5.sdk -O0 -L/Users/alex/Library/Developer/Xcode/DerivedData/Settlers-bqwdcayamsmaxsekctdqetlegmaf/Build/Products/Debug-iphonesimulator -F/Users/alex/Library/Developer/Xcode/DerivedData/Settlers-bqwdcayamsmaxsekctdqetlegmaf/Build/Products/Debug-iphonesimulator/PackageFrameworks -F/Users/alex/Library/Developer/Xcode/DerivedData/Settlers-bqwdcayamsmaxsekctdqetlegmaf/Build/Products/Debug-iphonesimulator/PackageFrameworks -F/Users/alex/Library/Developer/Xcode/DerivedData/Settlers-bqwdcayamsmaxsekctdqetlegmaf/Build/Products/Debug-iphonesimulator -Xlinker -rpath -Xlinker @executable_path -Xlinker -rpath -Xlinker /Users/alex/Library/Developer/Xcode/DerivedData/Settlers-bqwdcayamsmaxsekctdqetlegmaf/Build/Products/Debug-iphonesimulator/PackageFrameworks -Xlinker -rpath -Xlinker @executable_path/Frameworks -rdynamic -Xlinker -no_deduplicate -Xlinker -objc_abi_version -Xlinker 2 -Xlinker -debug_variant -e ___debug_blank_executor_main -Xlinker -sectcreate -Xlinker __TEXT -Xlinker __debug_dylib -Xlinker /Users/alex/Library/Developer/Xcode/DerivedData/Settlers-bqwdcayamsmaxsekctdqetlegmaf/Build/Intermediates.noindex/Settlers.build/Debug-iphonesimulator/Settlers.build/Settlers-DebugDylibPath-normal-arm64.txt -Xlinker -sectcreate -Xlinker __TEXT -Xlinker __debug_instlnm -Xlinker /Users/alex/Library/Developer/Xcode/DerivedData/Settlers-bqwdcayamsmaxsekctdqetlegmaf/Build/Intermediates.noindex/Settlers.build/Debug-iphonesimulator/Settlers.build/Settlers-DebugDylibInstallName-normal-arm64.txt -Xlinker -filelist -Xlinker /Users/alex/Library/Developer/Xcode/DerivedData/Settlers-bqwdcayamsmaxsekctdqetlegmaf/Build/Intermediates.noindex/Settlers.build/Debug-iphonesimulator/Settlers.build/Settlers-ExecutorLinkFileList-normal-arm64.txt -Xlinker -sectcreate -Xlinker __TEXT -Xlinker __entitlements -Xlinker /Users/alex/Library/Developer/Xcode/DerivedData/Settlers-bqwdcayamsmaxsekctdqetlegmaf/Build/Intermediates.noindex/Settlers.build/Debug-iphonesimulator/Settlers.build/Settlers.app-Simulated.xcent -Xlinker -sectcreate -Xlinker __TEXT -Xlinker __ents_der -Xlinker /Users/alex/Library/Developer/Xcode/DerivedData/Settlers-bqwdcayamsmaxsekctdqetlegmaf/Build/Intermediates.noindex/Settlers.build/Debug-iphonesimulator/Settlers.build/Settlers.app-Simulated.xcent.der /Users/alex/Library/Developer/Xcode/DerivedData/Settlers-bqwdcayamsmaxsekctdqetlegmaf/Build/Products/Debug-iphonesimulator/Settlers.app/Settlers.debug.dylib -Xlinker -no_adhoc_codesign -o /Users/alex/Library/Developer/Xcode/DerivedData/Settlers-bqwdcayamsmaxsekctdqetlegmaf/Build/Products/Debug-iphonesimulator/Settlers.app/Settlers

SwiftExplicitDependencyCompileModuleFromInterface arm64 /Users/alex/Library/Developer/Xcode/DerivedData/Settlers-bqwdcayamsmaxsekctdqetlegmaf/Build/Intermediates.noindex/SwiftExplicitPrecompiledModules/XCTest-1VJDU186DMD63.swiftmodule

CopySwiftLibs /Users/alex/Library/Developer/Xcode/DerivedData/Settlers-bqwdcayamsmaxsekctdqetlegmaf/Build/Products/Debug-iphonesimulator/Settlers.app (in target 'Settlers' from project 'Settlers')
    cd /Users/alex/.codex/worktrees/naval-exploration/Settlers
    builtin-swiftStdLibTool --copy --verbose --sign - --scan-executable /Users/alex/Library/Developer/Xcode/DerivedData/Settlers-bqwdcayamsmaxsekctdqetlegmaf/Build/Products/Debug-iphonesimulator/Settlers.app/Settlers.debug.dylib --scan-folder /Users/alex/Library/Developer/Xcode/DerivedData/Settlers-bqwdcayamsmaxsekctdqetlegmaf/Build/Products/Debug-iphonesimulator/Settlers.app/Frameworks --scan-folder /Users/alex/Library/Developer/Xcode/DerivedData/Settlers-bqwdcayamsmaxsekctdqetlegmaf/Build/Products/Debug-iphonesimulator/Settlers.app/PlugIns --scan-folder /Users/alex/Library/Developer/Xcode/DerivedData/Settlers-bqwdcayamsmaxsekctdqetlegmaf/Build/Products/Debug-iphonesimulator/Settlers.app/SystemExtensions --scan-folder /Users/alex/Library/Developer/Xcode/DerivedData/Settlers-bqwdcayamsmaxsekctdqetlegmaf/Build/Products/Debug-iphonesimulator/Settlers.app/Extensions --platform iphonesimulator --toolchain /Applications/Xcode.app/Contents/Developer/Toolchains/XcodeDefault.xctoolchain --destination /Users/alex/Library/Developer/Xcode/DerivedData/Settlers-bqwdcayamsmaxsekctdqetlegmaf/Build/Products/Debug-iphonesimulator/Settlers.app/Frameworks --strip-bitcode --strip-bitcode-tool /Applications/Xcode.app/Contents/Developer/Toolchains/XcodeDefault.xctoolchain/usr/bin/bitcode_strip --emit-dependency-info /Users/alex/Library/Developer/Xcode/DerivedData/Settlers-bqwdcayamsmaxsekctdqetlegmaf/Build/Intermediates.noindex/Settlers.build/Debug-iphonesimulator/Settlers.build/SwiftStdLibToolInputDependencies.dep --filter-for-swift-os

ExtractAppIntentsMetadata (in target 'Settlers' from project 'Settlers')
    cd /Users/alex/.codex/worktrees/naval-exploration/Settlers
    /Applications/Xcode.app/Contents/Developer/Toolchains/XcodeDefault.xctoolchain/usr/bin/appintentsmetadataprocessor --toolchain-dir /Applications/Xcode.app/Contents/Developer/Toolchains/XcodeDefault.xctoolchain --module-name Settlers --sdk-root /Applications/Xcode.app/Contents/Developer/Platforms/iPhoneSimulator.platform/Developer/SDKs/iPhoneSimulator26.5.sdk --xcode-version 17F42 --platform-family iOS --deployment-target 17.0 --bundle-identifier com.alexchandler.empires --output /Users/alex/Library/Developer/Xcode/DerivedData/Settlers-bqwdcayamsmaxsekctdqetlegmaf/Build/Products/Debug-iphonesimulator/Settlers.app --target-triple arm64-apple-ios17.0-simulator --binary-file /Users/alex/Library/Developer/Xcode/DerivedData/Settlers-bqwdcayamsmaxsekctdqetlegmaf/Build/Products/Debug-iphonesimulator/Settlers.app/Settlers --dependency-file /Users/alex/Library/Developer/Xcode/DerivedData/Settlers-bqwdcayamsmaxsekctdqetlegmaf/Build/Intermediates.noindex/Settlers.build/Debug-iphonesimulator/Settlers.build/Objects-normal/arm64/Settlers_dependency_info.dat --stringsdata-file /Users/alex/Library/Developer/Xcode/DerivedData/Settlers-bqwdcayamsmaxsekctdqetlegmaf/Build/Intermediates.noindex/Settlers.build/Debug-iphonesimulator/Settlers.build/Objects-normal/arm64/ExtractedAppShortcutsMetadata.stringsdata --source-file-list /Users/alex/Library/Developer/Xcode/DerivedData/Settlers-bqwdcayamsmaxsekctdqetlegmaf/Build/Intermediates.noindex/Settlers.build/Debug-iphonesimulator/Settlers.build/Objects-normal/arm64/Settlers.SwiftFileList --metadata-file-list /Users/alex/Library/Developer/Xcode/DerivedData/Settlers-bqwdcayamsmaxsekctdqetlegmaf/Build/Intermediates.noindex/Settlers.build/Debug-iphonesimulator/Settlers.build/Settlers.DependencyMetadataFileList --static-metadata-file-list /Users/alex/Library/Developer/Xcode/DerivedData/Settlers-bqwdcayamsmaxsekctdqetlegmaf/Build/Intermediates.noindex/Settlers.build/Debug-iphonesimulator/Settlers.build/Settlers.DependencyStaticMetadataFileList --swift-const-vals-list /Users/alex/Library/Developer/Xcode/DerivedData/Settlers-bqwdcayamsmaxsekctdqetlegmaf/Build/Intermediates.noindex/Settlers.build/Debug-iphonesimulator/Settlers.build/Objects-normal/arm64/Settlers.SwiftConstValuesFileList --compile-time-extraction --deployment-aware-processing --validate-assistant-intents --no-app-shortcuts-localization
2026-10-05 18:29:29.914 appintentsmetadataprocessor[59482:16934360] Starting appintentsmetadataprocessor export
2026-10-05 18:29:29.915 appintentsmetadataprocessor[59482:16934360] warning: Metadata extraction skipped. No AppIntents.framework dependency found.

CpResource /Users/alex/Library/Developer/Xcode/DerivedData/Settlers-bqwdcayamsmaxsekctdqetlegmaf/Build/Products/Debug-iphonesimulator/Settlers.app/PlugIns/SettlersTests.xctest/.swiftlint.yml /Users/alex/.codex/worktrees/naval-exploration/Settlers/SettlersTests/.swiftlint.yml (in target 'SettlersTests' from project 'Settlers')
    cd /Users/alex/.codex/worktrees/naval-exploration/Settlers
    builtin-copy -exclude .DS_Store -exclude CVS -exclude .svn -exclude .git -exclude .hg -resolve-src-symlinks /Users/alex/.codex/worktrees/naval-exploration/Settlers/SettlersTests/.swiftlint.yml /Users/alex/Library/Developer/Xcode/DerivedData/Settlers-bqwdcayamsmaxsekctdqetlegmaf/Build/Products/Debug-iphonesimulator/Settlers.app/PlugIns/SettlersTests.xctest

ProcessInfoPlistFile /Users/alex/Library/Developer/Xcode/DerivedData/Settlers-bqwdcayamsmaxsekctdqetlegmaf/Build/Products/Debug-iphonesimulator/Settlers.app/PlugIns/SettlersTests.xctest/Info.plist /Users/alex/Library/Developer/Xcode/DerivedData/Settlers-bqwdcayamsmaxsekctdqetlegmaf/Build/Intermediates.noindex/Settlers.build/Debug-iphonesimulator/SettlersTests.build/empty-SettlersTests.plist (in target 'SettlersTests' from project 'Settlers')
    cd /Users/alex/.codex/worktrees/naval-exploration/Settlers
    builtin-infoPlistUtility /Users/alex/Library/Developer/Xcode/DerivedData/Settlers-bqwdcayamsmaxsekctdqetlegmaf/Build/Intermediates.noindex/Settlers.build/Debug-iphonesimulator/SettlersTests.build/empty-SettlersTests.plist -producttype com.apple.product-type.bundle.unit-test -expandbuildsettings -format binary -platform iphonesimulator -o /Users/alex/Library/Developer/Xcode/DerivedData/Settlers-bqwdcayamsmaxsekctdqetlegmaf/Build/Products/Debug-iphonesimulator/Settlers.app/PlugIns/SettlersTests.xctest/Info.plist

SwiftExplicitDependencyCompileModuleFromInterface arm64 /Users/alex/Library/Developer/Xcode/DerivedData/Settlers-bqwdcayamsmaxsekctdqetlegmaf/Build/Intermediates.noindex/SwiftExplicitPrecompiledModules/_Testing_CoreGraphics-2C2CKRHXH1P88.swiftmodule

SwiftExplicitDependencyCompileModuleFromInterface arm64 /Users/alex/Library/Developer/Xcode/DerivedData/Settlers-bqwdcayamsmaxsekctdqetlegmaf/Build/Intermediates.noindex/SwiftExplicitPrecompiledModules/_Testing_Foundation-3G4BKKVQK67WC.swiftmodule

SwiftCompile normal arm64 Compiling\ NavalFlowTests.swift /Users/alex/.codex/worktrees/naval-exploration/Settlers/SettlersUITests/NavalFlowTests.swift (in target 'SettlersUITests' from project 'Settlers')

SwiftCompile normal arm64 /Users/alex/.codex/worktrees/naval-exploration/Settlers/SettlersUITests/NavalFlowTests.swift (in target 'SettlersUITests' from project 'Settlers')
    cd /Users/alex/.codex/worktrees/naval-exploration/Settlers
    

SwiftEmitModule normal arm64 Emitting\ module\ for\ SettlersUITests (in target 'SettlersUITests' from project 'Settlers')

EmitSwiftModule normal arm64 (in target 'SettlersUITests' from project 'Settlers')
    cd /Users/alex/.codex/worktrees/naval-exploration/Settlers
    

SwiftCompile normal arm64 Compiling\ NewGameMatchSettingsFlowTests.swift /Users/alex/.codex/worktrees/naval-exploration/Settlers/SettlersUITests/NewGameMatchSettingsFlowTests.swift (in target 'SettlersUITests' from project 'Settlers')

SwiftCompile normal arm64 /Users/alex/.codex/worktrees/naval-exploration/Settlers/SettlersUITests/NewGameMatchSettingsFlowTests.swift (in target 'SettlersUITests' from project 'Settlers')
    cd /Users/alex/.codex/worktrees/naval-exploration/Settlers
    

SwiftExplicitDependencyCompileModuleFromInterface arm64 /Users/alex/Library/Developer/Xcode/DerivedData/Settlers-bqwdcayamsmaxsekctdqetlegmaf/Build/Intermediates.noindex/SwiftExplicitPrecompiledModules/_Testing_UIKit-1N9DXTKYT9CZK.swiftmodule

SwiftCompile normal arm64 Compiling\ ReplayExportFixtures.swift,\ ReplayExportModelTests.swift,\ ReplayExportPresentationTests.swift,\ ReplayExportSequenceTests.swift /Users/alex/.codex/worktrees/naval-exploration/Settlers/SettlersTests/ReplayExportFixtures.swift /Users/alex/.codex/worktrees/naval-exploration/Settlers/SettlersTests/ReplayExportModelTests.swift /Users/alex/.codex/worktrees/naval-exploration/Settlers/SettlersTests/ReplayExportPresentationTests.swift /Users/alex/.codex/worktrees/naval-exploration/Settlers/SettlersTests/ReplayExportSequenceTests.swift (in target 'SettlersTests' from project 'Settlers')
SwiftCompile normal arm64 /Users/alex/.codex/worktrees/naval-exploration/Settlers/SettlersTests/ReplayExportFixtures.swift (in target 'SettlersTests' from project 'Settlers')
    cd /Users/alex/.codex/worktrees/naval-exploration/Settlers
    

SwiftCompile normal arm64 /Users/alex/.codex/worktrees/naval-exploration/Settlers/SettlersTests/ReplayExportModelTests.swift (in target 'SettlersTests' from project 'Settlers')
    cd /Users/alex/.codex/worktrees/naval-exploration/Settlers
    

SwiftCompile normal arm64 /Users/alex/.codex/worktrees/naval-exploration/Settlers/SettlersTests/ReplayExportPresentationTests.swift (in target 'SettlersTests' from project 'Settlers')
    cd /Users/alex/.codex/worktrees/naval-exploration/Settlers
    

SwiftCompile normal arm64 /Users/alex/.codex/worktrees/naval-exploration/Settlers/SettlersTests/ReplayExportSequenceTests.swift (in target 'SettlersTests' from project 'Settlers')
    cd /Users/alex/.codex/worktrees/naval-exploration/Settlers
    

SwiftCompile normal arm64 Compiling\ RobberDragJourneyTests.swift,\ RobberDragRouterTests.swift,\ RulebookContentTests.swift,\ SaveRecoveryTests.swift /Users/alex/.codex/worktrees/naval-exploration/Settlers/SettlersTests/RobberDragJourneyTests.swift /Users/alex/.codex/worktrees/naval-exploration/Settlers/SettlersTests/RobberDragRouterTests.swift /Users/alex/.codex/worktrees/naval-exploration/Settlers/SettlersTests/RulebookContentTests.swift /Users/alex/.codex/worktrees/naval-exploration/Settlers/SettlersTests/SaveRecoveryTests.swift (in target 'SettlersTests' from project 'Settlers')
SwiftCompile normal arm64 /Users/alex/.codex/worktrees/naval-exploration/Settlers/SettlersTests/RobberDragJourneyTests.swift (in target 'SettlersTests' from project 'Settlers')
    cd /Users/alex/.codex/worktrees/naval-exploration/Settlers
    

SwiftCompile normal arm64 /Users/alex/.codex/worktrees/naval-exploration/Settlers/SettlersTests/RobberDragRouterTests.swift (in target 'SettlersTests' from project 'Settlers')
    cd /Users/alex/.codex/worktrees/naval-exploration/Settlers
    

SwiftCompile normal arm64 /Users/alex/.codex/worktrees/naval-exploration/Settlers/SettlersTests/RulebookContentTests.swift (in target 'SettlersTests' from project 'Settlers')
    cd /Users/alex/.codex/worktrees/naval-exploration/Settlers
    

SwiftCompile normal arm64 /Users/alex/.codex/worktrees/naval-exploration/Settlers/SettlersTests/SaveRecoveryTests.swift (in target 'SettlersTests' from project 'Settlers')
    cd /Users/alex/.codex/worktrees/naval-exploration/Settlers
    

SwiftCompile normal arm64 Compiling\ LiveSyncRenameDetailTests.swift,\ LiveSyncTests.swift,\ MatchCheckpointStoreTests.swift,\ MatchSetupGhostTests.swift /Users/alex/.codex/worktrees/naval-exploration/Settlers/SettlersTests/LiveSyncRenameDetailTests.swift /Users/alex/.codex/worktrees/naval-exploration/Settlers/SettlersTests/LiveSyncTests.swift /Users/alex/.codex/worktrees/naval-exploration/Settlers/SettlersTests/MatchCheckpointStoreTests.swift /Users/alex/.codex/worktrees/naval-exploration/Settlers/SettlersTests/MatchSetupGhostTests.swift (in target 'SettlersTests' from project 'Settlers')
SwiftCompile normal arm64 /Users/alex/.codex/worktrees/naval-exploration/Settlers/SettlersTests/LiveSyncRenameDetailTests.swift (in target 'SettlersTests' from project 'Settlers')
    cd /Users/alex/.codex/worktrees/naval-exploration/Settlers
    

SwiftCompile normal arm64 /Users/alex/.codex/worktrees/naval-exploration/Settlers/SettlersTests/LiveSyncTests.swift (in target 'SettlersTests' from project 'Settlers')
    cd /Users/alex/.codex/worktrees/naval-exploration/Settlers
    

SwiftCompile normal arm64 /Users/alex/.codex/worktrees/naval-exploration/Settlers/SettlersTests/MatchCheckpointStoreTests.swift (in target 'SettlersTests' from project 'Settlers')
    cd /Users/alex/.codex/worktrees/naval-exploration/Settlers
    

SwiftCompile normal arm64 /Users/alex/.codex/worktrees/naval-exploration/Settlers/SettlersTests/MatchSetupGhostTests.swift (in target 'SettlersTests' from project 'Settlers')
    cd /Users/alex/.codex/worktrees/naval-exploration/Settlers
    

SwiftCompile normal arm64 Compiling\ ReplayShareControllerTests.swift,\ ReplayVideoExporterTests.swift,\ ResourceProductionFeedbackTests.swift,\ RobberConfirmationTests.swift /Users/alex/.codex/worktrees/naval-exploration/Settlers/SettlersTests/ReplayShareControllerTests.swift /Users/alex/.codex/worktrees/naval-exploration/Settlers/SettlersTests/ReplayVideoExporterTests.swift /Users/alex/.codex/worktrees/naval-exploration/Settlers/SettlersTests/ResourceProductionFeedbackTests.swift /Users/alex/.codex/worktrees/naval-exploration/Settlers/SettlersTests/RobberConfirmationTests.swift (in target 'SettlersTests' from project 'Settlers')

SwiftCompile normal arm64 /Users/alex/.codex/worktrees/naval-exploration/Settlers/SettlersTests/ReplayShareControllerTests.swift (in target 'SettlersTests' from project 'Settlers')
    cd /Users/alex/.codex/worktrees/naval-exploration/Settlers
    

SwiftCompile normal arm64 /Users/alex/.codex/worktrees/naval-exploration/Settlers/SettlersTests/ReplayVideoExporterTests.swift (in target 'SettlersTests' from project 'Settlers')
    cd /Users/alex/.codex/worktrees/naval-exploration/Settlers
    

SwiftCompile normal arm64 /Users/alex/.codex/worktrees/naval-exploration/Settlers/SettlersTests/ResourceProductionFeedbackTests.swift (in target 'SettlersTests' from project 'Settlers')
    cd /Users/alex/.codex/worktrees/naval-exploration/Settlers
    

SwiftCompile normal arm64 /Users/alex/.codex/worktrees/naval-exploration/Settlers/SettlersTests/RobberConfirmationTests.swift (in target 'SettlersTests' from project 'Settlers')
    cd /Users/alex/.codex/worktrees/naval-exploration/Settlers
    

SwiftCompile normal arm64 Compiling\ TradeDraftFeedbackTests.swift,\ TradeReceiptTests.swift,\ VictoryPointBreakdownTests.swift /Users/alex/.codex/worktrees/naval-exploration/Settlers/SettlersTests/TradeDraftFeedbackTests.swift /Users/alex/.codex/worktrees/naval-exploration/Settlers/SettlersTests/TradeReceiptTests.swift /Users/alex/.codex/worktrees/naval-exploration/Settlers/SettlersTests/VictoryPointBreakdownTests.swift (in target 'SettlersTests' from project 'Settlers')

SwiftCompile normal arm64 /Users/alex/.codex/worktrees/naval-exploration/Settlers/SettlersTests/TradeDraftFeedbackTests.swift (in target 'SettlersTests' from project 'Settlers')
    cd /Users/alex/.codex/worktrees/naval-exploration/Settlers
    

SwiftCompile normal arm64 /Users/alex/.codex/worktrees/naval-exploration/Settlers/SettlersTests/TradeReceiptTests.swift (in target 'SettlersTests' from project 'Settlers')
    cd /Users/alex/.codex/worktrees/naval-exploration/Settlers
    

SwiftCompile normal arm64 /Users/alex/.codex/worktrees/naval-exploration/Settlers/SettlersTests/VictoryPointBreakdownTests.swift (in target 'SettlersTests' from project 'Settlers')
    cd /Users/alex/.codex/worktrees/naval-exploration/Settlers
    

SwiftCompile normal arm64 Compiling\ NewGameEndToEndTests.swift,\ NewGameSetupTests.swift,\ OpponentProfileIntegrationTests.swift,\ OpponentProfileTests.swift /Users/alex/.codex/worktrees/naval-exploration/Settlers/SettlersTests/NewGameEndToEndTests.swift /Users/alex/.codex/worktrees/naval-exploration/Settlers/SettlersTests/NewGameSetupTests.swift /Users/alex/.codex/worktrees/naval-exploration/Settlers/SettlersTests/OpponentProfileIntegrationTests.swift /Users/alex/.codex/worktrees/naval-exploration/Settlers/SettlersTests/OpponentProfileTests.swift (in target 'SettlersTests' from project 'Settlers')

SwiftCompile normal arm64 /Users/alex/.codex/worktrees/naval-exploration/Settlers/SettlersTests/NewGameEndToEndTests.swift (in target 'SettlersTests' from project 'Settlers')
    cd /Users/alex/.codex/worktrees/naval-exploration/Settlers
    

SwiftCompile normal arm64 /Users/alex/.codex/worktrees/naval-exploration/Settlers/SettlersTests/NewGameSetupTests.swift (in target 'SettlersTests' from project 'Settlers')
    cd /Users/alex/.codex/worktrees/naval-exploration/Settlers
    

SwiftCompile normal arm64 /Users/alex/.codex/worktrees/naval-exploration/Settlers/SettlersTests/OpponentProfileIntegrationTests.swift (in target 'SettlersTests' from project 'Settlers')
    cd /Users/alex/.codex/worktrees/naval-exploration/Settlers
    

SwiftCompile normal arm64 /Users/alex/.codex/worktrees/naval-exploration/Settlers/SettlersTests/OpponentProfileTests.swift (in target 'SettlersTests' from project 'Settlers')
    cd /Users/alex/.codex/worktrees/naval-exploration/Settlers
    

SwiftCompile normal arm64 Compiling\ PacingPreferencesTests.swift,\ PersistenceTests.swift,\ PreMergeAuditRegressionTests.swift,\ RatingStoreTests.swift /Users/alex/.codex/worktrees/naval-exploration/Settlers/SettlersTests/PacingPreferencesTests.swift /Users/alex/.codex/worktrees/naval-exploration/Settlers/SettlersTests/PersistenceTests.swift /Users/alex/.codex/worktrees/naval-exploration/Settlers/SettlersTests/PreMergeAuditRegressionTests.swift /Users/alex/.codex/worktrees/naval-exploration/Settlers/SettlersTests/RatingStoreTests.swift (in target 'SettlersTests' from project 'Settlers')

SwiftCompile normal arm64 /Users/alex/.codex/worktrees/naval-exploration/Settlers/SettlersTests/PacingPreferencesTests.swift (in target 'SettlersTests' from project 'Settlers')
    cd /Users/alex/.codex/worktrees/naval-exploration/Settlers
    

SwiftCompile normal arm64 /Users/alex/.codex/worktrees/naval-exploration/Settlers/SettlersTests/PersistenceTests.swift (in target 'SettlersTests' from project 'Settlers')
    cd /Users/alex/.codex/worktrees/naval-exploration/Settlers
    

SwiftCompile normal arm64 /Users/alex/.codex/worktrees/naval-exploration/Settlers/SettlersTests/PreMergeAuditRegressionTests.swift (in target 'SettlersTests' from project 'Settlers')
    cd /Users/alex/.codex/worktrees/naval-exploration/Settlers
    

SwiftCompile normal arm64 /Users/alex/.codex/worktrees/naval-exploration/Settlers/SettlersTests/RatingStoreTests.swift (in target 'SettlersTests' from project 'Settlers')
    cd /Users/alex/.codex/worktrees/naval-exploration/Settlers
    

SwiftCompile normal arm64 Compiling\ GameplayFeedbackLayoutTests.swift,\ GameplayFeedbackTests.swift,\ GhostSeatTests.swift,\ GhostStoreTests.swift /Users/alex/.codex/worktrees/naval-exploration/Settlers/SettlersTests/GameplayFeedbackLayoutTests.swift /Users/alex/.codex/worktrees/naval-exploration/Settlers/SettlersTests/GameplayFeedbackTests.swift /Users/alex/.codex/worktrees/naval-exploration/Settlers/SettlersTests/GhostSeatTests.swift /Users/alex/.codex/worktrees/naval-exploration/Settlers/SettlersTests/GhostStoreTests.swift (in target 'SettlersTests' from project 'Settlers')

SwiftCompile normal arm64 /Users/alex/.codex/worktrees/naval-exploration/Settlers/SettlersTests/GameplayFeedbackLayoutTests.swift (in target 'SettlersTests' from project 'Settlers')
    cd /Users/alex/.codex/worktrees/naval-exploration/Settlers
    

SwiftCompile normal arm64 /Users/alex/.codex/worktrees/naval-exploration/Settlers/SettlersTests/GameplayFeedbackTests.swift (in target 'SettlersTests' from project 'Settlers')
    cd /Users/alex/.codex/worktrees/naval-exploration/Settlers
    

SwiftCompile normal arm64 /Users/alex/.codex/worktrees/naval-exploration/Settlers/SettlersTests/GhostSeatTests.swift (in target 'SettlersTests' from project 'Settlers')
    cd /Users/alex/.codex/worktrees/naval-exploration/Settlers
    

SwiftCompile normal arm64 /Users/alex/.codex/worktrees/naval-exploration/Settlers/SettlersTests/GhostStoreTests.swift (in target 'SettlersTests' from project 'Settlers')
    cd /Users/alex/.codex/worktrees/naval-exploration/Settlers
    

SwiftCompile normal arm64 Compiling\ NavalBoardGeometryTests.swift,\ NavalHistoryIntegrityTests.swift,\ NavalMatchFlowTests.swift,\ NavalReleaseCompatibilityTests.swift /Users/alex/.codex/worktrees/naval-exploration/Settlers/SettlersTests/NavalBoardGeometryTests.swift /Users/alex/.codex/worktrees/naval-exploration/Settlers/SettlersTests/NavalHistoryIntegrityTests.swift /Users/alex/.codex/worktrees/naval-exploration/Settlers/SettlersTests/NavalMatchFlowTests.swift /Users/alex/.codex/worktrees/naval-exploration/Settlers/SettlersTests/NavalReleaseCompatibilityTests.swift (in target 'SettlersTests' from project 'Settlers')

SwiftCompile normal arm64 /Users/alex/.codex/worktrees/naval-exploration/Settlers/SettlersTests/NavalBoardGeometryTests.swift (in target 'SettlersTests' from project 'Settlers')
    cd /Users/alex/.codex/worktrees/naval-exploration/Settlers
    

SwiftCompile normal arm64 /Users/alex/.codex/worktrees/naval-exploration/Settlers/SettlersTests/NavalHistoryIntegrityTests.swift (in target 'SettlersTests' from project 'Settlers')
    cd /Users/alex/.codex/worktrees/naval-exploration/Settlers
    

SwiftCompile normal arm64 /Users/alex/.codex/worktrees/naval-exploration/Settlers/SettlersTests/NavalMatchFlowTests.swift (in target 'SettlersTests' from project 'Settlers')
    cd /Users/alex/.codex/worktrees/naval-exploration/Settlers
    

SwiftCompile normal arm64 /Users/alex/.codex/worktrees/naval-exploration/Settlers/SettlersTests/NavalReleaseCompatibilityTests.swift (in target 'SettlersTests' from project 'Settlers')
    cd /Users/alex/.codex/worktrees/naval-exploration/Settlers
    

SwiftCompile normal arm64 Compiling\ GhostTrainerTests.swift,\ GhostTrainingQueueTests.swift,\ HumanDecisionProvenanceTests.swift,\ HumanTradeOfferIntegrationTests.swift /Users/alex/.codex/worktrees/naval-exploration/Settlers/SettlersTests/GhostTrainerTests.swift /Users/alex/.codex/worktrees/naval-exploration/Settlers/SettlersTests/GhostTrainingQueueTests.swift /Users/alex/.codex/worktrees/naval-exploration/Settlers/SettlersTests/HumanDecisionProvenanceTests.swift /Users/alex/.codex/worktrees/naval-exploration/Settlers/SettlersTests/HumanTradeOfferIntegrationTests.swift (in target 'SettlersTests' from project 'Settlers')

SwiftCompile normal arm64 /Users/alex/.codex/worktrees/naval-exploration/Settlers/SettlersTests/GhostTrainerTests.swift (in target 'SettlersTests' from project 'Settlers')
    cd /Users/alex/.codex/worktrees/naval-exploration/Settlers
    

SwiftCompile normal arm64 /Users/alex/.codex/worktrees/naval-exploration/Settlers/SettlersTests/GhostTrainingQueueTests.swift (in target 'SettlersTests' from project 'Settlers')
    cd /Users/alex/.codex/worktrees/naval-exploration/Settlers
    

SwiftCompile normal arm64 /Users/alex/.codex/worktrees/naval-exploration/Settlers/SettlersTests/HumanDecisionProvenanceTests.swift (in target 'SettlersTests' from project 'Settlers')
    cd /Users/alex/.codex/worktrees/naval-exploration/Settlers
    

SwiftCompile normal arm64 /Users/alex/.codex/worktrees/naval-exploration/Settlers/SettlersTests/HumanTradeOfferIntegrationTests.swift (in target 'SettlersTests' from project 'Settlers')
    cd /Users/alex/.codex/worktrees/naval-exploration/Settlers
    

SwiftCompile normal arm64 Compiling\ GameOverActionsTests.swift,\ GameReplayTimelineTests.swift,\ GameViewModelCheckpointTests.swift,\ GameplayFeedbackCommitTests.swift /Users/alex/.codex/worktrees/naval-exploration/Settlers/SettlersTests/GameOverActionsTests.swift /Users/alex/.codex/worktrees/naval-exploration/Settlers/SettlersTests/GameReplayTimelineTests.swift /Users/alex/.codex/worktrees/naval-exploration/Settlers/SettlersTests/GameViewModelCheckpointTests.swift /Users/alex/.codex/worktrees/naval-exploration/Settlers/SettlersTests/GameplayFeedbackCommitTests.swift (in target 'SettlersTests' from project 'Settlers')

SwiftCompile normal arm64 /Users/alex/.codex/worktrees/naval-exploration/Settlers/SettlersTests/GameOverActionsTests.swift (in target 'SettlersTests' from project 'Settlers')
    cd /Users/alex/.codex/worktrees/naval-exploration/Settlers
    

SwiftCompile normal arm64 /Users/alex/.codex/worktrees/naval-exploration/Settlers/SettlersTests/GameReplayTimelineTests.swift (in target 'SettlersTests' from project 'Settlers')
    cd /Users/alex/.codex/worktrees/naval-exploration/Settlers
    

SwiftCompile normal arm64 /Users/alex/.codex/worktrees/naval-exploration/Settlers/SettlersTests/GameViewModelCheckpointTests.swift (in target 'SettlersTests' from project 'Settlers')
    cd /Users/alex/.codex/worktrees/naval-exploration/Settlers
    

SwiftCompile normal arm64 /Users/alex/.codex/worktrees/naval-exploration/Settlers/SettlersTests/GameplayFeedbackCommitTests.swift (in target 'SettlersTests' from project 'Settlers')
    cd /Users/alex/.codex/worktrees/naval-exploration/Settlers
    

SwiftCompile normal arm64 Compiling\ DevelopmentCardDisplayTests.swift,\ DevelopmentCardJourneyTests.swift,\ DiscardDraftTests.swift,\ EloTests.swift /Users/alex/.codex/worktrees/naval-exploration/Settlers/SettlersTests/DevelopmentCardDisplayTests.swift /Users/alex/.codex/worktrees/naval-exploration/Settlers/SettlersTests/DevelopmentCardJourneyTests.swift /Users/alex/.codex/worktrees/naval-exploration/Settlers/SettlersTests/DiscardDraftTests.swift /Users/alex/.codex/worktrees/naval-exploration/Settlers/SettlersTests/EloTests.swift (in target 'SettlersTests' from project 'Settlers')

SwiftCompile normal arm64 /Users/alex/.codex/worktrees/naval-exploration/Settlers/SettlersTests/DevelopmentCardDisplayTests.swift (in target 'SettlersTests' from project 'Settlers')
    cd /Users/alex/.codex/worktrees/naval-exploration/Settlers
    

SwiftCompile normal arm64 /Users/alex/.codex/worktrees/naval-exploration/Settlers/SettlersTests/DevelopmentCardJourneyTests.swift (in target 'SettlersTests' from project 'Settlers')
    cd /Users/alex/.codex/worktrees/naval-exploration/Settlers
    

SwiftCompile normal arm64 /Users/alex/.codex/worktrees/naval-exploration/Settlers/SettlersTests/DiscardDraftTests.swift (in target 'SettlersTests' from project 'Settlers')
    cd /Users/alex/.codex/worktrees/naval-exploration/Settlers
    

SwiftCompile normal arm64 /Users/alex/.codex/worktrees/naval-exploration/Settlers/SettlersTests/EloTests.swift (in target 'SettlersTests' from project 'Settlers')
    cd /Users/alex/.codex/worktrees/naval-exploration/Settlers
    

SwiftCompile normal arm64 Compiling\ ExpertArchiveRevisionTests.swift,\ ExpertRevisionTests.swift,\ GameInteractionPriorityTests.swift,\ GameLogStoreTests.swift /Users/alex/.codex/worktrees/naval-exploration/Settlers/SettlersTests/ExpertArchiveRevisionTests.swift /Users/alex/.codex/worktrees/naval-exploration/Settlers/SettlersTests/ExpertRevisionTests.swift /Users/alex/.codex/worktrees/naval-exploration/Settlers/SettlersTests/GameInteractionPriorityTests.swift /Users/alex/.codex/worktrees/naval-exploration/Settlers/SettlersTests/GameLogStoreTests.swift (in target 'SettlersTests' from project 'Settlers')

SwiftCompile normal arm64 /Users/alex/.codex/worktrees/naval-exploration/Settlers/SettlersTests/ExpertArchiveRevisionTests.swift (in target 'SettlersTests' from project 'Settlers')
    cd /Users/alex/.codex/worktrees/naval-exploration/Settlers
    

SwiftCompile normal arm64 /Users/alex/.codex/worktrees/naval-exploration/Settlers/SettlersTests/ExpertRevisionTests.swift (in target 'SettlersTests' from project 'Settlers')
    cd /Users/alex/.codex/worktrees/naval-exploration/Settlers
    

SwiftCompile normal arm64 /Users/alex/.codex/worktrees/naval-exploration/Settlers/SettlersTests/GameInteractionPriorityTests.swift (in target 'SettlersTests' from project 'Settlers')
    cd /Users/alex/.codex/worktrees/naval-exploration/Settlers
    

SwiftCompile normal arm64 /Users/alex/.codex/worktrees/naval-exploration/Settlers/SettlersTests/GameLogStoreTests.swift (in target 'SettlersTests' from project 'Settlers')
    cd /Users/alex/.codex/worktrees/naval-exploration/Settlers
    

SwiftCompile normal arm64 Compiling\ HumanTradeOfferPolicyTests.swift,\ IncomingOfferHoldTests.swift,\ IncrementalCheckpointValidationTests.swift,\ LeaderboardTests.swift /Users/alex/.codex/worktrees/naval-exploration/Settlers/SettlersTests/HumanTradeOfferPolicyTests.swift /Users/alex/.codex/worktrees/naval-exploration/Settlers/SettlersTests/IncomingOfferHoldTests.swift /Users/alex/.codex/worktrees/naval-exploration/Settlers/SettlersTests/IncrementalCheckpointValidationTests.swift /Users/alex/.codex/worktrees/naval-exploration/Settlers/SettlersTests/LeaderboardTests.swift (in target 'SettlersTests' from project 'Settlers')

SwiftCompile normal arm64 /Users/alex/.codex/worktrees/naval-exploration/Settlers/SettlersTests/HumanTradeOfferPolicyTests.swift (in target 'SettlersTests' from project 'Settlers')
    cd /Users/alex/.codex/worktrees/naval-exploration/Settlers
    

SwiftCompile normal arm64 /Users/alex/.codex/worktrees/naval-exploration/Settlers/SettlersTests/IncomingOfferHoldTests.swift (in target 'SettlersTests' from project 'Settlers')
    cd /Users/alex/.codex/worktrees/naval-exploration/Settlers
    

SwiftCompile normal arm64 /Users/alex/.codex/worktrees/naval-exploration/Settlers/SettlersTests/IncrementalCheckpointValidationTests.swift (in target 'SettlersTests' from project 'Settlers')
    cd /Users/alex/.codex/worktrees/naval-exploration/Settlers
    

SwiftCompile normal arm64 /Users/alex/.codex/worktrees/naval-exploration/Settlers/SettlersTests/LeaderboardTests.swift (in target 'SettlersTests' from project 'Settlers')
    cd /Users/alex/.codex/worktrees/naval-exploration/Settlers
    

SwiftEmitModule normal arm64 Emitting\ module\ for\ SettlersTests (in target 'SettlersTests' from project 'Settlers')
EmitSwiftModule normal arm64 (in target 'SettlersTests' from project 'Settlers')
    cd /Users/alex/.codex/worktrees/naval-exploration/Settlers
    

SwiftCompile normal arm64 Compiling\ BotProgressTests.swift,\ CheckpointExportTests.swift,\ CheckpointLifecycleTests.swift,\ CheckpointMigrationTests.swift /Users/alex/.codex/worktrees/naval-exploration/Settlers/SettlersTests/BotProgressTests.swift /Users/alex/.codex/worktrees/naval-exploration/Settlers/SettlersTests/CheckpointExportTests.swift /Users/alex/.codex/worktrees/naval-exploration/Settlers/SettlersTests/CheckpointLifecycleTests.swift /Users/alex/.codex/worktrees/naval-exploration/Settlers/SettlersTests/CheckpointMigrationTests.swift (in target 'SettlersTests' from project 'Settlers')

SwiftCompile normal arm64 /Users/alex/.codex/worktrees/naval-exploration/Settlers/SettlersTests/BotProgressTests.swift (in target 'SettlersTests' from project 'Settlers')
    cd /Users/alex/.codex/worktrees/naval-exploration/Settlers
    

SwiftCompile normal arm64 /Users/alex/.codex/worktrees/naval-exploration/Settlers/SettlersTests/CheckpointExportTests.swift (in target 'SettlersTests' from project 'Settlers')
    cd /Users/alex/.codex/worktrees/naval-exploration/Settlers
    

SwiftCompile normal arm64 /Users/alex/.codex/worktrees/naval-exploration/Settlers/SettlersTests/CheckpointLifecycleTests.swift (in target 'SettlersTests' from project 'Settlers')
    cd /Users/alex/.codex/worktrees/naval-exploration/Settlers
    

SwiftCompile normal arm64 /Users/alex/.codex/worktrees/naval-exploration/Settlers/SettlersTests/CheckpointMigrationTests.swift (in target 'SettlersTests' from project 'Settlers')
    cd /Users/alex/.codex/worktrees/naval-exploration/Settlers
    

SwiftDriverJobDiscovery normal arm64 Emitting module for SettlersUITests (in target 'SettlersUITests' from project 'Settlers')

SwiftDriver\ Compilation\ Requirements SettlersUITests normal arm64 com.apple.xcode.tools.swift.compiler (in target 'SettlersUITests' from project 'Settlers')
    cd /Users/alex/.codex/worktrees/naval-exploration/Settlers
    builtin-Swift-Compilation-Requirements -- /Applications/Xcode.app/Contents/Developer/Toolchains/XcodeDefault.xctoolchain/usr/bin/swiftc -module-name SettlersUITests -Onone @/Users/alex/Library/Developer/Xcode/DerivedData/Settlers-bqwdcayamsmaxsekctdqetlegmaf/Build/Intermediates.noindex/Settlers.build/Debug-iphonesimulator/SettlersUITests.build/Objects-normal/arm64/SettlersUITests.SwiftFileList -DDEBUG -module-alias Testing\=_Testing_Unavailable -plugin-path /Applications/Xcode.app/Contents/Developer/Toolchains/XcodeDefault.xctoolchain/usr/lib/swift/host/plugins/testing -enable-experimental-feature DebugDescriptionMacro -sdk /Applications/Xcode.app/Contents/Developer/Platforms/iPhoneSimulator.platform/Developer/SDKs/iPhoneSimulator26.5.sdk -target arm64-apple-ios17.0-simulator -g -module-cache-path /Users/alex/Library/Developer/Xcode/DerivedData/ModuleCache.noindex -Xfrontend -serialize-debugging-options -profile-coverage-mapping -profile-generate -enable-testing -warnings-as-errors -index-store-path /Users/alex/Library/Developer/Xcode/DerivedData/Settlers-bqwdcayamsmaxsekctdqetlegmaf/Index.noindex/DataStore -Xcc -D_LIBCPP_HARDENING_MODE\=_LIBCPP_HARDENING_MODE_DEBUG -swift-version 6 -I /Users/alex/Library/Developer/Xcode/DerivedData/Settlers-bqwdcayamsmaxsekctdqetlegmaf/Build/Products/Debug-iphonesimulator -Isystem /Applications/Xcode.app/Contents/Developer/Platforms/iPhoneSimulator.platform/Developer/usr/lib -F /Users/alex/Library/Developer/Xcode/DerivedData/Settlers-bqwdcayamsmaxsekctdqetlegmaf/Build/Products/Debug-iphonesimulator -F /Applications/Xcode.app/Contents/Developer/Platforms/iPhoneSimulator.platform/Developer/Library/Frameworks -F /Applications/Xcode.app/Contents/Developer/Platforms/iPhoneSimulator.platform/Developer/SDKs/iPhoneSimulator26.5.sdk/Developer/Library/Frameworks -c -j18 -enable-batch-mode -incremental -Xcc -ivfsstatcache -Xcc /Users/alex/Library/Developer/Xcode/DerivedData/SDKStatCaches.noindex/iphonesimulator26.5-23F73-6cfe768891a92b912361537c460fe42b.sdkstatcache -output-file-map /Users/alex/Library/Developer/Xcode/DerivedData/Settlers-bqwdcayamsmaxsekctdqetlegmaf/Build/Intermediates.noindex/Settlers.build/Debug-iphonesimulator/SettlersUITests.build/Objects-normal/arm64/SettlersUITests-OutputFileMap.json -use-frontend-parseable-output -save-temps -no-color-diagnostics -explicit-module-build -module-cache-path /Users/alex/Library/Developer/Xcode/DerivedData/Settlers-bqwdcayamsmaxsekctdqetlegmaf/Build/Intermediates.noindex/SwiftExplicitPrecompiledModules -clang-scanner-module-cache-path /Users/alex/Library/Developer/Xcode/DerivedData/ModuleCache.noindex -sdk-module-cache-path /Users/alex/Library/Developer/Xcode/DerivedData/ModuleCache.noindex -serialize-diagnostics -emit-dependencies -emit-module -emit-module-path /Users/alex/Library/Developer/Xcode/DerivedData/Settlers-bqwdcayamsmaxsekctdqetlegmaf/Build/Intermediates.noindex/Settlers.build/Debug-iphonesimulator/SettlersUITests.build/Objects-normal/arm64/SettlersUITests.swiftmodule -validate-clang-modules-once -clang-build-session-file /Users/alex/Library/Developer/Xcode/DerivedData/ModuleCache.noindex/Session.modulevalidation -Xcc -I/Users/alex/Library/Developer/Xcode/DerivedData/Settlers-bqwdcayamsmaxsekctdqetlegmaf/Build/Intermediates.noindex/Settlers.build/Debug-iphonesimulator/SettlersUITests.build/swift-overrides.hmap -emit-const-values -Xfrontend -const-gather-protocols-file -Xfrontend /Users/alex/Library/Developer/Xcode/DerivedData/Settlers-bqwdcayamsmaxsekctdqetlegmaf/Build/Intermediates.noindex/Settlers.build/Debug-iphonesimulator/SettlersUITests.build/Objects-normal/arm64/SettlersUITests_const_extract_protocols.json -Xcc -iquote -Xcc /Users/alex/Library/Developer/Xcode/DerivedData/Settlers-bqwdcayamsmaxsekctdqetlegmaf/Build/Intermediates.noindex/Settlers.build/Debug-iphonesimulator/SettlersUITests.build/SettlersUITests-generated-files.hmap -Xcc -I/Users/alex/Library/Developer/Xcode/DerivedData/Settlers-bqwdcayamsmaxsekctdqetlegmaf/Build/Intermediates.noindex/Settlers.build/Debug-iphonesimulator/SettlersUITests.build/SettlersUITests-own-target-headers.hmap -Xcc -I/Users/alex/Library/Developer/Xcode/DerivedData/Settlers-bqwdcayamsmaxsekctdqetlegmaf/Build/Intermediates.noindex/Settlers.build/Debug-iphonesimulator/SettlersUITests.build/SettlersUITests-all-non-framework-target-headers.hmap -Xcc -ivfsoverlay -Xcc /Users/alex/Library/Developer/Xcode/DerivedData/Settlers-bqwdcayamsmaxsekctdqetlegmaf/Build/Intermediates.noindex/Settlers.build/Debug-iphonesimulator/Settlers-9ad65172c434931f4eb5300f50bbe1d2-VFS-iphonesimulator/all-product-headers.yaml -Xcc -iquote -Xcc /Users/alex/Library/Developer/Xcode/DerivedData/Settlers-bqwdcayamsmaxsekctdqetlegmaf/Build/Intermediates.noindex/Settlers.build/Debug-iphonesimulator/SettlersUITests.build/SettlersUITests-project-headers.hmap -Xcc -I/Users/alex/Library/Developer/Xcode/DerivedData/Settlers-bqwdcayamsmaxsekctdqetlegmaf/Build/Products/Debug-iphonesimulator/include -Xcc -I/Users/alex/Library/Developer/Xcode/DerivedData/Settlers-bqwdcayamsmaxsekctdqetlegmaf/Build/Intermediates.noindex/Settlers.build/Debug-iphonesimulator/SettlersUITests.build/DerivedSources-normal/arm64 -Xcc -I/Users/alex/Library/Developer/Xcode/DerivedData/Settlers-bqwdcayamsmaxsekctdqetlegmaf/Build/Intermediates.noindex/Settlers.build/Debug-iphonesimulator/SettlersUITests.build/DerivedSources/arm64 -Xcc -I/Users/alex/Library/Developer/Xcode/DerivedData/Settlers-bqwdcayamsmaxsekctdqetlegmaf/Build/Intermediates.noindex/Settlers.build/Debug-iphonesimulator/SettlersUITests.build/DerivedSources -Xcc -DDEBUG\=1 -emit-objc-header -emit-objc-header-path /Users/alex/Library/Developer/Xcode/DerivedData/Settlers-bqwdcayamsmaxsekctdqetlegmaf/Build/Intermediates.noindex/Settlers.build/Debug-iphonesimulator/SettlersUITests.build/Objects-normal/arm64/SettlersUITests-Swift.h -working-directory /Users/alex/.codex/worktrees/naval-exploration/Settlers -experimental-emit-module-separately -disable-cmo

SwiftDriverJobDiscovery normal arm64 Compiling NewGameMatchSettingsFlowTests.swift (in target 'SettlersUITests' from project 'Settlers')

SwiftCompile normal arm64 Compiling\ CivilizationMappingTests.swift,\ CloudKitBackendTests.swift,\ CompleteMatchTests.swift,\ ConquestSetupTests.swift /Users/alex/.codex/worktrees/naval-exploration/Settlers/SettlersTests/CivilizationMappingTests.swift /Users/alex/.codex/worktrees/naval-exploration/Settlers/SettlersTests/CloudKitBackendTests.swift /Users/alex/.codex/worktrees/naval-exploration/Settlers/SettlersTests/CompleteMatchTests.swift /Users/alex/.codex/worktrees/naval-exploration/Settlers/SettlersTests/ConquestSetupTests.swift (in target 'SettlersTests' from project 'Settlers')

SwiftCompile normal arm64 /Users/alex/.codex/worktrees/naval-exploration/Settlers/SettlersTests/CivilizationMappingTests.swift (in target 'SettlersTests' from project 'Settlers')
    cd /Users/alex/.codex/worktrees/naval-exploration/Settlers
    

SwiftCompile normal arm64 /Users/alex/.codex/worktrees/naval-exploration/Settlers/SettlersTests/CloudKitBackendTests.swift (in target 'SettlersTests' from project 'Settlers')
    cd /Users/alex/.codex/worktrees/naval-exploration/Settlers
    

SwiftCompile normal arm64 /Users/alex/.codex/worktrees/naval-exploration/Settlers/SettlersTests/CompleteMatchTests.swift (in target 'SettlersTests' from project 'Settlers')
    cd /Users/alex/.codex/worktrees/naval-exploration/Settlers
    

SwiftCompile normal arm64 /Users/alex/.codex/worktrees/naval-exploration/Settlers/SettlersTests/ConquestSetupTests.swift (in target 'SettlersTests' from project 'Settlers')
    cd /Users/alex/.codex/worktrees/naval-exploration/Settlers
    

Copy /Users/alex/Library/Developer/Xcode/DerivedData/Settlers-bqwdcayamsmaxsekctdqetlegmaf/Build/Products/Debug-iphonesimulator/SettlersUITests.swiftmodule/Project/arm64-apple-ios-simulator.swiftsourceinfo /Users/alex/Library/Developer/Xcode/DerivedData/Settlers-bqwdcayamsmaxsekctdqetlegmaf/Build/Intermediates.noindex/Settlers.build/Debug-iphonesimulator/SettlersUITests.build/Objects-normal/arm64/SettlersUITests.swiftsourceinfo (in target 'SettlersUITests' from project 'Settlers')
    cd /Users/alex/.codex/worktrees/naval-exploration/Settlers
    builtin-copy -exclude .DS_Store -exclude CVS -exclude .svn -exclude .git -exclude .hg -resolve-src-symlinks -rename /Users/alex/Library/Developer/Xcode/DerivedData/Settlers-bqwdcayamsmaxsekctdqetlegmaf/Build/Intermediates.noindex/Settlers.build/Debug-iphonesimulator/SettlersUITests.build/Objects-normal/arm64/SettlersUITests.swiftsourceinfo /Users/alex/Library/Developer/Xcode/DerivedData/Settlers-bqwdcayamsmaxsekctdqetlegmaf/Build/Products/Debug-iphonesimulator/SettlersUITests.swiftmodule/Project/arm64-apple-ios-simulator.swiftsourceinfo

SwiftDriverJobDiscovery normal arm64 Compiling NavalFlowTests.swift (in target 'SettlersUITests' from project 'Settlers')

SwiftCompile normal arm64 Compiling\ BoardDecisionViewModelTests.swift,\ BoardFitTests.swift,\ BoardLayeringTests.swift,\ BotDifficultyTests.swift /Users/alex/.codex/worktrees/naval-exploration/Settlers/SettlersTests/BoardDecisionViewModelTests.swift /Users/alex/.codex/worktrees/naval-exploration/Settlers/SettlersTests/BoardFitTests.swift /Users/alex/.codex/worktrees/naval-exploration/Settlers/SettlersTests/BoardLayeringTests.swift /Users/alex/.codex/worktrees/naval-exploration/Settlers/SettlersTests/BotDifficultyTests.swift (in target 'SettlersTests' from project 'Settlers')

SwiftCompile normal arm64 /Users/alex/.codex/worktrees/naval-exploration/Settlers/SettlersTests/BoardDecisionViewModelTests.swift (in target 'SettlersTests' from project 'Settlers')
    cd /Users/alex/.codex/worktrees/naval-exploration/Settlers
    

SwiftCompile normal arm64 /Users/alex/.codex/worktrees/naval-exploration/Settlers/SettlersTests/BoardFitTests.swift (in target 'SettlersTests' from project 'Settlers')
    cd /Users/alex/.codex/worktrees/naval-exploration/Settlers
    

SwiftCompile normal arm64 /Users/alex/.codex/worktrees/naval-exploration/Settlers/SettlersTests/BoardLayeringTests.swift (in target 'SettlersTests' from project 'Settlers')
    cd /Users/alex/.codex/worktrees/naval-exploration/Settlers
    

SwiftCompile normal arm64 /Users/alex/.codex/worktrees/naval-exploration/Settlers/SettlersTests/BotDifficultyTests.swift (in target 'SettlersTests' from project 'Settlers')
    cd /Users/alex/.codex/worktrees/naval-exploration/Settlers
    

Copy /Users/alex/Library/Developer/Xcode/DerivedData/Settlers-bqwdcayamsmaxsekctdqetlegmaf/Build/Products/Debug-iphonesimulator/SettlersUITests.swiftmodule/arm64-apple-ios-simulator.swiftmodule /Users/alex/Library/Developer/Xcode/DerivedData/Settlers-bqwdcayamsmaxsekctdqetlegmaf/Build/Intermediates.noindex/Settlers.build/Debug-iphonesimulator/SettlersUITests.build/Objects-normal/arm64/SettlersUITests.swiftmodule (in target 'SettlersUITests' from project 'Settlers')
    cd /Users/alex/.codex/worktrees/naval-exploration/Settlers
    builtin-copy -exclude .DS_Store -exclude CVS -exclude .svn -exclude .git -exclude .hg -resolve-src-symlinks -rename /Users/alex/Library/Developer/Xcode/DerivedData/Settlers-bqwdcayamsmaxsekctdqetlegmaf/Build/Intermediates.noindex/Settlers.build/Debug-iphonesimulator/SettlersUITests.build/Objects-normal/arm64/SettlersUITests.swiftmodule /Users/alex/Library/Developer/Xcode/DerivedData/Settlers-bqwdcayamsmaxsekctdqetlegmaf/Build/Products/Debug-iphonesimulator/SettlersUITests.swiftmodule/arm64-apple-ios-simulator.swiftmodule

SwiftDriverJobDiscovery normal arm64 Compiling TradeDraftFeedbackTests.swift, TradeReceiptTests.swift, VictoryPointBreakdownTests.swift (in target 'SettlersTests' from project 'Settlers')

Copy /Users/alex/Library/Developer/Xcode/DerivedData/Settlers-bqwdcayamsmaxsekctdqetlegmaf/Build/Products/Debug-iphonesimulator/SettlersUITests.swiftmodule/arm64-apple-ios-simulator.abi.json /Users/alex/Library/Developer/Xcode/DerivedData/Settlers-bqwdcayamsmaxsekctdqetlegmaf/Build/Intermediates.noindex/Settlers.build/Debug-iphonesimulator/SettlersUITests.build/Objects-normal/arm64/SettlersUITests.abi.json (in target 'SettlersUITests' from project 'Settlers')
    cd /Users/alex/.codex/worktrees/naval-exploration/Settlers
    builtin-copy -exclude .DS_Store -exclude CVS -exclude .svn -exclude .git -exclude .hg -resolve-src-symlinks -rename /Users/alex/Library/Developer/Xcode/DerivedData/Settlers-bqwdcayamsmaxsekctdqetlegmaf/Build/Intermediates.noindex/Settlers.build/Debug-iphonesimulator/SettlersUITests.build/Objects-normal/arm64/SettlersUITests.abi.json /Users/alex/Library/Developer/Xcode/DerivedData/Settlers-bqwdcayamsmaxsekctdqetlegmaf/Build/Products/Debug-iphonesimulator/SettlersUITests.swiftmodule/arm64-apple-ios-simulator.abi.json

SwiftDriver\ Compilation SettlersUITests normal arm64 com.apple.xcode.tools.swift.compiler (in target 'SettlersUITests' from project 'Settlers')
    cd /Users/alex/.codex/worktrees/naval-exploration/Settlers
    builtin-Swift-Compilation -- /Applications/Xcode.app/Contents/Developer/Toolchains/XcodeDefault.xctoolchain/usr/bin/swiftc -module-name SettlersUITests -Onone @/Users/alex/Library/Developer/Xcode/DerivedData/Settlers-bqwdcayamsmaxsekctdqetlegmaf/Build/Intermediates.noindex/Settlers.build/Debug-iphonesimulator/SettlersUITests.build/Objects-normal/arm64/SettlersUITests.SwiftFileList -DDEBUG -module-alias Testing\=_Testing_Unavailable -plugin-path /Applications/Xcode.app/Contents/Developer/Toolchains/XcodeDefault.xctoolchain/usr/lib/swift/host/plugins/testing -enable-experimental-feature DebugDescriptionMacro -sdk /Applications/Xcode.app/Contents/Developer/Platforms/iPhoneSimulator.platform/Developer/SDKs/iPhoneSimulator26.5.sdk -target arm64-apple-ios17.0-simulator -g -module-cache-path /Users/alex/Library/Developer/Xcode/DerivedData/ModuleCache.noindex -Xfrontend -serialize-debugging-options -profile-coverage-mapping -profile-generate -enable-testing -warnings-as-errors -index-store-path /Users/alex/Library/Developer/Xcode/DerivedData/Settlers-bqwdcayamsmaxsekctdqetlegmaf/Index.noindex/DataStore -Xcc -D_LIBCPP_HARDENING_MODE\=_LIBCPP_HARDENING_MODE_DEBUG -swift-version 6 -I /Users/alex/Library/Developer/Xcode/DerivedData/Settlers-bqwdcayamsmaxsekctdqetlegmaf/Build/Products/Debug-iphonesimulator -Isystem /Applications/Xcode.app/Contents/Developer/Platforms/iPhoneSimulator.platform/Developer/usr/lib -F /Users/alex/Library/Developer/Xcode/DerivedData/Settlers-bqwdcayamsmaxsekctdqetlegmaf/Build/Products/Debug-iphonesimulator -F /Applications/Xcode.app/Contents/Developer/Platforms/iPhoneSimulator.platform/Developer/Library/Frameworks -F /Applications/Xcode.app/Contents/Developer/Platforms/iPhoneSimulator.platform/Developer/SDKs/iPhoneSimulator26.5.sdk/Developer/Library/Frameworks -c -j18 -enable-batch-mode -incremental -Xcc -ivfsstatcache -Xcc /Users/alex/Library/Developer/Xcode/DerivedData/SDKStatCaches.noindex/iphonesimulator26.5-23F73-6cfe768891a92b912361537c460fe42b.sdkstatcache -output-file-map /Users/alex/Library/Developer/Xcode/DerivedData/Settlers-bqwdcayamsmaxsekctdqetlegmaf/Build/Intermediates.noindex/Settlers.build/Debug-iphonesimulator/SettlersUITests.build/Objects-normal/arm64/SettlersUITests-OutputFileMap.json -use-frontend-parseable-output -save-temps -no-color-diagnostics -explicit-module-build -module-cache-path /Users/alex/Library/Developer/Xcode/DerivedData/Settlers-bqwdcayamsmaxsekctdqetlegmaf/Build/Intermediates.noindex/SwiftExplicitPrecompiledModules -clang-scanner-module-cache-path /Users/alex/Library/Developer/Xcode/DerivedData/ModuleCache.noindex -sdk-module-cache-path /Users/alex/Library/Developer/Xcode/DerivedData/ModuleCache.noindex -serialize-diagnostics -emit-dependencies -emit-module -emit-module-path /Users/alex/Library/Developer/Xcode/DerivedData/Settlers-bqwdcayamsmaxsekctdqetlegmaf/Build/Intermediates.noindex/Settlers.build/Debug-iphonesimulator/SettlersUITests.build/Objects-normal/arm64/SettlersUITests.swiftmodule -validate-clang-modules-once -clang-build-session-file /Users/alex/Library/Developer/Xcode/DerivedData/ModuleCache.noindex/Session.modulevalidation -Xcc -I/Users/alex/Library/Developer/Xcode/DerivedData/Settlers-bqwdcayamsmaxsekctdqetlegmaf/Build/Intermediates.noindex/Settlers.build/Debug-iphonesimulator/SettlersUITests.build/swift-overrides.hmap -emit-const-values -Xfrontend -const-gather-protocols-file -Xfrontend /Users/alex/Library/Developer/Xcode/DerivedData/Settlers-bqwdcayamsmaxsekctdqetlegmaf/Build/Intermediates.noindex/Settlers.build/Debug-iphonesimulator/SettlersUITests.build/Objects-normal/arm64/SettlersUITests_const_extract_protocols.json -Xcc -iquote -Xcc /Users/alex/Library/Developer/Xcode/DerivedData/Settlers-bqwdcayamsmaxsekctdqetlegmaf/Build/Intermediates.noindex/Settlers.build/Debug-iphonesimulator/SettlersUITests.build/SettlersUITests-generated-files.hmap -Xcc -I/Users/alex/Library/Developer/Xcode/DerivedData/Settlers-bqwdcayamsmaxsekctdqetlegmaf/Build/Intermediates.noindex/Settlers.build/Debug-iphonesimulator/SettlersUITests.build/SettlersUITests-own-target-headers.hmap -Xcc -I/Users/alex/Library/Developer/Xcode/DerivedData/Settlers-bqwdcayamsmaxsekctdqetlegmaf/Build/Intermediates.noindex/Settlers.build/Debug-iphonesimulator/SettlersUITests.build/SettlersUITests-all-non-framework-target-headers.hmap -Xcc -ivfsoverlay -Xcc /Users/alex/Library/Developer/Xcode/DerivedData/Settlers-bqwdcayamsmaxsekctdqetlegmaf/Build/Intermediates.noindex/Settlers.build/Debug-iphonesimulator/Settlers-9ad65172c434931f4eb5300f50bbe1d2-VFS-iphonesimulator/all-product-headers.yaml -Xcc -iquote -Xcc /Users/alex/Library/Developer/Xcode/DerivedData/Settlers-bqwdcayamsmaxsekctdqetlegmaf/Build/Intermediates.noindex/Settlers.build/Debug-iphonesimulator/SettlersUITests.build/SettlersUITests-project-headers.hmap -Xcc -I/Users/alex/Library/Developer/Xcode/DerivedData/Settlers-bqwdcayamsmaxsekctdqetlegmaf/Build/Products/Debug-iphonesimulator/include -Xcc -I/Users/alex/Library/Developer/Xcode/DerivedData/Settlers-bqwdcayamsmaxsekctdqetlegmaf/Build/Intermediates.noindex/Settlers.build/Debug-iphonesimulator/SettlersUITests.build/DerivedSources-normal/arm64 -Xcc -I/Users/alex/Library/Developer/Xcode/DerivedData/Settlers-bqwdcayamsmaxsekctdqetlegmaf/Build/Intermediates.noindex/Settlers.build/Debug-iphonesimulator/SettlersUITests.build/DerivedSources/arm64 -Xcc -I/Users/alex/Library/Developer/Xcode/DerivedData/Settlers-bqwdcayamsmaxsekctdqetlegmaf/Build/Intermediates.noindex/Settlers.build/Debug-iphonesimulator/SettlersUITests.build/DerivedSources -Xcc -DDEBUG\=1 -emit-objc-header -emit-objc-header-path /Users/alex/Library/Developer/Xcode/DerivedData/Settlers-bqwdcayamsmaxsekctdqetlegmaf/Build/Intermediates.noindex/Settlers.build/Debug-iphonesimulator/SettlersUITests.build/Objects-normal/arm64/SettlersUITests-Swift.h -working-directory /Users/alex/.codex/worktrees/naval-exploration/Settlers -experimental-emit-module-separately -disable-cmo

SwiftCompile normal arm64 Compiling\ AppSettingsTests.swift,\ ArmyUITests.swift,\ BoardCameraTests.swift,\ BoardDecisionCoordinatorTests.swift /Users/alex/.codex/worktrees/naval-exploration/Settlers/SettlersTests/AppSettingsTests.swift /Users/alex/.codex/worktrees/naval-exploration/Settlers/SettlersTests/ArmyUITests.swift /Users/alex/.codex/worktrees/naval-exploration/Settlers/SettlersTests/BoardCameraTests.swift /Users/alex/.codex/worktrees/naval-exploration/Settlers/SettlersTests/BoardDecisionCoordinatorTests.swift (in target 'SettlersTests' from project 'Settlers')

SwiftCompile normal arm64 /Users/alex/.codex/worktrees/naval-exploration/Settlers/SettlersTests/AppSettingsTests.swift (in target 'SettlersTests' from project 'Settlers')
    cd /Users/alex/.codex/worktrees/naval-exploration/Settlers
    

SwiftCompile normal arm64 /Users/alex/.codex/worktrees/naval-exploration/Settlers/SettlersTests/ArmyUITests.swift (in target 'SettlersTests' from project 'Settlers')
    cd /Users/alex/.codex/worktrees/naval-exploration/Settlers
    

SwiftCompile normal arm64 /Users/alex/.codex/worktrees/naval-exploration/Settlers/SettlersTests/BoardCameraTests.swift (in target 'SettlersTests' from project 'Settlers')
    cd /Users/alex/.codex/worktrees/naval-exploration/Settlers
    

SwiftCompile normal arm64 /Users/alex/.codex/worktrees/naval-exploration/Settlers/SettlersTests/BoardDecisionCoordinatorTests.swift (in target 'SettlersTests' from project 'Settlers')
    cd /Users/alex/.codex/worktrees/naval-exploration/Settlers
    

SwiftDriverJobDiscovery normal arm64 Compiling PacingPreferencesTests.swift, PersistenceTests.swift, PreMergeAuditRegressionTests.swift, RatingStoreTests.swift (in target 'SettlersTests' from project 'Settlers')

SwiftDriverJobDiscovery normal arm64 Compiling CivilizationMappingTests.swift, CloudKitBackendTests.swift, CompleteMatchTests.swift, ConquestSetupTests.swift (in target 'SettlersTests' from project 'Settlers')

SwiftDriverJobDiscovery normal arm64 Compiling ReplayExportFixtures.swift, ReplayExportModelTests.swift, ReplayExportPresentationTests.swift, ReplayExportSequenceTests.swift (in target 'SettlersTests' from project 'Settlers')

SwiftDriverJobDiscovery normal arm64 Compiling ExpertArchiveRevisionTests.swift, ExpertRevisionTests.swift, GameInteractionPriorityTests.swift, GameLogStoreTests.swift (in target 'SettlersTests' from project 'Settlers')

SwiftDriverJobDiscovery normal arm64 Compiling GameplayFeedbackLayoutTests.swift, GameplayFeedbackTests.swift, GhostSeatTests.swift, GhostStoreTests.swift (in target 'SettlersTests' from project 'Settlers')

SwiftDriverJobDiscovery normal arm64 Compiling RobberDragJourneyTests.swift, RobberDragRouterTests.swift, RulebookContentTests.swift, SaveRecoveryTests.swift (in target 'SettlersTests' from project 'Settlers')

SwiftDriverJobDiscovery normal arm64 Compiling BotProgressTests.swift, CheckpointExportTests.swift, CheckpointLifecycleTests.swift, CheckpointMigrationTests.swift (in target 'SettlersTests' from project 'Settlers')

SwiftDriverJobDiscovery normal arm64 Compiling GhostTrainerTests.swift, GhostTrainingQueueTests.swift, HumanDecisionProvenanceTests.swift, HumanTradeOfferIntegrationTests.swift (in target 'SettlersTests' from project 'Settlers')

SwiftDriverJobDiscovery normal arm64 Compiling HumanTradeOfferPolicyTests.swift, IncomingOfferHoldTests.swift, IncrementalCheckpointValidationTests.swift, LeaderboardTests.swift (in target 'SettlersTests' from project 'Settlers')

SwiftDriverJobDiscovery normal arm64 Compiling GameOverActionsTests.swift, GameReplayTimelineTests.swift, GameViewModelCheckpointTests.swift, GameplayFeedbackCommitTests.swift (in target 'SettlersTests' from project 'Settlers')

SwiftDriverJobDiscovery normal arm64 Compiling NavalBoardGeometryTests.swift, NavalHistoryIntegrityTests.swift, NavalMatchFlowTests.swift, NavalReleaseCompatibilityTests.swift (in target 'SettlersTests' from project 'Settlers')

SwiftDriverJobDiscovery normal arm64 Compiling DevelopmentCardDisplayTests.swift, DevelopmentCardJourneyTests.swift, DiscardDraftTests.swift, EloTests.swift (in target 'SettlersTests' from project 'Settlers')

SwiftDriverJobDiscovery normal arm64 Compiling ReplayShareControllerTests.swift, ReplayVideoExporterTests.swift, ResourceProductionFeedbackTests.swift, RobberConfirmationTests.swift (in target 'SettlersTests' from project 'Settlers')

SwiftDriverJobDiscovery normal arm64 Compiling BoardDecisionViewModelTests.swift, BoardFitTests.swift, BoardLayeringTests.swift, BotDifficultyTests.swift (in target 'SettlersTests' from project 'Settlers')

SwiftDriverJobDiscovery normal arm64 Compiling NewGameEndToEndTests.swift, NewGameSetupTests.swift, OpponentProfileIntegrationTests.swift, OpponentProfileTests.swift (in target 'SettlersTests' from project 'Settlers')

SwiftDriverJobDiscovery normal arm64 Compiling AppSettingsTests.swift, ArmyUITests.swift, BoardCameraTests.swift, BoardDecisionCoordinatorTests.swift (in target 'SettlersTests' from project 'Settlers')

SwiftDriverJobDiscovery normal arm64 Compiling LiveSyncRenameDetailTests.swift, LiveSyncTests.swift, MatchCheckpointStoreTests.swift, MatchSetupGhostTests.swift (in target 'SettlersTests' from project 'Settlers')

SwiftDriverJobDiscovery normal arm64 Emitting module for SettlersTests (in target 'SettlersTests' from project 'Settlers')

SwiftDriver\ Compilation\ Requirements SettlersTests normal arm64 com.apple.xcode.tools.swift.compiler (in target 'SettlersTests' from project 'Settlers')
    cd /Users/alex/.codex/worktrees/naval-exploration/Settlers
    builtin-Swift-Compilation-Requirements -- /Applications/Xcode.app/Contents/Developer/Toolchains/XcodeDefault.xctoolchain/usr/bin/swiftc -module-name SettlersTests -Onone @/Users/alex/Library/Developer/Xcode/DerivedData/Settlers-bqwdcayamsmaxsekctdqetlegmaf/Build/Intermediates.noindex/Settlers.build/Debug-iphonesimulator/SettlersTests.build/Objects-normal/arm64/SettlersTests.SwiftFileList -DDEBUG -plugin-path /Applications/Xcode.app/Contents/Developer/Toolchains/XcodeDefault.xctoolchain/usr/lib/swift/host/plugins/testing -enable-experimental-feature DebugDescriptionMacro -sdk /Applications/Xcode.app/Contents/Developer/Platforms/iPhoneSimulator.platform/Developer/SDKs/iPhoneSimulator26.5.sdk -target arm64-apple-ios17.0-simulator -g -module-cache-path /Users/alex/Library/Developer/Xcode/DerivedData/ModuleCache.noindex -Xfrontend -serialize-debugging-options -profile-coverage-mapping -profile-generate -enable-testing -warnings-as-errors -index-store-path /Users/alex/Library/Developer/Xcode/DerivedData/Settlers-bqwdcayamsmaxsekctdqetlegmaf/Index.noindex/DataStore -Xcc -D_LIBCPP_HARDENING_MODE\=_LIBCPP_HARDENING_MODE_DEBUG -swift-version 6 -I /Users/alex/Library/Developer/Xcode/DerivedData/Settlers-bqwdcayamsmaxsekctdqetlegmaf/Build/Products/Debug-iphonesimulator -Isystem /Applications/Xcode.app/Contents/Developer/Platforms/iPhoneSimulator.platform/Developer/usr/lib -F /Users/alex/Library/Developer/Xcode/DerivedData/Settlers-bqwdcayamsmaxsekctdqetlegmaf/Build/Products/Debug-iphonesimulator/PackageFrameworks -F /Users/alex/Library/Developer/Xcode/DerivedData/Settlers-bqwdcayamsmaxsekctdqetlegmaf/Build/Products/Debug-iphonesimulator/PackageFrameworks -F /Users/alex/Library/Developer/Xcode/DerivedData/Settlers-bqwdcayamsmaxsekctdqetlegmaf/Build/Products/Debug-iphonesimulator -F /Applications/Xcode.app/Contents/Developer/Platforms/iPhoneSimulator.platform/Developer/Library/Frameworks -F /Applications/Xcode.app/Contents/Developer/Platforms/iPhoneSimulator.platform/Developer/SDKs/iPhoneSimulator26.5.sdk/Developer/Library/Frameworks -c -j18 -enable-batch-mode -incremental -Xcc -ivfsstatcache -Xcc /Users/alex/Library/Developer/Xcode/DerivedData/SDKStatCaches.noindex/iphonesimulator26.5-23F73-6cfe768891a92b912361537c460fe42b.sdkstatcache -output-file-map /Users/alex/Library/Developer/Xcode/DerivedData/Settlers-bqwdcayamsmaxsekctdqetlegmaf/Build/Intermediates.noindex/Settlers.build/Debug-iphonesimulator/SettlersTests.build/Objects-normal/arm64/SettlersTests-OutputFileMap.json -use-frontend-parseable-output -save-temps -no-color-diagnostics -explicit-module-build -module-cache-path /Users/alex/Library/Developer/Xcode/DerivedData/Settlers-bqwdcayamsmaxsekctdqetlegmaf/Build/Intermediates.noindex/SwiftExplicitPrecompiledModules -clang-scanner-module-cache-path /Users/alex/Library/Developer/Xcode/DerivedData/ModuleCache.noindex -sdk-module-cache-path /Users/alex/Library/Developer/Xcode/DerivedData/ModuleCache.noindex -serialize-diagnostics -emit-dependencies -emit-module -emit-module-path /Users/alex/Library/Developer/Xcode/DerivedData/Settlers-bqwdcayamsmaxsekctdqetlegmaf/Build/Intermediates.noindex/Settlers.build/Debug-iphonesimulator/SettlersTests.build/Objects-normal/arm64/SettlersTests.swiftmodule -validate-clang-modules-once -clang-build-session-file /Users/alex/Library/Developer/Xcode/DerivedData/ModuleCache.noindex/Session.modulevalidation -Xcc -I/Users/alex/Library/Developer/Xcode/DerivedData/Settlers-bqwdcayamsmaxsekctdqetlegmaf/Build/Intermediates.noindex/Settlers.build/Debug-iphonesimulator/SettlersTests.build/swift-overrides.hmap -emit-const-values -Xfrontend -const-gather-protocols-file -Xfrontend /Users/alex/Library/Developer/Xcode/DerivedData/Settlers-bqwdcayamsmaxsekctdqetlegmaf/Build/Intermediates.noindex/Settlers.build/Debug-iphonesimulator/SettlersTests.build/Objects-normal/arm64/SettlersTests_const_extract_protocols.json -Xcc -iquote -Xcc /Users/alex/Library/Developer/Xcode/DerivedData/Settlers-bqwdcayamsmaxsekctdqetlegmaf/Build/Intermediates.noindex/Settlers.build/Debug-iphonesimulator/SettlersTests.build/SettlersTests-generated-files.hmap -Xcc -I/Users/alex/Library/Developer/Xcode/DerivedData/Settlers-bqwdcayamsmaxsekctdqetlegmaf/Build/Intermediates.noindex/Settlers.build/Debug-iphonesimulator/SettlersTests.build/SettlersTests-own-target-headers.hmap -Xcc -I/Users/alex/Library/Developer/Xcode/DerivedData/Settlers-bqwdcayamsmaxsekctdqetlegmaf/Build/Intermediates.noindex/Settlers.build/Debug-iphonesimulator/SettlersTests.build/SettlersTests-all-non-framework-target-headers.hmap -Xcc -ivfsoverlay -Xcc /Users/alex/Library/Developer/Xcode/DerivedData/Settlers-bqwdcayamsmaxsekctdqetlegmaf/Build/Intermediates.noindex/Settlers.build/Debug-iphonesimulator/Settlers-9ad65172c434931f4eb5300f50bbe1d2-VFS-iphonesimulator/all-product-headers.yaml -Xcc -iquote -Xcc /Users/alex/Library/Developer/Xcode/DerivedData/Settlers-bqwdcayamsmaxsekctdqetlegmaf/Build/Intermediates.noindex/Settlers.build/Debug-iphonesimulator/SettlersTests.build/SettlersTests-project-headers.hmap -Xcc -I/Users/alex/Library/Developer/Xcode/DerivedData/Settlers-bqwdcayamsmaxsekctdqetlegmaf/Build/Products/Debug-iphonesimulator/include -Xcc -I/Users/alex/Library/Developer/Xcode/DerivedData/Settlers-bqwdcayamsmaxsekctdqetlegmaf/Build/Intermediates.noindex/Settlers.build/Debug-iphonesimulator/SettlersTests.build/DerivedSources-normal/arm64 -Xcc -I/Users/alex/Library/Developer/Xcode/DerivedData/Settlers-bqwdcayamsmaxsekctdqetlegmaf/Build/Intermediates.noindex/Settlers.build/Debug-iphonesimulator/SettlersTests.build/DerivedSources/arm64 -Xcc -I/Users/alex/Library/Developer/Xcode/DerivedData/Settlers-bqwdcayamsmaxsekctdqetlegmaf/Build/Intermediates.noindex/Settlers.build/Debug-iphonesimulator/SettlersTests.build/DerivedSources -Xcc -DDEBUG\=1 -emit-objc-header -emit-objc-header-path /Users/alex/Library/Developer/Xcode/DerivedData/Settlers-bqwdcayamsmaxsekctdqetlegmaf/Build/Intermediates.noindex/Settlers.build/Debug-iphonesimulator/SettlersTests.build/Objects-normal/arm64/SettlersTests-Swift.h -working-directory /Users/alex/.codex/worktrees/naval-exploration/Settlers -experimental-emit-module-separately -disable-cmo

SwiftDriver\ Compilation SettlersTests normal arm64 com.apple.xcode.tools.swift.compiler (in target 'SettlersTests' from project 'Settlers')
    cd /Users/alex/.codex/worktrees/naval-exploration/Settlers
    builtin-Swift-Compilation -- /Applications/Xcode.app/Contents/Developer/Toolchains/XcodeDefault.xctoolchain/usr/bin/swiftc -module-name SettlersTests -Onone @/Users/alex/Library/Developer/Xcode/DerivedData/Settlers-bqwdcayamsmaxsekctdqetlegmaf/Build/Intermediates.noindex/Settlers.build/Debug-iphonesimulator/SettlersTests.build/Objects-normal/arm64/SettlersTests.SwiftFileList -DDEBUG -plugin-path /Applications/Xcode.app/Contents/Developer/Toolchains/XcodeDefault.xctoolchain/usr/lib/swift/host/plugins/testing -enable-experimental-feature DebugDescriptionMacro -sdk /Applications/Xcode.app/Contents/Developer/Platforms/iPhoneSimulator.platform/Developer/SDKs/iPhoneSimulator26.5.sdk -target arm64-apple-ios17.0-simulator -g -module-cache-path /Users/alex/Library/Developer/Xcode/DerivedData/ModuleCache.noindex -Xfrontend -serialize-debugging-options -profile-coverage-mapping -profile-generate -enable-testing -warnings-as-errors -index-store-path /Users/alex/Library/Developer/Xcode/DerivedData/Settlers-bqwdcayamsmaxsekctdqetlegmaf/Index.noindex/DataStore -Xcc -D_LIBCPP_HARDENING_MODE\=_LIBCPP_HARDENING_MODE_DEBUG -swift-version 6 -I /Users/alex/Library/Developer/Xcode/DerivedData/Settlers-bqwdcayamsmaxsekctdqetlegmaf/Build/Products/Debug-iphonesimulator -Isystem /Applications/Xcode.app/Contents/Developer/Platforms/iPhoneSimulator.platform/Developer/usr/lib -F /Users/alex/Library/Developer/Xcode/DerivedData/Settlers-bqwdcayamsmaxsekctdqetlegmaf/Build/Products/Debug-iphonesimulator/PackageFrameworks -F /Users/alex/Library/Developer/Xcode/DerivedData/Settlers-bqwdcayamsmaxsekctdqetlegmaf/Build/Products/Debug-iphonesimulator/PackageFrameworks -F /Users/alex/Library/Developer/Xcode/DerivedData/Settlers-bqwdcayamsmaxsekctdqetlegmaf/Build/Products/Debug-iphonesimulator -F /Applications/Xcode.app/Contents/Developer/Platforms/iPhoneSimulator.platform/Developer/Library/Frameworks -F /Applications/Xcode.app/Contents/Developer/Platforms/iPhoneSimulator.platform/Developer/SDKs/iPhoneSimulator26.5.sdk/Developer/Library/Frameworks -c -j18 -enable-batch-mode -incremental -Xcc -ivfsstatcache -Xcc /Users/alex/Library/Developer/Xcode/DerivedData/SDKStatCaches.noindex/iphonesimulator26.5-23F73-6cfe768891a92b912361537c460fe42b.sdkstatcache -output-file-map /Users/alex/Library/Developer/Xcode/DerivedData/Settlers-bqwdcayamsmaxsekctdqetlegmaf/Build/Intermediates.noindex/Settlers.build/Debug-iphonesimulator/SettlersTests.build/Objects-normal/arm64/SettlersTests-OutputFileMap.json -use-frontend-parseable-output -save-temps -no-color-diagnostics -explicit-module-build -module-cache-path /Users/alex/Library/Developer/Xcode/DerivedData/Settlers-bqwdcayamsmaxsekctdqetlegmaf/Build/Intermediates.noindex/SwiftExplicitPrecompiledModules -clang-scanner-module-cache-path /Users/alex/Library/Developer/Xcode/DerivedData/ModuleCache.noindex -sdk-module-cache-path /Users/alex/Library/Developer/Xcode/DerivedData/ModuleCache.noindex -serialize-diagnostics -emit-dependencies -emit-module -emit-module-path /Users/alex/Library/Developer/Xcode/DerivedData/Settlers-bqwdcayamsmaxsekctdqetlegmaf/Build/Intermediates.noindex/Settlers.build/Debug-iphonesimulator/SettlersTests.build/Objects-normal/arm64/SettlersTests.swiftmodule -validate-clang-modules-once -clang-build-session-file /Users/alex/Library/Developer/Xcode/DerivedData/ModuleCache.noindex/Session.modulevalidation -Xcc -I/Users/alex/Library/Developer/Xcode/DerivedData/Settlers-bqwdcayamsmaxsekctdqetlegmaf/Build/Intermediates.noindex/Settlers.build/Debug-iphonesimulator/SettlersTests.build/swift-overrides.hmap -emit-const-values -Xfrontend -const-gather-protocols-file -Xfrontend /Users/alex/Library/Developer/Xcode/DerivedData/Settlers-bqwdcayamsmaxsekctdqetlegmaf/Build/Intermediates.noindex/Settlers.build/Debug-iphonesimulator/SettlersTests.build/Objects-normal/arm64/SettlersTests_const_extract_protocols.json -Xcc -iquote -Xcc /Users/alex/Library/Developer/Xcode/DerivedData/Settlers-bqwdcayamsmaxsekctdqetlegmaf/Build/Intermediates.noindex/Settlers.build/Debug-iphonesimulator/SettlersTests.build/SettlersTests-generated-files.hmap -Xcc -I/Users/alex/Library/Developer/Xcode/DerivedData/Settlers-bqwdcayamsmaxsekctdqetlegmaf/Build/Intermediates.noindex/Settlers.build/Debug-iphonesimulator/SettlersTests.build/SettlersTests-own-target-headers.hmap -Xcc -I/Users/alex/Library/Developer/Xcode/DerivedData/Settlers-bqwdcayamsmaxsekctdqetlegmaf/Build/Intermediates.noindex/Settlers.build/Debug-iphonesimulator/SettlersTests.build/SettlersTests-all-non-framework-target-headers.hmap -Xcc -ivfsoverlay -Xcc /Users/alex/Library/Developer/Xcode/DerivedData/Settlers-bqwdcayamsmaxsekctdqetlegmaf/Build/Intermediates.noindex/Settlers.build/Debug-iphonesimulator/Settlers-9ad65172c434931f4eb5300f50bbe1d2-VFS-iphonesimulator/all-product-headers.yaml -Xcc -iquote -Xcc /Users/alex/Library/Developer/Xcode/DerivedData/Settlers-bqwdcayamsmaxsekctdqetlegmaf/Build/Intermediates.noindex/Settlers.build/Debug-iphonesimulator/SettlersTests.build/SettlersTests-project-headers.hmap -Xcc -I/Users/alex/Library/Developer/Xcode/DerivedData/Settlers-bqwdcayamsmaxsekctdqetlegmaf/Build/Products/Debug-iphonesimulator/include -Xcc -I/Users/alex/Library/Developer/Xcode/DerivedData/Settlers-bqwdcayamsmaxsekctdqetlegmaf/Build/Intermediates.noindex/Settlers.build/Debug-iphonesimulator/SettlersTests.build/DerivedSources-normal/arm64 -Xcc -I/Users/alex/Library/Developer/Xcode/DerivedData/Settlers-bqwdcayamsmaxsekctdqetlegmaf/Build/Intermediates.noindex/Settlers.build/Debug-iphonesimulator/SettlersTests.build/DerivedSources/arm64 -Xcc -I/Users/alex/Library/Developer/Xcode/DerivedData/Settlers-bqwdcayamsmaxsekctdqetlegmaf/Build/Intermediates.noindex/Settlers.build/Debug-iphonesimulator/SettlersTests.build/DerivedSources -Xcc -DDEBUG\=1 -emit-objc-header -emit-objc-header-path /Users/alex/Library/Developer/Xcode/DerivedData/Settlers-bqwdcayamsmaxsekctdqetlegmaf/Build/Intermediates.noindex/Settlers.build/Debug-iphonesimulator/SettlersTests.build/Objects-normal/arm64/SettlersTests-Swift.h -working-directory /Users/alex/.codex/worktrees/naval-exploration/Settlers -experimental-emit-module-separately -disable-cmo

Copy /Users/alex/Library/Developer/Xcode/DerivedData/Settlers-bqwdcayamsmaxsekctdqetlegmaf/Build/Products/Debug-iphonesimulator/SettlersTests.swiftmodule/arm64-apple-ios-simulator.abi.json /Users/alex/Library/Developer/Xcode/DerivedData/Settlers-bqwdcayamsmaxsekctdqetlegmaf/Build/Intermediates.noindex/Settlers.build/Debug-iphonesimulator/SettlersTests.build/Objects-normal/arm64/SettlersTests.abi.json (in target 'SettlersTests' from project 'Settlers')
    cd /Users/alex/.codex/worktrees/naval-exploration/Settlers
    builtin-copy -exclude .DS_Store -exclude CVS -exclude .svn -exclude .git -exclude .hg -resolve-src-symlinks -rename /Users/alex/Library/Developer/Xcode/DerivedData/Settlers-bqwdcayamsmaxsekctdqetlegmaf/Build/Intermediates.noindex/Settlers.build/Debug-iphonesimulator/SettlersTests.build/Objects-normal/arm64/SettlersTests.abi.json /Users/alex/Library/Developer/Xcode/DerivedData/Settlers-bqwdcayamsmaxsekctdqetlegmaf/Build/Products/Debug-iphonesimulator/SettlersTests.swiftmodule/arm64-apple-ios-simulator.abi.json

Ld /Users/alex/Library/Developer/Xcode/DerivedData/Settlers-bqwdcayamsmaxsekctdqetlegmaf/Build/Products/Debug-iphonesimulator/Settlers.app/PlugIns/SettlersTests.xctest/SettlersTests normal (in target 'SettlersTests' from project 'Settlers')
    cd /Users/alex/.codex/worktrees/naval-exploration/Settlers
    /Applications/Xcode.app/Contents/Developer/Toolchains/XcodeDefault.xctoolchain/usr/bin/clang -Xlinker -reproducible -target arm64-apple-ios17.0-simulator -bundle -isysroot /Applications/Xcode.app/Contents/Developer/Platforms/iPhoneSimulator.platform/Developer/SDKs/iPhoneSimulator26.5.sdk -O0 -L/Users/alex/Library/Developer/Xcode/DerivedData/Settlers-bqwdcayamsmaxsekctdqetlegmaf/Build/Intermediates.noindex/EagerLinkingTBDs/Debug-iphonesimulator -L/Users/alex/Library/Developer/Xcode/DerivedData/Settlers-bqwdcayamsmaxsekctdqetlegmaf/Build/Products/Debug-iphonesimulator -L/Applications/Xcode.app/Contents/Developer/Platforms/iPhoneSimulator.platform/Developer/usr/lib -F/Users/alex/Library/Developer/Xcode/DerivedData/Settlers-bqwdcayamsmaxsekctdqetlegmaf/Build/Intermediates.noindex/EagerLinkingTBDs/Debug-iphonesimulator -F/Users/alex/Library/Developer/Xcode/DerivedData/Settlers-bqwdcayamsmaxsekctdqetlegmaf/Build/Products/Debug-iphonesimulator/PackageFrameworks -F/Users/alex/Library/Developer/Xcode/DerivedData/Settlers-bqwdcayamsmaxsekctdqetlegmaf/Build/Products/Debug-iphonesimulator/PackageFrameworks -F/Users/alex/Library/Developer/Xcode/DerivedData/Settlers-bqwdcayamsmaxsekctdqetlegmaf/Build/Products/Debug-iphonesimulator -iframework /Applications/Xcode.app/Contents/Developer/Platforms/iPhoneSimulator.platform/Developer/Library/Frameworks -iframework /Applications/Xcode.app/Contents/Developer/Platforms/iPhoneSimulator.platform/Developer/SDKs/iPhoneSimulator26.5.sdk/Developer/Library/Frameworks -filelist /Users/alex/Library/Developer/Xcode/DerivedData/Settlers-bqwdcayamsmaxsekctdqetlegmaf/Build/Intermediates.noindex/Settlers.build/Debug-iphonesimulator/SettlersTests.build/Objects-normal/arm64/SettlersTests.LinkFileList -Xlinker -rpath -Xlinker /usr/lib/swift -Xlinker -rpath -Xlinker /Users/alex/Library/Developer/Xcode/DerivedData/Settlers-bqwdcayamsmaxsekctdqetlegmaf/Build/Products/Debug-iphonesimulator/PackageFrameworks -Xlinker -rpath -Xlinker @loader_path/Frameworks -Xlinker -rpath -Xlinker @executable_path/Frameworks -Xlinker -dead_strip -bundle_loader /Users/alex/Library/Developer/Xcode/DerivedData/Settlers-bqwdcayamsmaxsekctdqetlegmaf/Build/Products/Debug-iphonesimulator/Settlers.app/Settlers -Xlinker -object_path_lto -Xlinker /Users/alex/Library/Developer/Xcode/DerivedData/Settlers-bqwdcayamsmaxsekctdqetlegmaf/Build/Intermediates.noindex/Settlers.build/Debug-iphonesimulator/SettlersTests.build/Objects-normal/arm64/SettlersTests_lto.o -rdynamic -Xlinker -no_deduplicate -Xlinker -objc_abi_version -Xlinker 2 -Xlinker -debug_variant -Xlinker -dependency_info -Xlinker /Users/alex/Library/Developer/Xcode/DerivedData/Settlers-bqwdcayamsmaxsekctdqetlegmaf/Build/Intermediates.noindex/Settlers.build/Debug-iphonesimulator/SettlersTests.build/Objects-normal/arm64/SettlersTests_dependency_info.dat -fobjc-link-runtime -fprofile-instr-generate -L/Applications/Xcode.app/Contents/Developer/Toolchains/XcodeDefault.xctoolchain/usr/lib/swift/iphonesimulator -L/usr/lib/swift -Xlinker -add_ast_path -Xlinker /Users/alex/Library/Developer/Xcode/DerivedData/Settlers-bqwdcayamsmaxsekctdqetlegmaf/Build/Intermediates.noindex/Settlers.build/Debug-iphonesimulator/SettlersTests.build/Objects-normal/arm64/SettlersTests.swiftmodule @/Users/alex/Library/Developer/Xcode/DerivedData/Settlers-bqwdcayamsmaxsekctdqetlegmaf/Build/Intermediates.noindex/Settlers.build/Debug-iphonesimulator/SettlersTests.build/Objects-normal/arm64/SettlersTests-linker-args.resp -Wl,-no_warn_duplicate_libraries -Wl,-no_warn_duplicate_libraries -Xlinker -needed_framework -Xlinker XCTest -framework XCTest -Xlinker -needed-lXCTestSwiftSupport -lXCTestSwiftSupport /Users/alex/Library/Developer/Xcode/DerivedData/Settlers-bqwdcayamsmaxsekctdqetlegmaf/Build/Products/Debug-iphonesimulator/Settlers.app/Settlers.debug.dylib -Xlinker -no_adhoc_codesign -o /Users/alex/Library/Developer/Xcode/DerivedData/Settlers-bqwdcayamsmaxsekctdqetlegmaf/Build/Products/Debug-iphonesimulator/Settlers.app/PlugIns/SettlersTests.xctest/SettlersTests

CopySwiftLibs /Users/alex/Library/Developer/Xcode/DerivedData/Settlers-bqwdcayamsmaxsekctdqetlegmaf/Build/Products/Debug-iphonesimulator/Settlers.app/PlugIns/SettlersTests.xctest (in target 'SettlersTests' from project 'Settlers')
    cd /Users/alex/.codex/worktrees/naval-exploration/Settlers
    builtin-swiftStdLibTool --copy --verbose --sign - --scan-executable /Users/alex/Library/Developer/Xcode/DerivedData/Settlers-bqwdcayamsmaxsekctdqetlegmaf/Build/Products/Debug-iphonesimulator/Settlers.app/PlugIns/SettlersTests.xctest/SettlersTests --scan-folder /Users/alex/Library/Developer/Xcode/DerivedData/Settlers-bqwdcayamsmaxsekctdqetlegmaf/Build/Products/Debug-iphonesimulator/Settlers.app/PlugIns/SettlersTests.xctest/Frameworks --scan-folder /Users/alex/Library/Developer/Xcode/DerivedData/Settlers-bqwdcayamsmaxsekctdqetlegmaf/Build/Products/Debug-iphonesimulator/Settlers.app/PlugIns/SettlersTests.xctest/PlugIns --scan-folder /Users/alex/Library/Developer/Xcode/DerivedData/Settlers-bqwdcayamsmaxsekctdqetlegmaf/Build/Products/Debug-iphonesimulator/Settlers.app/PlugIns/SettlersTests.xctest/SystemExtensions --scan-folder /Users/alex/Library/Developer/Xcode/DerivedData/Settlers-bqwdcayamsmaxsekctdqetlegmaf/Build/Products/Debug-iphonesimulator/Settlers.app/PlugIns/SettlersTests.xctest/Extensions --platform iphonesimulator --toolchain /Applications/Xcode.app/Contents/Developer/Toolchains/XcodeDefault.xctoolchain --destination /Users/alex/Library/Developer/Xcode/DerivedData/Settlers-bqwdcayamsmaxsekctdqetlegmaf/Build/Products/Debug-iphonesimulator/Settlers.app/PlugIns/SettlersTests.xctest/Frameworks --strip-bitcode --scan-executable /Applications/Xcode.app/Contents/Developer/Platforms/iPhoneSimulator.platform/Developer/usr/lib/libXCTestSwiftSupport.dylib --strip-bitcode-tool /Applications/Xcode.app/Contents/Developer/Toolchains/XcodeDefault.xctoolchain/usr/bin/bitcode_strip --emit-dependency-info /Users/alex/Library/Developer/Xcode/DerivedData/Settlers-bqwdcayamsmaxsekctdqetlegmaf/Build/Intermediates.noindex/Settlers.build/Debug-iphonesimulator/SettlersTests.build/SwiftStdLibToolInputDependencies.dep --filter-for-swift-os

ExtractAppIntentsMetadata (in target 'SettlersTests' from project 'Settlers')
    cd /Users/alex/.codex/worktrees/naval-exploration/Settlers
    /Applications/Xcode.app/Contents/Developer/Toolchains/XcodeDefault.xctoolchain/usr/bin/appintentsmetadataprocessor --toolchain-dir /Applications/Xcode.app/Contents/Developer/Toolchains/XcodeDefault.xctoolchain --module-name SettlersTests --sdk-root /Applications/Xcode.app/Contents/Developer/Platforms/iPhoneSimulator.platform/Developer/SDKs/iPhoneSimulator26.5.sdk --xcode-version 17F42 --platform-family iOS --deployment-target 17.0 --bundle-identifier com.jakebeinart.settlers.SettlersTests --output /Users/alex/Library/Developer/Xcode/DerivedData/Settlers-bqwdcayamsmaxsekctdqetlegmaf/Build/Products/Debug-iphonesimulator/Settlers.app/PlugIns/SettlersTests.xctest --target-triple arm64-apple-ios17.0-simulator --binary-file /Users/alex/Library/Developer/Xcode/DerivedData/Settlers-bqwdcayamsmaxsekctdqetlegmaf/Build/Products/Debug-iphonesimulator/Settlers.app/PlugIns/SettlersTests.xctest/SettlersTests --dependency-file /Users/alex/Library/Developer/Xcode/DerivedData/Settlers-bqwdcayamsmaxsekctdqetlegmaf/Build/Intermediates.noindex/Settlers.build/Debug-iphonesimulator/SettlersTests.build/Objects-normal/arm64/SettlersTests_dependency_info.dat --stringsdata-file /Users/alex/Library/Developer/Xcode/DerivedData/Settlers-bqwdcayamsmaxsekctdqetlegmaf/Build/Intermediates.noindex/Settlers.build/Debug-iphonesimulator/SettlersTests.build/Objects-normal/arm64/ExtractedAppShortcutsMetadata.stringsdata --source-file-list /Users/alex/Library/Developer/Xcode/DerivedData/Settlers-bqwdcayamsmaxsekctdqetlegmaf/Build/Intermediates.noindex/Settlers.build/Debug-iphonesimulator/SettlersTests.build/Objects-normal/arm64/SettlersTests.SwiftFileList --metadata-file-list /Users/alex/Library/Developer/Xcode/DerivedData/Settlers-bqwdcayamsmaxsekctdqetlegmaf/Build/Intermediates.noindex/Settlers.build/Debug-iphonesimulator/SettlersTests.build/SettlersTests.DependencyMetadataFileList --static-metadata-file-list /Users/alex/Library/Developer/Xcode/DerivedData/Settlers-bqwdcayamsmaxsekctdqetlegmaf/Build/Intermediates.noindex/Settlers.build/Debug-iphonesimulator/SettlersTests.build/SettlersTests.DependencyStaticMetadataFileList --swift-const-vals-list /Users/alex/Library/Developer/Xcode/DerivedData/Settlers-bqwdcayamsmaxsekctdqetlegmaf/Build/Intermediates.noindex/Settlers.build/Debug-iphonesimulator/SettlersTests.build/Objects-normal/arm64/SettlersTests.SwiftConstValuesFileList --compile-time-extraction --deployment-aware-processing --validate-assistant-intents --no-app-shortcuts-localization
2026-10-05 18:29:35.185 appintentsmetadataprocessor[59555:16934700] Starting appintentsmetadataprocessor export
2026-10-05 18:29:35.186 appintentsmetadataprocessor[59555:16934700] warning: Metadata extraction skipped. No AppIntents.framework dependency found.

AppIntentsSSUTraining (in target 'SettlersTests' from project 'Settlers')
    cd /Users/alex/.codex/worktrees/naval-exploration/Settlers
    /Applications/Xcode.app/Contents/Developer/Toolchains/XcodeDefault.xctoolchain/usr/bin/appintentsnltrainingprocessor --infoplist-path /Users/alex/Library/Developer/Xcode/DerivedData/Settlers-bqwdcayamsmaxsekctdqetlegmaf/Build/Products/Debug-iphonesimulator/Settlers.app/PlugIns/SettlersTests.xctest/Info.plist --temp-dir-path /Users/alex/Library/Developer/Xcode/DerivedData/Settlers-bqwdcayamsmaxsekctdqetlegmaf/Build/Intermediates.noindex/Settlers.build/Debug-iphonesimulator/SettlersTests.build/ssu --bundle-id com.jakebeinart.settlers.SettlersTests --product-path /Users/alex/Library/Developer/Xcode/DerivedData/Settlers-bqwdcayamsmaxsekctdqetlegmaf/Build/Products/Debug-iphonesimulator/Settlers.app/PlugIns/SettlersTests.xctest --extracted-metadata-path /Users/alex/Library/Developer/Xcode/DerivedData/Settlers-bqwdcayamsmaxsekctdqetlegmaf/Build/Products/Debug-iphonesimulator/Settlers.app/PlugIns/SettlersTests.xctest/Metadata.appintents --metadata-file-list /Users/alex/Library/Developer/Xcode/DerivedData/Settlers-bqwdcayamsmaxsekctdqetlegmaf/Build/Intermediates.noindex/Settlers.build/Debug-iphonesimulator/SettlersTests.build/SettlersTests.DependencyMetadataFileList --source-file /Users/alex/Library/Developer/Xcode/DerivedData/Settlers-bqwdcayamsmaxsekctdqetlegmaf/Build/Products/Debug-iphonesimulator/Settlers.app/PlugIns/SettlersTests.xctest/Info.plist --archive-ssu-assets
2026-10-05 18:29:35.202 appintentsnltrainingprocessor[59556:16934705] Parsing options for appintentsnltrainingprocessor
2026-10-05 18:29:35.202 appintentsnltrainingprocessor[59556:16934705] Starting AppIntents SSU YAML Generation
2026-10-05 18:29:35.204 appintentsnltrainingprocessor[59556:16934705] No AppShortcuts found - Skipping.

CodeSign /Users/alex/Library/Developer/Xcode/DerivedData/Settlers-bqwdcayamsmaxsekctdqetlegmaf/Build/Products/Debug-iphonesimulator/Settlers.app/PlugIns/SettlersTests.xctest (in target 'SettlersTests' from project 'Settlers')
    cd /Users/alex/.codex/worktrees/naval-exploration/Settlers
    
    Signing Identity:     "Sign to Run Locally"
    
    /usr/bin/codesign --force --sign - --timestamp\=none --generate-entitlement-der /Users/alex/Library/Developer/Xcode/DerivedData/Settlers-bqwdcayamsmaxsekctdqetlegmaf/Build/Products/Debug-iphonesimulator/Settlers.app/PlugIns/SettlersTests.xctest

RegisterExecutionPolicyException /Users/alex/Library/Developer/Xcode/DerivedData/Settlers-bqwdcayamsmaxsekctdqetlegmaf/Build/Products/Debug-iphonesimulator/Settlers.app/PlugIns/SettlersTests.xctest (in target 'SettlersTests' from project 'Settlers')
    cd /Users/alex/.codex/worktrees/naval-exploration/Settlers
    builtin-RegisterExecutionPolicyException /Users/alex/Library/Developer/Xcode/DerivedData/Settlers-bqwdcayamsmaxsekctdqetlegmaf/Build/Products/Debug-iphonesimulator/Settlers.app/PlugIns/SettlersTests.xctest

Touch /Users/alex/Library/Developer/Xcode/DerivedData/Settlers-bqwdcayamsmaxsekctdqetlegmaf/Build/Products/Debug-iphonesimulator/Settlers.app/PlugIns/SettlersTests.xctest (in target 'SettlersTests' from project 'Settlers')
    cd /Users/alex/.codex/worktrees/naval-exploration/Settlers
    /usr/bin/touch -c /Users/alex/Library/Developer/Xcode/DerivedData/Settlers-bqwdcayamsmaxsekctdqetlegmaf/Build/Products/Debug-iphonesimulator/Settlers.app/PlugIns/SettlersTests.xctest

CodeSign /Users/alex/Library/Developer/Xcode/DerivedData/Settlers-bqwdcayamsmaxsekctdqetlegmaf/Build/Products/Debug-iphonesimulator/Settlers.app/Settlers.debug.dylib (in target 'Settlers' from project 'Settlers')
    cd /Users/alex/.codex/worktrees/naval-exploration/Settlers
    
    Signing Identity:     "Sign to Run Locally"
    
    /usr/bin/codesign --force --sign - --timestamp\=none --generate-entitlement-der /Users/alex/Library/Developer/Xcode/DerivedData/Settlers-bqwdcayamsmaxsekctdqetlegmaf/Build/Products/Debug-iphonesimulator/Settlers.app/Settlers.debug.dylib

CodeSign /Users/alex/Library/Developer/Xcode/DerivedData/Settlers-bqwdcayamsmaxsekctdqetlegmaf/Build/Products/Debug-iphonesimulator/Settlers.app/__preview.dylib (in target 'Settlers' from project 'Settlers')
    cd /Users/alex/.codex/worktrees/naval-exploration/Settlers
    
    Signing Identity:     "Sign to Run Locally"
    
    /usr/bin/codesign --force --sign - --timestamp\=none --generate-entitlement-der /Users/alex/Library/Developer/Xcode/DerivedData/Settlers-bqwdcayamsmaxsekctdqetlegmaf/Build/Products/Debug-iphonesimulator/Settlers.app/__preview.dylib
/Users/alex/Library/Developer/Xcode/DerivedData/Settlers-bqwdcayamsmaxsekctdqetlegmaf/Build/Products/Debug-iphonesimulator/Settlers.app/__preview.dylib: replacing existing signature

CodeSign /Users/alex/Library/Developer/Xcode/DerivedData/Settlers-bqwdcayamsmaxsekctdqetlegmaf/Build/Products/Debug-iphonesimulator/Settlers.app (in target 'Settlers' from project 'Settlers')
    cd /Users/alex/.codex/worktrees/naval-exploration/Settlers
    
    Signing Identity:     "Sign to Run Locally"
    
    /usr/bin/codesign --force --sign - --timestamp\=none --generate-entitlement-der /Users/alex/Library/Developer/Xcode/DerivedData/Settlers-bqwdcayamsmaxsekctdqetlegmaf/Build/Products/Debug-iphonesimulator/Settlers.app

Validate /Users/alex/Library/Developer/Xcode/DerivedData/Settlers-bqwdcayamsmaxsekctdqetlegmaf/Build/Products/Debug-iphonesimulator/Settlers.app (in target 'Settlers' from project 'Settlers')
    cd /Users/alex/.codex/worktrees/naval-exploration/Settlers
    builtin-validationUtility /Users/alex/Library/Developer/Xcode/DerivedData/Settlers-bqwdcayamsmaxsekctdqetlegmaf/Build/Products/Debug-iphonesimulator/Settlers.app -shallow-bundle -infoplist-subpath Info.plist

ProcessInfoPlistFile /Users/alex/Library/Developer/Xcode/DerivedData/Settlers-bqwdcayamsmaxsekctdqetlegmaf/Build/Products/Debug-iphonesimulator/SettlersUITests-Runner.app/PlugIns/SettlersUITests.xctest/Info.plist /Users/alex/Library/Developer/Xcode/DerivedData/Settlers-bqwdcayamsmaxsekctdqetlegmaf/Build/Intermediates.noindex/Settlers.build/Debug-iphonesimulator/SettlersUITests.build/empty-SettlersUITests.plist (in target 'SettlersUITests' from project 'Settlers')
    cd /Users/alex/.codex/worktrees/naval-exploration/Settlers
    builtin-infoPlistUtility /Users/alex/Library/Developer/Xcode/DerivedData/Settlers-bqwdcayamsmaxsekctdqetlegmaf/Build/Intermediates.noindex/Settlers.build/Debug-iphonesimulator/SettlersUITests.build/empty-SettlersUITests.plist -producttype com.apple.product-type.bundle.ui-testing -expandbuildsettings -format binary -platform iphonesimulator -additionalcontentfile /Users/alex/Library/Developer/Xcode/DerivedData/Settlers-bqwdcayamsmaxsekctdqetlegmaf/Build/Intermediates.noindex/Settlers.build/Debug-iphonesimulator/SettlersUITests.build/ProductTypeInfoPlistAdditions.plist -o /Users/alex/Library/Developer/Xcode/DerivedData/Settlers-bqwdcayamsmaxsekctdqetlegmaf/Build/Products/Debug-iphonesimulator/SettlersUITests-Runner.app/PlugIns/SettlersUITests.xctest/Info.plist

Ld /Users/alex/Library/Developer/Xcode/DerivedData/Settlers-bqwdcayamsmaxsekctdqetlegmaf/Build/Products/Debug-iphonesimulator/SettlersUITests-Runner.app/PlugIns/SettlersUITests.xctest/SettlersUITests normal (in target 'SettlersUITests' from project 'Settlers')
    cd /Users/alex/.codex/worktrees/naval-exploration/Settlers
    /Applications/Xcode.app/Contents/Developer/Toolchains/XcodeDefault.xctoolchain/usr/bin/clang -Xlinker -reproducible -target arm64-apple-ios17.0-simulator -bundle -isysroot /Applications/Xcode.app/Contents/Developer/Platforms/iPhoneSimulator.platform/Developer/SDKs/iPhoneSimulator26.5.sdk -O0 -L/Users/alex/Library/Developer/Xcode/DerivedData/Settlers-bqwdcayamsmaxsekctdqetlegmaf/Build/Intermediates.noindex/EagerLinkingTBDs/Debug-iphonesimulator -L/Users/alex/Library/Developer/Xcode/DerivedData/Settlers-bqwdcayamsmaxsekctdqetlegmaf/Build/Products/Debug-iphonesimulator -L/Applications/Xcode.app/Contents/Developer/Platforms/iPhoneSimulator.platform/Developer/usr/lib -F/Users/alex/Library/Developer/Xcode/DerivedData/Settlers-bqwdcayamsmaxsekctdqetlegmaf/Build/Intermediates.noindex/EagerLinkingTBDs/Debug-iphonesimulator -F/Users/alex/Library/Developer/Xcode/DerivedData/Settlers-bqwdcayamsmaxsekctdqetlegmaf/Build/Products/Debug-iphonesimulator -iframework /Applications/Xcode.app/Contents/Developer/Platforms/iPhoneSimulator.platform/Developer/Library/Frameworks -iframework /Applications/Xcode.app/Contents/Developer/Platforms/iPhoneSimulator.platform/Developer/SDKs/iPhoneSimulator26.5.sdk/Developer/Library/Frameworks -filelist /Users/alex/Library/Developer/Xcode/DerivedData/Settlers-bqwdcayamsmaxsekctdqetlegmaf/Build/Intermediates.noindex/Settlers.build/Debug-iphonesimulator/SettlersUITests.build/Objects-normal/arm64/SettlersUITests.LinkFileList -Xlinker -rpath -Xlinker /usr/lib/swift -Xlinker -rpath -Xlinker @loader_path/Frameworks -Xlinker -rpath -Xlinker @executable_path/Frameworks -Xlinker -dead_strip -Xlinker -object_path_lto -Xlinker /Users/alex/Library/Developer/Xcode/DerivedData/Settlers-bqwdcayamsmaxsekctdqetlegmaf/Build/Intermediates.noindex/Settlers.build/Debug-iphonesimulator/SettlersUITests.build/Objects-normal/arm64/SettlersUITests_lto.o -rdynamic -Xlinker -no_deduplicate -Xlinker -objc_abi_version -Xlinker 2 -Xlinker -debug_variant -Xlinker -dependency_info -Xlinker /Users/alex/Library/Developer/Xcode/DerivedData/Settlers-bqwdcayamsmaxsekctdqetlegmaf/Build/Intermediates.noindex/Settlers.build/Debug-iphonesimulator/SettlersUITests.build/Objects-normal/arm64/SettlersUITests_dependency_info.dat -fobjc-link-runtime -fprofile-instr-generate -L/Applications/Xcode.app/Contents/Developer/Toolchains/XcodeDefault.xctoolchain/usr/lib/swift/iphonesimulator -L/usr/lib/swift -Xlinker -add_ast_path -Xlinker /Users/alex/Library/Developer/Xcode/DerivedData/Settlers-bqwdcayamsmaxsekctdqetlegmaf/Build/Intermediates.noindex/Settlers.build/Debug-iphonesimulator/SettlersUITests.build/Objects-normal/arm64/SettlersUITests.swiftmodule @/Users/alex/Library/Developer/Xcode/DerivedData/Settlers-bqwdcayamsmaxsekctdqetlegmaf/Build/Intermediates.noindex/Settlers.build/Debug-iphonesimulator/SettlersUITests.build/Objects-normal/arm64/SettlersUITests-linker-args.resp -Xlinker -needed_framework -Xlinker XCTest -framework XCTest -Xlinker -needed-lXCTestSwiftSupport -lXCTestSwiftSupport -Xlinker -sectcreate -Xlinker __TEXT -Xlinker __entitlements -Xlinker /Users/alex/Library/Developer/Xcode/DerivedData/Settlers-bqwdcayamsmaxsekctdqetlegmaf/Build/Intermediates.noindex/Settlers.build/Debug-iphonesimulator/SettlersUITests.build/SettlersUITests.xctest-Simulated.xcent -Xlinker -sectcreate -Xlinker __TEXT -Xlinker __ents_der -Xlinker /Users/alex/Library/Developer/Xcode/DerivedData/Settlers-bqwdcayamsmaxsekctdqetlegmaf/Build/Intermediates.noindex/Settlers.build/Debug-iphonesimulator/SettlersUITests.build/SettlersUITests.xctest-Simulated.xcent.der -Xlinker -no_adhoc_codesign -o /Users/alex/Library/Developer/Xcode/DerivedData/Settlers-bqwdcayamsmaxsekctdqetlegmaf/Build/Products/Debug-iphonesimulator/SettlersUITests-Runner.app/PlugIns/SettlersUITests.xctest/SettlersUITests

CopySwiftLibs /Users/alex/Library/Developer/Xcode/DerivedData/Settlers-bqwdcayamsmaxsekctdqetlegmaf/Build/Products/Debug-iphonesimulator/SettlersUITests-Runner.app/PlugIns/SettlersUITests.xctest (in target 'SettlersUITests' from project 'Settlers')
    cd /Users/alex/.codex/worktrees/naval-exploration/Settlers
    builtin-swiftStdLibTool --copy --verbose --sign - --scan-executable /Users/alex/Library/Developer/Xcode/DerivedData/Settlers-bqwdcayamsmaxsekctdqetlegmaf/Build/Products/Debug-iphonesimulator/SettlersUITests-Runner.app/PlugIns/SettlersUITests.xctest/SettlersUITests --scan-folder /Users/alex/Library/Developer/Xcode/DerivedData/Settlers-bqwdcayamsmaxsekctdqetlegmaf/Build/Products/Debug-iphonesimulator/SettlersUITests-Runner.app/PlugIns/SettlersUITests.xctest/Frameworks --scan-folder /Users/alex/Library/Developer/Xcode/DerivedData/Settlers-bqwdcayamsmaxsekctdqetlegmaf/Build/Products/Debug-iphonesimulator/SettlersUITests-Runner.app/PlugIns/SettlersUITests.xctest/PlugIns --scan-folder /Users/alex/Library/Developer/Xcode/DerivedData/Settlers-bqwdcayamsmaxsekctdqetlegmaf/Build/Products/Debug-iphonesimulator/SettlersUITests-Runner.app/PlugIns/SettlersUITests.xctest/SystemExtensions --scan-folder /Users/alex/Library/Developer/Xcode/DerivedData/Settlers-bqwdcayamsmaxsekctdqetlegmaf/Build/Products/Debug-iphonesimulator/SettlersUITests-Runner.app/PlugIns/SettlersUITests.xctest/Extensions --platform iphonesimulator --toolchain /Applications/Xcode.app/Contents/Developer/Toolchains/XcodeDefault.xctoolchain --destination /Users/alex/Library/Developer/Xcode/DerivedData/Settlers-bqwdcayamsmaxsekctdqetlegmaf/Build/Products/Debug-iphonesimulator/SettlersUITests-Runner.app/PlugIns/SettlersUITests.xctest/Frameworks --strip-bitcode --scan-executable /Applications/Xcode.app/Contents/Developer/Platforms/iPhoneSimulator.platform/Developer/usr/lib/libXCTestSwiftSupport.dylib --strip-bitcode-tool /Applications/Xcode.app/Contents/Developer/Toolchains/XcodeDefault.xctoolchain/usr/bin/bitcode_strip --emit-dependency-info /Users/alex/Library/Developer/Xcode/DerivedData/Settlers-bqwdcayamsmaxsekctdqetlegmaf/Build/Intermediates.noindex/Settlers.build/Debug-iphonesimulator/SettlersUITests.build/SwiftStdLibToolInputDependencies.dep --filter-for-swift-os

ExtractAppIntentsMetadata (in target 'SettlersUITests' from project 'Settlers')
    cd /Users/alex/.codex/worktrees/naval-exploration/Settlers
    /Applications/Xcode.app/Contents/Developer/Toolchains/XcodeDefault.xctoolchain/usr/bin/appintentsmetadataprocessor --toolchain-dir /Applications/Xcode.app/Contents/Developer/Toolchains/XcodeDefault.xctoolchain --module-name SettlersUITests --sdk-root /Applications/Xcode.app/Contents/Developer/Platforms/iPhoneSimulator.platform/Developer/SDKs/iPhoneSimulator26.5.sdk --xcode-version 17F42 --platform-family iOS --deployment-target 17.0 --bundle-identifier com.jakebeinart.settlers.SettlersUITests --output /Users/alex/Library/Developer/Xcode/DerivedData/Settlers-bqwdcayamsmaxsekctdqetlegmaf/Build/Products/Debug-iphonesimulator/SettlersUITests-Runner.app/PlugIns/SettlersUITests.xctest --target-triple arm64-apple-ios17.0-simulator --binary-file /Users/alex/Library/Developer/Xcode/DerivedData/Settlers-bqwdcayamsmaxsekctdqetlegmaf/Build/Products/Debug-iphonesimulator/SettlersUITests-Runner.app/PlugIns/SettlersUITests.xctest/SettlersUITests --dependency-file /Users/alex/Library/Developer/Xcode/DerivedData/Settlers-bqwdcayamsmaxsekctdqetlegmaf/Build/Intermediates.noindex/Settlers.build/Debug-iphonesimulator/SettlersUITests.build/Objects-normal/arm64/SettlersUITests_dependency_info.dat --stringsdata-file /Users/alex/Library/Developer/Xcode/DerivedData/Settlers-bqwdcayamsmaxsekctdqetlegmaf/Build/Intermediates.noindex/Settlers.build/Debug-iphonesimulator/SettlersUITests.build/Objects-normal/arm64/ExtractedAppShortcutsMetadata.stringsdata --source-file-list /Users/alex/Library/Developer/Xcode/DerivedData/Settlers-bqwdcayamsmaxsekctdqetlegmaf/Build/Intermediates.noindex/Settlers.build/Debug-iphonesimulator/SettlersUITests.build/Objects-normal/arm64/SettlersUITests.SwiftFileList --metadata-file-list /Users/alex/Library/Developer/Xcode/DerivedData/Settlers-bqwdcayamsmaxsekctdqetlegmaf/Build/Intermediates.noindex/Settlers.build/Debug-iphonesimulator/SettlersUITests.build/SettlersUITests.DependencyMetadataFileList --static-metadata-file-list /Users/alex/Library/Developer/Xcode/DerivedData/Settlers-bqwdcayamsmaxsekctdqetlegmaf/Build/Intermediates.noindex/Settlers.build/Debug-iphonesimulator/SettlersUITests.build/SettlersUITests.DependencyStaticMetadataFileList --swift-const-vals-list /Users/alex/Library/Developer/Xcode/DerivedData/Settlers-bqwdcayamsmaxsekctdqetlegmaf/Build/Intermediates.noindex/Settlers.build/Debug-iphonesimulator/SettlersUITests.build/Objects-normal/arm64/SettlersUITests.SwiftConstValuesFileList --compile-time-extraction --deployment-aware-processing --validate-assistant-intents --no-app-shortcuts-localization
2026-10-05 18:29:35.556 appintentsmetadataprocessor[59564:16934781] Starting appintentsmetadataprocessor export
2026-10-05 18:29:35.557 appintentsmetadataprocessor[59564:16934781] warning: Metadata extraction skipped. No AppIntents.framework dependency found.

CodeSign /Users/alex/Library/Developer/Xcode/DerivedData/Settlers-bqwdcayamsmaxsekctdqetlegmaf/Build/Products/Debug-iphonesimulator/SettlersUITests-Runner.app/PlugIns/SettlersUITests.xctest (in target 'SettlersUITests' from project 'Settlers')
    cd /Users/alex/.codex/worktrees/naval-exploration/Settlers
    
    Signing Identity:     "Sign to Run Locally"
    
    /usr/bin/codesign --force --sign - --timestamp\=none --generate-entitlement-der /Users/alex/Library/Developer/Xcode/DerivedData/Settlers-bqwdcayamsmaxsekctdqetlegmaf/Build/Products/Debug-iphonesimulator/SettlersUITests-Runner.app/PlugIns/SettlersUITests.xctest

CodeSign /Users/alex/Library/Developer/Xcode/DerivedData/Settlers-bqwdcayamsmaxsekctdqetlegmaf/Build/Products/Debug-iphonesimulator/SettlersUITests-Runner.app (in target 'SettlersUITests' from project 'Settlers')
    cd /Users/alex/.codex/worktrees/naval-exploration/Settlers
    
    Signing Identity:     "Sign to Run Locally"
    
    /usr/bin/codesign --force --sign - --timestamp\=none --generate-entitlement-der /Users/alex/Library/Developer/Xcode/DerivedData/Settlers-bqwdcayamsmaxsekctdqetlegmaf/Build/Products/Debug-iphonesimulator/SettlersUITests-Runner.app
/Users/alex/Library/Developer/Xcode/DerivedData/Settlers-bqwdcayamsmaxsekctdqetlegmaf/Build/Products/Debug-iphonesimulator/SettlersUITests-Runner.app: replacing existing signature

2026-10-05 18:29:37.697975-0400 SettlersUITests-Runner[59569:16935084] [Default] Running tests...
    t =      nans Interface orientation changed to Portrait
Test Suite 'Selected tests' started at 2026-10-05 18:29:37.927.
Test Suite 'SettlersUITests.xctest' started at 2026-10-05 18:29:37.927.
Test Suite 'NavalFlowTests' started at 2026-10-05 18:29:37.928.
Test Case '-[SettlersUITests.NavalFlowTests testShippingSetupSelectsFamilyTogglesAndExpertThenResumes]' started.
    t =     0.00s Start Test at 2026-10-05 18:29:37.928
    t =     0.15s Set Up
    t =     0.15s Open com.alexchandler.empires
    t =     0.15s     Launch com.alexchandler.empires
    t =     0.15s         Terminate com.alexchandler.empires:58528
objc[59569]: Class UIAccessibilityLoaderWebShared is implemented in both /Library/Developer/CoreSimulator/Volumes/iOS_23F77/Library/Developer/CoreSimulator/Profiles/Runtimes/iOS 26.5.simruntime/Contents/Resources/RuntimeRoot/System/Library/AccessibilityBundles/WebCore.axbundle/WebCore (0x109be8310) and /Library/Developer/CoreSimulator/Volumes/iOS_23F77/Library/Developer/CoreSimulator/Profiles/Runtimes/iOS 26.5.simruntime/Contents/Resources/RuntimeRoot/System/Library/AccessibilityBundles/WebKit.axbundle/WebKit (0x108108398). This may cause spurious casting failures and mysterious crashes. One of the duplicates must be removed or renamed.
2026-10-05 18:29:39.296 xcodebuild[59337:16933294] [MT] IDELaunchParametersSnapshot: The operation couldn’t be completed. (DebuggerLLDB.DebuggerVersionStore.StoreError error 0.)
2026-10-05 18:29:39.296 xcodebuild[59337:16933294] [MT] IDELaunchParametersSnapshot: no debugger version
    t =     1.78s         Setting up automation session
    t =     2.42s         Wait for com.alexchandler.empires to idle
    t =     4.06s Waiting 10.0s for "new-game.rules.naval" Button to exist
    t =     5.10s     Checking `Expect predicate `existsNoRetry == 1` for object "new-game.rules.naval" Button`
    t =     5.10s         Checking existence of `"new-game.rules.naval" Button`
    t =     5.20s Find the "new-game.rules.naval" Button
    t =     5.23s Find the "new-game.rules.naval" Button
    t =     5.26s Find the "new-game.rules.naval" Button
    t =     5.28s Checking existence of `"new-game.rules.standard" Button`
    t =     5.30s Find the "new-game.rules.standard" Button
    t =     5.33s Find the "new-game.rules.naval" Button
    t =     5.35s Checking existence of `"new-game.rules.conquest" Button`
    t =     5.37s Find the "new-game.rules.conquest" Button
    t =     5.40s Find the "new-game.rules.naval" Button
    t =     5.43s Find the Target Application 'com.alexchandler.empires'
    t =     5.57s Added attachment named 'Naval — Rules option beside Standard and Conquest'
    t =     5.58s Tap "new-game.rules.naval" Button
    t =     5.58s     Wait for com.alexchandler.empires to idle
    t =     5.58s     Find the "new-game.rules.naval" Button
    t =     5.60s     Check for interrupting elements affecting "new-game.rules.naval" Button
    t =     5.62s     Synthesize event
    t =     6.02s     Wait for com.alexchandler.empires to idle
    t =     6.02s Find the "new-game.rules.naval" Button
    t =     6.04s Checking existence of `"new-game.mode.islands" StaticText`
    t =     6.06s Find the "About Game Mode" Button
    t =     6.09s Find the "About Rules" Button
    t =     6.11s Checking existence of `"new-game.mode.naval" Button`
    t =     6.14s Checking existence of `"new-game.naval.fog" Button`
    t =     6.16s Find the "new-game.naval.advanced" Button
    t =     6.19s Tap "new-game.naval.advanced" Button
    t =     6.19s     Wait for com.alexchandler.empires to idle
    t =     6.19s     Find the "new-game.naval.advanced" Button
    t =     6.21s     Check for interrupting elements affecting "new-game.naval.advanced" Button
    t =     6.23s     Synthesize event
    t =     6.52s     Wait for com.alexchandler.empires to idle
    t =     6.86s Waiting 3.0s for "new-game.naval.advanced.done" Button to exist
    t =     7.90s     Checking `Expect predicate `existsNoRetry == 1` for object "new-game.naval.advanced.done" Button`
    t =     7.90s         Checking existence of `"new-game.naval.advanced.done" Button`
    t =     7.95s Find the "new-game.start" Button
    t =     7.99s Find the "new-game.naval.family.twinIslands" Button
    t =     8.04s Find the "new-game.naval.family.twinIslands" Button
    t =     8.09s Tap "new-game.naval.family.twinIslands" Button
    t =     8.09s     Wait for com.alexchandler.empires to idle
    t =     8.09s     Find the "new-game.naval.family.twinIslands" Button
    t =     8.13s     Check for interrupting elements affecting "new-game.naval.family.twinIslands" Button
    t =     8.15s     Synthesize event
    t =     8.44s     Wait for com.alexchandler.empires to idle
    t =     8.44s Find the "new-game.naval.fog" Button
    t =     8.49s Find the "new-game.naval.fog" Button
    t =     8.53s Tap "new-game.naval.fog" Button
    t =     8.53s     Wait for com.alexchandler.empires to idle
    t =     8.53s     Find the "new-game.naval.fog" Button
    t =     8.57s     Check for interrupting elements affecting "new-game.naval.fog" Button
    t =     8.60s     Synthesize event
    t =     8.89s     Wait for com.alexchandler.empires to idle
    t =     8.89s Find the "new-game.naval.fog" Button
    t =     8.93s Find the "new-game.naval.resources" Button
    t =     8.98s Find the "new-game.naval.resources" Button
    t =     9.03s Tap "new-game.naval.resources" Button
    t =     9.03s     Wait for com.alexchandler.empires to idle
    t =     9.04s     Find the "new-game.naval.resources" Button
    t =     9.08s     Check for interrupting elements affecting "new-game.naval.resources" Button
    t =     9.10s     Synthesize event
    t =     9.39s     Wait for com.alexchandler.empires to idle
    t =     9.39s Find the "new-game.naval.resources" Button
    t =     9.43s Find the Target Application 'com.alexchandler.empires'
    t =     9.54s Added attachment named 'Voyages — advanced island options'
    t =     9.54s Tap "new-game.naval.advanced.done" Button
    t =     9.54s     Wait for com.alexchandler.empires to idle
    t =     9.54s     Find the "new-game.naval.advanced.done" Button
    t =     9.58s     Check for interrupting elements affecting "new-game.naval.advanced.done" Button
    t =     9.61s     Synthesize event
    t =     9.89s     Wait for com.alexchandler.empires to idle
    t =    10.22s Find the "Expert" Button
    t =    10.26s Tap "Expert" Button
    t =    10.26s     Wait for com.alexchandler.empires to idle
    t =    10.27s     Find the "Expert" Button
    t =    10.30s     Check for interrupting elements affecting "new-game.difficulty.expert" Button
    t =    10.32s     Synthesize event
    t =    10.61s     Wait for com.alexchandler.empires to idle
    t =    10.61s Find the "As Shown" Button
    t =    10.65s Swipe up ScrollView (First Match)
    t =    10.65s     Wait for com.alexchandler.empires to idle
    t =    10.65s     Find the ScrollView (First Match)
    t =    10.67s     Check for interrupting elements affecting ScrollView
    t =    10.68s     Synthesize event
    t =    11.11s     Wait for com.alexchandler.empires to idle
    t =    11.58s Find the "new-game.seating.shown" Button
    t =    11.62s Tap "As Shown" Button
    t =    11.62s     Wait for com.alexchandler.empires to idle
    t =    11.63s     Find the "As Shown" Button
    t =    11.66s     Check for interrupting elements affecting "new-game.seating.shown" Button
    t =    11.68s     Synthesize event
    t =    11.97s     Wait for com.alexchandler.empires to idle
    t =    11.97s Find the Target Application 'com.alexchandler.empires'
    t =    12.11s Added attachment named 'Voyages — match options'
    t =    12.12s Tap "new-game.start" Button
    t =    12.12s     Wait for com.alexchandler.empires to idle
    t =    12.12s     Find the "new-game.start" Button
    t =    12.16s     Check for interrupting elements affecting "new-game.start" Button
    t =    12.18s     Synthesize event
    t =    12.47s     Wait for com.alexchandler.empires to idle
    t =    12.69s Waiting 10.0s for "naval.overview" Button to exist
    t =    13.73s     Checking `Expect predicate `existsNoRetry == 1` for object "naval.overview" Button`
    t =    13.73s         Checking existence of `"naval.overview" Button`
    t =    13.78s Find the "naval.overview" Button
    t =    13.82s Find the Target Application 'com.alexchandler.empires'
    t =    13.98s Added attachment named 'Voyages — clear Twin Islands'
    t =    13.99s Terminate com.alexchandler.empires:59606
    t =    15.05s Open com.alexchandler.empires
    t =    15.05s     Launch com.alexchandler.empires
2026-10-05 18:29:52.984 xcodebuild[59337:16933294] [MT] IDELaunchParametersSnapshot: The operation couldn’t be completed. (DebuggerLLDB.DebuggerVersionStore.StoreError error 0.)
2026-10-05 18:29:52.984 xcodebuild[59337:16933294] [MT] IDELaunchParametersSnapshot: no debugger version
    t =    15.26s         Setting up automation session
    t =    15.82s         Wait for com.alexchandler.empires to idle
    t =    17.01s Tap "main-menu.resume" Button
    t =    17.01s     Wait for com.alexchandler.empires to idle
    t =    17.01s     Find the "main-menu.resume" Button
    t =    17.03s     Check for interrupting elements affecting "main-menu.resume" Button
    t =    17.04s     Synthesize event
    t =    17.33s     Wait for com.alexchandler.empires to idle
    t =    17.53s Waiting 10.0s for "naval.overview" Button to exist
    t =    18.57s     Checking `Expect predicate `existsNoRetry == 1` for object "naval.overview" Button`
    t =    18.57s         Checking existence of `"naval.overview" Button`
    t =    18.61s Find the "naval.overview" Button
    t =    18.63s Tap "game.settings" Button
    t =    18.63s     Wait for com.alexchandler.empires to idle
    t =    18.63s     Find the "game.settings" Button
    t =    18.66s     Check for interrupting elements affecting "game.settings" Button
    t =    18.68s     Synthesize event
    t =    18.97s     Wait for com.alexchandler.empires to idle
    t =    18.99s Tap "in-game-settings.quit" Button
    t =    18.99s     Wait for com.alexchandler.empires to idle
    t =    19.00s     Find the "in-game-settings.quit" Button
    t =    19.05s     Check for interrupting elements affecting "in-game-settings.quit" Button
    t =    19.08s     Synthesize event
    t =    19.36s     Wait for com.alexchandler.empires to idle
    t =    19.37s Tap "Main Menu" Button
    t =    19.37s     Wait for com.alexchandler.empires to idle
    t =    19.37s     Find the "Main Menu" Button
    t =    19.41s     Check for interrupting elements affecting "Main Menu" Button
    t =    19.44s     Synthesize event
    t =    19.73s     Wait for com.alexchandler.empires to idle
    t =    19.74s Tap "main-menu.new-game" Button
    t =    19.74s     Wait for com.alexchandler.empires to idle
    t =    19.74s     Find the "main-menu.new-game" Button
    t =    19.75s     Check for interrupting elements affecting "main-menu.new-game" Button
    t =    19.76s     Synthesize event
    t =    20.04s     Wait for com.alexchandler.empires to idle
    t =    20.05s Waiting 5.0s for "new-game.rules.naval" Button to exist
    t =    21.09s     Checking `Expect predicate `existsNoRetry == 1` for object "new-game.rules.naval" Button`
    t =    21.09s         Checking existence of `"new-game.rules.naval" Button`
    t =    21.12s Find the "new-game.rules.naval" Button
    t =    21.16s Find the "new-game.rules.naval" Button
    t =    21.18s Find the "new-game.naval.advanced" Button
    t =    21.20s Find the "new-game.naval.advanced" Button
    t =    21.23s Tap "new-game.naval.advanced" Button
    t =    21.23s     Wait for com.alexchandler.empires to idle
    t =    21.23s     Find the "new-game.naval.advanced" Button
    t =    21.26s     Check for interrupting elements affecting "new-game.naval.advanced" Button
    t =    21.28s     Synthesize event
    t =    21.58s     Wait for com.alexchandler.empires to idle
    t =    21.93s Waiting 3.0s for "new-game.naval.advanced.done" Button to exist
    t =    22.97s     Checking `Expect predicate `existsNoRetry == 1` for object "new-game.naval.advanced.done" Button`
    t =    22.97s         Checking existence of `"new-game.naval.advanced.done" Button`
    t =    23.02s Find the "new-game.start" Button
    t =    23.07s Find the "new-game.naval.family.twinIslands" Button
    t =    23.11s Find the "new-game.naval.family.twinIslands" Button
    t =    23.16s Find the "new-game.naval.fog" Button
    t =    23.21s Find the "new-game.naval.fog" Button
    t =    23.25s Find the "new-game.naval.resources" Button
    t =    23.30s Find the "new-game.naval.resources" Button
    t =    23.34s Find the Target Application 'com.alexchandler.empires'
    t =    23.45s Added attachment named 'Naval — saved Rules selection and island options'
    t =    23.45s Tap "new-game.naval.advanced.done" Button
    t =    23.45s     Wait for com.alexchandler.empires to idle
    t =    23.45s     Find the "new-game.naval.advanced.done" Button
    t =    23.49s     Check for interrupting elements affecting "new-game.naval.advanced.done" Button
    t =    23.52s     Synthesize event
    t =    23.81s     Wait for com.alexchandler.empires to idle
    t =    24.15s Tear Down
Test Case '-[SettlersUITests.NavalFlowTests testShippingSetupSelectsFamilyTogglesAndExpertThenResumes]' passed (24.477 seconds).
Test Suite 'NavalFlowTests' passed at 2026-10-05 18:30:02.406.
	 Executed 1 test, with 0 failures (0 unexpected) in 24.477 (24.479) seconds
Test Suite 'NewGameMatchSettingsFlowTests' started at 2026-10-05 18:30:02.407.
Test Case '-[SettlersUITests.NewGameMatchSettingsFlowTests testAdvancedSettingsHelpAndDoneRemainReachableAtMaximumText]' started.
    t =     0.00s Start Test at 2026-10-05 18:30:02.408
    t =     0.02s Set Up
    t =     0.02s Open com.alexchandler.empires
    t =     0.02s     Launch com.alexchandler.empires
    t =     0.02s         Terminate com.alexchandler.empires:59680
2026-10-05 18:30:03.505 xcodebuild[59337:16933294] [MT] IDELaunchParametersSnapshot: The operation couldn’t be completed. (DebuggerLLDB.DebuggerVersionStore.StoreError error 0.)
2026-10-05 18:30:03.505 xcodebuild[59337:16933294] [MT] IDELaunchParametersSnapshot: no debugger version
    t =     1.30s         Setting up automation session
    t =     1.82s         Wait for com.alexchandler.empires to idle
    t =     3.23s Waiting 10.0s for "new-game.rules.naval" Button to exist
    t =     4.27s     Checking `Expect predicate `existsNoRetry == 1` for object "new-game.rules.naval" Button`
    t =     4.27s         Checking existence of `"new-game.rules.naval" Button`
    t =     4.33s Find the "new-game.rules.naval" Button
    t =     4.37s Find the "new-game.rules.naval" Button
    t =     4.40s Find the "new-game.rules.naval" Button
    t =     4.43s Find the "new-game.rules.naval" Button
    t =     4.45s Find the "new-game.rules.naval" Button
    t =     4.48s Find the "new-game.rules.naval" Button
    t =     4.51s Find the "new-game.rules.naval" Button
    t =     4.54s Find the "new-game.rules.naval" Button
    t =     4.57s Find the "new-game.rules.naval" Button
    t =     4.59s Tap "new-game.rules.naval" Button
    t =     4.59s     Wait for com.alexchandler.empires to idle
    t =     4.59s     Find the "new-game.rules.naval" Button
    t =     4.62s     Check for interrupting elements affecting "new-game.rules.naval" Button
    t =     4.63s     Synthesize event
    t =     4.92s     Wait for com.alexchandler.empires to idle
    t =     4.92s Find the "new-game.naval.advanced" Button
    t =     4.96s Swipe up ScrollView (First Match)
    t =     4.96s     Wait for com.alexchandler.empires to idle
    t =     4.96s     Find the ScrollView (First Match)
    t =     4.97s     Check for interrupting elements affecting ScrollView
    t =     4.98s     Synthesize event
    t =     5.41s     Wait for com.alexchandler.empires to idle
    t =     6.00s Find the "new-game.naval.advanced" Button
    t =     6.04s Find the "new-game.naval.advanced" Button
    t =     6.07s Find the "new-game.naval.advanced" Button
    t =     6.09s Find the "new-game.naval.advanced" Button
    t =     6.12s Find the "new-game.naval.advanced" Button
    t =     6.15s Find the "new-game.naval.advanced" Button
    t =     6.18s Find the "new-game.naval.advanced" Button
    t =     6.21s Find the "new-game.naval.advanced" Button
    t =     6.24s Tap "new-game.naval.advanced" Button
    t =     6.24s     Wait for com.alexchandler.empires to idle
    t =     6.24s     Find the "new-game.naval.advanced" Button
    t =     6.26s     Check for interrupting elements affecting "new-game.naval.advanced" Button
    t =     6.28s     Synthesize event
    t =     6.57s     Wait for com.alexchandler.empires to idle
    t =     6.93s Waiting 3.0s for "new-game.naval.advanced.done" Button to exist
    t =     7.97s     Checking `Expect predicate `existsNoRetry == 1` for object "new-game.naval.advanced.done" Button`
    t =     7.97s         Checking existence of `"new-game.naval.advanced.done" Button`
    t =     8.01s Find the "new-game.start" Button
    t =     8.06s Find the "new-game.cancel" Button
    t =     8.11s Find the "new-game.naval.advanced.done" Button
    t =     8.15s Tap "About Islands" Button
    t =     8.15s     Wait for com.alexchandler.empires to idle
    t =     8.15s     Find the "About Islands" Button
    t =     8.19s     Check for interrupting elements affecting "info.circle" Button
    t =     8.21s     Synthesize event
    t =     8.50s     Wait for com.alexchandler.empires to idle
    t =     8.50s Checking existence of `"Surprise me" StaticText`
    t =     8.54s Checking existence of `"Archipelago" StaticText`
    t =     8.58s Checking existence of `"Peninsula" StaticText`
    t =     8.62s Checking existence of `"Twin Islands" StaticText`
    t =     8.67s Find the ScrollView (First Match)
    t =     8.67s Find the "new-game.naval.fog" Button
    t =     8.72s Swipe up "new-game.naval.advanced.content" ScrollView
    t =     8.72s     Wait for com.alexchandler.empires to idle
    t =     8.72s     Find the "new-game.naval.advanced.content" ScrollView
    t =     8.73s     Check for interrupting elements affecting "new-game.naval.advanced.content" ScrollView
    t =     8.75s     Synthesize event
    t =     9.18s     Wait for com.alexchandler.empires to idle
    t =    10.77s Find the "new-game.naval.advanced.content" ScrollView
    t =    10.78s Find the "new-game.naval.fog" Button
    t =    10.83s Swipe up "new-game.naval.advanced.content" ScrollView
    t =    10.83s     Wait for com.alexchandler.empires to idle
    t =    10.83s     Find the "new-game.naval.advanced.content" ScrollView
    t =    10.84s     Check for interrupting elements affecting "new-game.naval.advanced.content" ScrollView
    t =    10.86s     Synthesize event
    t =    11.29s     Wait for com.alexchandler.empires to idle
    t =    11.77s Find the "new-game.naval.advanced.content" ScrollView
    t =    11.78s Find the "new-game.naval.fog" Button
    t =    11.83s Swipe up "new-game.naval.advanced.content" ScrollView
    t =    11.83s     Wait for com.alexchandler.empires to idle
    t =    11.83s     Find the "new-game.naval.advanced.content" ScrollView
    t =    11.84s     Check for interrupting elements affecting "new-game.naval.advanced.content" ScrollView
    t =    11.86s     Synthesize event
    t =    12.28s     Wait for com.alexchandler.empires to idle
    t =    12.77s Find the "new-game.naval.advanced.content" ScrollView
    t =    12.78s Find the "new-game.naval.fog" Button
    t =    12.83s Swipe up "new-game.naval.advanced.content" ScrollView
    t =    12.83s     Wait for com.alexchandler.empires to idle
    t =    12.83s     Find the "new-game.naval.advanced.content" ScrollView
    t =    12.84s     Check for interrupting elements affecting "new-game.naval.advanced.content" ScrollView
    t =    12.86s     Synthesize event
    t =    13.29s     Wait for com.alexchandler.empires to idle
    t =    13.77s Find the "new-game.naval.advanced.content" ScrollView
    t =    13.78s Find the "new-game.naval.fog" Button
    t =    13.83s Swipe up "new-game.naval.advanced.content" ScrollView
    t =    13.83s     Wait for com.alexchandler.empires to idle
    t =    13.83s     Find the "new-game.naval.advanced.content" ScrollView
    t =    13.84s     Check for interrupting elements affecting "new-game.naval.advanced.content" ScrollView
    t =    13.86s     Synthesize event
    t =    14.29s     Wait for com.alexchandler.empires to idle
    t =    14.77s Find the "new-game.naval.advanced.content" ScrollView
    t =    14.78s Find the "new-game.naval.fog" Button
    t =    14.83s Swipe up "new-game.naval.advanced.content" ScrollView
    t =    14.83s     Wait for com.alexchandler.empires to idle
    t =    14.83s     Find the "new-game.naval.advanced.content" ScrollView
    t =    14.84s     Check for interrupting elements affecting "new-game.naval.advanced.content" ScrollView
    t =    14.86s     Synthesize event
    t =    15.29s     Wait for com.alexchandler.empires to idle
    t =    15.77s Find the "new-game.naval.advanced.content" ScrollView
    t =    15.79s Find the "new-game.naval.fog" Button
    t =    15.83s Swipe up "new-game.naval.advanced.content" ScrollView
    t =    15.83s     Wait for com.alexchandler.empires to idle
    t =    15.83s     Find the "new-game.naval.advanced.content" ScrollView
    t =    15.84s     Check for interrupting elements affecting "new-game.naval.advanced.content" ScrollView
    t =    15.86s     Synthesize event
    t =    16.29s     Wait for com.alexchandler.empires to idle
    t =    16.77s Find the "new-game.naval.advanced.content" ScrollView
    t =    16.78s Find the "new-game.naval.fog" Button
    t =    16.83s Swipe up "new-game.naval.advanced.content" ScrollView
    t =    16.83s     Wait for com.alexchandler.empires to idle
    t =    16.83s     Find the "new-game.naval.advanced.content" ScrollView
    t =    16.84s     Check for interrupting elements affecting "new-game.naval.advanced.content" ScrollView
    t =    16.86s     Synthesize event
    t =    17.29s     Wait for com.alexchandler.empires to idle
    t =    17.77s Find the "new-game.naval.advanced.content" ScrollView
    t =    17.78s Find the "new-game.naval.fog" Button
    t =    17.83s Swipe up "new-game.naval.advanced.content" ScrollView
    t =    17.83s     Wait for com.alexchandler.empires to idle
    t =    17.83s     Find the "new-game.naval.advanced.content" ScrollView
    t =    17.84s     Check for interrupting elements affecting "new-game.naval.advanced.content" ScrollView
    t =    17.86s     Synthesize event
    t =    18.29s     Wait for com.alexchandler.empires to idle
    t =    18.77s Find the "new-game.naval.advanced.content" ScrollView
    t =    18.78s Find the "new-game.naval.fog" Button
    t =    18.82s Swipe up "new-game.naval.advanced.content" ScrollView
    t =    18.82s     Wait for com.alexchandler.empires to idle
    t =    18.83s     Find the "new-game.naval.advanced.content" ScrollView
    t =    18.83s     Check for interrupting elements affecting "new-game.naval.advanced.content" ScrollView
    t =    18.86s     Synthesize event
    t =    19.28s     Wait for com.alexchandler.empires to idle
    t =    19.77s Find the "new-game.naval.advanced.content" ScrollView
    t =    19.78s Find the "new-game.naval.fog" Button
    t =    19.83s Find the "new-game.naval.fog" Button
/Users/alex/.codex/worktrees/naval-exploration/Settlers/SettlersUITests/NewGameMatchSettingsFlowTests.swift:176: error: -[SettlersUITests.NewGameMatchSettingsFlowTests testAdvancedSettingsHelpAndDoneRemainReachableAtMaximumText] : XCTAssertTrue failed - The advanced setting remains cropped: new-game.naval.fog
    t =    20.08s Tear Down
Test Case '-[SettlersUITests.NewGameMatchSettingsFlowTests testAdvancedSettingsHelpAndDoneRemainReachableAtMaximumText]' failed (20.348 seconds).
Test Case '-[SettlersUITests.NewGameMatchSettingsFlowTests testNavalAdvancedSettingsKeepsDraftChoicesWhenReopenedAndRestoresLandMode]' started.
    t =     0.00s Start Test at 2026-10-05 18:30:22.757
    t =     0.03s Set Up
    t =     0.03s Open com.alexchandler.empires
    t =     0.03s     Launch com.alexchandler.empires
    t =     0.03s         Terminate com.alexchandler.empires:59719
2026-10-05 18:30:23.870 xcodebuild[59337:16933294] [MT] IDELaunchParametersSnapshot: The operation couldn’t be completed. (DebuggerLLDB.DebuggerVersionStore.StoreError error 0.)
2026-10-05 18:30:23.870 xcodebuild[59337:16933294] [MT] IDELaunchParametersSnapshot: no debugger version
    t =     1.32s         Setting up automation session
    t =     1.83s         Wait for com.alexchandler.empires to idle
    t =     3.20s Waiting 10.0s for "new-game.rules.naval" Button to exist
    t =     4.23s     Checking `Expect predicate `existsNoRetry == 1` for object "new-game.rules.naval" Button`
    t =     4.23s         Checking existence of `"new-game.rules.naval" Button`
    t =     4.29s Tap "new-game.mode.vast" Button
    t =     4.29s     Wait for com.alexchandler.empires to idle
    t =     4.29s     Find the "new-game.mode.vast" Button
    t =     4.32s     Check for interrupting elements affecting "new-game.mode.vast" Button
    t =     4.34s     Synthesize event
    t =     4.63s     Wait for com.alexchandler.empires to idle
    t =     4.64s Tap "new-game.rules.naval" Button
    t =     4.64s     Wait for com.alexchandler.empires to idle
    t =     4.64s     Find the "new-game.rules.naval" Button
    t =     4.66s     Check for interrupting elements affecting "new-game.rules.naval" Button
    t =     4.68s     Synthesize event
    t =     4.97s     Wait for com.alexchandler.empires to idle
    t =     4.97s Checking existence of `"new-game.naval.family.surprise" Button`
    t =     5.00s Checking existence of `"new-game.naval.fog" Button`
    t =     5.02s Find the "new-game.naval.advanced" Button
    t =     5.05s Find the "new-game.naval.advanced" Button
    t =     5.08s Find the "new-game.naval.advanced" Button
    t =     5.11s Find the "new-game.naval.advanced" Button
    t =     5.14s Find the "new-game.naval.advanced" Button
    t =     5.16s Find the "new-game.naval.advanced" Button
    t =     5.19s Find the "new-game.naval.advanced" Button
    t =     5.22s Find the "new-game.naval.advanced" Button
    t =     5.25s Find the "new-game.naval.advanced" Button
    t =     5.28s Tap "new-game.naval.advanced" Button
    t =     5.28s     Wait for com.alexchandler.empires to idle
    t =     5.28s     Find the "new-game.naval.advanced" Button
    t =     5.30s     Check for interrupting elements affecting "new-game.naval.advanced" Button
    t =     5.32s     Synthesize event
    t =     5.61s     Wait for com.alexchandler.empires to idle
    t =     5.97s Waiting 3.0s for "new-game.naval.advanced.done" Button to exist
    t =     7.00s     Checking `Expect predicate `existsNoRetry == 1` for object "new-game.naval.advanced.done" Button`
    t =     7.00s         Checking existence of `"new-game.naval.advanced.done" Button`
    t =     7.05s Find the "new-game.start" Button
    t =     7.09s Find the "new-game.cancel" Button
    t =     7.13s Find the "new-game.naval.family.surprise" Button
    t =     7.18s Find the "new-game.naval.family.surprise" Button
    t =     7.22s Tap "new-game.naval.family.surprise" Button
    t =     7.22s     Wait for com.alexchandler.empires to idle
    t =     7.22s     Find the "new-game.naval.family.surprise" Button
    t =     7.26s     Check for interrupting elements affecting "new-game.naval.family.surprise" Button
    t =     7.29s     Synthesize event
    t =     7.57s     Wait for com.alexchandler.empires to idle
    t =     7.58s Find the "new-game.naval.family.surprise" Button
    t =     7.62s Checking existence of `"Surprise me" StaticText`
    t =     7.66s Find the "new-game.naval.family.archipelago" Button
    t =     7.71s Find the "new-game.naval.family.archipelago" Button
    t =     7.75s Tap "new-game.naval.family.archipelago" Button
    t =     7.75s     Wait for com.alexchandler.empires to idle
    t =     7.75s     Find the "new-game.naval.family.archipelago" Button
    t =     7.79s     Check for interrupting elements affecting "new-game.naval.family.archipelago" Button
    t =     7.81s     Synthesize event
    t =     8.10s     Wait for com.alexchandler.empires to idle
    t =     8.10s Find the "new-game.naval.family.archipelago" Button
    t =     8.14s Checking existence of `"Archipelago" StaticText`
    t =     8.19s Find the "new-game.naval.family.peninsula" Button
    t =     8.23s Find the "new-game.naval.family.peninsula" Button
    t =     8.28s Tap "new-game.naval.family.peninsula" Button
    t =     8.28s     Wait for com.alexchandler.empires to idle
    t =     8.28s     Find the "new-game.naval.family.peninsula" Button
    t =     8.32s     Check for interrupting elements affecting "new-game.naval.family.peninsula" Button
    t =     8.34s     Synthesize event
    t =     8.62s     Wait for com.alexchandler.empires to idle
    t =     8.62s Find the "new-game.naval.family.peninsula" Button
    t =     8.67s Checking existence of `"Peninsula" StaticText`
    t =     8.71s Find the "new-game.naval.family.twinIslands" Button
    t =     8.76s Find the "new-game.naval.family.twinIslands" Button
    t =     8.80s Tap "new-game.naval.family.twinIslands" Button
    t =     8.80s     Wait for com.alexchandler.empires to idle
    t =     8.80s     Find the "new-game.naval.family.twinIslands" Button
    t =     8.84s     Check for interrupting elements affecting "new-game.naval.family.twinIslands" Button
    t =     8.86s     Synthesize event
    t =     9.15s     Wait for com.alexchandler.empires to idle
    t =     9.16s Find the "new-game.naval.family.twinIslands" Button
    t =     9.20s Checking existence of `"Twin Islands" StaticText`
    t =     9.24s Find the Target Application 'com.alexchandler.empires'
    t =     9.34s Added attachment named 'Naval — dedicated island and discovery settings'
    t =     9.34s Find the "new-game.naval.fog" Button
    t =     9.39s Find the "new-game.naval.fog" Button
    t =     9.44s Find the "new-game.naval.fog" Button
    t =     9.48s Find the "new-game.naval.fog" Button
    t =     9.53s Find the "new-game.naval.fog" Button
    t =     9.57s Find the "new-game.naval.fog" Button
    t =     9.62s Find the "new-game.naval.fog" Button
    t =     9.66s Find the "new-game.naval.fog" Button
    t =     9.71s Find the "new-game.naval.fog" Button
    t =     9.75s Find the "new-game.naval.fog" Button
    t =     9.79s Tap "new-game.naval.fog" Button
    t =     9.79s     Wait for com.alexchandler.empires to idle
    t =     9.80s     Find the "new-game.naval.fog" Button
    t =     9.83s     Check for interrupting elements affecting "new-game.naval.fog" Button
    t =     9.86s     Synthesize event
    t =    10.15s     Wait for com.alexchandler.empires to idle
    t =    10.15s Find the "new-game.naval.fog" Button
    t =    10.20s Find the "new-game.naval.resources" Button
    t =    10.24s Find the "new-game.naval.resources" Button
    t =    10.29s Find the "new-game.naval.resources" Button
    t =    10.33s Find the "new-game.naval.resources" Button
    t =    10.38s Find the "new-game.naval.resources" Button
    t =    10.43s Find the "new-game.naval.resources" Button
    t =    10.47s Find the "new-game.naval.resources" Button
    t =    10.52s Find the "new-game.naval.resources" Button
    t =    10.56s Find the "new-game.naval.resources" Button
    t =    10.61s Find the "new-game.naval.resources" Button
    t =    10.65s Tap "new-game.naval.resources" Button
    t =    10.65s     Wait for com.alexchandler.empires to idle
    t =    10.65s     Find the "new-game.naval.resources" Button
    t =    10.69s     Check for interrupting elements affecting "new-game.naval.resources" Button
    t =    10.71s     Synthesize event
    t =    11.00s     Wait for com.alexchandler.empires to idle
    t =    11.00s Find the "new-game.naval.resources" Button
    t =    11.05s Tap "new-game.naval.advanced.done" Button
    t =    11.05s     Wait for com.alexchandler.empires to idle
    t =    11.05s     Find the "new-game.naval.advanced.done" Button
    t =    11.09s     Check for interrupting elements affecting "new-game.naval.advanced.done" Button
    t =    11.11s     Synthesize event
    t =    11.40s     Wait for com.alexchandler.empires to idle
    t =    11.72s Find the "new-game.naval.advanced" Button
    t =    11.77s Find the "new-game.naval.advanced" Button
    t =    11.79s Checking existence of `"new-game.naval.family.twinIslands" Button`
    t =    11.82s Checking existence of `"new-game.naval.resources" Button`
    t =    11.85s Find the "new-game.rules.naval" Button
    t =    11.89s Find the "new-game.naval.advanced" Button
    t =    11.92s Find the "new-game.naval.advanced" Button
    t =    11.96s Find the "new-game.naval.advanced" Button
    t =    12.00s Find the "new-game.naval.advanced" Button
    t =    12.04s Find the "new-game.naval.advanced" Button
    t =    12.08s Find the "new-game.naval.advanced" Button
    t =    12.11s Find the "new-game.naval.advanced" Button
    t =    12.15s Find the "new-game.naval.advanced" Button
    t =    12.19s Find the "new-game.naval.advanced" Button
    t =    12.23s Tap "new-game.naval.advanced" Button
    t =    12.23s     Wait for com.alexchandler.empires to idle
    t =    12.24s     Find the "new-game.naval.advanced" Button
    t =    12.27s     Check for interrupting elements affecting "new-game.naval.advanced" Button
    t =    12.29s     Synthesize event
    t =    12.58s     Wait for com.alexchandler.empires to idle
    t =    12.92s Waiting 3.0s for "new-game.naval.advanced.done" Button to exist
    t =    13.95s     Checking `Expect predicate `existsNoRetry == 1` for object "new-game.naval.advanced.done" Button`
    t =    13.95s         Checking existence of `"new-game.naval.advanced.done" Button`
    t =    14.00s Find the "new-game.start" Button
    t =    14.05s Find the "new-game.cancel" Button
    t =    14.09s Find the "new-game.naval.family.twinIslands" Button
    t =    14.13s Find the "new-game.naval.fog" Button
    t =    14.17s Find the "new-game.naval.resources" Button
    t =    14.21s Tap "new-game.naval.advanced.done" Button
    t =    14.21s     Wait for com.alexchandler.empires to idle
    t =    14.21s     Find the "new-game.naval.advanced.done" Button
    t =    14.25s     Check for interrupting elements affecting "new-game.naval.advanced.done" Button
    t =    14.28s     Synthesize event
    t =    14.56s     Wait for com.alexchandler.empires to idle
    t =    14.91s Tap "new-game.rules.standard" Button
    t =    14.91s     Wait for com.alexchandler.empires to idle
    t =    14.91s     Find the "new-game.rules.standard" Button
    t =    14.94s     Check for interrupting elements affecting "new-game.rules.standard" Button
    t =    14.97s     Synthesize event
    t =    15.25s     Wait for com.alexchandler.empires to idle
    t =    15.26s Find the "new-game.mode.vast" Button
    t =    15.29s Checking existence of `"new-game.naval.advanced" Button`
    t =    15.32s Tap "new-game.rules.conquest" Button
    t =    15.32s     Wait for com.alexchandler.empires to idle
    t =    15.33s     Find the "new-game.rules.conquest" Button
    t =    15.36s     Check for interrupting elements affecting "new-game.rules.conquest" Button
    t =    15.38s     Synthesize event
    t =    15.67s     Wait for com.alexchandler.empires to idle
    t =    15.67s Find the "new-game.mode.vast" Button
    t =    15.71s Tap "new-game.rules.naval" Button
    t =    15.71s     Wait for com.alexchandler.empires to idle
    t =    15.71s     Find the "new-game.rules.naval" Button
    t =    15.74s     Check for interrupting elements affecting "new-game.rules.naval" Button
    t =    15.76s     Synthesize event
    t =    16.05s     Wait for com.alexchandler.empires to idle
    t =    16.05s Find the "new-game.naval.advanced" Button
    t =    16.10s Find the "new-game.naval.advanced" Button
    t =    16.13s Checking existence of `"new-game.naval.family.twinIslands" Button`
    t =    16.16s Checking existence of `"new-game.naval.resources" Button`
    t =    16.19s Find the "new-game.rules.naval" Button
    t =    16.23s Find the Target Application 'com.alexchandler.empires'
    t =    16.37s Added attachment named 'Naval — compact advanced settings entry'
    t =    16.38s Tear Down
Test Case '-[SettlersUITests.NewGameMatchSettingsFlowTests testNavalAdvancedSettingsKeepsDraftChoicesWhenReopenedAndRestoresLandMode]' passed (16.628 seconds).
Test Case '-[SettlersUITests.NewGameMatchSettingsFlowTests testNavalDefaultSetupFitsWithoutScrollingOnRegularPhone]' started.
    t =     0.00s Start Test at 2026-10-05 18:30:39.385
    t =     0.02s Set Up
    t =     0.02s Open com.alexchandler.empires
    t =     0.02s     Launch com.alexchandler.empires
    t =     0.02s         Terminate com.alexchandler.empires:59817
2026-10-05 18:30:40.458 xcodebuild[59337:16933294] [MT] IDELaunchParametersSnapshot: The operation couldn’t be completed. (DebuggerLLDB.DebuggerVersionStore.StoreError error 0.)
2026-10-05 18:30:40.458 xcodebuild[59337:16933294] [MT] IDELaunchParametersSnapshot: no debugger version
    t =     1.28s         Setting up automation session
    t =     1.80s         Wait for com.alexchandler.empires to idle
    t =     3.14s Waiting 10.0s for "new-game.rules.naval" Button to exist
    t =     4.17s     Checking `Expect predicate `existsNoRetry == 1` for object "new-game.rules.naval" Button`
    t =     4.17s         Checking existence of `"new-game.rules.naval" Button`
    t =     4.24s Find the Target Application 'com.alexchandler.empires'
    t =     4.25s Tap "new-game.rules.naval" Button
    t =     4.25s     Wait for com.alexchandler.empires to idle
    t =     4.25s     Find the "new-game.rules.naval" Button
    t =     4.28s     Check for interrupting elements affecting "new-game.rules.naval" Button
    t =     4.29s     Synthesize event
    t =     4.59s     Wait for com.alexchandler.empires to idle
    t =     4.59s Find the ScrollView (First Match)
    t =     4.60s Find the "New Game" StaticText
    t =     4.62s     Collecting debug information to assist test failure triage
    t =     4.62s         Requesting snapshot of accessibility hierarchy for app with pid 59928
    t =     4.66s     Requesting snapshot of accessibility hierarchy for app with pid 59928
    t =     4.69s     Find: Descendants matching type StaticText
    t =     4.69s     Find: Elements matching predicate '"New Game" IN identifiers'
    t =     4.71s     Requesting snapshot of accessibility hierarchy for app with pid 59928
    t =     4.73s     Find: Descendants matching type StaticText
    t =     4.73s     Find: Elements matching predicate '"New Game" IN identifiers'
    t =     4.73s     Requesting snapshot of accessibility hierarchy for app with pid 59928
    t =     4.76s     Find: Descendants matching type StaticText
    t =     4.76s     Requesting snapshot of accessibility hierarchy for app with pid 59928
    t =     4.90s     Requesting snapshot of accessibility hierarchy for app with pid 59928
/Users/alex/.codex/worktrees/naval-exploration/Settlers/SettlersUITests/NewGameMatchSettingsFlowTests.swift:85: error: -[SettlersUITests.NewGameMatchSettingsFlowTests testNavalDefaultSetupFitsWithoutScrollingOnRegularPhone] : Failed to get matching snapshot: Find single matching element. Multiple matching elements found for <XCUIElementQuery: 0x10941c0a0>.
Sparse tree of matches:
→Application, pid: 59928, label: 'Empires'
  ↳Window (Main)
    ↳Other
      ↳Other
        ↳Other
          ↳Other
            ↳Other, identifier: 'screen.main-menu'
              ↳Button, identifier: 'main-menu.new-game', label: 'New Game'
              ⋅ ↳StaticText, label: 'New Game'
              ↳Other, identifier: 'screen.new-game'
                ↳ScrollView
                  ↳Other
                    ↳StaticText, label: 'New Game'
    t =     4.93s Tear Down
Test Case '-[SettlersUITests.NewGameMatchSettingsFlowTests testNavalDefaultSetupFitsWithoutScrollingOnRegularPhone]' failed (5.145 seconds).
Test Case '-[SettlersUITests.NewGameMatchSettingsFlowTests testRulesHelpExplainsEveryOptionWithoutMovingFooterOrChangingSelection]' started.
    t =     0.00s Start Test at 2026-10-05 18:30:44.530
    t =     0.02s Set Up
    t =     0.02s     Open com.alexchandler.empires
    t =     0.02s         Launch com.alexchandler.empires
    t =     0.02s             Terminate com.alexchandler.empires:59928
2026-10-05 18:30:45.605 xcodebuild[59337:16933294] [MT] IDELaunchParametersSnapshot: The operation couldn’t be completed. (DebuggerLLDB.DebuggerVersionStore.StoreError error 0.)
2026-10-05 18:30:45.605 xcodebuild[59337:16933294] [MT] IDELaunchParametersSnapshot: no debugger version
    t =     1.28s             Setting up automation session
    t =     1.79s             Wait for com.alexchandler.empires to idle
    t =     3.16s     Waiting 10.0s for "new-game.rules.naval" Button to exist
    t =     4.18s         Checking `Expect predicate `existsNoRetry == 1` for object "new-game.rules.naval" Button`
    t =     4.18s             Checking existence of `"new-game.rules.naval" Button`
    t =     4.24s     Find the "new-game.start" Button
    t =     4.26s     Find the "new-game.cancel" Button
    t =     4.29s     Tap "About Rules" Button
    t =     4.29s         Wait for com.alexchandler.empires to idle
    t =     4.29s         Find the "About Rules" Button
    t =     4.31s         Check for interrupting elements affecting "About Rules" Button
    t =     4.33s         Synthesize event
    t =     4.62s         Wait for com.alexchandler.empires to idle
    t =     4.62s     Waiting 3.0s for "new-game.help.rules" Other to exist
    t =     5.64s         Checking `Expect predicate `existsNoRetry == 1` for object "new-game.help.rules" Other`
    t =     5.64s             Checking existence of `"new-game.help.rules" Other`
    t =     5.67s     Checking existence of `"Standard" StaticText`
    t =     5.69s     Checking existence of `"Conquest" StaticText`
    t =     5.71s     Checking existence of `"Naval" StaticText`
    t =     5.74s     Checking existence of `StaticText (First Match)`
    t =     5.76s     Find the ScrollView (First Match)
    t =     5.77s     Find the StaticText (First Match)
    t =     5.80s     Find the "new-game.rules.standard" Button
    t =     5.83s     Find the "new-game.start" Button
    t =     5.85s     Find the "new-game.cancel" Button
    t =     5.87s     Find the Target Application 'com.alexchandler.empires'
    t =     5.99s Added attachment named 'Match Settings — Standard Conquest Naval explained'
    t =     5.99s     Tap "About Rules" Button
    t =     5.99s         Wait for com.alexchandler.empires to idle
    t =     5.99s         Find the "About Rules" Button
    t =     6.01s         Check for interrupting elements affecting "About Rules" Button
    t =     6.03s         Synthesize event
    t =     6.32s         Wait for com.alexchandler.empires to idle
    t =     6.33s     Checking existence of `"new-game.help.rules" Other`
    t =     6.35s     Find the "About Game Mode" Button
    t =     6.38s     Find the "About Game Mode" Button
    t =     6.41s     Find the "About Game Mode" Button
    t =     6.44s     Tap "About Game Mode" Button
    t =     6.44s         Wait for com.alexchandler.empires to idle
    t =     6.44s         Find the "About Game Mode" Button
    t =     6.46s         Check for interrupting elements affecting "About Game Mode" Button
    t =     6.48s         Synthesize event
    t =     6.77s         Wait for com.alexchandler.empires to idle
    t =     6.77s     Waiting 3.0s for "new-game.help.mode" Other to exist
    t =     7.78s         Checking `Expect predicate `existsNoRetry == 1` for object "new-game.help.mode" Other`
    t =     7.78s             Checking existence of `"new-game.help.mode" Other`
    t =     7.81s     Checking existence of `"new-game.help.rules" Other`
    t =     7.84s     Find the "new-game.rules.standard" Button
    t =     7.86s Tear Down
Test Case '-[SettlersUITests.NewGameMatchSettingsFlowTests testRulesHelpExplainsEveryOptionWithoutMovingFooterOrChangingSelection]' passed (8.099 seconds).
Test Case '-[SettlersUITests.NewGameMatchSettingsFlowTests testSettingsSelectorsShareWiderAlignedColumns]' started.
    t =     0.00s Start Test at 2026-10-05 18:30:52.630
    t =     0.02s Set Up
    t =     0.02s     Open com.alexchandler.empires
    t =     0.02s         Launch com.alexchandler.empires
    t =     0.02s             Terminate com.alexchandler.empires:59951
2026-10-05 18:30:53.684 xcodebuild[59337:16933294] [MT] IDELaunchParametersSnapshot: The operation couldn’t be completed. (DebuggerLLDB.DebuggerVersionStore.StoreError error 0.)
2026-10-05 18:30:53.684 xcodebuild[59337:16933294] [MT] IDELaunchParametersSnapshot: no debugger version
    t =     1.26s             Setting up automation session
    t =     1.78s             Wait for com.alexchandler.empires to idle
    t =     3.16s     Waiting 10.0s for "new-game.rules.naval" Button to exist
    t =     4.19s         Checking `Expect predicate `existsNoRetry == 1` for object "new-game.rules.naval" Button`
    t =     4.19s             Checking existence of `"new-game.rules.naval" Button`
    t =     4.26s     Find the Target Application 'com.alexchandler.empires'
    t =     4.27s     Find the "new-game.mode.classic" Button
    t =     4.30s     Find the "new-game.mode.classic" Button
    t =     4.33s     Find the "About Game Mode" Button
    t =     4.35s     Find the "About Game Mode" Button
    t =     4.38s     Find the "new-game.mode.classic" Button
    t =     4.40s     Find the "new-game.mode.classic" Button
    t =     4.42s     Find the "new-game.rules.standard" Button
    t =     4.45s     Find the "new-game.rules.standard" Button
    t =     4.47s     Find the "About Rules" Button
    t =     4.49s     Find the "About Rules" Button
    t =     4.52s     Find the "new-game.rules.standard" Button
    t =     4.54s     Find the "new-game.rules.standard" Button
    t =     4.57s     Find the "new-game.board.standard" Button
    t =     4.60s     Find the "new-game.board.standard" Button
    t =     4.62s     Find the "About Board" Button
    t =     4.64s     Find the "About Board" Button
    t =     4.67s     Find the "new-game.board.standard" Button
    t =     4.69s     Find the "new-game.board.standard" Button
    t =     4.71s     Find the "new-game.difficulty.classic" Button
    t =     4.74s     Find the "new-game.difficulty.classic" Button
    t =     4.76s     Find the "About AI Opponents" Button
    t =     4.79s     Find the "About AI Opponents" Button
    t =     4.81s     Find the "new-game.difficulty.classic" Button
    t =     4.83s     Find the "new-game.difficulty.classic" Button
    t =     4.86s     Find the "new-game.seating.shown" Button
    t =     4.89s     Find the "new-game.seating.shown" Button
    t =     4.91s     Find the "About Turn Order" Button
    t =     4.93s     Find the "About Turn Order" Button
    t =     4.95s     Find the "new-game.seating.shown" Button
    t =     4.98s     Find the "new-game.seating.shown" Button
    t =     5.00s     Find the "new-game.rules.standard" Button
    t =     5.02s     Find the "new-game.rules.standard" Button
    t =     5.05s     Find the "new-game.rules.conquest" Button
    t =     5.07s     Find the "new-game.rules.standard" Button
    t =     5.09s     Find the "new-game.rules.naval" Button
    t =     5.11s     Find the "new-game.rules.standard" Button
    t =     5.14s     Find the Target Application 'com.alexchandler.empires'
    t =     5.27s Added attachment named 'Match Settings — wider aligned selectors'
    t =     5.28s Tear Down
Test Case '-[SettlersUITests.NewGameMatchSettingsFlowTests testSettingsSelectorsShareWiderAlignedColumns]' passed (5.485 seconds).
Test Suite 'NewGameMatchSettingsFlowTests' failed at 2026-10-05 18:30:58.115.
	 Executed 5 tests, with 2 failures (0 unexpected) in 55.704 (55.708) seconds
Test Suite 'SettlersUITests.xctest' failed at 2026-10-05 18:30:58.116.
	 Executed 6 tests, with 2 failures (0 unexpected) in 80.182 (80.188) seconds
Test Suite 'Selected tests' failed at 2026-10-05 18:30:58.116.
	 Executed 6 tests, with 2 failures (0 unexpected) in 80.182 (80.189) seconds
2026-10-05 18:31:09.761 xcodebuild[59337:16933294] [MT] IDETestOperationsObserverDebug: 94.093 elapsed -- Testing started completed.
2026-10-05 18:31:09.761 xcodebuild[59337:16933294] [MT] IDETestOperationsObserverDebug: 0.000 sec, +0.000 sec -- start
2026-10-05 18:31:09.761 xcodebuild[59337:16933294] [MT] IDETestOperationsObserverDebug: 94.093 sec, +94.093 sec -- end

Test session results, code coverage, and logs:
	/tmp/empires-naval-refinement19/advanced-first.xcresult

Failing tests:
	NewGameMatchSettingsFlowTests.testAdvancedSettingsHelpAndDoneRemainReachableAtMaximumText()
	NewGameMatchSettingsFlowTests.testNavalDefaultSetupFitsWithoutScrollingOnRegularPhone()

** TEST FAILED **

Testing started
