Command line invocation:
    /Applications/Xcode.app/Contents/Developer/usr/bin/xcodebuild -project Settlers.xcodeproj -scheme Settlers -configuration Release -destination generic/platform=iOS -archivePath /Users/alex/.codex/artifacts/naval-exploration/build21-final/Empires-21.xcarchive -jobs 2 "OTHER_SWIFT_FLAGS=$(inherited) -driver-batch-count 2" CODE_SIGN_STYLE=Manual DEVELOPMENT_TEAM=HXB9F28LHR "PROVISIONING_PROFILE_SPECIFIER=Empires App Store 20261004" CODE_SIGN_IDENTITY=76465B06C2E157D857641F5B3D25CF5A3110C4A9 "OTHER_CODE_SIGN_FLAGS=--keychain /Users/alex/Library/Keychains/login.keychain-db" SETTLERS_CLOUDKIT_CONTAINER=iCloud.com.alexchandler.empires SETTLERS_ENTITLEMENTS=Settlers/LiveSync.entitlements archive

Build settings from command line:
    CODE_SIGN_IDENTITY = 76465B06C2E157D857641F5B3D25CF5A3110C4A9
    CODE_SIGN_STYLE = Manual
    DEVELOPMENT_TEAM = HXB9F28LHR
    OTHER_CODE_SIGN_FLAGS = --keychain /Users/alex/Library/Keychains/login.keychain-db
    OTHER_SWIFT_FLAGS = $(inherited) -driver-batch-count 2
    PROVISIONING_PROFILE_SPECIFIER = Empires App Store 20261004
    SETTLERS_CLOUDKIT_CONTAINER = iCloud.com.alexchandler.empires
    SETTLERS_ENTITLEMENTS = Settlers/LiveSync.entitlements

Resolve Package Graph


Resolved source packages:
  CatanAI: /Users/alex/.codex/worktrees/naval-exploration/Settlers/Packages/CatanAI
  CatanEngine: /Users/alex/.codex/worktrees/naval-exploration/Settlers/Packages/CatanEngine

Build Preparation
Build task concurrency set to 2 via user default IDEBuildOperationMaxNumberOfConcurrentCompileTasks

note: Using codesigning identity override: 76465B06C2E157D857641F5B3D25CF5A3110C4A9
ComputePackagePrebuildTargetDependencyGraph

Prepare packages

CreateBuildRequest

SendProjectDescription

CreateBuildOperation

ComputeTargetDependencyGraph
note: Building targets in dependency order
note: Target dependency graph (5 targets)
    Target 'Settlers' in project 'Settlers'
        ➜ Explicit dependency on target 'CatanEngine' in project 'CatanEngine'
        ➜ Explicit dependency on target 'CatanAI' in project 'CatanAI'
    Target 'CatanAI' in project 'CatanAI'
        ➜ Explicit dependency on target 'CatanAI' in project 'CatanAI'
        ➜ Explicit dependency on target 'CatanEngine' in project 'CatanEngine'
    Target 'CatanAI' in project 'CatanAI'
        ➜ Explicit dependency on target 'CatanEngine' in project 'CatanEngine'
    Target 'CatanEngine' in project 'CatanEngine'
        ➜ Explicit dependency on target 'CatanEngine' in project 'CatanEngine'
    Target 'CatanEngine' in project 'CatanEngine' (no dependencies)

GatherProvisioningInputs

CreateBuildDescription

ExecuteExternalTool /Applications/Xcode.app/Contents/Developer/Toolchains/XcodeDefault.xctoolchain/usr/bin/clang -v -E -dM -isysroot /Applications/Xcode.app/Contents/Developer/Platforms/iPhoneOS.platform/Developer/SDKs/iPhoneOS26.5.sdk -x c -c /dev/null

ExecuteExternalTool /Applications/Xcode.app/Contents/Developer/Toolchains/XcodeDefault.xctoolchain/usr/bin/swiftc --version

ExecuteExternalTool /Applications/Xcode.app/Contents/Developer/usr/bin/actool --print-asset-tag-combinations --output-format xml1 /Users/alex/.codex/worktrees/naval-exploration/Settlers/Settlers/Assets.xcassets

ExecuteExternalTool /Applications/Xcode.app/Contents/Developer/Toolchains/XcodeDefault.xctoolchain/usr/bin/ld -version_details

ExecuteExternalTool /Applications/Xcode.app/Contents/Developer/usr/bin/actool --version --output-format xml1

Build description signature: 36204ac545cad872ea07a8b79a653424
Build description path: /Users/alex/Library/Developer/Xcode/DerivedData/Settlers-bqwdcayamsmaxsekctdqetlegmaf/Build/Intermediates.noindex/ArchiveIntermediates/Settlers/IntermediateBuildFilesPath/XCBuildData/36204ac545cad872ea07a8b79a653424.xcbuilddata
CreateBuildDirectory /Users/alex/Library/Developer/Xcode/DerivedData/Settlers-bqwdcayamsmaxsekctdqetlegmaf/Build/Intermediates.noindex/ArchiveIntermediates/Settlers/InstallationBuildProductsLocation
    cd /Users/alex/.codex/worktrees/naval-exploration/Settlers/Settlers.xcodeproj
    builtin-create-build-directory /Users/alex/Library/Developer/Xcode/DerivedData/Settlers-bqwdcayamsmaxsekctdqetlegmaf/Build/Intermediates.noindex/ArchiveIntermediates/Settlers/InstallationBuildProductsLocation

ClangStatCache /Applications/Xcode.app/Contents/Developer/Toolchains/XcodeDefault.xctoolchain/usr/bin/clang-stat-cache /Applications/Xcode.app/Contents/Developer/Platforms/iPhoneOS.platform/Developer/SDKs/iPhoneOS26.5.sdk /Users/alex/Library/Developer/Xcode/DerivedData/SDKStatCaches.noindex/iphoneos26.5-23F73-32daed1954a7d5dd0789fcaf2a9bb78b.sdkstatcache
    cd /Users/alex/.codex/worktrees/naval-exploration/Settlers/Settlers.xcodeproj
    /Applications/Xcode.app/Contents/Developer/Toolchains/XcodeDefault.xctoolchain/usr/bin/clang-stat-cache /Applications/Xcode.app/Contents/Developer/Platforms/iPhoneOS.platform/Developer/SDKs/iPhoneOS26.5.sdk -o /Users/alex/Library/Developer/Xcode/DerivedData/SDKStatCaches.noindex/iphoneos26.5-23F73-32daed1954a7d5dd0789fcaf2a9bb78b.sdkstatcache

CreateBuildDirectory /Users/alex/Library/Developer/Xcode/DerivedData/Settlers-bqwdcayamsmaxsekctdqetlegmaf/Build/Intermediates.noindex/ArchiveIntermediates/Settlers/IntermediateBuildFilesPath
    cd /Users/alex/.codex/worktrees/naval-exploration/Settlers/Settlers.xcodeproj
    builtin-create-build-directory /Users/alex/Library/Developer/Xcode/DerivedData/Settlers-bqwdcayamsmaxsekctdqetlegmaf/Build/Intermediates.noindex/ArchiveIntermediates/Settlers/IntermediateBuildFilesPath

CreateBuildDirectory /Users/alex/Library/Developer/Xcode/DerivedData/Settlers-bqwdcayamsmaxsekctdqetlegmaf/Build/Intermediates.noindex/ArchiveIntermediates/Settlers/BuildProductsPath
    cd /Users/alex/.codex/worktrees/naval-exploration/Settlers/Settlers.xcodeproj
    builtin-create-build-directory /Users/alex/Library/Developer/Xcode/DerivedData/Settlers-bqwdcayamsmaxsekctdqetlegmaf/Build/Intermediates.noindex/ArchiveIntermediates/Settlers/BuildProductsPath

CreateBuildDirectory /Users/alex/Library/Developer/Xcode/DerivedData/Settlers-bqwdcayamsmaxsekctdqetlegmaf/Build/Intermediates.noindex/ArchiveIntermediates/Settlers/BuildProductsPath/Release-iphoneos
    cd /Users/alex/.codex/worktrees/naval-exploration/Settlers/Settlers.xcodeproj
    builtin-create-build-directory /Users/alex/Library/Developer/Xcode/DerivedData/Settlers-bqwdcayamsmaxsekctdqetlegmaf/Build/Intermediates.noindex/ArchiveIntermediates/Settlers/BuildProductsPath/Release-iphoneos

WriteAuxiliaryFile /Users/alex/Library/Developer/Xcode/DerivedData/Settlers-bqwdcayamsmaxsekctdqetlegmaf/Build/Intermediates.noindex/ArchiveIntermediates/Settlers/IntermediateBuildFilesPath/Settlers.build/Release-iphoneos/Settlers-9ad65172c434931f4eb5300f50bbe1d2-VFS-iphoneos/all-product-headers.yaml
    cd /Users/alex/.codex/worktrees/naval-exploration/Settlers/Settlers.xcodeproj
    write-file /Users/alex/Library/Developer/Xcode/DerivedData/Settlers-bqwdcayamsmaxsekctdqetlegmaf/Build/Intermediates.noindex/ArchiveIntermediates/Settlers/IntermediateBuildFilesPath/Settlers.build/Release-iphoneos/Settlers-9ad65172c434931f4eb5300f50bbe1d2-VFS-iphoneos/all-product-headers.yaml

CreateBuildDirectory /Users/alex/Library/Developer/Xcode/DerivedData/Settlers-bqwdcayamsmaxsekctdqetlegmaf/Build/Intermediates.noindex/ArchiveIntermediates/Settlers/IntermediateBuildFilesPath/SwiftExplicitPrecompiledModules
    cd /Users/alex/.codex/worktrees/naval-exploration/Settlers/Settlers.xcodeproj
    builtin-create-build-directory /Users/alex/Library/Developer/Xcode/DerivedData/Settlers-bqwdcayamsmaxsekctdqetlegmaf/Build/Intermediates.noindex/ArchiveIntermediates/Settlers/IntermediateBuildFilesPath/SwiftExplicitPrecompiledModules

CreateBuildDirectory /Users/alex/Library/Developer/Xcode/DerivedData/Settlers-bqwdcayamsmaxsekctdqetlegmaf/Build/Intermediates.noindex/ArchiveIntermediates/Settlers/IntermediateBuildFilesPath/ExplicitPrecompiledModules
    cd /Users/alex/.codex/worktrees/naval-exploration/Settlers/Settlers.xcodeproj
    builtin-create-build-directory /Users/alex/Library/Developer/Xcode/DerivedData/Settlers-bqwdcayamsmaxsekctdqetlegmaf/Build/Intermediates.noindex/ArchiveIntermediates/Settlers/IntermediateBuildFilesPath/ExplicitPrecompiledModules

CreateBuildDirectory /Users/alex/Library/Developer/Xcode/DerivedData/Settlers-bqwdcayamsmaxsekctdqetlegmaf/Build/Intermediates.noindex/ArchiveIntermediates/Settlers/IntermediateBuildFilesPath/EagerLinkingTBDs/Release-iphoneos
    cd /Users/alex/.codex/worktrees/naval-exploration/Settlers/Settlers.xcodeproj
    builtin-create-build-directory /Users/alex/Library/Developer/Xcode/DerivedData/Settlers-bqwdcayamsmaxsekctdqetlegmaf/Build/Intermediates.noindex/ArchiveIntermediates/Settlers/IntermediateBuildFilesPath/EagerLinkingTBDs/Release-iphoneos

CreateBuildDirectory /Users/alex/Library/Developer/Xcode/DerivedData/Settlers-bqwdcayamsmaxsekctdqetlegmaf/Build/Intermediates.noindex/ArchiveIntermediates/Settlers/BuildProductsPath/Release-iphoneos/PackageFrameworks
    cd /Users/alex/.codex/worktrees/naval-exploration/Settlers/Settlers.xcodeproj
    builtin-create-build-directory /Users/alex/Library/Developer/Xcode/DerivedData/Settlers-bqwdcayamsmaxsekctdqetlegmaf/Build/Intermediates.noindex/ArchiveIntermediates/Settlers/BuildProductsPath/Release-iphoneos/PackageFrameworks

WriteAuxiliaryFile /Users/alex/Library/Developer/Xcode/DerivedData/Settlers-bqwdcayamsmaxsekctdqetlegmaf/Build/Intermediates.noindex/ArchiveIntermediates/Settlers/IntermediateBuildFilesPath/Settlers.build/Release-iphoneos/Settlers.build/Settlers.hmap (in target 'Settlers' from project 'Settlers')
    cd /Users/alex/.codex/worktrees/naval-exploration/Settlers
    write-file /Users/alex/Library/Developer/Xcode/DerivedData/Settlers-bqwdcayamsmaxsekctdqetlegmaf/Build/Intermediates.noindex/ArchiveIntermediates/Settlers/IntermediateBuildFilesPath/Settlers.build/Release-iphoneos/Settlers.build/Settlers.hmap

WriteAuxiliaryFile /Users/alex/Library/Developer/Xcode/DerivedData/Settlers-bqwdcayamsmaxsekctdqetlegmaf/Build/Intermediates.noindex/ArchiveIntermediates/Settlers/IntermediateBuildFilesPath/Settlers.build/Release-iphoneos/Settlers.build/Settlers.DependencyStaticMetadataFileList (in target 'Settlers' from project 'Settlers')
    cd /Users/alex/.codex/worktrees/naval-exploration/Settlers
    write-file /Users/alex/Library/Developer/Xcode/DerivedData/Settlers-bqwdcayamsmaxsekctdqetlegmaf/Build/Intermediates.noindex/ArchiveIntermediates/Settlers/IntermediateBuildFilesPath/Settlers.build/Release-iphoneos/Settlers.build/Settlers.DependencyStaticMetadataFileList

WriteAuxiliaryFile /Users/alex/Library/Developer/Xcode/DerivedData/Settlers-bqwdcayamsmaxsekctdqetlegmaf/Build/Intermediates.noindex/ArchiveIntermediates/Settlers/IntermediateBuildFilesPath/Settlers.build/Release-iphoneos/Settlers.build/Settlers.DependencyMetadataFileList (in target 'Settlers' from project 'Settlers')
    cd /Users/alex/.codex/worktrees/naval-exploration/Settlers
    write-file /Users/alex/Library/Developer/Xcode/DerivedData/Settlers-bqwdcayamsmaxsekctdqetlegmaf/Build/Intermediates.noindex/ArchiveIntermediates/Settlers/IntermediateBuildFilesPath/Settlers.build/Release-iphoneos/Settlers.build/Settlers.DependencyMetadataFileList

WriteAuxiliaryFile /Users/alex/Library/Developer/Xcode/DerivedData/Settlers-bqwdcayamsmaxsekctdqetlegmaf/Build/Intermediates.noindex/ArchiveIntermediates/Settlers/IntermediateBuildFilesPath/Settlers.build/Release-iphoneos/Settlers.build/Settlers-project-headers.hmap (in target 'Settlers' from project 'Settlers')
    cd /Users/alex/.codex/worktrees/naval-exploration/Settlers
    write-file /Users/alex/Library/Developer/Xcode/DerivedData/Settlers-bqwdcayamsmaxsekctdqetlegmaf/Build/Intermediates.noindex/ArchiveIntermediates/Settlers/IntermediateBuildFilesPath/Settlers.build/Release-iphoneos/Settlers.build/Settlers-project-headers.hmap

WriteAuxiliaryFile /Users/alex/Library/Developer/Xcode/DerivedData/Settlers-bqwdcayamsmaxsekctdqetlegmaf/Build/Intermediates.noindex/ArchiveIntermediates/Settlers/IntermediateBuildFilesPath/Settlers.build/Release-iphoneos/Settlers.build/Settlers-own-target-headers.hmap (in target 'Settlers' from project 'Settlers')
    cd /Users/alex/.codex/worktrees/naval-exploration/Settlers
    write-file /Users/alex/Library/Developer/Xcode/DerivedData/Settlers-bqwdcayamsmaxsekctdqetlegmaf/Build/Intermediates.noindex/ArchiveIntermediates/Settlers/IntermediateBuildFilesPath/Settlers.build/Release-iphoneos/Settlers.build/Settlers-own-target-headers.hmap

WriteAuxiliaryFile /Users/alex/Library/Developer/Xcode/DerivedData/Settlers-bqwdcayamsmaxsekctdqetlegmaf/Build/Intermediates.noindex/ArchiveIntermediates/Settlers/IntermediateBuildFilesPath/Settlers.build/Release-iphoneos/Settlers.build/Settlers-generated-files.hmap (in target 'Settlers' from project 'Settlers')
    cd /Users/alex/.codex/worktrees/naval-exploration/Settlers
    write-file /Users/alex/Library/Developer/Xcode/DerivedData/Settlers-bqwdcayamsmaxsekctdqetlegmaf/Build/Intermediates.noindex/ArchiveIntermediates/Settlers/IntermediateBuildFilesPath/Settlers.build/Release-iphoneos/Settlers.build/Settlers-generated-files.hmap

WriteAuxiliaryFile /Users/alex/Library/Developer/Xcode/DerivedData/Settlers-bqwdcayamsmaxsekctdqetlegmaf/Build/Intermediates.noindex/ArchiveIntermediates/Settlers/IntermediateBuildFilesPath/Settlers.build/Release-iphoneos/Settlers.build/Settlers-all-target-headers.hmap (in target 'Settlers' from project 'Settlers')
    cd /Users/alex/.codex/worktrees/naval-exploration/Settlers
    write-file /Users/alex/Library/Developer/Xcode/DerivedData/Settlers-bqwdcayamsmaxsekctdqetlegmaf/Build/Intermediates.noindex/ArchiveIntermediates/Settlers/IntermediateBuildFilesPath/Settlers.build/Release-iphoneos/Settlers.build/Settlers-all-target-headers.hmap

WriteAuxiliaryFile /Users/alex/Library/Developer/Xcode/DerivedData/Settlers-bqwdcayamsmaxsekctdqetlegmaf/Build/Intermediates.noindex/ArchiveIntermediates/Settlers/IntermediateBuildFilesPath/Settlers.build/Release-iphoneos/Settlers.build/Settlers-all-non-framework-target-headers.hmap (in target 'Settlers' from project 'Settlers')
    cd /Users/alex/.codex/worktrees/naval-exploration/Settlers
    write-file /Users/alex/Library/Developer/Xcode/DerivedData/Settlers-bqwdcayamsmaxsekctdqetlegmaf/Build/Intermediates.noindex/ArchiveIntermediates/Settlers/IntermediateBuildFilesPath/Settlers.build/Release-iphoneos/Settlers.build/Settlers-all-non-framework-target-headers.hmap

WriteAuxiliaryFile /Users/alex/Library/Developer/Xcode/DerivedData/Settlers-bqwdcayamsmaxsekctdqetlegmaf/Build/Intermediates.noindex/ArchiveIntermediates/Settlers/IntermediateBuildFilesPath/Settlers.build/Release-iphoneos/Settlers.build/Objects-normal/arm64/Settlers_const_extract_protocols.json (in target 'Settlers' from project 'Settlers')
    cd /Users/alex/.codex/worktrees/naval-exploration/Settlers
    write-file /Users/alex/Library/Developer/Xcode/DerivedData/Settlers-bqwdcayamsmaxsekctdqetlegmaf/Build/Intermediates.noindex/ArchiveIntermediates/Settlers/IntermediateBuildFilesPath/Settlers.build/Release-iphoneos/Settlers.build/Objects-normal/arm64/Settlers_const_extract_protocols.json

WriteAuxiliaryFile /Users/alex/Library/Developer/Xcode/DerivedData/Settlers-bqwdcayamsmaxsekctdqetlegmaf/Build/Intermediates.noindex/ArchiveIntermediates/Settlers/IntermediateBuildFilesPath/Settlers.build/Release-iphoneos/Settlers.build/Objects-normal/arm64/Settlers.SwiftFileList (in target 'Settlers' from project 'Settlers')
    cd /Users/alex/.codex/worktrees/naval-exploration/Settlers
    write-file /Users/alex/Library/Developer/Xcode/DerivedData/Settlers-bqwdcayamsmaxsekctdqetlegmaf/Build/Intermediates.noindex/ArchiveIntermediates/Settlers/IntermediateBuildFilesPath/Settlers.build/Release-iphoneos/Settlers.build/Objects-normal/arm64/Settlers.SwiftFileList

WriteAuxiliaryFile /Users/alex/Library/Developer/Xcode/DerivedData/Settlers-bqwdcayamsmaxsekctdqetlegmaf/Build/Intermediates.noindex/ArchiveIntermediates/Settlers/IntermediateBuildFilesPath/Settlers.build/Release-iphoneos/Settlers.build/Objects-normal/arm64/Settlers.SwiftConstValuesFileList (in target 'Settlers' from project 'Settlers')
    cd /Users/alex/.codex/worktrees/naval-exploration/Settlers
    write-file /Users/alex/Library/Developer/Xcode/DerivedData/Settlers-bqwdcayamsmaxsekctdqetlegmaf/Build/Intermediates.noindex/ArchiveIntermediates/Settlers/IntermediateBuildFilesPath/Settlers.build/Release-iphoneos/Settlers.build/Objects-normal/arm64/Settlers.SwiftConstValuesFileList

WriteAuxiliaryFile /Users/alex/Library/Developer/Xcode/DerivedData/Settlers-bqwdcayamsmaxsekctdqetlegmaf/Build/Intermediates.noindex/ArchiveIntermediates/Settlers/IntermediateBuildFilesPath/Settlers.build/Release-iphoneos/Settlers.build/Objects-normal/arm64/Settlers.LinkFileList (in target 'Settlers' from project 'Settlers')
    cd /Users/alex/.codex/worktrees/naval-exploration/Settlers
    write-file /Users/alex/Library/Developer/Xcode/DerivedData/Settlers-bqwdcayamsmaxsekctdqetlegmaf/Build/Intermediates.noindex/ArchiveIntermediates/Settlers/IntermediateBuildFilesPath/Settlers.build/Release-iphoneos/Settlers.build/Objects-normal/arm64/Settlers.LinkFileList

WriteAuxiliaryFile /Users/alex/Library/Developer/Xcode/DerivedData/Settlers-bqwdcayamsmaxsekctdqetlegmaf/Build/Intermediates.noindex/ArchiveIntermediates/Settlers/IntermediateBuildFilesPath/Settlers.build/Release-iphoneos/Settlers.build/Objects-normal/arm64/Settlers-OutputFileMap.json (in target 'Settlers' from project 'Settlers')
    cd /Users/alex/.codex/worktrees/naval-exploration/Settlers
    write-file /Users/alex/Library/Developer/Xcode/DerivedData/Settlers-bqwdcayamsmaxsekctdqetlegmaf/Build/Intermediates.noindex/ArchiveIntermediates/Settlers/IntermediateBuildFilesPath/Settlers.build/Release-iphoneos/Settlers.build/Objects-normal/arm64/Settlers-OutputFileMap.json

WriteAuxiliaryFile /Users/alex/Library/Developer/Xcode/DerivedData/Settlers-bqwdcayamsmaxsekctdqetlegmaf/Build/Intermediates.noindex/ArchiveIntermediates/Settlers/IntermediateBuildFilesPath/Settlers.build/Release-iphoneos/Settlers.build/DerivedSources/Entitlements.plist (in target 'Settlers' from project 'Settlers')
    cd /Users/alex/.codex/worktrees/naval-exploration/Settlers
    write-file /Users/alex/Library/Developer/Xcode/DerivedData/Settlers-bqwdcayamsmaxsekctdqetlegmaf/Build/Intermediates.noindex/ArchiveIntermediates/Settlers/IntermediateBuildFilesPath/Settlers.build/Release-iphoneos/Settlers.build/DerivedSources/Entitlements.plist

WriteAuxiliaryFile /Users/alex/Library/Developer/Xcode/DerivedData/Settlers-bqwdcayamsmaxsekctdqetlegmaf/Build/Intermediates.noindex/ArchiveIntermediates/Settlers/IntermediateBuildFilesPath/CatanEngine.build/Release-iphoneos/CatanEngine.build/Objects-normal/arm64/CatanEngine_const_extract_protocols.json (in target 'CatanEngine' from project 'CatanEngine')
    cd /Users/alex/.codex/worktrees/naval-exploration/Settlers/Packages/CatanEngine
    write-file /Users/alex/Library/Developer/Xcode/DerivedData/Settlers-bqwdcayamsmaxsekctdqetlegmaf/Build/Intermediates.noindex/ArchiveIntermediates/Settlers/IntermediateBuildFilesPath/CatanEngine.build/Release-iphoneos/CatanEngine.build/Objects-normal/arm64/CatanEngine_const_extract_protocols.json

WriteAuxiliaryFile /Users/alex/Library/Developer/Xcode/DerivedData/Settlers-bqwdcayamsmaxsekctdqetlegmaf/Build/Intermediates.noindex/ArchiveIntermediates/Settlers/IntermediateBuildFilesPath/CatanEngine.build/Release-iphoneos/CatanEngine.build/Objects-normal/arm64/CatanEngine.SwiftFileList (in target 'CatanEngine' from project 'CatanEngine')
    cd /Users/alex/.codex/worktrees/naval-exploration/Settlers/Packages/CatanEngine
    write-file /Users/alex/Library/Developer/Xcode/DerivedData/Settlers-bqwdcayamsmaxsekctdqetlegmaf/Build/Intermediates.noindex/ArchiveIntermediates/Settlers/IntermediateBuildFilesPath/CatanEngine.build/Release-iphoneos/CatanEngine.build/Objects-normal/arm64/CatanEngine.SwiftFileList

WriteAuxiliaryFile /Users/alex/Library/Developer/Xcode/DerivedData/Settlers-bqwdcayamsmaxsekctdqetlegmaf/Build/Intermediates.noindex/ArchiveIntermediates/Settlers/IntermediateBuildFilesPath/CatanEngine.build/Release-iphoneos/CatanEngine.build/Objects-normal/arm64/CatanEngine.SwiftConstValuesFileList (in target 'CatanEngine' from project 'CatanEngine')
    cd /Users/alex/.codex/worktrees/naval-exploration/Settlers/Packages/CatanEngine
    write-file /Users/alex/Library/Developer/Xcode/DerivedData/Settlers-bqwdcayamsmaxsekctdqetlegmaf/Build/Intermediates.noindex/ArchiveIntermediates/Settlers/IntermediateBuildFilesPath/CatanEngine.build/Release-iphoneos/CatanEngine.build/Objects-normal/arm64/CatanEngine.SwiftConstValuesFileList

WriteAuxiliaryFile /Users/alex/Library/Developer/Xcode/DerivedData/Settlers-bqwdcayamsmaxsekctdqetlegmaf/Build/Intermediates.noindex/ArchiveIntermediates/Settlers/IntermediateBuildFilesPath/CatanEngine.build/Release-iphoneos/CatanEngine.build/Objects-normal/arm64/CatanEngine.LinkFileList (in target 'CatanEngine' from project 'CatanEngine')
    cd /Users/alex/.codex/worktrees/naval-exploration/Settlers/Packages/CatanEngine
    write-file /Users/alex/Library/Developer/Xcode/DerivedData/Settlers-bqwdcayamsmaxsekctdqetlegmaf/Build/Intermediates.noindex/ArchiveIntermediates/Settlers/IntermediateBuildFilesPath/CatanEngine.build/Release-iphoneos/CatanEngine.build/Objects-normal/arm64/CatanEngine.LinkFileList

WriteAuxiliaryFile /Users/alex/Library/Developer/Xcode/DerivedData/Settlers-bqwdcayamsmaxsekctdqetlegmaf/Build/Intermediates.noindex/ArchiveIntermediates/Settlers/IntermediateBuildFilesPath/CatanEngine.build/Release-iphoneos/CatanEngine.build/Objects-normal/arm64/CatanEngine-OutputFileMap.json (in target 'CatanEngine' from project 'CatanEngine')
    cd /Users/alex/.codex/worktrees/naval-exploration/Settlers/Packages/CatanEngine
    write-file /Users/alex/Library/Developer/Xcode/DerivedData/Settlers-bqwdcayamsmaxsekctdqetlegmaf/Build/Intermediates.noindex/ArchiveIntermediates/Settlers/IntermediateBuildFilesPath/CatanEngine.build/Release-iphoneos/CatanEngine.build/Objects-normal/arm64/CatanEngine-OutputFileMap.json

WriteAuxiliaryFile /Users/alex/Library/Developer/Xcode/DerivedData/Settlers-bqwdcayamsmaxsekctdqetlegmaf/Build/Intermediates.noindex/ArchiveIntermediates/Settlers/IntermediateBuildFilesPath/CatanEngine.build/Release-iphoneos/CatanEngine.build/CatanEngine.modulemap (in target 'CatanEngine' from project 'CatanEngine')
    cd /Users/alex/.codex/worktrees/naval-exploration/Settlers/Packages/CatanEngine
    write-file /Users/alex/Library/Developer/Xcode/DerivedData/Settlers-bqwdcayamsmaxsekctdqetlegmaf/Build/Intermediates.noindex/ArchiveIntermediates/Settlers/IntermediateBuildFilesPath/CatanEngine.build/Release-iphoneos/CatanEngine.build/CatanEngine.modulemap

WriteAuxiliaryFile /Users/alex/Library/Developer/Xcode/DerivedData/Settlers-bqwdcayamsmaxsekctdqetlegmaf/Build/Intermediates.noindex/ArchiveIntermediates/Settlers/IntermediateBuildFilesPath/CatanEngine.build/Release-iphoneos/CatanEngine.build/CatanEngine.DependencyStaticMetadataFileList (in target 'CatanEngine' from project 'CatanEngine')
    cd /Users/alex/.codex/worktrees/naval-exploration/Settlers/Packages/CatanEngine
    write-file /Users/alex/Library/Developer/Xcode/DerivedData/Settlers-bqwdcayamsmaxsekctdqetlegmaf/Build/Intermediates.noindex/ArchiveIntermediates/Settlers/IntermediateBuildFilesPath/CatanEngine.build/Release-iphoneos/CatanEngine.build/CatanEngine.DependencyStaticMetadataFileList

WriteAuxiliaryFile /Users/alex/Library/Developer/Xcode/DerivedData/Settlers-bqwdcayamsmaxsekctdqetlegmaf/Build/Intermediates.noindex/ArchiveIntermediates/Settlers/IntermediateBuildFilesPath/CatanEngine.build/Release-iphoneos/CatanEngine.build/CatanEngine.DependencyMetadataFileList (in target 'CatanEngine' from project 'CatanEngine')
    cd /Users/alex/.codex/worktrees/naval-exploration/Settlers/Packages/CatanEngine
    write-file /Users/alex/Library/Developer/Xcode/DerivedData/Settlers-bqwdcayamsmaxsekctdqetlegmaf/Build/Intermediates.noindex/ArchiveIntermediates/Settlers/IntermediateBuildFilesPath/CatanEngine.build/Release-iphoneos/CatanEngine.build/CatanEngine.DependencyMetadataFileList

Copy /Users/alex/Library/Developer/Xcode/DerivedData/Settlers-bqwdcayamsmaxsekctdqetlegmaf/Build/Intermediates.noindex/ArchiveIntermediates/Settlers/IntermediateBuildFilesPath/GeneratedModuleMaps-iphoneos/CatanEngine.modulemap /Users/alex/Library/Developer/Xcode/DerivedData/Settlers-bqwdcayamsmaxsekctdqetlegmaf/Build/Intermediates.noindex/ArchiveIntermediates/Settlers/IntermediateBuildFilesPath/CatanEngine.build/Release-iphoneos/CatanEngine.build/CatanEngine.modulemap (in target 'CatanEngine' from project 'CatanEngine')
    cd /Users/alex/.codex/worktrees/naval-exploration/Settlers/Packages/CatanEngine
    builtin-copy -exclude .DS_Store -exclude CVS -exclude .svn -exclude .git -exclude .hg -strip-unsigned-binaries -strip-deterministic -strip-tool /Applications/Xcode.app/Contents/Developer/Toolchains/XcodeDefault.xctoolchain/usr/bin/strip -resolve-src-symlinks /Users/alex/Library/Developer/Xcode/DerivedData/Settlers-bqwdcayamsmaxsekctdqetlegmaf/Build/Intermediates.noindex/ArchiveIntermediates/Settlers/IntermediateBuildFilesPath/CatanEngine.build/Release-iphoneos/CatanEngine.build/CatanEngine.modulemap /Users/alex/Library/Developer/Xcode/DerivedData/Settlers-bqwdcayamsmaxsekctdqetlegmaf/Build/Intermediates.noindex/ArchiveIntermediates/Settlers/IntermediateBuildFilesPath/GeneratedModuleMaps-iphoneos

WriteAuxiliaryFile /Users/alex/Library/Developer/Xcode/DerivedData/Settlers-bqwdcayamsmaxsekctdqetlegmaf/Build/Intermediates.noindex/ArchiveIntermediates/Settlers/IntermediateBuildFilesPath/CatanAI.build/Release-iphoneos/CatanAI.build/Objects-normal/arm64/CatanAI_const_extract_protocols.json (in target 'CatanAI' from project 'CatanAI')
    cd /Users/alex/.codex/worktrees/naval-exploration/Settlers/Packages/CatanAI
    write-file /Users/alex/Library/Developer/Xcode/DerivedData/Settlers-bqwdcayamsmaxsekctdqetlegmaf/Build/Intermediates.noindex/ArchiveIntermediates/Settlers/IntermediateBuildFilesPath/CatanAI.build/Release-iphoneos/CatanAI.build/Objects-normal/arm64/CatanAI_const_extract_protocols.json

WriteAuxiliaryFile /Users/alex/Library/Developer/Xcode/DerivedData/Settlers-bqwdcayamsmaxsekctdqetlegmaf/Build/Intermediates.noindex/ArchiveIntermediates/Settlers/IntermediateBuildFilesPath/CatanAI.build/Release-iphoneos/CatanAI.build/Objects-normal/arm64/CatanAI.SwiftFileList (in target 'CatanAI' from project 'CatanAI')
    cd /Users/alex/.codex/worktrees/naval-exploration/Settlers/Packages/CatanAI
    write-file /Users/alex/Library/Developer/Xcode/DerivedData/Settlers-bqwdcayamsmaxsekctdqetlegmaf/Build/Intermediates.noindex/ArchiveIntermediates/Settlers/IntermediateBuildFilesPath/CatanAI.build/Release-iphoneos/CatanAI.build/Objects-normal/arm64/CatanAI.SwiftFileList

WriteAuxiliaryFile /Users/alex/Library/Developer/Xcode/DerivedData/Settlers-bqwdcayamsmaxsekctdqetlegmaf/Build/Intermediates.noindex/ArchiveIntermediates/Settlers/IntermediateBuildFilesPath/CatanAI.build/Release-iphoneos/CatanAI.build/Objects-normal/arm64/CatanAI.SwiftConstValuesFileList (in target 'CatanAI' from project 'CatanAI')
    cd /Users/alex/.codex/worktrees/naval-exploration/Settlers/Packages/CatanAI
    write-file /Users/alex/Library/Developer/Xcode/DerivedData/Settlers-bqwdcayamsmaxsekctdqetlegmaf/Build/Intermediates.noindex/ArchiveIntermediates/Settlers/IntermediateBuildFilesPath/CatanAI.build/Release-iphoneos/CatanAI.build/Objects-normal/arm64/CatanAI.SwiftConstValuesFileList

WriteAuxiliaryFile /Users/alex/Library/Developer/Xcode/DerivedData/Settlers-bqwdcayamsmaxsekctdqetlegmaf/Build/Intermediates.noindex/ArchiveIntermediates/Settlers/IntermediateBuildFilesPath/CatanAI.build/Release-iphoneos/CatanAI.build/Objects-normal/arm64/CatanAI.LinkFileList (in target 'CatanAI' from project 'CatanAI')
    cd /Users/alex/.codex/worktrees/naval-exploration/Settlers/Packages/CatanAI
    write-file /Users/alex/Library/Developer/Xcode/DerivedData/Settlers-bqwdcayamsmaxsekctdqetlegmaf/Build/Intermediates.noindex/ArchiveIntermediates/Settlers/IntermediateBuildFilesPath/CatanAI.build/Release-iphoneos/CatanAI.build/Objects-normal/arm64/CatanAI.LinkFileList

WriteAuxiliaryFile /Users/alex/Library/Developer/Xcode/DerivedData/Settlers-bqwdcayamsmaxsekctdqetlegmaf/Build/Intermediates.noindex/ArchiveIntermediates/Settlers/IntermediateBuildFilesPath/CatanAI.build/Release-iphoneos/CatanAI.build/Objects-normal/arm64/CatanAI-OutputFileMap.json (in target 'CatanAI' from project 'CatanAI')
    cd /Users/alex/.codex/worktrees/naval-exploration/Settlers/Packages/CatanAI
    write-file /Users/alex/Library/Developer/Xcode/DerivedData/Settlers-bqwdcayamsmaxsekctdqetlegmaf/Build/Intermediates.noindex/ArchiveIntermediates/Settlers/IntermediateBuildFilesPath/CatanAI.build/Release-iphoneos/CatanAI.build/Objects-normal/arm64/CatanAI-OutputFileMap.json

WriteAuxiliaryFile /Users/alex/Library/Developer/Xcode/DerivedData/Settlers-bqwdcayamsmaxsekctdqetlegmaf/Build/Intermediates.noindex/ArchiveIntermediates/Settlers/IntermediateBuildFilesPath/CatanAI.build/Release-iphoneos/CatanAI.build/CatanAI.modulemap (in target 'CatanAI' from project 'CatanAI')
    cd /Users/alex/.codex/worktrees/naval-exploration/Settlers/Packages/CatanAI
    write-file /Users/alex/Library/Developer/Xcode/DerivedData/Settlers-bqwdcayamsmaxsekctdqetlegmaf/Build/Intermediates.noindex/ArchiveIntermediates/Settlers/IntermediateBuildFilesPath/CatanAI.build/Release-iphoneos/CatanAI.build/CatanAI.modulemap

WriteAuxiliaryFile /Users/alex/Library/Developer/Xcode/DerivedData/Settlers-bqwdcayamsmaxsekctdqetlegmaf/Build/Intermediates.noindex/ArchiveIntermediates/Settlers/IntermediateBuildFilesPath/CatanAI.build/Release-iphoneos/CatanAI.build/CatanAI.DependencyStaticMetadataFileList (in target 'CatanAI' from project 'CatanAI')
    cd /Users/alex/.codex/worktrees/naval-exploration/Settlers/Packages/CatanAI
    write-file /Users/alex/Library/Developer/Xcode/DerivedData/Settlers-bqwdcayamsmaxsekctdqetlegmaf/Build/Intermediates.noindex/ArchiveIntermediates/Settlers/IntermediateBuildFilesPath/CatanAI.build/Release-iphoneos/CatanAI.build/CatanAI.DependencyStaticMetadataFileList

WriteAuxiliaryFile /Users/alex/Library/Developer/Xcode/DerivedData/Settlers-bqwdcayamsmaxsekctdqetlegmaf/Build/Intermediates.noindex/ArchiveIntermediates/Settlers/IntermediateBuildFilesPath/CatanAI.build/Release-iphoneos/CatanAI.build/CatanAI.DependencyMetadataFileList (in target 'CatanAI' from project 'CatanAI')
    cd /Users/alex/.codex/worktrees/naval-exploration/Settlers/Packages/CatanAI
    write-file /Users/alex/Library/Developer/Xcode/DerivedData/Settlers-bqwdcayamsmaxsekctdqetlegmaf/Build/Intermediates.noindex/ArchiveIntermediates/Settlers/IntermediateBuildFilesPath/CatanAI.build/Release-iphoneos/CatanAI.build/CatanAI.DependencyMetadataFileList

Copy /Users/alex/Library/Developer/Xcode/DerivedData/Settlers-bqwdcayamsmaxsekctdqetlegmaf/Build/Intermediates.noindex/ArchiveIntermediates/Settlers/IntermediateBuildFilesPath/GeneratedModuleMaps-iphoneos/CatanAI.modulemap /Users/alex/Library/Developer/Xcode/DerivedData/Settlers-bqwdcayamsmaxsekctdqetlegmaf/Build/Intermediates.noindex/ArchiveIntermediates/Settlers/IntermediateBuildFilesPath/CatanAI.build/Release-iphoneos/CatanAI.build/CatanAI.modulemap (in target 'CatanAI' from project 'CatanAI')
    cd /Users/alex/.codex/worktrees/naval-exploration/Settlers/Packages/CatanAI
    builtin-copy -exclude .DS_Store -exclude CVS -exclude .svn -exclude .git -exclude .hg -strip-unsigned-binaries -strip-deterministic -strip-tool /Applications/Xcode.app/Contents/Developer/Toolchains/XcodeDefault.xctoolchain/usr/bin/strip -resolve-src-symlinks /Users/alex/Library/Developer/Xcode/DerivedData/Settlers-bqwdcayamsmaxsekctdqetlegmaf/Build/Intermediates.noindex/ArchiveIntermediates/Settlers/IntermediateBuildFilesPath/CatanAI.build/Release-iphoneos/CatanAI.build/CatanAI.modulemap /Users/alex/Library/Developer/Xcode/DerivedData/Settlers-bqwdcayamsmaxsekctdqetlegmaf/Build/Intermediates.noindex/ArchiveIntermediates/Settlers/IntermediateBuildFilesPath/GeneratedModuleMaps-iphoneos

SymLink /Users/alex/Library/Developer/Xcode/DerivedData/Settlers-bqwdcayamsmaxsekctdqetlegmaf/Build/Intermediates.noindex/ArchiveIntermediates/Settlers/BuildProductsPath/Release-iphoneos/Settlers.app ../../InstallationBuildProductsLocation/Applications/Settlers.app (in target 'Settlers' from project 'Settlers')
    cd /Users/alex/.codex/worktrees/naval-exploration/Settlers
    /bin/ln -sfh ../../InstallationBuildProductsLocation/Applications/Settlers.app /Users/alex/Library/Developer/Xcode/DerivedData/Settlers-bqwdcayamsmaxsekctdqetlegmaf/Build/Intermediates.noindex/ArchiveIntermediates/Settlers/BuildProductsPath/Release-iphoneos/Settlers.app

MkDir /Users/alex/Library/Developer/Xcode/DerivedData/Settlers-bqwdcayamsmaxsekctdqetlegmaf/Build/Intermediates.noindex/ArchiveIntermediates/Settlers/InstallationBuildProductsLocation/Applications/Settlers.app (in target 'Settlers' from project 'Settlers')
    cd /Users/alex/.codex/worktrees/naval-exploration/Settlers
    /bin/mkdir -p /Users/alex/Library/Developer/Xcode/DerivedData/Settlers-bqwdcayamsmaxsekctdqetlegmaf/Build/Intermediates.noindex/ArchiveIntermediates/Settlers/InstallationBuildProductsLocation/Applications/Settlers.app

SymLink /Users/alex/Library/Developer/Xcode/DerivedData/Settlers-bqwdcayamsmaxsekctdqetlegmaf/Build/Intermediates.noindex/ArchiveIntermediates/Settlers/BuildProductsPath/Release-iphoneos/CatanEngine.o ../../IntermediateBuildFilesPath/UninstalledProducts/iphoneos/CatanEngine.o (in target 'CatanEngine' from project 'CatanEngine')
    cd /Users/alex/.codex/worktrees/naval-exploration/Settlers/Packages/CatanEngine
    /bin/ln -sfh ../../IntermediateBuildFilesPath/UninstalledProducts/iphoneos/CatanEngine.o /Users/alex/Library/Developer/Xcode/DerivedData/Settlers-bqwdcayamsmaxsekctdqetlegmaf/Build/Intermediates.noindex/ArchiveIntermediates/Settlers/BuildProductsPath/Release-iphoneos/CatanEngine.o

SymLink /Users/alex/Library/Developer/Xcode/DerivedData/Settlers-bqwdcayamsmaxsekctdqetlegmaf/Build/Intermediates.noindex/ArchiveIntermediates/Settlers/BuildProductsPath/Release-iphoneos/CatanAI.o ../../IntermediateBuildFilesPath/UninstalledProducts/iphoneos/CatanAI.o (in target 'CatanAI' from project 'CatanAI')
    cd /Users/alex/.codex/worktrees/naval-exploration/Settlers/Packages/CatanAI
    /bin/ln -sfh ../../IntermediateBuildFilesPath/UninstalledProducts/iphoneos/CatanAI.o /Users/alex/Library/Developer/Xcode/DerivedData/Settlers-bqwdcayamsmaxsekctdqetlegmaf/Build/Intermediates.noindex/ArchiveIntermediates/Settlers/BuildProductsPath/Release-iphoneos/CatanAI.o

SwiftDriver CatanEngine normal arm64 com.apple.xcode.tools.swift.compiler (in target 'CatanEngine' from project 'CatanEngine')
    cd /Users/alex/.codex/worktrees/naval-exploration/Settlers/Settlers.xcodeproj
    builtin-SwiftDriver -- /Applications/Xcode.app/Contents/Developer/Toolchains/XcodeDefault.xctoolchain/usr/bin/swiftc -module-name CatanEngine -O -whole-module-optimization @/Users/alex/Library/Developer/Xcode/DerivedData/Settlers-bqwdcayamsmaxsekctdqetlegmaf/Build/Intermediates.noindex/ArchiveIntermediates/Settlers/IntermediateBuildFilesPath/CatanEngine.build/Release-iphoneos/CatanEngine.build/Objects-normal/arm64/CatanEngine.SwiftFileList -DSWIFT_PACKAGE -DSWIFT_MODULE_RESOURCE_BUNDLE_UNAVAILABLE -DXcode -driver-batch-count 2 -plugin-path /Applications/Xcode.app/Contents/Developer/Toolchains/XcodeDefault.xctoolchain/usr/lib/swift/host/plugins/testing -enable-experimental-feature DebugDescriptionMacro -sdk /Applications/Xcode.app/Contents/Developer/Platforms/iPhoneOS.platform/Developer/SDKs/iPhoneOS26.5.sdk -target arm64-apple-ios17.0 -g -module-cache-path /Users/alex/Library/Developer/Xcode/DerivedData/ModuleCache.noindex -Xfrontend -serialize-debugging-options -swift-version 6 -I /Users/alex/Library/Developer/Xcode/DerivedData/Settlers-bqwdcayamsmaxsekctdqetlegmaf/Build/Intermediates.noindex/ArchiveIntermediates/Settlers/BuildProductsPath/Release-iphoneos -Isystem /Applications/Xcode.app/Contents/Developer/Platforms/iPhoneOS.platform/Developer/usr/lib -F /Users/alex/Library/Developer/Xcode/DerivedData/Settlers-bqwdcayamsmaxsekctdqetlegmaf/Build/Intermediates.noindex/ArchiveIntermediates/Settlers/BuildProductsPath/Release-iphoneos -F /Applications/Xcode.app/Contents/Developer/Platforms/iPhoneOS.platform/Developer/Library/Frameworks -F /Applications/Xcode.app/Contents/Developer/Platforms/iPhoneOS.platform/Developer/SDKs/iPhoneOS26.5.sdk/Developer/Library/Frameworks -c -num-threads 18 -Xcc -ivfsstatcache -Xcc /Users/alex/Library/Developer/Xcode/DerivedData/SDKStatCaches.noindex/iphoneos26.5-23F73-32daed1954a7d5dd0789fcaf2a9bb78b.sdkstatcache -output-file-map /Users/alex/Library/Developer/Xcode/DerivedData/Settlers-bqwdcayamsmaxsekctdqetlegmaf/Build/Intermediates.noindex/ArchiveIntermediates/Settlers/IntermediateBuildFilesPath/CatanEngine.build/Release-iphoneos/CatanEngine.build/Objects-normal/arm64/CatanEngine-OutputFileMap.json -use-frontend-parseable-output -save-temps -no-color-diagnostics -explicit-module-build -module-cache-path /Users/alex/Library/Developer/Xcode/DerivedData/Settlers-bqwdcayamsmaxsekctdqetlegmaf/Build/Intermediates.noindex/ArchiveIntermediates/Settlers/IntermediateBuildFilesPath/SwiftExplicitPrecompiledModules -clang-scanner-module-cache-path /Users/alex/Library/Developer/Xcode/DerivedData/ModuleCache.noindex -sdk-module-cache-path /Users/alex/Library/Developer/Xcode/DerivedData/ModuleCache.noindex -serialize-diagnostics -emit-dependencies -emit-module -emit-module-path /Users/alex/Library/Developer/Xcode/DerivedData/Settlers-bqwdcayamsmaxsekctdqetlegmaf/Build/Intermediates.noindex/ArchiveIntermediates/Settlers/IntermediateBuildFilesPath/CatanEngine.build/Release-iphoneos/CatanEngine.build/Objects-normal/arm64/CatanEngine.swiftmodule -validate-clang-modules-once -clang-build-session-file /Users/alex/Library/Developer/Xcode/DerivedData/ModuleCache.noindex/Session.modulevalidation -package-name catanengine -Xcc -I/Users/alex/Library/Developer/Xcode/DerivedData/Settlers-bqwdcayamsmaxsekctdqetlegmaf/Build/Intermediates.noindex/ArchiveIntermediates/Settlers/IntermediateBuildFilesPath/CatanEngine.build/Release-iphoneos/CatanEngine.build/swift-overrides.hmap -emit-const-values -Xfrontend -const-gather-protocols-file -Xfrontend /Users/alex/Library/Developer/Xcode/DerivedData/Settlers-bqwdcayamsmaxsekctdqetlegmaf/Build/Intermediates.noindex/ArchiveIntermediates/Settlers/IntermediateBuildFilesPath/CatanEngine.build/Release-iphoneos/CatanEngine.build/Objects-normal/arm64/CatanEngine_const_extract_protocols.json -Xcc -I/Users/alex/Library/Developer/Xcode/DerivedData/Settlers-bqwdcayamsmaxsekctdqetlegmaf/Build/Intermediates.noindex/ArchiveIntermediates/Settlers/BuildProductsPath/Release-iphoneos/include -Xcc -I/Users/alex/Library/Developer/Xcode/DerivedData/Settlers-bqwdcayamsmaxsekctdqetlegmaf/Build/Intermediates.noindex/ArchiveIntermediates/Settlers/IntermediateBuildFilesPath/CatanEngine.build/Release-iphoneos/CatanEngine.build/DerivedSources-normal/arm64 -Xcc -I/Users/alex/Library/Developer/Xcode/DerivedData/Settlers-bqwdcayamsmaxsekctdqetlegmaf/Build/Intermediates.noindex/ArchiveIntermediates/Settlers/IntermediateBuildFilesPath/CatanEngine.build/Release-iphoneos/CatanEngine.build/DerivedSources/arm64 -Xcc -I/Users/alex/Library/Developer/Xcode/DerivedData/Settlers-bqwdcayamsmaxsekctdqetlegmaf/Build/Intermediates.noindex/ArchiveIntermediates/Settlers/IntermediateBuildFilesPath/CatanEngine.build/Release-iphoneos/CatanEngine.build/DerivedSources -Xcc -DSWIFT_PACKAGE -emit-objc-header -emit-objc-header-path /Users/alex/Library/Developer/Xcode/DerivedData/Settlers-bqwdcayamsmaxsekctdqetlegmaf/Build/Intermediates.noindex/ArchiveIntermediates/Settlers/IntermediateBuildFilesPath/CatanEngine.build/Release-iphoneos/CatanEngine.build/Objects-normal/arm64/CatanEngine-Swift.h -working-directory /Users/alex/.codex/worktrees/naval-exploration/Settlers/Settlers.xcodeproj -no-emit-module-separately-wmo

SwiftDriver\ Compilation CatanEngine normal arm64 com.apple.xcode.tools.swift.compiler (in target 'CatanEngine' from project 'CatanEngine')
    cd /Users/alex/.codex/worktrees/naval-exploration/Settlers/Settlers.xcodeproj
    builtin-Swift-Compilation -- /Applications/Xcode.app/Contents/Developer/Toolchains/XcodeDefault.xctoolchain/usr/bin/swiftc -module-name CatanEngine -O -whole-module-optimization @/Users/alex/Library/Developer/Xcode/DerivedData/Settlers-bqwdcayamsmaxsekctdqetlegmaf/Build/Intermediates.noindex/ArchiveIntermediates/Settlers/IntermediateBuildFilesPath/CatanEngine.build/Release-iphoneos/CatanEngine.build/Objects-normal/arm64/CatanEngine.SwiftFileList -DSWIFT_PACKAGE -DSWIFT_MODULE_RESOURCE_BUNDLE_UNAVAILABLE -DXcode -driver-batch-count 2 -plugin-path /Applications/Xcode.app/Contents/Developer/Toolchains/XcodeDefault.xctoolchain/usr/lib/swift/host/plugins/testing -enable-experimental-feature DebugDescriptionMacro -sdk /Applications/Xcode.app/Contents/Developer/Platforms/iPhoneOS.platform/Developer/SDKs/iPhoneOS26.5.sdk -target arm64-apple-ios17.0 -g -module-cache-path /Users/alex/Library/Developer/Xcode/DerivedData/ModuleCache.noindex -Xfrontend -serialize-debugging-options -swift-version 6 -I /Users/alex/Library/Developer/Xcode/DerivedData/Settlers-bqwdcayamsmaxsekctdqetlegmaf/Build/Intermediates.noindex/ArchiveIntermediates/Settlers/BuildProductsPath/Release-iphoneos -Isystem /Applications/Xcode.app/Contents/Developer/Platforms/iPhoneOS.platform/Developer/usr/lib -F /Users/alex/Library/Developer/Xcode/DerivedData/Settlers-bqwdcayamsmaxsekctdqetlegmaf/Build/Intermediates.noindex/ArchiveIntermediates/Settlers/BuildProductsPath/Release-iphoneos -F /Applications/Xcode.app/Contents/Developer/Platforms/iPhoneOS.platform/Developer/Library/Frameworks -F /Applications/Xcode.app/Contents/Developer/Platforms/iPhoneOS.platform/Developer/SDKs/iPhoneOS26.5.sdk/Developer/Library/Frameworks -c -num-threads 18 -Xcc -ivfsstatcache -Xcc /Users/alex/Library/Developer/Xcode/DerivedData/SDKStatCaches.noindex/iphoneos26.5-23F73-32daed1954a7d5dd0789fcaf2a9bb78b.sdkstatcache -output-file-map /Users/alex/Library/Developer/Xcode/DerivedData/Settlers-bqwdcayamsmaxsekctdqetlegmaf/Build/Intermediates.noindex/ArchiveIntermediates/Settlers/IntermediateBuildFilesPath/CatanEngine.build/Release-iphoneos/CatanEngine.build/Objects-normal/arm64/CatanEngine-OutputFileMap.json -use-frontend-parseable-output -save-temps -no-color-diagnostics -explicit-module-build -module-cache-path /Users/alex/Library/Developer/Xcode/DerivedData/Settlers-bqwdcayamsmaxsekctdqetlegmaf/Build/Intermediates.noindex/ArchiveIntermediates/Settlers/IntermediateBuildFilesPath/SwiftExplicitPrecompiledModules -clang-scanner-module-cache-path /Users/alex/Library/Developer/Xcode/DerivedData/ModuleCache.noindex -sdk-module-cache-path /Users/alex/Library/Developer/Xcode/DerivedData/ModuleCache.noindex -serialize-diagnostics -emit-dependencies -emit-module -emit-module-path /Users/alex/Library/Developer/Xcode/DerivedData/Settlers-bqwdcayamsmaxsekctdqetlegmaf/Build/Intermediates.noindex/ArchiveIntermediates/Settlers/IntermediateBuildFilesPath/CatanEngine.build/Release-iphoneos/CatanEngine.build/Objects-normal/arm64/CatanEngine.swiftmodule -validate-clang-modules-once -clang-build-session-file /Users/alex/Library/Developer/Xcode/DerivedData/ModuleCache.noindex/Session.modulevalidation -package-name catanengine -Xcc -I/Users/alex/Library/Developer/Xcode/DerivedData/Settlers-bqwdcayamsmaxsekctdqetlegmaf/Build/Intermediates.noindex/ArchiveIntermediates/Settlers/IntermediateBuildFilesPath/CatanEngine.build/Release-iphoneos/CatanEngine.build/swift-overrides.hmap -emit-const-values -Xfrontend -const-gather-protocols-file -Xfrontend /Users/alex/Library/Developer/Xcode/DerivedData/Settlers-bqwdcayamsmaxsekctdqetlegmaf/Build/Intermediates.noindex/ArchiveIntermediates/Settlers/IntermediateBuildFilesPath/CatanEngine.build/Release-iphoneos/CatanEngine.build/Objects-normal/arm64/CatanEngine_const_extract_protocols.json -Xcc -I/Users/alex/Library/Developer/Xcode/DerivedData/Settlers-bqwdcayamsmaxsekctdqetlegmaf/Build/Intermediates.noindex/ArchiveIntermediates/Settlers/BuildProductsPath/Release-iphoneos/include -Xcc -I/Users/alex/Library/Developer/Xcode/DerivedData/Settlers-bqwdcayamsmaxsekctdqetlegmaf/Build/Intermediates.noindex/ArchiveIntermediates/Settlers/IntermediateBuildFilesPath/CatanEngine.build/Release-iphoneos/CatanEngine.build/DerivedSources-normal/arm64 -Xcc -I/Users/alex/Library/Developer/Xcode/DerivedData/Settlers-bqwdcayamsmaxsekctdqetlegmaf/Build/Intermediates.noindex/ArchiveIntermediates/Settlers/IntermediateBuildFilesPath/CatanEngine.build/Release-iphoneos/CatanEngine.build/DerivedSources/arm64 -Xcc -I/Users/alex/Library/Developer/Xcode/DerivedData/Settlers-bqwdcayamsmaxsekctdqetlegmaf/Build/Intermediates.noindex/ArchiveIntermediates/Settlers/IntermediateBuildFilesPath/CatanEngine.build/Release-iphoneos/CatanEngine.build/DerivedSources -Xcc -DSWIFT_PACKAGE -emit-objc-header -emit-objc-header-path /Users/alex/Library/Developer/Xcode/DerivedData/Settlers-bqwdcayamsmaxsekctdqetlegmaf/Build/Intermediates.noindex/ArchiveIntermediates/Settlers/IntermediateBuildFilesPath/CatanEngine.build/Release-iphoneos/CatanEngine.build/Objects-normal/arm64/CatanEngine-Swift.h -working-directory /Users/alex/.codex/worktrees/naval-exploration/Settlers/Settlers.xcodeproj -no-emit-module-separately-wmo

SwiftCompile normal arm64 Compiling\ Board.swift,\ BoardGeneration.swift,\ BoardShape.swift,\ Building.swift,\ CatanEngine.swift,\ Conquest.swift,\ DevCards.swift,\ DiceOdds.swift,\ GameSession.swift,\ LongestRoad.swift,\ MainPhase.swift,\ DevCardPlayStatus.swift,\ DevCardType.swift,\ EdgeID.swift,\ GameEvent.swift,\ GameMode.swift,\ GamePhase.swift,\ GameState.swift,\ GameVariant.swift,\ HexCoordinate.swift,\ Move.swift,\ Player.swift,\ PlayerID.swift,\ Port.swift,\ RandomSource.swift,\ Resource.swift,\ Tile.swift,\ VertexID.swift,\ Naval.swift,\ NavalFallback.swift,\ NavalMapGenerator.swift,\ NavalMapValidation.swift,\ NavalModels.swift,\ NavalMoves.swift,\ NavalPorts.swift,\ NavalProduction.swift,\ NavalSightGeometry.swift,\ NavalStateValidation.swift,\ NavalTerrain.swift,\ NavalVisibility.swift,\ PublicLedger.swift,\ Robber.swift,\ RulesEngine.swift,\ Ruleset.swift,\ SetupPhase.swift,\ Trading.swift,\ WinCondition.swift /Users/alex/.codex/worktrees/naval-exploration/Settlers/Packages/CatanEngine/Sources/CatanEngine/Board.swift /Users/alex/.codex/worktrees/naval-exploration/Settlers/Packages/CatanEngine/Sources/CatanEngine/BoardGeneration.swift /Users/alex/.codex/worktrees/naval-exploration/Settlers/Packages/CatanEngine/Sources/CatanEngine/BoardShape.swift /Users/alex/.codex/worktrees/naval-exploration/Settlers/Packages/CatanEngine/Sources/CatanEngine/Building.swift /Users/alex/.codex/worktrees/naval-exploration/Settlers/Packages/CatanEngine/Sources/CatanEngine/CatanEngine.swift /Users/alex/.codex/worktrees/naval-exploration/Settlers/Packages/CatanEngine/Sources/CatanEngine/Conquest.swift /Users/alex/.codex/worktrees/naval-exploration/Settlers/Packages/CatanEngine/Sources/CatanEngine/DevCards.swift /Users/alex/.codex/worktrees/naval-exploration/Settlers/Packages/CatanEngine/Sources/CatanEngine/DiceOdds.swift /Users/alex/.codex/worktrees/naval-exploration/Settlers/Packages/CatanEngine/Sources/CatanEngine/GameSession.swift /Users/alex/.codex/worktrees/naval-exploration/Settlers/Packages/CatanEngine/Sources/CatanEngine/LongestRoad.swift /Users/alex/.codex/worktrees/naval-exploration/Settlers/Packages/CatanEngine/Sources/CatanEngine/MainPhase.swift /Users/alex/.codex/worktrees/naval-exploration/Settlers/Packages/CatanEngine/Sources/CatanEngine/Models/DevCardPlayStatus.swift /Users/alex/.codex/worktrees/naval-exploration/Settlers/Packages/CatanEngine/Sources/CatanEngine/Models/DevCardType.swift /Users/alex/.codex/worktrees/naval-exploration/Settlers/Packages/CatanEngine/Sources/CatanEngine/Models/EdgeID.swift /Users/alex/.codex/worktrees/naval-exploration/Settlers/Packages/CatanEngine/Sources/CatanEngine/Models/GameEvent.swift /Users/alex/.codex/worktrees/naval-exploration/Settlers/Packages/CatanEngine/Sources/CatanEngine/Models/GameMode.swift /Users/alex/.codex/worktrees/naval-exploration/Settlers/Packages/CatanEngine/Sources/CatanEngine/Models/GamePhase.swift /Users/alex/.codex/worktrees/naval-exploration/Settlers/Packages/CatanEngine/Sources/CatanEngine/Models/GameState.swift /Users/alex/.codex/worktrees/naval-exploration/Settlers/Packages/CatanEngine/Sources/CatanEngine/Models/GameVariant.swift /Users/alex/.codex/worktrees/naval-exploration/Settlers/Packages/CatanEngine/Sources/CatanEngine/Models/HexCoordinate.swift /Users/alex/.codex/worktrees/naval-exploration/Settlers/Packages/CatanEngine/Sources/CatanEngine/Models/Move.swift /Users/alex/.codex/worktrees/naval-exploration/Settlers/Packages/CatanEngine/Sources/CatanEngine/Models/Player.swift /Users/alex/.codex/worktrees/naval-exploration/Settlers/Packages/CatanEngine/Sources/CatanEngine/Models/PlayerID.swift /Users/alex/.codex/worktrees/naval-exploration/Settlers/Packages/CatanEngine/Sources/CatanEngine/Models/Port.swift /Users/alex/.codex/worktrees/naval-exploration/Settlers/Packages/CatanEngine/Sources/CatanEngine/Models/RandomSource.swift /Users/alex/.codex/worktrees/naval-exploration/Settlers/Packages/CatanEngine/Sources/CatanEngine/Models/Resource.swift /Users/alex/.codex/worktrees/naval-exploration/Settlers/Packages/CatanEngine/Sources/CatanEngine/Models/Tile.swift /Users/alex/.codex/worktrees/naval-exploration/Settlers/Packages/CatanEngine/Sources/CatanEngine/Models/VertexID.swift /Users/alex/.codex/worktrees/naval-exploration/Settlers/Packages/CatanEngine/Sources/CatanEngine/Naval/Naval.swift /Users/alex/.codex/worktrees/naval-exploration/Settlers/Packages/CatanEngine/Sources/CatanEngine/Naval/NavalFallback.swift /Users/alex/.codex/worktrees/naval-exploration/Settlers/Packages/CatanEngine/Sources/CatanEngine/Naval/NavalMapGenerator.swift /Users/alex/.codex/worktrees/naval-exploration/Settlers/Packages/CatanEngine/Sources/CatanEngine/Naval/NavalMapValidation.swift /Users/alex/.codex/worktrees/naval-exploration/Settlers/Packages/CatanEngine/Sources/CatanEngine/Naval/NavalModels.swift /Users/alex/.codex/worktrees/naval-exploration/Settlers/Packages/CatanEngine/Sources/CatanEngine/Naval/NavalMoves.swift /Users/alex/.codex/worktrees/naval-exploration/Settlers/Packages/CatanEngine/Sources/CatanEngine/Naval/NavalPorts.swift /Users/alex/.codex/worktrees/naval-exploration/Settlers/Packages/CatanEngine/Sources/CatanEngine/Naval/NavalProduction.swift /Users/alex/.codex/worktrees/naval-exploration/Settlers/Packages/CatanEngine/Sources/CatanEngine/Naval/NavalSightGeometry.swift /Users/alex/.codex/worktrees/naval-exploration/Settlers/Packages/CatanEngine/Sources/CatanEngine/Naval/NavalStateValidation.swift /Users/alex/.codex/worktrees/naval-exploration/Settlers/Packages/CatanEngine/Sources/CatanEngine/Naval/NavalTerrain.swift /Users/alex/.codex/worktrees/naval-exploration/Settlers/Packages/CatanEngine/Sources/CatanEngine/Naval/NavalVisibility.swift /Users/alex/.codex/worktrees/naval-exploration/Settlers/Packages/CatanEngine/Sources/CatanEngine/PublicLedger.swift /Users/alex/.codex/worktrees/naval-exploration/Settlers/Packages/CatanEngine/Sources/CatanEngine/Robber.swift /Users/alex/.codex/worktrees/naval-exploration/Settlers/Packages/CatanEngine/Sources/CatanEngine/RulesEngine.swift /Users/alex/.codex/worktrees/naval-exploration/Settlers/Packages/CatanEngine/Sources/CatanEngine/Ruleset.swift /Users/alex/.codex/worktrees/naval-exploration/Settlers/Packages/CatanEngine/Sources/CatanEngine/SetupPhase.swift /Users/alex/.codex/worktrees/naval-exploration/Settlers/Packages/CatanEngine/Sources/CatanEngine/Trading.swift /Users/alex/.codex/worktrees/naval-exploration/Settlers/Packages/CatanEngine/Sources/CatanEngine/WinCondition.swift /Applications/Xcode.app/Contents/Developer/Toolchains/XcodeDefault.xctoolchain/usr/lib/swift/iphoneos/prebuilt-modules/26.5/_Concurrency.swiftmodule/arm64e-apple-ios.swiftmodule /Applications/Xcode.app/Contents/Developer/Toolchains/XcodeDefault.xctoolchain/usr/lib/swift/iphoneos/prebuilt-modules/26.5/Observation.swiftmodule/arm64e-apple-ios.swiftmodule /Applications/Xcode.app/Contents/Developer/Toolchains/XcodeDefault.xctoolchain/usr/lib/swift/iphoneos/prebuilt-modules/26.5/Foundation.swiftmodule/arm64e-apple-ios.swiftmodule /Applications/Xcode.app/Contents/Developer/Toolchains/XcodeDefault.xctoolchain/usr/lib/swift/iphoneos/prebuilt-modules/26.5/CoreFoundation.swiftmodule/arm64e-apple-ios.swiftmodule /Applications/Xcode.app/Contents/Developer/Toolchains/XcodeDefault.xctoolchain/usr/lib/swift/iphoneos/prebuilt-modules/26.5/Swift.swiftmodule/arm64e-apple-ios.swiftmodule /Applications/Xcode.app/Contents/Developer/Toolchains/XcodeDefault.xctoolchain/usr/lib/swift/iphoneos/prebuilt-modules/26.5/Darwin.swiftmodule/arm64e-apple-ios.swiftmodule /Applications/Xcode.app/Contents/Developer/Toolchains/XcodeDefault.xctoolchain/usr/lib/swift/iphoneos/prebuilt-modules/26.5/_DarwinFoundation2.swiftmodule/arm64e-apple-ios.swiftmodule /Applications/Xcode.app/Contents/Developer/Toolchains/XcodeDefault.xctoolchain/usr/lib/swift/iphoneos/prebuilt-modules/26.5/_DarwinFoundation1.swiftmodule/arm64e-apple-ios.swiftmodule /Applications/Xcode.app/Contents/Developer/Toolchains/XcodeDefault.xctoolchain/usr/lib/swift/iphoneos/prebuilt-modules/26.5/ObjectiveC.swiftmodule/arm64e-apple-ios.swiftmodule /Applications/Xcode.app/Contents/Developer/Toolchains/XcodeDefault.xctoolchain/usr/lib/swift/iphoneos/prebuilt-modules/26.5/XPC.swiftmodule/arm64e-apple-ios.swiftmodule /Applications/Xcode.app/Contents/Developer/Toolchains/XcodeDefault.xctoolchain/usr/lib/swift/iphoneos/prebuilt-modules/26.5/Combine.swiftmodule/arm64e-apple-ios.swiftmodule /Applications/Xcode.app/Contents/Developer/Toolchains/XcodeDefault.xctoolchain/usr/lib/swift/iphoneos/prebuilt-modules/26.5/Dispatch.swiftmodule/arm64e-apple-ios.swiftmodule /Applications/Xcode.app/Contents/Developer/Toolchains/XcodeDefault.xctoolchain/usr/lib/swift/iphoneos/prebuilt-modules/26.5/_StringProcessing.swiftmodule/arm64e-apple-ios.swiftmodule /Applications/Xcode.app/Contents/Developer/Toolchains/XcodeDefault.xctoolchain/usr/lib/swift/iphoneos/prebuilt-modules/26.5/_Builtin_float.swiftmodule/arm64e-apple-ios.swiftmodule /Applications/Xcode.app/Contents/Developer/Toolchains/XcodeDefault.xctoolchain/usr/lib/swift/iphoneos/prebuilt-modules/26.5/_DarwinFoundation3.swiftmodule/arm64e-apple-ios.swiftmodule /Applications/Xcode.app/Contents/Developer/Toolchains/XcodeDefault.xctoolchain/usr/lib/swift/iphoneos/prebuilt-modules/26.5/System.swiftmodule/arm64e-apple-ios.swiftmodule /Users/alex/Library/Developer/Xcode/DerivedData/ModuleCache.noindex/Security-43O0ZA7N1KNRVJNSWG2LXZ0UZ.pcm /Users/alex/Library/Developer/Xcode/DerivedData/ModuleCache.noindex/os_workgroup-8PTVLYKHGEV2PRUS0C8GESXK.pcm /Users/alex/Library/Developer/Xcode/DerivedData/ModuleCache.noindex/_Builtin_stdarg-8W03JF8Q1OULDFBGIWEHFZRNI.pcm /Users/alex/Library/Developer/Xcode/DerivedData/ModuleCache.noindex/CoreFoundation-2EEGTJF9ORQ3GW9W8LLMU8D7.pcm /Users/alex/Library/Developer/Xcode/DerivedData/ModuleCache.noindex/CFNetwork-BC299ZWYT862MWTMARZTYLWOX.pcm /Users/alex/Library/Developer/Xcode/DerivedData/ModuleCache.noindex/Dispatch-3RWO3U7VLKSP5JUSHOH2NCXC0.pcm /Users/alex/Library/Developer/Xcode/DerivedData/ModuleCache.noindex/ptrcheck-5Y2TF1CDVR3BG0F6Z6C4ZD5IS.pcm /Users/alex/Library/Developer/Xcode/DerivedData/ModuleCache.noindex/Darwin-F2PVQO7J9CYWNT5N4EQ6DVFOU.pcm /Users/alex/Library/Developer/Xcode/DerivedData/ModuleCache.noindex/ptrauth-9G5DX5Y33BDXNCTIRDGIH390C.pcm /Users/alex/Library/Developer/Xcode/DerivedData/ModuleCache.noindex/sys_types-DKF50MEK8GG75DYGDJOXQN383.pcm /Users/alex/Library/Developer/Xcode/DerivedData/ModuleCache.noindex/os_object-PD9OG205J829J11T39FKZGDC.pcm /Users/alex/Library/Developer/Xcode/DerivedData/ModuleCache.noindex/_AvailabilityInternal-EBF4AKK16QIDG5C1NEFTNNG4N.pcm /Users/alex/Library/Developer/Xcode/DerivedData/ModuleCache.noindex/XPC-52JRWMFJOUK2F8UPYBUDAP03Y.pcm /Users/alex/Library/Developer/Xcode/DerivedData/ModuleCache.noindex/_Builtin_stddef-7J1AQE70EWZE2R3JWSFVT5U9T.pcm /Users/alex/Library/Developer/Xcode/DerivedData/ModuleCache.noindex/SwiftShims-A9D2X1ONR2E3MC2G54D39LFR5.pcm /Users/alex/Library/Developer/Xcode/DerivedData/ModuleCache.noindex/_Builtin_limits-5LC0UGN2DO6NSMV2TORDKOVSI.pcm /Users/alex/Library/Developer/Xcode/DerivedData/ModuleCache.noindex/_Builtin_stdbool-3620JRL0T00CU380G0SKCGQ31.pcm /Users/alex/Library/Developer/Xcode/DerivedData/ModuleCache.noindex/_DarwinFoundation1-1T8VUFA86DC0FV49QQRPMSZS9.pcm /Users/alex/Library/Developer/Xcode/DerivedData/ModuleCache.noindex/_Builtin_float-9I3SJ54W1LJMAX93ZD8G1SX8D.pcm /Users/alex/Library/Developer/Xcode/DerivedData/ModuleCache.noindex/_DarwinFoundation3-DANZRK41T4EC5WUM9P2WN6OJ8.pcm /Users/alex/Library/Developer/Xcode/DerivedData/ModuleCache.noindex/_Builtin_stdint-BDW8S8LJQ9QAIRQGQUYA6O80V.pcm /Users/alex/Library/Developer/Xcode/DerivedData/ModuleCache.noindex/ObjectiveC-99NEWZ9M6TLC9D9BROPH9LI7J.pcm /Users/alex/Library/Developer/Xcode/DerivedData/ModuleCache.noindex/_SwiftConcurrencyShims-102RD4YNETX53V78GPJKZ7T90.pcm /Users/alex/Library/Developer/Xcode/DerivedData/ModuleCache.noindex/_Builtin_inttypes-4S8ZKG280EQCESB3M853777F9.pcm /Users/alex/Library/Developer/Xcode/DerivedData/ModuleCache.noindex/Foundation-57TGAXXV0G7YHYWMYMJYSOUHK.pcm /Users/alex/Library/Developer/Xcode/DerivedData/ModuleCache.noindex/_DarwinFoundation2-4ZZOB507NEW9V8Q4JANO49US4.pcm /Users/alex/Library/Developer/Xcode/DerivedData/Settlers-bqwdcayamsmaxsekctdqetlegmaf/Build/Intermediates.noindex/ArchiveIntermediates/Settlers/IntermediateBuildFilesPath/CatanEngine.build/Release-iphoneos/CatanEngine.build/Objects-normal/arm64/CatanEngine-dependencies-1.json (in target 'CatanEngine' from project 'CatanEngine')

CompileSwift normal arm64 (in target 'CatanEngine' from project 'CatanEngine')
    cd /Users/alex/.codex/worktrees/naval-exploration/Settlers/Settlers.xcodeproj
    

SwiftDriverJobDiscovery normal arm64 Compiling Board.swift, BoardGeneration.swift, BoardShape.swift, Building.swift, CatanEngine.swift, Conquest.swift, DevCards.swift, DiceOdds.swift, GameSession.swift, LongestRoad.swift, MainPhase.swift, DevCardPlayStatus.swift, DevCardType.swift, EdgeID.swift, GameEvent.swift, GameMode.swift, GamePhase.swift, GameState.swift, GameVariant.swift, HexCoordinate.swift, Move.swift, Player.swift, PlayerID.swift, Port.swift, RandomSource.swift, Resource.swift, Tile.swift, VertexID.swift, Naval.swift, NavalFallback.swift, NavalMapGenerator.swift, NavalMapValidation.swift, NavalModels.swift, NavalMoves.swift, NavalPorts.swift, NavalProduction.swift, NavalSightGeometry.swift, NavalStateValidation.swift, NavalTerrain.swift, NavalVisibility.swift, PublicLedger.swift, Robber.swift, RulesEngine.swift, Ruleset.swift, SetupPhase.swift, Trading.swift, WinCondition.swift (in target 'CatanEngine' from project 'CatanEngine')

SwiftDriver\ Compilation\ Requirements CatanEngine normal arm64 com.apple.xcode.tools.swift.compiler (in target 'CatanEngine' from project 'CatanEngine')
    cd /Users/alex/.codex/worktrees/naval-exploration/Settlers/Settlers.xcodeproj
    builtin-Swift-Compilation-Requirements -- /Applications/Xcode.app/Contents/Developer/Toolchains/XcodeDefault.xctoolchain/usr/bin/swiftc -module-name CatanEngine -O -whole-module-optimization @/Users/alex/Library/Developer/Xcode/DerivedData/Settlers-bqwdcayamsmaxsekctdqetlegmaf/Build/Intermediates.noindex/ArchiveIntermediates/Settlers/IntermediateBuildFilesPath/CatanEngine.build/Release-iphoneos/CatanEngine.build/Objects-normal/arm64/CatanEngine.SwiftFileList -DSWIFT_PACKAGE -DSWIFT_MODULE_RESOURCE_BUNDLE_UNAVAILABLE -DXcode -driver-batch-count 2 -plugin-path /Applications/Xcode.app/Contents/Developer/Toolchains/XcodeDefault.xctoolchain/usr/lib/swift/host/plugins/testing -enable-experimental-feature DebugDescriptionMacro -sdk /Applications/Xcode.app/Contents/Developer/Platforms/iPhoneOS.platform/Developer/SDKs/iPhoneOS26.5.sdk -target arm64-apple-ios17.0 -g -module-cache-path /Users/alex/Library/Developer/Xcode/DerivedData/ModuleCache.noindex -Xfrontend -serialize-debugging-options -swift-version 6 -I /Users/alex/Library/Developer/Xcode/DerivedData/Settlers-bqwdcayamsmaxsekctdqetlegmaf/Build/Intermediates.noindex/ArchiveIntermediates/Settlers/BuildProductsPath/Release-iphoneos -Isystem /Applications/Xcode.app/Contents/Developer/Platforms/iPhoneOS.platform/Developer/usr/lib -F /Users/alex/Library/Developer/Xcode/DerivedData/Settlers-bqwdcayamsmaxsekctdqetlegmaf/Build/Intermediates.noindex/ArchiveIntermediates/Settlers/BuildProductsPath/Release-iphoneos -F /Applications/Xcode.app/Contents/Developer/Platforms/iPhoneOS.platform/Developer/Library/Frameworks -F /Applications/Xcode.app/Contents/Developer/Platforms/iPhoneOS.platform/Developer/SDKs/iPhoneOS26.5.sdk/Developer/Library/Frameworks -c -num-threads 18 -Xcc -ivfsstatcache -Xcc /Users/alex/Library/Developer/Xcode/DerivedData/SDKStatCaches.noindex/iphoneos26.5-23F73-32daed1954a7d5dd0789fcaf2a9bb78b.sdkstatcache -output-file-map /Users/alex/Library/Developer/Xcode/DerivedData/Settlers-bqwdcayamsmaxsekctdqetlegmaf/Build/Intermediates.noindex/ArchiveIntermediates/Settlers/IntermediateBuildFilesPath/CatanEngine.build/Release-iphoneos/CatanEngine.build/Objects-normal/arm64/CatanEngine-OutputFileMap.json -use-frontend-parseable-output -save-temps -no-color-diagnostics -explicit-module-build -module-cache-path /Users/alex/Library/Developer/Xcode/DerivedData/Settlers-bqwdcayamsmaxsekctdqetlegmaf/Build/Intermediates.noindex/ArchiveIntermediates/Settlers/IntermediateBuildFilesPath/SwiftExplicitPrecompiledModules -clang-scanner-module-cache-path /Users/alex/Library/Developer/Xcode/DerivedData/ModuleCache.noindex -sdk-module-cache-path /Users/alex/Library/Developer/Xcode/DerivedData/ModuleCache.noindex -serialize-diagnostics -emit-dependencies -emit-module -emit-module-path /Users/alex/Library/Developer/Xcode/DerivedData/Settlers-bqwdcayamsmaxsekctdqetlegmaf/Build/Intermediates.noindex/ArchiveIntermediates/Settlers/IntermediateBuildFilesPath/CatanEngine.build/Release-iphoneos/CatanEngine.build/Objects-normal/arm64/CatanEngine.swiftmodule -validate-clang-modules-once -clang-build-session-file /Users/alex/Library/Developer/Xcode/DerivedData/ModuleCache.noindex/Session.modulevalidation -package-name catanengine -Xcc -I/Users/alex/Library/Developer/Xcode/DerivedData/Settlers-bqwdcayamsmaxsekctdqetlegmaf/Build/Intermediates.noindex/ArchiveIntermediates/Settlers/IntermediateBuildFilesPath/CatanEngine.build/Release-iphoneos/CatanEngine.build/swift-overrides.hmap -emit-const-values -Xfrontend -const-gather-protocols-file -Xfrontend /Users/alex/Library/Developer/Xcode/DerivedData/Settlers-bqwdcayamsmaxsekctdqetlegmaf/Build/Intermediates.noindex/ArchiveIntermediates/Settlers/IntermediateBuildFilesPath/CatanEngine.build/Release-iphoneos/CatanEngine.build/Objects-normal/arm64/CatanEngine_const_extract_protocols.json -Xcc -I/Users/alex/Library/Developer/Xcode/DerivedData/Settlers-bqwdcayamsmaxsekctdqetlegmaf/Build/Intermediates.noindex/ArchiveIntermediates/Settlers/BuildProductsPath/Release-iphoneos/include -Xcc -I/Users/alex/Library/Developer/Xcode/DerivedData/Settlers-bqwdcayamsmaxsekctdqetlegmaf/Build/Intermediates.noindex/ArchiveIntermediates/Settlers/IntermediateBuildFilesPath/CatanEngine.build/Release-iphoneos/CatanEngine.build/DerivedSources-normal/arm64 -Xcc -I/Users/alex/Library/Developer/Xcode/DerivedData/Settlers-bqwdcayamsmaxsekctdqetlegmaf/Build/Intermediates.noindex/ArchiveIntermediates/Settlers/IntermediateBuildFilesPath/CatanEngine.build/Release-iphoneos/CatanEngine.build/DerivedSources/arm64 -Xcc -I/Users/alex/Library/Developer/Xcode/DerivedData/Settlers-bqwdcayamsmaxsekctdqetlegmaf/Build/Intermediates.noindex/ArchiveIntermediates/Settlers/IntermediateBuildFilesPath/CatanEngine.build/Release-iphoneos/CatanEngine.build/DerivedSources -Xcc -DSWIFT_PACKAGE -emit-objc-header -emit-objc-header-path /Users/alex/Library/Developer/Xcode/DerivedData/Settlers-bqwdcayamsmaxsekctdqetlegmaf/Build/Intermediates.noindex/ArchiveIntermediates/Settlers/IntermediateBuildFilesPath/CatanEngine.build/Release-iphoneos/CatanEngine.build/Objects-normal/arm64/CatanEngine-Swift.h -working-directory /Users/alex/.codex/worktrees/naval-exploration/Settlers/Settlers.xcodeproj -no-emit-module-separately-wmo

SwiftMergeGeneratedHeaders /Users/alex/Library/Developer/Xcode/DerivedData/Settlers-bqwdcayamsmaxsekctdqetlegmaf/Build/Intermediates.noindex/ArchiveIntermediates/Settlers/IntermediateBuildFilesPath/GeneratedModuleMaps-iphoneos/CatanEngine-Swift.h /Users/alex/Library/Developer/Xcode/DerivedData/Settlers-bqwdcayamsmaxsekctdqetlegmaf/Build/Intermediates.noindex/ArchiveIntermediates/Settlers/IntermediateBuildFilesPath/CatanEngine.build/Release-iphoneos/CatanEngine.build/Objects-normal/arm64/CatanEngine-Swift.h (in target 'CatanEngine' from project 'CatanEngine')
    cd /Users/alex/.codex/worktrees/naval-exploration/Settlers/Packages/CatanEngine
    builtin-swiftHeaderTool -arch arm64 /Users/alex/Library/Developer/Xcode/DerivedData/Settlers-bqwdcayamsmaxsekctdqetlegmaf/Build/Intermediates.noindex/ArchiveIntermediates/Settlers/IntermediateBuildFilesPath/CatanEngine.build/Release-iphoneos/CatanEngine.build/Objects-normal/arm64/CatanEngine-Swift.h -o /Users/alex/Library/Developer/Xcode/DerivedData/Settlers-bqwdcayamsmaxsekctdqetlegmaf/Build/Intermediates.noindex/ArchiveIntermediates/Settlers/IntermediateBuildFilesPath/GeneratedModuleMaps-iphoneos/CatanEngine-Swift.h

Copy /Users/alex/Library/Developer/Xcode/DerivedData/Settlers-bqwdcayamsmaxsekctdqetlegmaf/Build/Intermediates.noindex/ArchiveIntermediates/Settlers/BuildProductsPath/Release-iphoneos/CatanEngine.swiftmodule/arm64-apple-ios.swiftmodule /Users/alex/Library/Developer/Xcode/DerivedData/Settlers-bqwdcayamsmaxsekctdqetlegmaf/Build/Intermediates.noindex/ArchiveIntermediates/Settlers/IntermediateBuildFilesPath/CatanEngine.build/Release-iphoneos/CatanEngine.build/Objects-normal/arm64/CatanEngine.swiftmodule (in target 'CatanEngine' from project 'CatanEngine')
    cd /Users/alex/.codex/worktrees/naval-exploration/Settlers/Packages/CatanEngine
    builtin-copy -exclude .DS_Store -exclude CVS -exclude .svn -exclude .git -exclude .hg -strip-unsigned-binaries -strip-deterministic -strip-tool /Applications/Xcode.app/Contents/Developer/Toolchains/XcodeDefault.xctoolchain/usr/bin/strip -resolve-src-symlinks -rename /Users/alex/Library/Developer/Xcode/DerivedData/Settlers-bqwdcayamsmaxsekctdqetlegmaf/Build/Intermediates.noindex/ArchiveIntermediates/Settlers/IntermediateBuildFilesPath/CatanEngine.build/Release-iphoneos/CatanEngine.build/Objects-normal/arm64/CatanEngine.swiftmodule /Users/alex/Library/Developer/Xcode/DerivedData/Settlers-bqwdcayamsmaxsekctdqetlegmaf/Build/Intermediates.noindex/ArchiveIntermediates/Settlers/BuildProductsPath/Release-iphoneos/CatanEngine.swiftmodule/arm64-apple-ios.swiftmodule

Copy /Users/alex/Library/Developer/Xcode/DerivedData/Settlers-bqwdcayamsmaxsekctdqetlegmaf/Build/Intermediates.noindex/ArchiveIntermediates/Settlers/BuildProductsPath/Release-iphoneos/CatanEngine.swiftmodule/arm64-apple-ios.swiftdoc /Users/alex/Library/Developer/Xcode/DerivedData/Settlers-bqwdcayamsmaxsekctdqetlegmaf/Build/Intermediates.noindex/ArchiveIntermediates/Settlers/IntermediateBuildFilesPath/CatanEngine.build/Release-iphoneos/CatanEngine.build/Objects-normal/arm64/CatanEngine.swiftdoc (in target 'CatanEngine' from project 'CatanEngine')
    cd /Users/alex/.codex/worktrees/naval-exploration/Settlers/Packages/CatanEngine
    builtin-copy -exclude .DS_Store -exclude CVS -exclude .svn -exclude .git -exclude .hg -strip-unsigned-binaries -strip-deterministic -strip-tool /Applications/Xcode.app/Contents/Developer/Toolchains/XcodeDefault.xctoolchain/usr/bin/strip -resolve-src-symlinks -rename /Users/alex/Library/Developer/Xcode/DerivedData/Settlers-bqwdcayamsmaxsekctdqetlegmaf/Build/Intermediates.noindex/ArchiveIntermediates/Settlers/IntermediateBuildFilesPath/CatanEngine.build/Release-iphoneos/CatanEngine.build/Objects-normal/arm64/CatanEngine.swiftdoc /Users/alex/Library/Developer/Xcode/DerivedData/Settlers-bqwdcayamsmaxsekctdqetlegmaf/Build/Intermediates.noindex/ArchiveIntermediates/Settlers/BuildProductsPath/Release-iphoneos/CatanEngine.swiftmodule/arm64-apple-ios.swiftdoc

Copy /Users/alex/Library/Developer/Xcode/DerivedData/Settlers-bqwdcayamsmaxsekctdqetlegmaf/Build/Intermediates.noindex/ArchiveIntermediates/Settlers/BuildProductsPath/Release-iphoneos/CatanEngine.swiftmodule/arm64-apple-ios.abi.json /Users/alex/Library/Developer/Xcode/DerivedData/Settlers-bqwdcayamsmaxsekctdqetlegmaf/Build/Intermediates.noindex/ArchiveIntermediates/Settlers/IntermediateBuildFilesPath/CatanEngine.build/Release-iphoneos/CatanEngine.build/Objects-normal/arm64/CatanEngine.abi.json (in target 'CatanEngine' from project 'CatanEngine')
    cd /Users/alex/.codex/worktrees/naval-exploration/Settlers/Packages/CatanEngine
    builtin-copy -exclude .DS_Store -exclude CVS -exclude .svn -exclude .git -exclude .hg -strip-unsigned-binaries -strip-deterministic -strip-tool /Applications/Xcode.app/Contents/Developer/Toolchains/XcodeDefault.xctoolchain/usr/bin/strip -resolve-src-symlinks -rename /Users/alex/Library/Developer/Xcode/DerivedData/Settlers-bqwdcayamsmaxsekctdqetlegmaf/Build/Intermediates.noindex/ArchiveIntermediates/Settlers/IntermediateBuildFilesPath/CatanEngine.build/Release-iphoneos/CatanEngine.build/Objects-normal/arm64/CatanEngine.abi.json /Users/alex/Library/Developer/Xcode/DerivedData/Settlers-bqwdcayamsmaxsekctdqetlegmaf/Build/Intermediates.noindex/ArchiveIntermediates/Settlers/BuildProductsPath/Release-iphoneos/CatanEngine.swiftmodule/arm64-apple-ios.abi.json

Ld /Users/alex/Library/Developer/Xcode/DerivedData/Settlers-bqwdcayamsmaxsekctdqetlegmaf/Build/Intermediates.noindex/ArchiveIntermediates/Settlers/IntermediateBuildFilesPath/UninstalledProducts/iphoneos/CatanEngine.o normal (in target 'CatanEngine' from project 'CatanEngine')
    cd /Users/alex/.codex/worktrees/naval-exploration/Settlers/Packages/CatanEngine
    /Applications/Xcode.app/Contents/Developer/Toolchains/XcodeDefault.xctoolchain/usr/bin/clang -Xlinker -reproducible -target arm64-apple-ios17.0 -r -isysroot /Applications/Xcode.app/Contents/Developer/Platforms/iPhoneOS.platform/Developer/SDKs/iPhoneOS26.5.sdk -Os -F/Users/alex/Library/Developer/Xcode/DerivedData/Settlers-bqwdcayamsmaxsekctdqetlegmaf/Build/Intermediates.noindex/ArchiveIntermediates/Settlers/IntermediateBuildFilesPath/EagerLinkingTBDs/Release-iphoneos -F/Users/alex/Library/Developer/Xcode/DerivedData/Settlers-bqwdcayamsmaxsekctdqetlegmaf/Build/Intermediates.noindex/ArchiveIntermediates/Settlers/BuildProductsPath/Release-iphoneos -iframework /Applications/Xcode.app/Contents/Developer/Platforms/iPhoneOS.platform/Developer/Library/Frameworks -iframework /Applications/Xcode.app/Contents/Developer/Platforms/iPhoneOS.platform/Developer/SDKs/iPhoneOS26.5.sdk/Developer/Library/Frameworks -filelist /Users/alex/Library/Developer/Xcode/DerivedData/Settlers-bqwdcayamsmaxsekctdqetlegmaf/Build/Intermediates.noindex/ArchiveIntermediates/Settlers/IntermediateBuildFilesPath/CatanEngine.build/Release-iphoneos/CatanEngine.build/Objects-normal/arm64/CatanEngine.LinkFileList -nostdlib -Xlinker -object_path_lto -Xlinker /Users/alex/Library/Developer/Xcode/DerivedData/Settlers-bqwdcayamsmaxsekctdqetlegmaf/Build/Intermediates.noindex/ArchiveIntermediates/Settlers/IntermediateBuildFilesPath/CatanEngine.build/Release-iphoneos/CatanEngine.build/Objects-normal/arm64/CatanEngine_lto.o -Xlinker -dependency_info -Xlinker /Users/alex/Library/Developer/Xcode/DerivedData/Settlers-bqwdcayamsmaxsekctdqetlegmaf/Build/Intermediates.noindex/ArchiveIntermediates/Settlers/IntermediateBuildFilesPath/CatanEngine.build/Release-iphoneos/CatanEngine.build/Objects-normal/arm64/CatanEngine_dependency_info.dat -fobjc-link-runtime -L/Applications/Xcode.app/Contents/Developer/Toolchains/XcodeDefault.xctoolchain/usr/lib/swift/iphoneos -L/usr/lib/swift -Xlinker -add_ast_path -Xlinker /Users/alex/Library/Developer/Xcode/DerivedData/Settlers-bqwdcayamsmaxsekctdqetlegmaf/Build/Intermediates.noindex/ArchiveIntermediates/Settlers/IntermediateBuildFilesPath/CatanEngine.build/Release-iphoneos/CatanEngine.build/Objects-normal/arm64/CatanEngine.swiftmodule @/Users/alex/Library/Developer/Xcode/DerivedData/Settlers-bqwdcayamsmaxsekctdqetlegmaf/Build/Intermediates.noindex/ArchiveIntermediates/Settlers/IntermediateBuildFilesPath/CatanEngine.build/Release-iphoneos/CatanEngine.build/Objects-normal/arm64/CatanEngine-linker-args.resp -o /Users/alex/Library/Developer/Xcode/DerivedData/Settlers-bqwdcayamsmaxsekctdqetlegmaf/Build/Intermediates.noindex/ArchiveIntermediates/Settlers/IntermediateBuildFilesPath/UninstalledProducts/iphoneos/CatanEngine.o

SwiftDriver CatanAI normal arm64 com.apple.xcode.tools.swift.compiler (in target 'CatanAI' from project 'CatanAI')
    cd /Users/alex/.codex/worktrees/naval-exploration/Settlers/Settlers.xcodeproj
    builtin-SwiftDriver -- /Applications/Xcode.app/Contents/Developer/Toolchains/XcodeDefault.xctoolchain/usr/bin/swiftc -module-name CatanAI -O -whole-module-optimization @/Users/alex/Library/Developer/Xcode/DerivedData/Settlers-bqwdcayamsmaxsekctdqetlegmaf/Build/Intermediates.noindex/ArchiveIntermediates/Settlers/IntermediateBuildFilesPath/CatanAI.build/Release-iphoneos/CatanAI.build/Objects-normal/arm64/CatanAI.SwiftFileList -DSWIFT_PACKAGE -DSWIFT_MODULE_RESOURCE_BUNDLE_UNAVAILABLE -DXcode -driver-batch-count 2 -plugin-path /Applications/Xcode.app/Contents/Developer/Toolchains/XcodeDefault.xctoolchain/usr/lib/swift/host/plugins/testing -enable-experimental-feature DebugDescriptionMacro -sdk /Applications/Xcode.app/Contents/Developer/Platforms/iPhoneOS.platform/Developer/SDKs/iPhoneOS26.5.sdk -target arm64-apple-ios17.0 -g -module-cache-path /Users/alex/Library/Developer/Xcode/DerivedData/ModuleCache.noindex -Xfrontend -serialize-debugging-options -swift-version 6 -I /Users/alex/Library/Developer/Xcode/DerivedData/Settlers-bqwdcayamsmaxsekctdqetlegmaf/Build/Intermediates.noindex/ArchiveIntermediates/Settlers/BuildProductsPath/Release-iphoneos -Isystem /Applications/Xcode.app/Contents/Developer/Platforms/iPhoneOS.platform/Developer/usr/lib -F /Users/alex/Library/Developer/Xcode/DerivedData/Settlers-bqwdcayamsmaxsekctdqetlegmaf/Build/Intermediates.noindex/ArchiveIntermediates/Settlers/BuildProductsPath/Release-iphoneos/PackageFrameworks -F /Users/alex/Library/Developer/Xcode/DerivedData/Settlers-bqwdcayamsmaxsekctdqetlegmaf/Build/Intermediates.noindex/ArchiveIntermediates/Settlers/BuildProductsPath/Release-iphoneos -F /Applications/Xcode.app/Contents/Developer/Platforms/iPhoneOS.platform/Developer/Library/Frameworks -F /Applications/Xcode.app/Contents/Developer/Platforms/iPhoneOS.platform/Developer/SDKs/iPhoneOS26.5.sdk/Developer/Library/Frameworks -c -num-threads 18 -Xcc -ivfsstatcache -Xcc /Users/alex/Library/Developer/Xcode/DerivedData/SDKStatCaches.noindex/iphoneos26.5-23F73-32daed1954a7d5dd0789fcaf2a9bb78b.sdkstatcache -output-file-map /Users/alex/Library/Developer/Xcode/DerivedData/Settlers-bqwdcayamsmaxsekctdqetlegmaf/Build/Intermediates.noindex/ArchiveIntermediates/Settlers/IntermediateBuildFilesPath/CatanAI.build/Release-iphoneos/CatanAI.build/Objects-normal/arm64/CatanAI-OutputFileMap.json -use-frontend-parseable-output -save-temps -no-color-diagnostics -explicit-module-build -module-cache-path /Users/alex/Library/Developer/Xcode/DerivedData/Settlers-bqwdcayamsmaxsekctdqetlegmaf/Build/Intermediates.noindex/ArchiveIntermediates/Settlers/IntermediateBuildFilesPath/SwiftExplicitPrecompiledModules -clang-scanner-module-cache-path /Users/alex/Library/Developer/Xcode/DerivedData/ModuleCache.noindex -sdk-module-cache-path /Users/alex/Library/Developer/Xcode/DerivedData/ModuleCache.noindex -serialize-diagnostics -emit-dependencies -emit-module -emit-module-path /Users/alex/Library/Developer/Xcode/DerivedData/Settlers-bqwdcayamsmaxsekctdqetlegmaf/Build/Intermediates.noindex/ArchiveIntermediates/Settlers/IntermediateBuildFilesPath/CatanAI.build/Release-iphoneos/CatanAI.build/Objects-normal/arm64/CatanAI.swiftmodule -validate-clang-modules-once -clang-build-session-file /Users/alex/Library/Developer/Xcode/DerivedData/ModuleCache.noindex/Session.modulevalidation -package-name catanai -Xcc -I/Users/alex/Library/Developer/Xcode/DerivedData/Settlers-bqwdcayamsmaxsekctdqetlegmaf/Build/Intermediates.noindex/ArchiveIntermediates/Settlers/IntermediateBuildFilesPath/CatanAI.build/Release-iphoneos/CatanAI.build/swift-overrides.hmap -emit-const-values -Xfrontend -const-gather-protocols-file -Xfrontend /Users/alex/Library/Developer/Xcode/DerivedData/Settlers-bqwdcayamsmaxsekctdqetlegmaf/Build/Intermediates.noindex/ArchiveIntermediates/Settlers/IntermediateBuildFilesPath/CatanAI.build/Release-iphoneos/CatanAI.build/Objects-normal/arm64/CatanAI_const_extract_protocols.json -Xcc -I/Users/alex/Library/Developer/Xcode/DerivedData/Settlers-bqwdcayamsmaxsekctdqetlegmaf/Build/Intermediates.noindex/ArchiveIntermediates/Settlers/BuildProductsPath/Release-iphoneos/include -Xcc -I/Users/alex/Library/Developer/Xcode/DerivedData/Settlers-bqwdcayamsmaxsekctdqetlegmaf/Build/Intermediates.noindex/ArchiveIntermediates/Settlers/IntermediateBuildFilesPath/CatanAI.build/Release-iphoneos/CatanAI.build/DerivedSources-normal/arm64 -Xcc -I/Users/alex/Library/Developer/Xcode/DerivedData/Settlers-bqwdcayamsmaxsekctdqetlegmaf/Build/Intermediates.noindex/ArchiveIntermediates/Settlers/IntermediateBuildFilesPath/CatanAI.build/Release-iphoneos/CatanAI.build/DerivedSources/arm64 -Xcc -I/Users/alex/Library/Developer/Xcode/DerivedData/Settlers-bqwdcayamsmaxsekctdqetlegmaf/Build/Intermediates.noindex/ArchiveIntermediates/Settlers/IntermediateBuildFilesPath/CatanAI.build/Release-iphoneos/CatanAI.build/DerivedSources -Xcc -DSWIFT_PACKAGE -emit-objc-header -emit-objc-header-path /Users/alex/Library/Developer/Xcode/DerivedData/Settlers-bqwdcayamsmaxsekctdqetlegmaf/Build/Intermediates.noindex/ArchiveIntermediates/Settlers/IntermediateBuildFilesPath/CatanAI.build/Release-iphoneos/CatanAI.build/Objects-normal/arm64/CatanAI-Swift.h -working-directory /Users/alex/.codex/worktrees/naval-exploration/Settlers/Settlers.xcodeproj -no-emit-module-separately-wmo

ExtractAppIntentsMetadata (in target 'CatanEngine' from project 'CatanEngine')
    cd /Users/alex/.codex/worktrees/naval-exploration/Settlers/Packages/CatanEngine
    /Applications/Xcode.app/Contents/Developer/Toolchains/XcodeDefault.xctoolchain/usr/bin/appintentsmetadataprocessor --toolchain-dir /Applications/Xcode.app/Contents/Developer/Toolchains/XcodeDefault.xctoolchain --module-name CatanEngine --sdk-root /Applications/Xcode.app/Contents/Developer/Platforms/iPhoneOS.platform/Developer/SDKs/iPhoneOS26.5.sdk --xcode-version 17F42 --platform-family iOS --deployment-target 17.0 --bundle-identifier catanengine.CatanEngine --output /Users/alex/Library/Developer/Xcode/DerivedData/Settlers-bqwdcayamsmaxsekctdqetlegmaf/Build/Intermediates.noindex/ArchiveIntermediates/Settlers/IntermediateBuildFilesPath/UninstalledProducts/iphoneos/CatanEngine.appintents --target-triple arm64-apple-ios17.0 --binary-file /Users/alex/Library/Developer/Xcode/DerivedData/Settlers-bqwdcayamsmaxsekctdqetlegmaf/Build/Intermediates.noindex/ArchiveIntermediates/Settlers/IntermediateBuildFilesPath/UninstalledProducts/iphoneos/CatanEngine.o --dependency-file /Users/alex/Library/Developer/Xcode/DerivedData/Settlers-bqwdcayamsmaxsekctdqetlegmaf/Build/Intermediates.noindex/ArchiveIntermediates/Settlers/IntermediateBuildFilesPath/CatanEngine.build/Release-iphoneos/CatanEngine.build/Objects-normal/arm64/CatanEngine_dependency_info.dat --stringsdata-file /Users/alex/Library/Developer/Xcode/DerivedData/Settlers-bqwdcayamsmaxsekctdqetlegmaf/Build/Intermediates.noindex/ArchiveIntermediates/Settlers/IntermediateBuildFilesPath/CatanEngine.build/Release-iphoneos/CatanEngine.build/Objects-normal/arm64/ExtractedAppShortcutsMetadata.stringsdata --source-file-list /Users/alex/Library/Developer/Xcode/DerivedData/Settlers-bqwdcayamsmaxsekctdqetlegmaf/Build/Intermediates.noindex/ArchiveIntermediates/Settlers/IntermediateBuildFilesPath/CatanEngine.build/Release-iphoneos/CatanEngine.build/Objects-normal/arm64/CatanEngine.SwiftFileList --metadata-file-list /Users/alex/Library/Developer/Xcode/DerivedData/Settlers-bqwdcayamsmaxsekctdqetlegmaf/Build/Intermediates.noindex/ArchiveIntermediates/Settlers/IntermediateBuildFilesPath/CatanEngine.build/Release-iphoneos/CatanEngine.build/CatanEngine.DependencyMetadataFileList --static-metadata-file-list /Users/alex/Library/Developer/Xcode/DerivedData/Settlers-bqwdcayamsmaxsekctdqetlegmaf/Build/Intermediates.noindex/ArchiveIntermediates/Settlers/IntermediateBuildFilesPath/CatanEngine.build/Release-iphoneos/CatanEngine.build/CatanEngine.DependencyStaticMetadataFileList --swift-const-vals-list /Users/alex/Library/Developer/Xcode/DerivedData/Settlers-bqwdcayamsmaxsekctdqetlegmaf/Build/Intermediates.noindex/ArchiveIntermediates/Settlers/IntermediateBuildFilesPath/CatanEngine.build/Release-iphoneos/CatanEngine.build/Objects-normal/arm64/CatanEngine.SwiftConstValuesFileList --force --compile-time-extraction --deployment-aware-processing --validate-assistant-intents --no-app-shortcuts-localization
2026-10-06 20:27:46.990 appintentsmetadataprocessor[69757:1274105] Starting appintentsmetadataprocessor export
2026-10-06 20:27:47.004 appintentsmetadataprocessor[69757:1274105] Extracted no relevant App Intents symbols, skipping writing output

SwiftDriver\ Compilation CatanAI normal arm64 com.apple.xcode.tools.swift.compiler (in target 'CatanAI' from project 'CatanAI')
    cd /Users/alex/.codex/worktrees/naval-exploration/Settlers/Settlers.xcodeproj
    builtin-Swift-Compilation -- /Applications/Xcode.app/Contents/Developer/Toolchains/XcodeDefault.xctoolchain/usr/bin/swiftc -module-name CatanAI -O -whole-module-optimization @/Users/alex/Library/Developer/Xcode/DerivedData/Settlers-bqwdcayamsmaxsekctdqetlegmaf/Build/Intermediates.noindex/ArchiveIntermediates/Settlers/IntermediateBuildFilesPath/CatanAI.build/Release-iphoneos/CatanAI.build/Objects-normal/arm64/CatanAI.SwiftFileList -DSWIFT_PACKAGE -DSWIFT_MODULE_RESOURCE_BUNDLE_UNAVAILABLE -DXcode -driver-batch-count 2 -plugin-path /Applications/Xcode.app/Contents/Developer/Toolchains/XcodeDefault.xctoolchain/usr/lib/swift/host/plugins/testing -enable-experimental-feature DebugDescriptionMacro -sdk /Applications/Xcode.app/Contents/Developer/Platforms/iPhoneOS.platform/Developer/SDKs/iPhoneOS26.5.sdk -target arm64-apple-ios17.0 -g -module-cache-path /Users/alex/Library/Developer/Xcode/DerivedData/ModuleCache.noindex -Xfrontend -serialize-debugging-options -swift-version 6 -I /Users/alex/Library/Developer/Xcode/DerivedData/Settlers-bqwdcayamsmaxsekctdqetlegmaf/Build/Intermediates.noindex/ArchiveIntermediates/Settlers/BuildProductsPath/Release-iphoneos -Isystem /Applications/Xcode.app/Contents/Developer/Platforms/iPhoneOS.platform/Developer/usr/lib -F /Users/alex/Library/Developer/Xcode/DerivedData/Settlers-bqwdcayamsmaxsekctdqetlegmaf/Build/Intermediates.noindex/ArchiveIntermediates/Settlers/BuildProductsPath/Release-iphoneos/PackageFrameworks -F /Users/alex/Library/Developer/Xcode/DerivedData/Settlers-bqwdcayamsmaxsekctdqetlegmaf/Build/Intermediates.noindex/ArchiveIntermediates/Settlers/BuildProductsPath/Release-iphoneos -F /Applications/Xcode.app/Contents/Developer/Platforms/iPhoneOS.platform/Developer/Library/Frameworks -F /Applications/Xcode.app/Contents/Developer/Platforms/iPhoneOS.platform/Developer/SDKs/iPhoneOS26.5.sdk/Developer/Library/Frameworks -c -num-threads 18 -Xcc -ivfsstatcache -Xcc /Users/alex/Library/Developer/Xcode/DerivedData/SDKStatCaches.noindex/iphoneos26.5-23F73-32daed1954a7d5dd0789fcaf2a9bb78b.sdkstatcache -output-file-map /Users/alex/Library/Developer/Xcode/DerivedData/Settlers-bqwdcayamsmaxsekctdqetlegmaf/Build/Intermediates.noindex/ArchiveIntermediates/Settlers/IntermediateBuildFilesPath/CatanAI.build/Release-iphoneos/CatanAI.build/Objects-normal/arm64/CatanAI-OutputFileMap.json -use-frontend-parseable-output -save-temps -no-color-diagnostics -explicit-module-build -module-cache-path /Users/alex/Library/Developer/Xcode/DerivedData/Settlers-bqwdcayamsmaxsekctdqetlegmaf/Build/Intermediates.noindex/ArchiveIntermediates/Settlers/IntermediateBuildFilesPath/SwiftExplicitPrecompiledModules -clang-scanner-module-cache-path /Users/alex/Library/Developer/Xcode/DerivedData/ModuleCache.noindex -sdk-module-cache-path /Users/alex/Library/Developer/Xcode/DerivedData/ModuleCache.noindex -serialize-diagnostics -emit-dependencies -emit-module -emit-module-path /Users/alex/Library/Developer/Xcode/DerivedData/Settlers-bqwdcayamsmaxsekctdqetlegmaf/Build/Intermediates.noindex/ArchiveIntermediates/Settlers/IntermediateBuildFilesPath/CatanAI.build/Release-iphoneos/CatanAI.build/Objects-normal/arm64/CatanAI.swiftmodule -validate-clang-modules-once -clang-build-session-file /Users/alex/Library/Developer/Xcode/DerivedData/ModuleCache.noindex/Session.modulevalidation -package-name catanai -Xcc -I/Users/alex/Library/Developer/Xcode/DerivedData/Settlers-bqwdcayamsmaxsekctdqetlegmaf/Build/Intermediates.noindex/ArchiveIntermediates/Settlers/IntermediateBuildFilesPath/CatanAI.build/Release-iphoneos/CatanAI.build/swift-overrides.hmap -emit-const-values -Xfrontend -const-gather-protocols-file -Xfrontend /Users/alex/Library/Developer/Xcode/DerivedData/Settlers-bqwdcayamsmaxsekctdqetlegmaf/Build/Intermediates.noindex/ArchiveIntermediates/Settlers/IntermediateBuildFilesPath/CatanAI.build/Release-iphoneos/CatanAI.build/Objects-normal/arm64/CatanAI_const_extract_protocols.json -Xcc -I/Users/alex/Library/Developer/Xcode/DerivedData/Settlers-bqwdcayamsmaxsekctdqetlegmaf/Build/Intermediates.noindex/ArchiveIntermediates/Settlers/BuildProductsPath/Release-iphoneos/include -Xcc -I/Users/alex/Library/Developer/Xcode/DerivedData/Settlers-bqwdcayamsmaxsekctdqetlegmaf/Build/Intermediates.noindex/ArchiveIntermediates/Settlers/IntermediateBuildFilesPath/CatanAI.build/Release-iphoneos/CatanAI.build/DerivedSources-normal/arm64 -Xcc -I/Users/alex/Library/Developer/Xcode/DerivedData/Settlers-bqwdcayamsmaxsekctdqetlegmaf/Build/Intermediates.noindex/ArchiveIntermediates/Settlers/IntermediateBuildFilesPath/CatanAI.build/Release-iphoneos/CatanAI.build/DerivedSources/arm64 -Xcc -I/Users/alex/Library/Developer/Xcode/DerivedData/Settlers-bqwdcayamsmaxsekctdqetlegmaf/Build/Intermediates.noindex/ArchiveIntermediates/Settlers/IntermediateBuildFilesPath/CatanAI.build/Release-iphoneos/CatanAI.build/DerivedSources -Xcc -DSWIFT_PACKAGE -emit-objc-header -emit-objc-header-path /Users/alex/Library/Developer/Xcode/DerivedData/Settlers-bqwdcayamsmaxsekctdqetlegmaf/Build/Intermediates.noindex/ArchiveIntermediates/Settlers/IntermediateBuildFilesPath/CatanAI.build/Release-iphoneos/CatanAI.build/Objects-normal/arm64/CatanAI-Swift.h -working-directory /Users/alex/.codex/worktrees/naval-exploration/Settlers/Settlers.xcodeproj -no-emit-module-separately-wmo

SwiftCompile normal arm64 Compiling\ Bot.swift,\ BotPersonality.swift,\ BotWeights.swift,\ BuildPlanner.swift,\ CatanAI.swift,\ ConquestHeuristics.swift,\ DevCardHeuristics.swift,\ BoardIndex.swift,\ EvaluationPolicy.swift,\ EvaluationProjections.swift,\ EvaluationWeights.swift,\ ExpertRevision.swift,\ HandDiscipline.swift,\ PointCompletingCards.swift,\ PositionEvaluator.swift,\ TradeCascade.swift,\ TradeValuation.swift,\ CandidateScoring.swift,\ DecisionExtractor.swift,\ DecisionRecord.swift,\ GhostPolicy.swift,\ GhostProfile.swift,\ PersonFitter.swift,\ PersonModel.swift,\ SeatStats.swift,\ StyleFeatures.swift,\ GreedyPolicy.swift,\ HeuristicPolicy.swift,\ JointTradeResponsePolicy.swift,\ NavalCards.swift,\ NavalDecisionContext.swift,\ NavalEconomy.swift,\ NavalLandControl.swift,\ NavalNavigation.swift,\ NavalNavigationDiagnostics.swift,\ NavalPolicy.swift,\ NavalTrading.swift,\ PlacementHeuristics.swift,\ PlannerTradeEvaluator.swift,\ ProductionModel.swift,\ PlanningContext.swift,\ PolicyBehaviorMetrics.swift,\ RobberHeuristics.swift,\ ThreatAssessment.swift,\ TradeAssessment.swift,\ TradeHeuristics.swift,\ TradeMessages.swift,\ TradeRefusingPolicy.swift,\ TradeReviewContext.swift /Users/alex/.codex/worktrees/naval-exploration/Settlers/Packages/CatanAI/Sources/CatanAI/Bot.swift /Users/alex/.codex/worktrees/naval-exploration/Settlers/Packages/CatanAI/Sources/CatanAI/BotPersonality.swift /Users/alex/.codex/worktrees/naval-exploration/Settlers/Packages/CatanAI/Sources/CatanAI/BotWeights.swift /Users/alex/.codex/worktrees/naval-exploration/Settlers/Packages/CatanAI/Sources/CatanAI/BuildPlanner.swift /Users/alex/.codex/worktrees/naval-exploration/Settlers/Packages/CatanAI/Sources/CatanAI/CatanAI.swift /Users/alex/.codex/worktrees/naval-exploration/Settlers/Packages/CatanAI/Sources/CatanAI/ConquestHeuristics.swift /Users/alex/.codex/worktrees/naval-exploration/Settlers/Packages/CatanAI/Sources/CatanAI/DevCardHeuristics.swift /Users/alex/.codex/worktrees/naval-exploration/Settlers/Packages/CatanAI/Sources/CatanAI/Evaluation/BoardIndex.swift /Users/alex/.codex/worktrees/naval-exploration/Settlers/Packages/CatanAI/Sources/CatanAI/Evaluation/EvaluationPolicy.swift /Users/alex/.codex/worktrees/naval-exploration/Settlers/Packages/CatanAI/Sources/CatanAI/Evaluation/EvaluationProjections.swift /Users/alex/.codex/worktrees/naval-exploration/Settlers/Packages/CatanAI/Sources/CatanAI/Evaluation/EvaluationWeights.swift /Users/alex/.codex/worktrees/naval-exploration/Settlers/Packages/CatanAI/Sources/CatanAI/Evaluation/ExpertRevision.swift /Users/alex/.codex/worktrees/naval-exploration/Settlers/Packages/CatanAI/Sources/CatanAI/Evaluation/HandDiscipline.swift /Users/alex/.codex/worktrees/naval-exploration/Settlers/Packages/CatanAI/Sources/CatanAI/Evaluation/PointCompletingCards.swift /Users/alex/.codex/worktrees/naval-exploration/Settlers/Packages/CatanAI/Sources/CatanAI/Evaluation/PositionEvaluator.swift /Users/alex/.codex/worktrees/naval-exploration/Settlers/Packages/CatanAI/Sources/CatanAI/Evaluation/TradeCascade.swift /Users/alex/.codex/worktrees/naval-exploration/Settlers/Packages/CatanAI/Sources/CatanAI/Evaluation/TradeValuation.swift /Users/alex/.codex/worktrees/naval-exploration/Settlers/Packages/CatanAI/Sources/CatanAI/Ghost/CandidateScoring.swift /Users/alex/.codex/worktrees/naval-exploration/Settlers/Packages/CatanAI/Sources/CatanAI/Ghost/DecisionExtractor.swift /Users/alex/.codex/worktrees/naval-exploration/Settlers/Packages/CatanAI/Sources/CatanAI/Ghost/DecisionRecord.swift /Users/alex/.codex/worktrees/naval-exploration/Settlers/Packages/CatanAI/Sources/CatanAI/Ghost/GhostPolicy.swift /Users/alex/.codex/worktrees/naval-exploration/Settlers/Packages/CatanAI/Sources/CatanAI/Ghost/GhostProfile.swift /Users/alex/.codex/worktrees/naval-exploration/Settlers/Packages/CatanAI/Sources/CatanAI/Ghost/PersonFitter.swift /Users/alex/.codex/worktrees/naval-exploration/Settlers/Packages/CatanAI/Sources/CatanAI/Ghost/PersonModel.swift /Users/alex/.codex/worktrees/naval-exploration/Settlers/Packages/CatanAI/Sources/CatanAI/Ghost/SeatStats.swift /Users/alex/.codex/worktrees/naval-exploration/Settlers/Packages/CatanAI/Sources/CatanAI/Ghost/StyleFeatures.swift /Users/alex/.codex/worktrees/naval-exploration/Settlers/Packages/CatanAI/Sources/CatanAI/GreedyPolicy.swift /Users/alex/.codex/worktrees/naval-exploration/Settlers/Packages/CatanAI/Sources/CatanAI/HeuristicPolicy.swift /Users/alex/.codex/worktrees/naval-exploration/Settlers/Packages/CatanAI/Sources/CatanAI/JointTradeResponsePolicy.swift /Users/alex/.codex/worktrees/naval-exploration/Settlers/Packages/CatanAI/Sources/CatanAI/Naval/NavalCards.swift /Users/alex/.codex/worktrees/naval-exploration/Settlers/Packages/CatanAI/Sources/CatanAI/Naval/NavalDecisionContext.swift /Users/alex/.codex/worktrees/naval-exploration/Settlers/Packages/CatanAI/Sources/CatanAI/Naval/NavalEconomy.swift /Users/alex/.codex/worktrees/naval-exploration/Settlers/Packages/CatanAI/Sources/CatanAI/Naval/NavalLandControl.swift /Users/alex/.codex/worktrees/naval-exploration/Settlers/Packages/CatanAI/Sources/CatanAI/Naval/NavalNavigation.swift /Users/alex/.codex/worktrees/naval-exploration/Settlers/Packages/CatanAI/Sources/CatanAI/Naval/NavalNavigationDiagnostics.swift /Users/alex/.codex/worktrees/naval-exploration/Settlers/Packages/CatanAI/Sources/CatanAI/Naval/NavalPolicy.swift /Users/alex/.codex/worktrees/naval-exploration/Settlers/Packages/CatanAI/Sources/CatanAI/Naval/NavalTrading.swift /Users/alex/.codex/worktrees/naval-exploration/Settlers/Packages/CatanAI/Sources/CatanAI/PlacementHeuristics.swift /Users/alex/.codex/worktrees/naval-exploration/Settlers/Packages/CatanAI/Sources/CatanAI/Planner/PlannerTradeEvaluator.swift /Users/alex/.codex/worktrees/naval-exploration/Settlers/Packages/CatanAI/Sources/CatanAI/Planner/ProductionModel.swift /Users/alex/.codex/worktrees/naval-exploration/Settlers/Packages/CatanAI/Sources/CatanAI/PlanningContext.swift /Users/alex/.codex/worktrees/naval-exploration/Settlers/Packages/CatanAI/Sources/CatanAI/PolicyBehaviorMetrics.swift /Users/alex/.codex/worktrees/naval-exploration/Settlers/Packages/CatanAI/Sources/CatanAI/RobberHeuristics.swift /Users/alex/.codex/worktrees/naval-exploration/Settlers/Packages/CatanAI/Sources/CatanAI/ThreatAssessment.swift /Users/alex/.codex/worktrees/naval-exploration/Settlers/Packages/CatanAI/Sources/CatanAI/TradeAssessment.swift /Users/alex/.codex/worktrees/naval-exploration/Settlers/Packages/CatanAI/Sources/CatanAI/TradeHeuristics.swift /Users/alex/.codex/worktrees/naval-exploration/Settlers/Packages/CatanAI/Sources/CatanAI/TradeMessages.swift /Users/alex/.codex/worktrees/naval-exploration/Settlers/Packages/CatanAI/Sources/CatanAI/TradeRefusingPolicy.swift /Users/alex/.codex/worktrees/naval-exploration/Settlers/Packages/CatanAI/Sources/CatanAI/TradeReviewContext.swift /Applications/Xcode.app/Contents/Developer/Toolchains/XcodeDefault.xctoolchain/usr/lib/swift/iphoneos/prebuilt-modules/26.5/Foundation.swiftmodule/arm64e-apple-ios.swiftmodule /Applications/Xcode.app/Contents/Developer/Toolchains/XcodeDefault.xctoolchain/usr/lib/swift/iphoneos/prebuilt-modules/26.5/Swift.swiftmodule/arm64e-apple-ios.swiftmodule /Applications/Xcode.app/Contents/Developer/Toolchains/XcodeDefault.xctoolchain/usr/lib/swift/iphoneos/prebuilt-modules/26.5/CoreFoundation.swiftmodule/arm64e-apple-ios.swiftmodule /Applications/Xcode.app/Contents/Developer/Toolchains/XcodeDefault.xctoolchain/usr/lib/swift/iphoneos/prebuilt-modules/26.5/_Builtin_float.swiftmodule/arm64e-apple-ios.swiftmodule /Applications/Xcode.app/Contents/Developer/Toolchains/XcodeDefault.xctoolchain/usr/lib/swift/iphoneos/prebuilt-modules/26.5/_StringProcessing.swiftmodule/arm64e-apple-ios.swiftmodule /Applications/Xcode.app/Contents/Developer/Toolchains/XcodeDefault.xctoolchain/usr/lib/swift/iphoneos/prebuilt-modules/26.5/System.swiftmodule/arm64e-apple-ios.swiftmodule /Applications/Xcode.app/Contents/Developer/Toolchains/XcodeDefault.xctoolchain/usr/lib/swift/iphoneos/prebuilt-modules/26.5/Combine.swiftmodule/arm64e-apple-ios.swiftmodule /Applications/Xcode.app/Contents/Developer/Toolchains/XcodeDefault.xctoolchain/usr/lib/swift/iphoneos/prebuilt-modules/26.5/_DarwinFoundation3.swiftmodule/arm64e-apple-ios.swiftmodule /Applications/Xcode.app/Contents/Developer/Toolchains/XcodeDefault.xctoolchain/usr/lib/swift/iphoneos/prebuilt-modules/26.5/Observation.swiftmodule/arm64e-apple-ios.swiftmodule /Applications/Xcode.app/Contents/Developer/Toolchains/XcodeDefault.xctoolchain/usr/lib/swift/iphoneos/prebuilt-modules/26.5/_DarwinFoundation2.swiftmodule/arm64e-apple-ios.swiftmodule /Applications/Xcode.app/Contents/Developer/Toolchains/XcodeDefault.xctoolchain/usr/lib/swift/iphoneos/prebuilt-modules/26.5/ObjectiveC.swiftmodule/arm64e-apple-ios.swiftmodule /Applications/Xcode.app/Contents/Developer/Toolchains/XcodeDefault.xctoolchain/usr/lib/swift/iphoneos/prebuilt-modules/26.5/_DarwinFoundation1.swiftmodule/arm64e-apple-ios.swiftmodule /Users/alex/Library/Developer/Xcode/DerivedData/Settlers-bqwdcayamsmaxsekctdqetlegmaf/Build/Intermediates.noindex/ArchiveIntermediates/Settlers/BuildProductsPath/Release-iphoneos/CatanEngine.swiftmodule/arm64-apple-ios.swiftmodule /Applications/Xcode.app/Contents/Developer/Toolchains/XcodeDefault.xctoolchain/usr/lib/swift/iphoneos/prebuilt-modules/26.5/_Concurrency.swiftmodule/arm64e-apple-ios.swiftmodule /Applications/Xcode.app/Contents/Developer/Toolchains/XcodeDefault.xctoolchain/usr/lib/swift/iphoneos/prebuilt-modules/26.5/Dispatch.swiftmodule/arm64e-apple-ios.swiftmodule /Applications/Xcode.app/Contents/Developer/Toolchains/XcodeDefault.xctoolchain/usr/lib/swift/iphoneos/prebuilt-modules/26.5/XPC.swiftmodule/arm64e-apple-ios.swiftmodule /Applications/Xcode.app/Contents/Developer/Toolchains/XcodeDefault.xctoolchain/usr/lib/swift/iphoneos/prebuilt-modules/26.5/Darwin.swiftmodule/arm64e-apple-ios.swiftmodule /Users/alex/Library/Developer/Xcode/DerivedData/ModuleCache.noindex/CoreFoundation-2EEGTJF9ORQ3GW9W8LLMU8D7.pcm /Users/alex/Library/Developer/Xcode/DerivedData/ModuleCache.noindex/Security-43O0ZA7N1KNRVJNSWG2LXZ0UZ.pcm /Users/alex/Library/Developer/Xcode/DerivedData/ModuleCache.noindex/ptrcheck-5Y2TF1CDVR3BG0F6Z6C4ZD5IS.pcm /Users/alex/Library/Developer/Xcode/DerivedData/ModuleCache.noindex/SwiftShims-A9D2X1ONR2E3MC2G54D39LFR5.pcm /Users/alex/Library/Developer/Xcode/DerivedData/ModuleCache.noindex/_Builtin_stdarg-8W03JF8Q1OULDFBGIWEHFZRNI.pcm /Users/alex/Library/Developer/Xcode/DerivedData/ModuleCache.noindex/_Builtin_stddef-7J1AQE70EWZE2R3JWSFVT5U9T.pcm /Users/alex/Library/Developer/Xcode/DerivedData/ModuleCache.noindex/os_workgroup-8PTVLYKHGEV2PRUS0C8GESXK.pcm /Users/alex/Library/Developer/Xcode/DerivedData/ModuleCache.noindex/_Builtin_stdbool-3620JRL0T00CU380G0SKCGQ31.pcm /Users/alex/Library/Developer/Xcode/DerivedData/ModuleCache.noindex/CFNetwork-BC299ZWYT862MWTMARZTYLWOX.pcm /Users/alex/Library/Developer/Xcode/DerivedData/ModuleCache.noindex/_AvailabilityInternal-EBF4AKK16QIDG5C1NEFTNNG4N.pcm /Users/alex/Library/Developer/Xcode/DerivedData/ModuleCache.noindex/Foundation-57TGAXXV0G7YHYWMYMJYSOUHK.pcm /Users/alex/Library/Developer/Xcode/DerivedData/ModuleCache.noindex/_DarwinFoundation3-DANZRK41T4EC5WUM9P2WN6OJ8.pcm /Users/alex/Library/Developer/Xcode/DerivedData/ModuleCache.noindex/_DarwinFoundation1-1T8VUFA86DC0FV49QQRPMSZS9.pcm /Users/alex/Library/Developer/Xcode/DerivedData/ModuleCache.noindex/ptrauth-9G5DX5Y33BDXNCTIRDGIH390C.pcm /Users/alex/Library/Developer/Xcode/DerivedData/ModuleCache.noindex/XPC-52JRWMFJOUK2F8UPYBUDAP03Y.pcm /Users/alex/Library/Developer/Xcode/DerivedData/ModuleCache.noindex/_DarwinFoundation2-4ZZOB507NEW9V8Q4JANO49US4.pcm /Users/alex/Library/Developer/Xcode/DerivedData/ModuleCache.noindex/os_object-PD9OG205J829J11T39FKZGDC.pcm /Users/alex/Library/Developer/Xcode/DerivedData/ModuleCache.noindex/ObjectiveC-99NEWZ9M6TLC9D9BROPH9LI7J.pcm /Users/alex/Library/Developer/Xcode/DerivedData/ModuleCache.noindex/_Builtin_inttypes-4S8ZKG280EQCESB3M853777F9.pcm /Users/alex/Library/Developer/Xcode/DerivedData/ModuleCache.noindex/_Builtin_limits-5LC0UGN2DO6NSMV2TORDKOVSI.pcm /Users/alex/Library/Developer/Xcode/DerivedData/ModuleCache.noindex/Darwin-F2PVQO7J9CYWNT5N4EQ6DVFOU.pcm /Users/alex/Library/Developer/Xcode/DerivedData/ModuleCache.noindex/sys_types-DKF50MEK8GG75DYGDJOXQN383.pcm /Users/alex/Library/Developer/Xcode/DerivedData/ModuleCache.noindex/_SwiftConcurrencyShims-102RD4YNETX53V78GPJKZ7T90.pcm /Users/alex/Library/Developer/Xcode/DerivedData/ModuleCache.noindex/_Builtin_stdint-BDW8S8LJQ9QAIRQGQUYA6O80V.pcm /Users/alex/Library/Developer/Xcode/DerivedData/ModuleCache.noindex/_Builtin_float-9I3SJ54W1LJMAX93ZD8G1SX8D.pcm /Users/alex/Library/Developer/Xcode/DerivedData/ModuleCache.noindex/Dispatch-3RWO3U7VLKSP5JUSHOH2NCXC0.pcm /Users/alex/Library/Developer/Xcode/DerivedData/Settlers-bqwdcayamsmaxsekctdqetlegmaf/Build/Intermediates.noindex/ArchiveIntermediates/Settlers/IntermediateBuildFilesPath/CatanAI.build/Release-iphoneos/CatanAI.build/Objects-normal/arm64/CatanAI-dependencies-1.json (in target 'CatanAI' from project 'CatanAI')

CompileSwift normal arm64 (in target 'CatanAI' from project 'CatanAI')
    cd /Users/alex/.codex/worktrees/naval-exploration/Settlers/Settlers.xcodeproj
    

SetOwnerAndGroup alex:staff /Users/alex/Library/Developer/Xcode/DerivedData/Settlers-bqwdcayamsmaxsekctdqetlegmaf/Build/Intermediates.noindex/ArchiveIntermediates/Settlers/IntermediateBuildFilesPath/UninstalledProducts/iphoneos/CatanEngine.o (in target 'CatanEngine' from project 'CatanEngine')
    cd /Users/alex/.codex/worktrees/naval-exploration/Settlers/Packages/CatanEngine
    /usr/sbin/chown -RH alex:staff /Users/alex/Library/Developer/Xcode/DerivedData/Settlers-bqwdcayamsmaxsekctdqetlegmaf/Build/Intermediates.noindex/ArchiveIntermediates/Settlers/IntermediateBuildFilesPath/UninstalledProducts/iphoneos/CatanEngine.o

SetMode u+w,go-w,a+rX /Users/alex/Library/Developer/Xcode/DerivedData/Settlers-bqwdcayamsmaxsekctdqetlegmaf/Build/Intermediates.noindex/ArchiveIntermediates/Settlers/IntermediateBuildFilesPath/UninstalledProducts/iphoneos/CatanEngine.o (in target 'CatanEngine' from project 'CatanEngine')
    cd /Users/alex/.codex/worktrees/naval-exploration/Settlers/Packages/CatanEngine
    /bin/chmod -RH u+w,go-w,a+rX /Users/alex/Library/Developer/Xcode/DerivedData/Settlers-bqwdcayamsmaxsekctdqetlegmaf/Build/Intermediates.noindex/ArchiveIntermediates/Settlers/IntermediateBuildFilesPath/UninstalledProducts/iphoneos/CatanEngine.o

RegisterExecutionPolicyException /Users/alex/Library/Developer/Xcode/DerivedData/Settlers-bqwdcayamsmaxsekctdqetlegmaf/Build/Intermediates.noindex/ArchiveIntermediates/Settlers/IntermediateBuildFilesPath/UninstalledProducts/iphoneos/CatanEngine.o (in target 'CatanEngine' from project 'CatanEngine')
    cd /Users/alex/.codex/worktrees/naval-exploration/Settlers/Packages/CatanEngine
    builtin-RegisterExecutionPolicyException /Users/alex/Library/Developer/Xcode/DerivedData/Settlers-bqwdcayamsmaxsekctdqetlegmaf/Build/Intermediates.noindex/ArchiveIntermediates/Settlers/IntermediateBuildFilesPath/UninstalledProducts/iphoneos/CatanEngine.o

SwiftDriverJobDiscovery normal arm64 Compiling Bot.swift, BotPersonality.swift, BotWeights.swift, BuildPlanner.swift, CatanAI.swift, ConquestHeuristics.swift, DevCardHeuristics.swift, BoardIndex.swift, EvaluationPolicy.swift, EvaluationProjections.swift, EvaluationWeights.swift, ExpertRevision.swift, HandDiscipline.swift, PointCompletingCards.swift, PositionEvaluator.swift, TradeCascade.swift, TradeValuation.swift, CandidateScoring.swift, DecisionExtractor.swift, DecisionRecord.swift, GhostPolicy.swift, GhostProfile.swift, PersonFitter.swift, PersonModel.swift, SeatStats.swift, StyleFeatures.swift, GreedyPolicy.swift, HeuristicPolicy.swift, JointTradeResponsePolicy.swift, NavalCards.swift, NavalDecisionContext.swift, NavalEconomy.swift, NavalLandControl.swift, NavalNavigation.swift, NavalNavigationDiagnostics.swift, NavalPolicy.swift, NavalTrading.swift, PlacementHeuristics.swift, PlannerTradeEvaluator.swift, ProductionModel.swift, PlanningContext.swift, PolicyBehaviorMetrics.swift, RobberHeuristics.swift, ThreatAssessment.swift, TradeAssessment.swift, TradeHeuristics.swift, TradeMessages.swift, TradeRefusingPolicy.swift, TradeReviewContext.swift (in target 'CatanAI' from project 'CatanAI')

SwiftDriver\ Compilation\ Requirements CatanAI normal arm64 com.apple.xcode.tools.swift.compiler (in target 'CatanAI' from project 'CatanAI')
    cd /Users/alex/.codex/worktrees/naval-exploration/Settlers/Settlers.xcodeproj
    builtin-Swift-Compilation-Requirements -- /Applications/Xcode.app/Contents/Developer/Toolchains/XcodeDefault.xctoolchain/usr/bin/swiftc -module-name CatanAI -O -whole-module-optimization @/Users/alex/Library/Developer/Xcode/DerivedData/Settlers-bqwdcayamsmaxsekctdqetlegmaf/Build/Intermediates.noindex/ArchiveIntermediates/Settlers/IntermediateBuildFilesPath/CatanAI.build/Release-iphoneos/CatanAI.build/Objects-normal/arm64/CatanAI.SwiftFileList -DSWIFT_PACKAGE -DSWIFT_MODULE_RESOURCE_BUNDLE_UNAVAILABLE -DXcode -driver-batch-count 2 -plugin-path /Applications/Xcode.app/Contents/Developer/Toolchains/XcodeDefault.xctoolchain/usr/lib/swift/host/plugins/testing -enable-experimental-feature DebugDescriptionMacro -sdk /Applications/Xcode.app/Contents/Developer/Platforms/iPhoneOS.platform/Developer/SDKs/iPhoneOS26.5.sdk -target arm64-apple-ios17.0 -g -module-cache-path /Users/alex/Library/Developer/Xcode/DerivedData/ModuleCache.noindex -Xfrontend -serialize-debugging-options -swift-version 6 -I /Users/alex/Library/Developer/Xcode/DerivedData/Settlers-bqwdcayamsmaxsekctdqetlegmaf/Build/Intermediates.noindex/ArchiveIntermediates/Settlers/BuildProductsPath/Release-iphoneos -Isystem /Applications/Xcode.app/Contents/Developer/Platforms/iPhoneOS.platform/Developer/usr/lib -F /Users/alex/Library/Developer/Xcode/DerivedData/Settlers-bqwdcayamsmaxsekctdqetlegmaf/Build/Intermediates.noindex/ArchiveIntermediates/Settlers/BuildProductsPath/Release-iphoneos/PackageFrameworks -F /Users/alex/Library/Developer/Xcode/DerivedData/Settlers-bqwdcayamsmaxsekctdqetlegmaf/Build/Intermediates.noindex/ArchiveIntermediates/Settlers/BuildProductsPath/Release-iphoneos -F /Applications/Xcode.app/Contents/Developer/Platforms/iPhoneOS.platform/Developer/Library/Frameworks -F /Applications/Xcode.app/Contents/Developer/Platforms/iPhoneOS.platform/Developer/SDKs/iPhoneOS26.5.sdk/Developer/Library/Frameworks -c -num-threads 18 -Xcc -ivfsstatcache -Xcc /Users/alex/Library/Developer/Xcode/DerivedData/SDKStatCaches.noindex/iphoneos26.5-23F73-32daed1954a7d5dd0789fcaf2a9bb78b.sdkstatcache -output-file-map /Users/alex/Library/Developer/Xcode/DerivedData/Settlers-bqwdcayamsmaxsekctdqetlegmaf/Build/Intermediates.noindex/ArchiveIntermediates/Settlers/IntermediateBuildFilesPath/CatanAI.build/Release-iphoneos/CatanAI.build/Objects-normal/arm64/CatanAI-OutputFileMap.json -use-frontend-parseable-output -save-temps -no-color-diagnostics -explicit-module-build -module-cache-path /Users/alex/Library/Developer/Xcode/DerivedData/Settlers-bqwdcayamsmaxsekctdqetlegmaf/Build/Intermediates.noindex/ArchiveIntermediates/Settlers/IntermediateBuildFilesPath/SwiftExplicitPrecompiledModules -clang-scanner-module-cache-path /Users/alex/Library/Developer/Xcode/DerivedData/ModuleCache.noindex -sdk-module-cache-path /Users/alex/Library/Developer/Xcode/DerivedData/ModuleCache.noindex -serialize-diagnostics -emit-dependencies -emit-module -emit-module-path /Users/alex/Library/Developer/Xcode/DerivedData/Settlers-bqwdcayamsmaxsekctdqetlegmaf/Build/Intermediates.noindex/ArchiveIntermediates/Settlers/IntermediateBuildFilesPath/CatanAI.build/Release-iphoneos/CatanAI.build/Objects-normal/arm64/CatanAI.swiftmodule -validate-clang-modules-once -clang-build-session-file /Users/alex/Library/Developer/Xcode/DerivedData/ModuleCache.noindex/Session.modulevalidation -package-name catanai -Xcc -I/Users/alex/Library/Developer/Xcode/DerivedData/Settlers-bqwdcayamsmaxsekctdqetlegmaf/Build/Intermediates.noindex/ArchiveIntermediates/Settlers/IntermediateBuildFilesPath/CatanAI.build/Release-iphoneos/CatanAI.build/swift-overrides.hmap -emit-const-values -Xfrontend -const-gather-protocols-file -Xfrontend /Users/alex/Library/Developer/Xcode/DerivedData/Settlers-bqwdcayamsmaxsekctdqetlegmaf/Build/Intermediates.noindex/ArchiveIntermediates/Settlers/IntermediateBuildFilesPath/CatanAI.build/Release-iphoneos/CatanAI.build/Objects-normal/arm64/CatanAI_const_extract_protocols.json -Xcc -I/Users/alex/Library/Developer/Xcode/DerivedData/Settlers-bqwdcayamsmaxsekctdqetlegmaf/Build/Intermediates.noindex/ArchiveIntermediates/Settlers/BuildProductsPath/Release-iphoneos/include -Xcc -I/Users/alex/Library/Developer/Xcode/DerivedData/Settlers-bqwdcayamsmaxsekctdqetlegmaf/Build/Intermediates.noindex/ArchiveIntermediates/Settlers/IntermediateBuildFilesPath/CatanAI.build/Release-iphoneos/CatanAI.build/DerivedSources-normal/arm64 -Xcc -I/Users/alex/Library/Developer/Xcode/DerivedData/Settlers-bqwdcayamsmaxsekctdqetlegmaf/Build/Intermediates.noindex/ArchiveIntermediates/Settlers/IntermediateBuildFilesPath/CatanAI.build/Release-iphoneos/CatanAI.build/DerivedSources/arm64 -Xcc -I/Users/alex/Library/Developer/Xcode/DerivedData/Settlers-bqwdcayamsmaxsekctdqetlegmaf/Build/Intermediates.noindex/ArchiveIntermediates/Settlers/IntermediateBuildFilesPath/CatanAI.build/Release-iphoneos/CatanAI.build/DerivedSources -Xcc -DSWIFT_PACKAGE -emit-objc-header -emit-objc-header-path /Users/alex/Library/Developer/Xcode/DerivedData/Settlers-bqwdcayamsmaxsekctdqetlegmaf/Build/Intermediates.noindex/ArchiveIntermediates/Settlers/IntermediateBuildFilesPath/CatanAI.build/Release-iphoneos/CatanAI.build/Objects-normal/arm64/CatanAI-Swift.h -working-directory /Users/alex/.codex/worktrees/naval-exploration/Settlers/Settlers.xcodeproj -no-emit-module-separately-wmo

SwiftMergeGeneratedHeaders /Users/alex/Library/Developer/Xcode/DerivedData/Settlers-bqwdcayamsmaxsekctdqetlegmaf/Build/Intermediates.noindex/ArchiveIntermediates/Settlers/IntermediateBuildFilesPath/GeneratedModuleMaps-iphoneos/CatanAI-Swift.h /Users/alex/Library/Developer/Xcode/DerivedData/Settlers-bqwdcayamsmaxsekctdqetlegmaf/Build/Intermediates.noindex/ArchiveIntermediates/Settlers/IntermediateBuildFilesPath/CatanAI.build/Release-iphoneos/CatanAI.build/Objects-normal/arm64/CatanAI-Swift.h (in target 'CatanAI' from project 'CatanAI')
    cd /Users/alex/.codex/worktrees/naval-exploration/Settlers/Packages/CatanAI
    builtin-swiftHeaderTool -arch arm64 /Users/alex/Library/Developer/Xcode/DerivedData/Settlers-bqwdcayamsmaxsekctdqetlegmaf/Build/Intermediates.noindex/ArchiveIntermediates/Settlers/IntermediateBuildFilesPath/CatanAI.build/Release-iphoneos/CatanAI.build/Objects-normal/arm64/CatanAI-Swift.h -o /Users/alex/Library/Developer/Xcode/DerivedData/Settlers-bqwdcayamsmaxsekctdqetlegmaf/Build/Intermediates.noindex/ArchiveIntermediates/Settlers/IntermediateBuildFilesPath/GeneratedModuleMaps-iphoneos/CatanAI-Swift.h

Copy /Users/alex/Library/Developer/Xcode/DerivedData/Settlers-bqwdcayamsmaxsekctdqetlegmaf/Build/Intermediates.noindex/ArchiveIntermediates/Settlers/BuildProductsPath/Release-iphoneos/CatanAI.swiftmodule/arm64-apple-ios.swiftmodule /Users/alex/Library/Developer/Xcode/DerivedData/Settlers-bqwdcayamsmaxsekctdqetlegmaf/Build/Intermediates.noindex/ArchiveIntermediates/Settlers/IntermediateBuildFilesPath/CatanAI.build/Release-iphoneos/CatanAI.build/Objects-normal/arm64/CatanAI.swiftmodule (in target 'CatanAI' from project 'CatanAI')
    cd /Users/alex/.codex/worktrees/naval-exploration/Settlers/Packages/CatanAI
    builtin-copy -exclude .DS_Store -exclude CVS -exclude .svn -exclude .git -exclude .hg -strip-unsigned-binaries -strip-deterministic -strip-tool /Applications/Xcode.app/Contents/Developer/Toolchains/XcodeDefault.xctoolchain/usr/bin/strip -resolve-src-symlinks -rename /Users/alex/Library/Developer/Xcode/DerivedData/Settlers-bqwdcayamsmaxsekctdqetlegmaf/Build/Intermediates.noindex/ArchiveIntermediates/Settlers/IntermediateBuildFilesPath/CatanAI.build/Release-iphoneos/CatanAI.build/Objects-normal/arm64/CatanAI.swiftmodule /Users/alex/Library/Developer/Xcode/DerivedData/Settlers-bqwdcayamsmaxsekctdqetlegmaf/Build/Intermediates.noindex/ArchiveIntermediates/Settlers/BuildProductsPath/Release-iphoneos/CatanAI.swiftmodule/arm64-apple-ios.swiftmodule

Copy /Users/alex/Library/Developer/Xcode/DerivedData/Settlers-bqwdcayamsmaxsekctdqetlegmaf/Build/Intermediates.noindex/ArchiveIntermediates/Settlers/BuildProductsPath/Release-iphoneos/CatanAI.swiftmodule/arm64-apple-ios.swiftdoc /Users/alex/Library/Developer/Xcode/DerivedData/Settlers-bqwdcayamsmaxsekctdqetlegmaf/Build/Intermediates.noindex/ArchiveIntermediates/Settlers/IntermediateBuildFilesPath/CatanAI.build/Release-iphoneos/CatanAI.build/Objects-normal/arm64/CatanAI.swiftdoc (in target 'CatanAI' from project 'CatanAI')
    cd /Users/alex/.codex/worktrees/naval-exploration/Settlers/Packages/CatanAI
    builtin-copy -exclude .DS_Store -exclude CVS -exclude .svn -exclude .git -exclude .hg -strip-unsigned-binaries -strip-deterministic -strip-tool /Applications/Xcode.app/Contents/Developer/Toolchains/XcodeDefault.xctoolchain/usr/bin/strip -resolve-src-symlinks -rename /Users/alex/Library/Developer/Xcode/DerivedData/Settlers-bqwdcayamsmaxsekctdqetlegmaf/Build/Intermediates.noindex/ArchiveIntermediates/Settlers/IntermediateBuildFilesPath/CatanAI.build/Release-iphoneos/CatanAI.build/Objects-normal/arm64/CatanAI.swiftdoc /Users/alex/Library/Developer/Xcode/DerivedData/Settlers-bqwdcayamsmaxsekctdqetlegmaf/Build/Intermediates.noindex/ArchiveIntermediates/Settlers/BuildProductsPath/Release-iphoneos/CatanAI.swiftmodule/arm64-apple-ios.swiftdoc

Copy /Users/alex/Library/Developer/Xcode/DerivedData/Settlers-bqwdcayamsmaxsekctdqetlegmaf/Build/Intermediates.noindex/ArchiveIntermediates/Settlers/BuildProductsPath/Release-iphoneos/CatanAI.swiftmodule/arm64-apple-ios.abi.json /Users/alex/Library/Developer/Xcode/DerivedData/Settlers-bqwdcayamsmaxsekctdqetlegmaf/Build/Intermediates.noindex/ArchiveIntermediates/Settlers/IntermediateBuildFilesPath/CatanAI.build/Release-iphoneos/CatanAI.build/Objects-normal/arm64/CatanAI.abi.json (in target 'CatanAI' from project 'CatanAI')
    cd /Users/alex/.codex/worktrees/naval-exploration/Settlers/Packages/CatanAI
    builtin-copy -exclude .DS_Store -exclude CVS -exclude .svn -exclude .git -exclude .hg -strip-unsigned-binaries -strip-deterministic -strip-tool /Applications/Xcode.app/Contents/Developer/Toolchains/XcodeDefault.xctoolchain/usr/bin/strip -resolve-src-symlinks -rename /Users/alex/Library/Developer/Xcode/DerivedData/Settlers-bqwdcayamsmaxsekctdqetlegmaf/Build/Intermediates.noindex/ArchiveIntermediates/Settlers/IntermediateBuildFilesPath/CatanAI.build/Release-iphoneos/CatanAI.build/Objects-normal/arm64/CatanAI.abi.json /Users/alex/Library/Developer/Xcode/DerivedData/Settlers-bqwdcayamsmaxsekctdqetlegmaf/Build/Intermediates.noindex/ArchiveIntermediates/Settlers/BuildProductsPath/Release-iphoneos/CatanAI.swiftmodule/arm64-apple-ios.abi.json

Ld /Users/alex/Library/Developer/Xcode/DerivedData/Settlers-bqwdcayamsmaxsekctdqetlegmaf/Build/Intermediates.noindex/ArchiveIntermediates/Settlers/IntermediateBuildFilesPath/UninstalledProducts/iphoneos/CatanAI.o normal (in target 'CatanAI' from project 'CatanAI')
    cd /Users/alex/.codex/worktrees/naval-exploration/Settlers/Packages/CatanAI
    /Applications/Xcode.app/Contents/Developer/Toolchains/XcodeDefault.xctoolchain/usr/bin/clang -Xlinker -reproducible -target arm64-apple-ios17.0 -r -isysroot /Applications/Xcode.app/Contents/Developer/Platforms/iPhoneOS.platform/Developer/SDKs/iPhoneOS26.5.sdk -Os -F/Users/alex/Library/Developer/Xcode/DerivedData/Settlers-bqwdcayamsmaxsekctdqetlegmaf/Build/Intermediates.noindex/ArchiveIntermediates/Settlers/IntermediateBuildFilesPath/EagerLinkingTBDs/Release-iphoneos -F/Users/alex/Library/Developer/Xcode/DerivedData/Settlers-bqwdcayamsmaxsekctdqetlegmaf/Build/Intermediates.noindex/ArchiveIntermediates/Settlers/BuildProductsPath/Release-iphoneos/PackageFrameworks -F/Users/alex/Library/Developer/Xcode/DerivedData/Settlers-bqwdcayamsmaxsekctdqetlegmaf/Build/Intermediates.noindex/ArchiveIntermediates/Settlers/BuildProductsPath/Release-iphoneos -iframework /Applications/Xcode.app/Contents/Developer/Platforms/iPhoneOS.platform/Developer/Library/Frameworks -iframework /Applications/Xcode.app/Contents/Developer/Platforms/iPhoneOS.platform/Developer/SDKs/iPhoneOS26.5.sdk/Developer/Library/Frameworks -filelist /Users/alex/Library/Developer/Xcode/DerivedData/Settlers-bqwdcayamsmaxsekctdqetlegmaf/Build/Intermediates.noindex/ArchiveIntermediates/Settlers/IntermediateBuildFilesPath/CatanAI.build/Release-iphoneos/CatanAI.build/Objects-normal/arm64/CatanAI.LinkFileList -nostdlib -Xlinker -object_path_lto -Xlinker /Users/alex/Library/Developer/Xcode/DerivedData/Settlers-bqwdcayamsmaxsekctdqetlegmaf/Build/Intermediates.noindex/ArchiveIntermediates/Settlers/IntermediateBuildFilesPath/CatanAI.build/Release-iphoneos/CatanAI.build/Objects-normal/arm64/CatanAI_lto.o -Xlinker -dependency_info -Xlinker /Users/alex/Library/Developer/Xcode/DerivedData/Settlers-bqwdcayamsmaxsekctdqetlegmaf/Build/Intermediates.noindex/ArchiveIntermediates/Settlers/IntermediateBuildFilesPath/CatanAI.build/Release-iphoneos/CatanAI.build/Objects-normal/arm64/CatanAI_dependency_info.dat -fobjc-link-runtime -L/Applications/Xcode.app/Contents/Developer/Toolchains/XcodeDefault.xctoolchain/usr/lib/swift/iphoneos -L/usr/lib/swift -Xlinker -add_ast_path -Xlinker /Users/alex/Library/Developer/Xcode/DerivedData/Settlers-bqwdcayamsmaxsekctdqetlegmaf/Build/Intermediates.noindex/ArchiveIntermediates/Settlers/IntermediateBuildFilesPath/CatanAI.build/Release-iphoneos/CatanAI.build/Objects-normal/arm64/CatanAI.swiftmodule @/Users/alex/Library/Developer/Xcode/DerivedData/Settlers-bqwdcayamsmaxsekctdqetlegmaf/Build/Intermediates.noindex/ArchiveIntermediates/Settlers/IntermediateBuildFilesPath/CatanAI.build/Release-iphoneos/CatanAI.build/Objects-normal/arm64/CatanAI-linker-args.resp -o /Users/alex/Library/Developer/Xcode/DerivedData/Settlers-bqwdcayamsmaxsekctdqetlegmaf/Build/Intermediates.noindex/ArchiveIntermediates/Settlers/IntermediateBuildFilesPath/UninstalledProducts/iphoneos/CatanAI.o

ProcessProductPackaging /Users/alex/Library/Developer/Xcode/UserData/Provisioning\ Profiles/Empires-App-Store-20261004.mobileprovision /Users/alex/Library/Developer/Xcode/DerivedData/Settlers-bqwdcayamsmaxsekctdqetlegmaf/Build/Intermediates.noindex/ArchiveIntermediates/Settlers/InstallationBuildProductsLocation/Applications/Settlers.app/embedded.mobileprovision (in target 'Settlers' from project 'Settlers')
    cd /Users/alex/.codex/worktrees/naval-exploration/Settlers
    builtin-productPackagingUtility /Users/alex/Library/Developer/Xcode/UserData/Provisioning\ Profiles/Empires-App-Store-20261004.mobileprovision -o /Users/alex/Library/Developer/Xcode/DerivedData/Settlers-bqwdcayamsmaxsekctdqetlegmaf/Build/Intermediates.noindex/ArchiveIntermediates/Settlers/InstallationBuildProductsLocation/Applications/Settlers.app/embedded.mobileprovision

ProcessProductPackaging /Users/alex/.codex/worktrees/naval-exploration/Settlers/Settlers/LiveSync.entitlements /Users/alex/Library/Developer/Xcode/DerivedData/Settlers-bqwdcayamsmaxsekctdqetlegmaf/Build/Intermediates.noindex/ArchiveIntermediates/Settlers/IntermediateBuildFilesPath/Settlers.build/Release-iphoneos/Settlers.build/Settlers.app.xcent (in target 'Settlers' from project 'Settlers')
    cd /Users/alex/.codex/worktrees/naval-exploration/Settlers
    
    Entitlements:
    
    {
    "application-identifier" = "HXB9F28LHR.com.alexchandler.empires";
    "beta-reports-active" = 1;
    "com.apple.developer.icloud-container-identifiers" =     (
        "iCloud.com.alexchandler.empires"
    );
    "com.apple.developer.icloud-services" =     (
        CloudKit
    );
    "com.apple.developer.team-identifier" = HXB9F28LHR;
    "get-task-allow" = 0;
}
    
    builtin-productPackagingUtility /Users/alex/.codex/worktrees/naval-exploration/Settlers/Settlers/LiveSync.entitlements -entitlements -format xml -o /Users/alex/Library/Developer/Xcode/DerivedData/Settlers-bqwdcayamsmaxsekctdqetlegmaf/Build/Intermediates.noindex/ArchiveIntermediates/Settlers/IntermediateBuildFilesPath/Settlers.build/Release-iphoneos/Settlers.build/Settlers.app.xcent

ProcessProductPackagingDER /Users/alex/Library/Developer/Xcode/DerivedData/Settlers-bqwdcayamsmaxsekctdqetlegmaf/Build/Intermediates.noindex/ArchiveIntermediates/Settlers/IntermediateBuildFilesPath/Settlers.build/Release-iphoneos/Settlers.build/Settlers.app.xcent /Users/alex/Library/Developer/Xcode/DerivedData/Settlers-bqwdcayamsmaxsekctdqetlegmaf/Build/Intermediates.noindex/ArchiveIntermediates/Settlers/IntermediateBuildFilesPath/Settlers.build/Release-iphoneos/Settlers.build/Settlers.app.xcent.der (in target 'Settlers' from project 'Settlers')
    cd /Users/alex/.codex/worktrees/naval-exploration/Settlers
    /usr/bin/derq query -f xml -i /Users/alex/Library/Developer/Xcode/DerivedData/Settlers-bqwdcayamsmaxsekctdqetlegmaf/Build/Intermediates.noindex/ArchiveIntermediates/Settlers/IntermediateBuildFilesPath/Settlers.build/Release-iphoneos/Settlers.build/Settlers.app.xcent -o /Users/alex/Library/Developer/Xcode/DerivedData/Settlers-bqwdcayamsmaxsekctdqetlegmaf/Build/Intermediates.noindex/ArchiveIntermediates/Settlers/IntermediateBuildFilesPath/Settlers.build/Release-iphoneos/Settlers.build/Settlers.app.xcent.der --raw

MkDir /Users/alex/Library/Developer/Xcode/DerivedData/Settlers-bqwdcayamsmaxsekctdqetlegmaf/Build/Intermediates.noindex/ArchiveIntermediates/Settlers/IntermediateBuildFilesPath/Settlers.build/Release-iphoneos/Settlers.build/assetcatalog_output/unthinned (in target 'Settlers' from project 'Settlers')
    cd /Users/alex/.codex/worktrees/naval-exploration/Settlers
    /bin/mkdir -p /Users/alex/Library/Developer/Xcode/DerivedData/Settlers-bqwdcayamsmaxsekctdqetlegmaf/Build/Intermediates.noindex/ArchiveIntermediates/Settlers/IntermediateBuildFilesPath/Settlers.build/Release-iphoneos/Settlers.build/assetcatalog_output/unthinned

MkDir /Users/alex/Library/Developer/Xcode/DerivedData/Settlers-bqwdcayamsmaxsekctdqetlegmaf/Build/Intermediates.noindex/ArchiveIntermediates/Settlers/IntermediateBuildFilesPath/Settlers.build/Release-iphoneos/Settlers.build/assetcatalog_output/thinned (in target 'Settlers' from project 'Settlers')
    cd /Users/alex/.codex/worktrees/naval-exploration/Settlers
    /bin/mkdir -p /Users/alex/Library/Developer/Xcode/DerivedData/Settlers-bqwdcayamsmaxsekctdqetlegmaf/Build/Intermediates.noindex/ArchiveIntermediates/Settlers/IntermediateBuildFilesPath/Settlers.build/Release-iphoneos/Settlers.build/assetcatalog_output/thinned

GenerateAssetSymbols /Users/alex/.codex/worktrees/naval-exploration/Settlers/Settlers/Assets.xcassets (in target 'Settlers' from project 'Settlers')
    cd /Users/alex/.codex/worktrees/naval-exploration/Settlers
    /Applications/Xcode.app/Contents/Developer/usr/bin/actool /Users/alex/.codex/worktrees/naval-exploration/Settlers/Settlers/Assets.xcassets --compile /Users/alex/Library/Developer/Xcode/DerivedData/Settlers-bqwdcayamsmaxsekctdqetlegmaf/Build/Intermediates.noindex/ArchiveIntermediates/Settlers/InstallationBuildProductsLocation/Applications/Settlers.app --output-format human-readable-text --notices --warnings --export-dependency-info /Users/alex/Library/Developer/Xcode/DerivedData/Settlers-bqwdcayamsmaxsekctdqetlegmaf/Build/Intermediates.noindex/ArchiveIntermediates/Settlers/IntermediateBuildFilesPath/Settlers.build/Release-iphoneos/Settlers.build/assetcatalog_dependencies --output-partial-info-plist /Users/alex/Library/Developer/Xcode/DerivedData/Settlers-bqwdcayamsmaxsekctdqetlegmaf/Build/Intermediates.noindex/ArchiveIntermediates/Settlers/IntermediateBuildFilesPath/Settlers.build/Release-iphoneos/Settlers.build/assetcatalog_generated_info.plist --app-icon AppIcon --compress-pngs --enable-on-demand-resources YES --development-region en --target-device iphone --minimum-deployment-target 17.0 --platform iphoneos --bundle-identifier com.alexchandler.empires --generate-swift-asset-symbol-extensions NO --generate-swift-asset-symbols /Users/alex/Library/Developer/Xcode/DerivedData/Settlers-bqwdcayamsmaxsekctdqetlegmaf/Build/Intermediates.noindex/ArchiveIntermediates/Settlers/IntermediateBuildFilesPath/Settlers.build/Release-iphoneos/Settlers.build/DerivedSources/GeneratedAssetSymbols.swift --generate-objc-asset-symbols /Users/alex/Library/Developer/Xcode/DerivedData/Settlers-bqwdcayamsmaxsekctdqetlegmaf/Build/Intermediates.noindex/ArchiveIntermediates/Settlers/IntermediateBuildFilesPath/Settlers.build/Release-iphoneos/Settlers.build/DerivedSources/GeneratedAssetSymbols.h --generate-asset-symbol-index /Users/alex/Library/Developer/Xcode/DerivedData/Settlers-bqwdcayamsmaxsekctdqetlegmaf/Build/Intermediates.noindex/ArchiveIntermediates/Settlers/IntermediateBuildFilesPath/Settlers.build/Release-iphoneos/Settlers.build/DerivedSources/GeneratedAssetSymbols-Index.plist
/* com.apple.actool.compilation-results */
/Users/alex/Library/Developer/Xcode/DerivedData/Settlers-bqwdcayamsmaxsekctdqetlegmaf/Build/Intermediates.noindex/ArchiveIntermediates/Settlers/IntermediateBuildFilesPath/Settlers.build/Release-iphoneos/Settlers.build/DerivedSources/GeneratedAssetSymbols-Index.plist
/Users/alex/Library/Developer/Xcode/DerivedData/Settlers-bqwdcayamsmaxsekctdqetlegmaf/Build/Intermediates.noindex/ArchiveIntermediates/Settlers/IntermediateBuildFilesPath/Settlers.build/Release-iphoneos/Settlers.build/DerivedSources/GeneratedAssetSymbols.h
/Users/alex/Library/Developer/Xcode/DerivedData/Settlers-bqwdcayamsmaxsekctdqetlegmaf/Build/Intermediates.noindex/ArchiveIntermediates/Settlers/IntermediateBuildFilesPath/Settlers.build/Release-iphoneos/Settlers.build/DerivedSources/GeneratedAssetSymbols.swift


CompileAssetCatalogVariant thinned /Users/alex/Library/Developer/Xcode/DerivedData/Settlers-bqwdcayamsmaxsekctdqetlegmaf/Build/Intermediates.noindex/ArchiveIntermediates/Settlers/InstallationBuildProductsLocation/Applications/Settlers.app /Users/alex/.codex/worktrees/naval-exploration/Settlers/Settlers/Assets.xcassets (in target 'Settlers' from project 'Settlers')
    cd /Users/alex/.codex/worktrees/naval-exploration/Settlers
    /Applications/Xcode.app/Contents/Developer/usr/bin/actool /Users/alex/.codex/worktrees/naval-exploration/Settlers/Settlers/Assets.xcassets --compile /Users/alex/Library/Developer/Xcode/DerivedData/Settlers-bqwdcayamsmaxsekctdqetlegmaf/Build/Intermediates.noindex/ArchiveIntermediates/Settlers/IntermediateBuildFilesPath/Settlers.build/Release-iphoneos/Settlers.build/assetcatalog_output/thinned --output-format human-readable-text --notices --warnings --export-dependency-info /Users/alex/Library/Developer/Xcode/DerivedData/Settlers-bqwdcayamsmaxsekctdqetlegmaf/Build/Intermediates.noindex/ArchiveIntermediates/Settlers/IntermediateBuildFilesPath/Settlers.build/Release-iphoneos/Settlers.build/assetcatalog_dependencies_thinned --output-partial-info-plist /Users/alex/Library/Developer/Xcode/DerivedData/Settlers-bqwdcayamsmaxsekctdqetlegmaf/Build/Intermediates.noindex/ArchiveIntermediates/Settlers/IntermediateBuildFilesPath/Settlers.build/Release-iphoneos/Settlers.build/assetcatalog_generated_info.plist_thinned --app-icon AppIcon --compress-pngs --enable-on-demand-resources YES --development-region en --target-device iphone --minimum-deployment-target 17.0 --platform iphoneos
/* com.apple.actool.compilation-results */
/Users/alex/Library/Developer/Xcode/DerivedData/Settlers-bqwdcayamsmaxsekctdqetlegmaf/Build/Intermediates.noindex/ArchiveIntermediates/Settlers/IntermediateBuildFilesPath/Settlers.build/Release-iphoneos/Settlers.build/assetcatalog_generated_info.plist_thinned
/Users/alex/Library/Developer/Xcode/DerivedData/Settlers-bqwdcayamsmaxsekctdqetlegmaf/Build/Intermediates.noindex/ArchiveIntermediates/Settlers/IntermediateBuildFilesPath/Settlers.build/Release-iphoneos/Settlers.build/assetcatalog_output/thinned/AppIcon60x60@2x.png
/Users/alex/Library/Developer/Xcode/DerivedData/Settlers-bqwdcayamsmaxsekctdqetlegmaf/Build/Intermediates.noindex/ArchiveIntermediates/Settlers/IntermediateBuildFilesPath/Settlers.build/Release-iphoneos/Settlers.build/assetcatalog_output/thinned/AppIcon76x76@2x~ipad.png
/Users/alex/Library/Developer/Xcode/DerivedData/Settlers-bqwdcayamsmaxsekctdqetlegmaf/Build/Intermediates.noindex/ArchiveIntermediates/Settlers/IntermediateBuildFilesPath/Settlers.build/Release-iphoneos/Settlers.build/assetcatalog_output/thinned/Assets.car


SwiftDriver Settlers normal arm64 com.apple.xcode.tools.swift.compiler (in target 'Settlers' from project 'Settlers')
    cd /Users/alex/.codex/worktrees/naval-exploration/Settlers
    builtin-SwiftDriver -- /Applications/Xcode.app/Contents/Developer/Toolchains/XcodeDefault.xctoolchain/usr/bin/swiftc -module-name Settlers -O -whole-module-optimization @/Users/alex/Library/Developer/Xcode/DerivedData/Settlers-bqwdcayamsmaxsekctdqetlegmaf/Build/Intermediates.noindex/ArchiveIntermediates/Settlers/IntermediateBuildFilesPath/Settlers.build/Release-iphoneos/Settlers.build/Objects-normal/arm64/Settlers.SwiftFileList -driver-batch-count 2 -enable-experimental-feature DebugDescriptionMacro -sdk /Applications/Xcode.app/Contents/Developer/Platforms/iPhoneOS.platform/Developer/SDKs/iPhoneOS26.5.sdk -target arm64-apple-ios17.0 -g -module-cache-path /Users/alex/Library/Developer/Xcode/DerivedData/ModuleCache.noindex -Xfrontend -serialize-debugging-options -warnings-as-errors -swift-version 6 -I /Users/alex/Library/Developer/Xcode/DerivedData/Settlers-bqwdcayamsmaxsekctdqetlegmaf/Build/Intermediates.noindex/ArchiveIntermediates/Settlers/BuildProductsPath/Release-iphoneos -F /Users/alex/Library/Developer/Xcode/DerivedData/Settlers-bqwdcayamsmaxsekctdqetlegmaf/Build/Intermediates.noindex/ArchiveIntermediates/Settlers/BuildProductsPath/Release-iphoneos/PackageFrameworks -F /Users/alex/Library/Developer/Xcode/DerivedData/Settlers-bqwdcayamsmaxsekctdqetlegmaf/Build/Intermediates.noindex/ArchiveIntermediates/Settlers/BuildProductsPath/Release-iphoneos/PackageFrameworks -F /Users/alex/Library/Developer/Xcode/DerivedData/Settlers-bqwdcayamsmaxsekctdqetlegmaf/Build/Intermediates.noindex/ArchiveIntermediates/Settlers/BuildProductsPath/Release-iphoneos -c -num-threads 18 -Xcc -ivfsstatcache -Xcc /Users/alex/Library/Developer/Xcode/DerivedData/SDKStatCaches.noindex/iphoneos26.5-23F73-32daed1954a7d5dd0789fcaf2a9bb78b.sdkstatcache -output-file-map /Users/alex/Library/Developer/Xcode/DerivedData/Settlers-bqwdcayamsmaxsekctdqetlegmaf/Build/Intermediates.noindex/ArchiveIntermediates/Settlers/IntermediateBuildFilesPath/Settlers.build/Release-iphoneos/Settlers.build/Objects-normal/arm64/Settlers-OutputFileMap.json -use-frontend-parseable-output -save-temps -no-color-diagnostics -explicit-module-build -module-cache-path /Users/alex/Library/Developer/Xcode/DerivedData/Settlers-bqwdcayamsmaxsekctdqetlegmaf/Build/Intermediates.noindex/ArchiveIntermediates/Settlers/IntermediateBuildFilesPath/SwiftExplicitPrecompiledModules -clang-scanner-module-cache-path /Users/alex/Library/Developer/Xcode/DerivedData/ModuleCache.noindex -sdk-module-cache-path /Users/alex/Library/Developer/Xcode/DerivedData/ModuleCache.noindex -serialize-diagnostics -emit-dependencies -emit-module -emit-module-path /Users/alex/Library/Developer/Xcode/DerivedData/Settlers-bqwdcayamsmaxsekctdqetlegmaf/Build/Intermediates.noindex/ArchiveIntermediates/Settlers/IntermediateBuildFilesPath/Settlers.build/Release-iphoneos/Settlers.build/Objects-normal/arm64/Settlers.swiftmodule -validate-clang-modules-once -clang-build-session-file /Users/alex/Library/Developer/Xcode/DerivedData/ModuleCache.noindex/Session.modulevalidation -Xcc -I/Users/alex/Library/Developer/Xcode/DerivedData/Settlers-bqwdcayamsmaxsekctdqetlegmaf/Build/Intermediates.noindex/ArchiveIntermediates/Settlers/IntermediateBuildFilesPath/Settlers.build/Release-iphoneos/Settlers.build/swift-overrides.hmap -emit-const-values -Xfrontend -const-gather-protocols-file -Xfrontend /Users/alex/Library/Developer/Xcode/DerivedData/Settlers-bqwdcayamsmaxsekctdqetlegmaf/Build/Intermediates.noindex/ArchiveIntermediates/Settlers/IntermediateBuildFilesPath/Settlers.build/Release-iphoneos/Settlers.build/Objects-normal/arm64/Settlers_const_extract_protocols.json -Xcc -iquote -Xcc /Users/alex/Library/Developer/Xcode/DerivedData/Settlers-bqwdcayamsmaxsekctdqetlegmaf/Build/Intermediates.noindex/ArchiveIntermediates/Settlers/IntermediateBuildFilesPath/Settlers.build/Release-iphoneos/Settlers.build/Settlers-generated-files.hmap -Xcc -I/Users/alex/Library/Developer/Xcode/DerivedData/Settlers-bqwdcayamsmaxsekctdqetlegmaf/Build/Intermediates.noindex/ArchiveIntermediates/Settlers/IntermediateBuildFilesPath/Settlers.build/Release-iphoneos/Settlers.build/Settlers-own-target-headers.hmap -Xcc -I/Users/alex/Library/Developer/Xcode/DerivedData/Settlers-bqwdcayamsmaxsekctdqetlegmaf/Build/Intermediates.noindex/ArchiveIntermediates/Settlers/IntermediateBuildFilesPath/Settlers.build/Release-iphoneos/Settlers.build/Settlers-all-non-framework-target-headers.hmap -Xcc -ivfsoverlay -Xcc /Users/alex/Library/Developer/Xcode/DerivedData/Settlers-bqwdcayamsmaxsekctdqetlegmaf/Build/Intermediates.noindex/ArchiveIntermediates/Settlers/IntermediateBuildFilesPath/Settlers.build/Release-iphoneos/Settlers-9ad65172c434931f4eb5300f50bbe1d2-VFS-iphoneos/all-product-headers.yaml -Xcc -iquote -Xcc /Users/alex/Library/Developer/Xcode/DerivedData/Settlers-bqwdcayamsmaxsekctdqetlegmaf/Build/Intermediates.noindex/ArchiveIntermediates/Settlers/IntermediateBuildFilesPath/Settlers.build/Release-iphoneos/Settlers.build/Settlers-project-headers.hmap -Xcc -I/Users/alex/Library/Developer/Xcode/DerivedData/Settlers-bqwdcayamsmaxsekctdqetlegmaf/Build/Intermediates.noindex/ArchiveIntermediates/Settlers/BuildProductsPath/Release-iphoneos/include -Xcc -I/Users/alex/Library/Developer/Xcode/DerivedData/Settlers-bqwdcayamsmaxsekctdqetlegmaf/Build/Intermediates.noindex/ArchiveIntermediates/Settlers/IntermediateBuildFilesPath/Settlers.build/Release-iphoneos/Settlers.build/DerivedSources-normal/arm64 -Xcc -I/Users/alex/Library/Developer/Xcode/DerivedData/Settlers-bqwdcayamsmaxsekctdqetlegmaf/Build/Intermediates.noindex/ArchiveIntermediates/Settlers/IntermediateBuildFilesPath/Settlers.build/Release-iphoneos/Settlers.build/DerivedSources/arm64 -Xcc -I/Users/alex/Library/Developer/Xcode/DerivedData/Settlers-bqwdcayamsmaxsekctdqetlegmaf/Build/Intermediates.noindex/ArchiveIntermediates/Settlers/IntermediateBuildFilesPath/Settlers.build/Release-iphoneos/Settlers.build/DerivedSources -emit-objc-header -emit-objc-header-path /Users/alex/Library/Developer/Xcode/DerivedData/Settlers-bqwdcayamsmaxsekctdqetlegmaf/Build/Intermediates.noindex/ArchiveIntermediates/Settlers/IntermediateBuildFilesPath/Settlers.build/Release-iphoneos/Settlers.build/Objects-normal/arm64/Settlers-Swift.h -working-directory /Users/alex/.codex/worktrees/naval-exploration/Settlers -no-emit-module-separately-wmo

ExtractAppIntentsMetadata (in target 'CatanAI' from project 'CatanAI')
    cd /Users/alex/.codex/worktrees/naval-exploration/Settlers/Packages/CatanAI
    /Applications/Xcode.app/Contents/Developer/Toolchains/XcodeDefault.xctoolchain/usr/bin/appintentsmetadataprocessor --toolchain-dir /Applications/Xcode.app/Contents/Developer/Toolchains/XcodeDefault.xctoolchain --module-name CatanAI --sdk-root /Applications/Xcode.app/Contents/Developer/Platforms/iPhoneOS.platform/Developer/SDKs/iPhoneOS26.5.sdk --xcode-version 17F42 --platform-family iOS --deployment-target 17.0 --bundle-identifier catanai.CatanAI --output /Users/alex/Library/Developer/Xcode/DerivedData/Settlers-bqwdcayamsmaxsekctdqetlegmaf/Build/Intermediates.noindex/ArchiveIntermediates/Settlers/IntermediateBuildFilesPath/UninstalledProducts/iphoneos/CatanAI.appintents --target-triple arm64-apple-ios17.0 --binary-file /Users/alex/Library/Developer/Xcode/DerivedData/Settlers-bqwdcayamsmaxsekctdqetlegmaf/Build/Intermediates.noindex/ArchiveIntermediates/Settlers/IntermediateBuildFilesPath/UninstalledProducts/iphoneos/CatanAI.o --dependency-file /Users/alex/Library/Developer/Xcode/DerivedData/Settlers-bqwdcayamsmaxsekctdqetlegmaf/Build/Intermediates.noindex/ArchiveIntermediates/Settlers/IntermediateBuildFilesPath/CatanAI.build/Release-iphoneos/CatanAI.build/Objects-normal/arm64/CatanAI_dependency_info.dat --stringsdata-file /Users/alex/Library/Developer/Xcode/DerivedData/Settlers-bqwdcayamsmaxsekctdqetlegmaf/Build/Intermediates.noindex/ArchiveIntermediates/Settlers/IntermediateBuildFilesPath/CatanAI.build/Release-iphoneos/CatanAI.build/Objects-normal/arm64/ExtractedAppShortcutsMetadata.stringsdata --source-file-list /Users/alex/Library/Developer/Xcode/DerivedData/Settlers-bqwdcayamsmaxsekctdqetlegmaf/Build/Intermediates.noindex/ArchiveIntermediates/Settlers/IntermediateBuildFilesPath/CatanAI.build/Release-iphoneos/CatanAI.build/Objects-normal/arm64/CatanAI.SwiftFileList --metadata-file-list /Users/alex/Library/Developer/Xcode/DerivedData/Settlers-bqwdcayamsmaxsekctdqetlegmaf/Build/Intermediates.noindex/ArchiveIntermediates/Settlers/IntermediateBuildFilesPath/CatanAI.build/Release-iphoneos/CatanAI.build/CatanAI.DependencyMetadataFileList --static-metadata-file-list /Users/alex/Library/Developer/Xcode/DerivedData/Settlers-bqwdcayamsmaxsekctdqetlegmaf/Build/Intermediates.noindex/ArchiveIntermediates/Settlers/IntermediateBuildFilesPath/CatanAI.build/Release-iphoneos/CatanAI.build/CatanAI.DependencyStaticMetadataFileList --swift-const-vals-list /Users/alex/Library/Developer/Xcode/DerivedData/Settlers-bqwdcayamsmaxsekctdqetlegmaf/Build/Intermediates.noindex/ArchiveIntermediates/Settlers/IntermediateBuildFilesPath/CatanAI.build/Release-iphoneos/CatanAI.build/Objects-normal/arm64/CatanAI.SwiftConstValuesFileList --force --compile-time-extraction --deployment-aware-processing --validate-assistant-intents --no-app-shortcuts-localization
2026-10-06 20:28:01.450 appintentsmetadataprocessor[69807:1274665] Starting appintentsmetadataprocessor export
2026-10-06 20:28:01.458 appintentsmetadataprocessor[69807:1274665] Extracted no relevant App Intents symbols, skipping writing output

SwiftCompile normal arm64 Compiling\ AccessibilityID.swift,\ ArmyHandViews.swift,\ ArmyPurchasePopupView.swift,\ BoardCamera.swift,\ BoardChips.swift,\ BoardDecisionBoardChrome.swift,\ BoardDecisionCoordinator.swift,\ BoardDecisionInteractionLayer.swift,\ BoardGestureRouter.swift,\ BoardInspectionSemantics.swift,\ BoardView.swift,\ BoardViewCamera.swift,\ BoardViewNaval.swift,\ BotDifficulty.swift,\ BotTurnProgress.swift,\ BotTurnStatusView.swift,\ BottomSafeInsetKey.swift,\ BuildPopupView.swift,\ CatanTheme.swift,\ CheckpointProcessProbe.swift,\ Civilization.swift,\ CivilizationAssignmentStore.swift,\ CivilizationBadge.swift,\ CivilizationPickerPopup.swift,\ CivilizationPieceShapes.swift,\ CivilizationSettingsStore.swift,\ CloudBackend.swift,\ CloudKitBackend.swift,\ ContentView.swift,\ CornerAccent.swift,\ DevCardArt.swift,\ DevCardDisplay.swift,\ DevCardInventoryView.swift,\ DevCardPopupView.swift,\ DevCardResourceChoice.swift,\ DevCardStyle.swift,\ DevelopmentCardPresentationState.swift,\ DiscardPopupView.swift,\ DiscardPresentationState.swift,\ Elo.swift,\ EndGameView.swift,\ GameActionPanels.swift,\ GameHistoryView.swift,\ GameLogStore.swift,\ GameReplayNarrator.swift,\ GameReplayTimeline.swift,\ GameReplayView.swift,\ GameStatsStore.swift,\ GameStore.swift,\ GameView+QA.swift,\ GameView.swift,\ GameViewLayoutSupport.swift,\ GameViewModel+BoardDecision.swift,\ GameViewModel+BotPacing.swift,\ GameViewModel+BotTurns.swift,\ GameViewModel+Checkpoints.swift,\ GameViewModel+Conquest.swift,\ GameViewModel+GameOver.swift,\ GameViewModel+Ghosts.swift,\ GameViewModel+HumanTradeOffers.swift,\ GameViewModel+OpponentProfiles.swift,\ GameViewModel+Policies.swift,\ GameViewModel+QABoardDecision.swift,\ GameViewModel+QACompleteMatch.swift,\ GameViewModel+QAConquest.swift,\ GameViewModel+QADevCards.swift,\ GameViewModel+QADiscard.swift,\ GameViewModel+QAFeedback.swift,\ GameViewModel+QANaval.swift,\ GameViewModel+QAProduction.swift,\ GameViewModel+QATrade.swift,\ GameViewModel+QAVast.swift,\ GameViewModel+Recovery.swift,\ GameViewModel.swift,\ GameplayFeedback.swift,\ GameplayFeedbackView.swift,\ GhostPickerPopup.swift,\ GhostStore.swift,\ GhostTrainer.swift,\ GoldRowButton.swift,\ HexGeometry.swift,\ HowToPlayContent.swift,\ HowToPlayIllustration.swift,\ HowToPlayView.swift,\ HumanSeatStore.swift,\ HumanTradeOfferPolicy.swift,\ InGameSettingsView.swift,\ IncomingTradeCardView.swift,\ LadderNameEntry.swift,\ Leaderboard.swift,\ LeaderboardView.swift,\ LiveSync.swift,\ MainMenuView.swift,\ MatchCheckpointMigration.swift,\ MatchCheckpointStore.swift,\ MatchPersistenceTransaction.swift,\ MatchSettingHelpView.swift,\ MatchSetup.swift,\ NavalAdvancedSettingsView.swift,\ NavalArtwork.swift,\ NavalBoardInteractions.swift,\ NavalMistDrawing.swift,\ NavalQAFixture.swift,\ NavalResourceChoiceView.swift,\ NavalSeaDrawing.swift,\ NavalSetupOptionsView.swift,\ NavalVisualNoise.swift,\ NewGameSetupView.swift,\ OpponentProfile.swift,\ PacingPreferences.swift,\ PaintedChromeBackground.swift,\ PlayerDirectory.swift,\ PlayerHUDView.swift,\ PlayerIdentity.swift,\ PlayerNameStore.swift,\ QAGameHistoryFixture.swift,\ QALaunchFlag.swift,\ RadarChartView.swift,\ RatedEntityDetailView.swift,\ RatingStore.swift,\ ReplayExportModel.swift,\ ReplayExportPresentation.swift,\ ReplayExportSequence.swift,\ ReplayExportSheet.swift,\ ReplayMovieWriter.swift,\ ReplayVideoExport.swift,\ ReplayVideoExporter.swift,\ ReplayVideoFrameView.swift,\ ResourceChip.swift,\ ResourceProductionFeedback.swift,\ ResourceProductionFeedbackView.swift,\ SavedGameAvailability.swift,\ SeatCardView.swift,\ SeatNumberPickerPopup.swift,\ SeatStatsStore.swift,\ SettingsChrome.swift,\ SettlersApp.swift,\ SharedMatch.swift,\ TileView.swift,\ TopChipHeightKey.swift,\ TradeDraftFeedback.swift,\ TradePopupView.swift,\ TradePresentationState.swift,\ TradeReceiptView.swift,\ TradeResourceRow.swift,\ TradeTermsView.swift,\ UITestBootstrap.swift,\ UniformActionButton.swift,\ VictoryPointBreakdown.swift,\ GeneratedAssetSymbols.swift /Users/alex/.codex/worktrees/naval-exploration/Settlers/Settlers/Testing/AccessibilityID.swift /Users/alex/.codex/worktrees/naval-exploration/Settlers/Settlers/Views/ArmyHandViews.swift /Users/alex/.codex/worktrees/naval-exploration/Settlers/Settlers/Views/ArmyPurchasePopupView.swift /Users/alex/.codex/worktrees/naval-exploration/Settlers/Settlers/Views/Board/BoardCamera.swift /Users/alex/.codex/worktrees/naval-exploration/Settlers/Settlers/Views/BoardChips.swift /Users/alex/.codex/worktrees/naval-exploration/Settlers/Settlers/Views/Board/BoardDecisionBoardChrome.swift /Users/alex/.codex/worktrees/naval-exploration/Settlers/Settlers/ViewModels/BoardDecisionCoordinator.swift /Users/alex/.codex/worktrees/naval-exploration/Settlers/Settlers/Views/Board/BoardDecisionInteractionLayer.swift /Users/alex/.codex/worktrees/naval-exploration/Settlers/Settlers/Views/Board/BoardGestureRouter.swift /Users/alex/.codex/worktrees/naval-exploration/Settlers/Settlers/Views/Board/BoardInspectionSemantics.swift /Users/alex/.codex/worktrees/naval-exploration/Settlers/Settlers/Views/Board/BoardView.swift /Users/alex/.codex/worktrees/naval-exploration/Settlers/Settlers/Views/Board/BoardViewCamera.swift /Users/alex/.codex/worktrees/naval-exploration/Settlers/Settlers/Views/Board/BoardViewNaval.swift /Users/alex/.codex/worktrees/naval-exploration/Settlers/Settlers/Models/BotDifficulty.swift /Users/alex/.codex/worktrees/naval-exploration/Settlers/Settlers/Models/BotTurnProgress.swift /Users/alex/.codex/worktrees/naval-exploration/Settlers/Settlers/Views/BotTurnStatusView.swift /Users/alex/.codex/worktrees/naval-exploration/Settlers/Settlers/Views/BottomSafeInsetKey.swift /Users/alex/.codex/worktrees/naval-exploration/Settlers/Settlers/Views/BuildPopupView.swift /Users/alex/.codex/worktrees/naval-exploration/Settlers/Settlers/Theme/CatanTheme.swift /Users/alex/.codex/worktrees/naval-exploration/Settlers/Settlers/Testing/CheckpointProcessProbe.swift /Users/alex/.codex/worktrees/naval-exploration/Settlers/Settlers/Theme/Civilization.swift /Users/alex/.codex/worktrees/naval-exploration/Settlers/Settlers/Persistence/CivilizationAssignmentStore.swift /Users/alex/.codex/worktrees/naval-exploration/Settlers/Settlers/Views/Board/CivilizationBadge.swift /Users/alex/.codex/worktrees/naval-exploration/Settlers/Settlers/Views/CivilizationPickerPopup.swift /Users/alex/.codex/worktrees/naval-exploration/Settlers/Settlers/Views/Board/CivilizationPieceShapes.swift /Users/alex/.codex/worktrees/naval-exploration/Settlers/Settlers/Persistence/CivilizationSettingsStore.swift /Users/alex/.codex/worktrees/naval-exploration/Settlers/Settlers/Sync/CloudBackend.swift /Users/alex/.codex/worktrees/naval-exploration/Settlers/Settlers/Sync/CloudKitBackend.swift /Users/alex/.codex/worktrees/naval-exploration/Settlers/Settlers/ContentView.swift /Users/alex/.codex/worktrees/naval-exploration/Settlers/Settlers/Views/CornerAccent.swift /Users/alex/.codex/worktrees/naval-exploration/Settlers/Settlers/Views/DevCardArt.swift /Users/alex/.codex/worktrees/naval-exploration/Settlers/Settlers/Theme/DevCardDisplay.swift /Users/alex/.codex/worktrees/naval-exploration/Settlers/Settlers/Views/DevCardInventoryView.swift /Users/alex/.codex/worktrees/naval-exploration/Settlers/Settlers/Views/DevCardPopupView.swift /Users/alex/.codex/worktrees/naval-exploration/Settlers/Settlers/Views/DevCardResourceChoice.swift /Users/alex/.codex/worktrees/naval-exploration/Settlers/Settlers/Theme/DevCardStyle.swift /Users/alex/.codex/worktrees/naval-exploration/Settlers/Settlers/ViewModels/DevelopmentCardPresentationState.swift /Users/alex/.codex/worktrees/naval-exploration/Settlers/Settlers/Views/DiscardPopupView.swift /Users/alex/.codex/worktrees/naval-exploration/Settlers/Settlers/ViewModels/DiscardPresentationState.swift /Users/alex/.codex/worktrees/naval-exploration/Settlers/Settlers/Models/Elo.swift /Users/alex/.codex/worktrees/naval-exploration/Settlers/Settlers/Views/EndGameView.swift /Users/alex/.codex/worktrees/naval-exploration/Settlers/Settlers/Views/GameActionPanels.swift /Users/alex/.codex/worktrees/naval-exploration/Settlers/Settlers/Views/GameHistoryView.swift /Users/alex/.codex/worktrees/naval-exploration/Settlers/Settlers/Persistence/GameLogStore.swift /Users/alex/.codex/worktrees/naval-exploration/Settlers/Settlers/Models/GameReplayNarrator.swift /Users/alex/.codex/worktrees/naval-exploration/Settlers/Settlers/Models/GameReplayTimeline.swift /Users/alex/.codex/worktrees/naval-exploration/Settlers/Settlers/Views/GameReplayView.swift /Users/alex/.codex/worktrees/naval-exploration/Settlers/Settlers/Persistence/GameStatsStore.swift /Users/alex/.codex/worktrees/naval-exploration/Settlers/Settlers/Persistence/GameStore.swift /Users/alex/.codex/worktrees/naval-exploration/Settlers/Settlers/Testing/GameView+QA.swift /Users/alex/.codex/worktrees/naval-exploration/Settlers/Settlers/Views/GameView.swift /Users/alex/.codex/worktrees/naval-exploration/Settlers/Settlers/Views/GameViewLayoutSupport.swift /Users/alex/.codex/worktrees/naval-exploration/Settlers/Settlers/ViewModels/GameViewModel+BoardDecision.swift /Users/alex/.codex/worktrees/naval-exploration/Settlers/Settlers/ViewModels/GameViewModel+BotPacing.swift /Users/alex/.codex/worktrees/naval-exploration/Settlers/Settlers/ViewModels/GameViewModel+BotTurns.swift /Users/alex/.codex/worktrees/naval-exploration/Settlers/Settlers/ViewModels/GameViewModel+Checkpoints.swift /Users/alex/.codex/worktrees/naval-exploration/Settlers/Settlers/ViewModels/GameViewModel+Conquest.swift /Users/alex/.codex/worktrees/naval-exploration/Settlers/Settlers/ViewModels/GameViewModel+GameOver.swift /Users/alex/.codex/worktrees/naval-exploration/Settlers/Settlers/ViewModels/GameViewModel+Ghosts.swift /Users/alex/.codex/worktrees/naval-exploration/Settlers/Settlers/ViewModels/GameViewModel+HumanTradeOffers.swift /Users/alex/.codex/worktrees/naval-exploration/Settlers/Settlers/ViewModels/GameViewModel+OpponentProfiles.swift /Users/alex/.codex/worktrees/naval-exploration/Settlers/Settlers/ViewModels/GameViewModel+Policies.swift /Users/alex/.codex/worktrees/naval-exploration/Settlers/Settlers/Testing/GameViewModel+QABoardDecision.swift /Users/alex/.codex/worktrees/naval-exploration/Settlers/Settlers/Testing/GameViewModel+QACompleteMatch.swift /Users/alex/.codex/worktrees/naval-exploration/Settlers/Settlers/Testing/GameViewModel+QAConquest.swift /Users/alex/.codex/worktrees/naval-exploration/Settlers/Settlers/Testing/GameViewModel+QADevCards.swift /Users/alex/.codex/worktrees/naval-exploration/Settlers/Settlers/Testing/GameViewModel+QADiscard.swift /Users/alex/.codex/worktrees/naval-exploration/Settlers/Settlers/Testing/GameViewModel+QAFeedback.swift /Users/alex/.codex/worktrees/naval-exploration/Settlers/Settlers/Testing/GameViewModel+QANaval.swift /Users/alex/.codex/worktrees/naval-exploration/Settlers/Settlers/Testing/GameViewModel+QAProduction.swift /Users/alex/.codex/worktrees/naval-exploration/Settlers/Settlers/Testing/GameViewModel+QATrade.swift /Users/alex/.codex/worktrees/naval-exploration/Settlers/Settlers/Testing/GameViewModel+QAVast.swift /Users/alex/.codex/worktrees/naval-exploration/Settlers/Settlers/ViewModels/GameViewModel+Recovery.swift /Users/alex/.codex/worktrees/naval-exploration/Settlers/Settlers/ViewModels/GameViewModel.swift /Users/alex/.codex/worktrees/naval-exploration/Settlers/Settlers/Models/GameplayFeedback.swift /Users/alex/.codex/worktrees/naval-exploration/Settlers/Settlers/Views/GameplayFeedbackView.swift /Users/alex/.codex/worktrees/naval-exploration/Settlers/Settlers/Views/GhostPickerPopup.swift /Users/alex/.codex/worktrees/naval-exploration/Settlers/Settlers/Persistence/GhostStore.swift /Users/alex/.codex/worktrees/naval-exploration/Settlers/Settlers/ViewModels/GhostTrainer.swift /Users/alex/.codex/worktrees/naval-exploration/Settlers/Settlers/Views/GoldRowButton.swift /Users/alex/.codex/worktrees/naval-exploration/Settlers/Settlers/Views/Board/HexGeometry.swift /Users/alex/.codex/worktrees/naval-exploration/Settlers/Settlers/Views/HowToPlayContent.swift /Users/alex/.codex/worktrees/naval-exploration/Settlers/Settlers/Views/HowToPlayIllustration.swift /Users/alex/.codex/worktrees/naval-exploration/Settlers/Settlers/Views/HowToPlayView.swift /Users/alex/.codex/worktrees/naval-exploration/Settlers/Settlers/Persistence/HumanSeatStore.swift /Users/alex/.codex/worktrees/naval-exploration/Settlers/Settlers/Models/HumanTradeOfferPolicy.swift /Users/alex/.codex/worktrees/naval-exploration/Settlers/Settlers/Views/InGameSettingsView.swift /Users/alex/.codex/worktrees/naval-exploration/Settlers/Settlers/Views/IncomingTradeCardView.swift /Users/alex/.codex/worktrees/naval-exploration/Settlers/Settlers/Views/LadderNameEntry.swift /Users/alex/.codex/worktrees/naval-exploration/Settlers/Settlers/Models/Leaderboard.swift /Users/alex/.codex/worktrees/naval-exploration/Settlers/Settlers/Views/LeaderboardView.swift /Users/alex/.codex/worktrees/naval-exploration/Settlers/Settlers/Sync/LiveSync.swift /Users/alex/.codex/worktrees/naval-exploration/Settlers/Settlers/Views/MainMenuView.swift /Users/alex/.codex/worktrees/naval-exploration/Settlers/Settlers/Persistence/MatchCheckpointMigration.swift /Users/alex/.codex/worktrees/naval-exploration/Settlers/Settlers/Persistence/MatchCheckpointStore.swift /Users/alex/.codex/worktrees/naval-exploration/Settlers/Settlers/ViewModels/MatchPersistenceTransaction.swift /Users/alex/.codex/worktrees/naval-exploration/Settlers/Settlers/Views/MatchSettingHelpView.swift /Users/alex/.codex/worktrees/naval-exploration/Settlers/Settlers/Persistence/MatchSetup.swift /Users/alex/.codex/worktrees/naval-exploration/Settlers/Settlers/Views/NavalAdvancedSettingsView.swift /Users/alex/.codex/worktrees/naval-exploration/Settlers/Settlers/Views/Board/NavalArtwork.swift /Users/alex/.codex/worktrees/naval-exploration/Settlers/Settlers/Views/Board/NavalBoardInteractions.swift /Users/alex/.codex/worktrees/naval-exploration/Settlers/Settlers/Views/Board/NavalMistDrawing.swift /Users/alex/.codex/worktrees/naval-exploration/Settlers/Settlers/Testing/NavalQAFixture.swift /Users/alex/.codex/worktrees/naval-exploration/Settlers/Settlers/Views/NavalResourceChoiceView.swift /Users/alex/.codex/worktrees/naval-exploration/Settlers/Settlers/Views/Board/NavalSeaDrawing.swift /Users/alex/.codex/worktrees/naval-exploration/Settlers/Settlers/Views/NavalSetupOptionsView.swift /Users/alex/.codex/worktrees/naval-exploration/Settlers/Settlers/Views/Board/NavalVisualNoise.swift /Users/alex/.codex/worktrees/naval-exploration/Settlers/Settlers/Views/NewGameSetupView.swift /Users/alex/.codex/worktrees/naval-exploration/Settlers/Settlers/Models/OpponentProfile.swift /Users/alex/.codex/worktrees/naval-exploration/Settlers/Settlers/Persistence/PacingPreferences.swift /Users/alex/.codex/worktrees/naval-exploration/Settlers/Settlers/Views/PaintedChromeBackground.swift /Users/alex/.codex/worktrees/naval-exploration/Settlers/Settlers/Persistence/PlayerDirectory.swift /Users/alex/.codex/worktrees/naval-exploration/Settlers/Settlers/Views/PlayerHUDView.swift /Users/alex/.codex/worktrees/naval-exploration/Settlers/Settlers/Theme/PlayerIdentity.swift /Users/alex/.codex/worktrees/naval-exploration/Settlers/Settlers/Persistence/PlayerNameStore.swift /Users/alex/.codex/worktrees/naval-exploration/Settlers/Settlers/Testing/QAGameHistoryFixture.swift /Users/alex/.codex/worktrees/naval-exploration/Settlers/Settlers/QALaunchFlag.swift /Users/alex/.codex/worktrees/naval-exploration/Settlers/Settlers/Views/RadarChartView.swift /Users/alex/.codex/worktrees/naval-exploration/Settlers/Settlers/Views/RatedEntityDetailView.swift /Users/alex/.codex/worktrees/naval-exploration/Settlers/Settlers/Persistence/RatingStore.swift /Users/alex/.codex/worktrees/naval-exploration/Settlers/Settlers/ViewModels/ReplayExportModel.swift /Users/alex/.codex/worktrees/naval-exploration/Settlers/Settlers/Models/ReplayExportPresentation.swift /Users/alex/.codex/worktrees/naval-exploration/Settlers/Settlers/Models/ReplayExportSequence.swift /Users/alex/.codex/worktrees/naval-exploration/Settlers/Settlers/Views/ReplayExportSheet.swift /Users/alex/.codex/worktrees/naval-exploration/Settlers/Settlers/Services/ReplayMovieWriter.swift /Users/alex/.codex/worktrees/naval-exploration/Settlers/Settlers/Models/ReplayVideoExport.swift /Users/alex/.codex/worktrees/naval-exploration/Settlers/Settlers/Services/ReplayVideoExporter.swift /Users/alex/.codex/worktrees/naval-exploration/Settlers/Settlers/Views/ReplayVideoFrameView.swift /Users/alex/.codex/worktrees/naval-exploration/Settlers/Settlers/Views/ResourceChip.swift /Users/alex/.codex/worktrees/naval-exploration/Settlers/Settlers/Models/ResourceProductionFeedback.swift /Users/alex/.codex/worktrees/naval-exploration/Settlers/Settlers/Views/ResourceProductionFeedbackView.swift /Users/alex/.codex/worktrees/naval-exploration/Settlers/Settlers/Persistence/SavedGameAvailability.swift /Users/alex/.codex/worktrees/naval-exploration/Settlers/Settlers/Views/SeatCardView.swift /Users/alex/.codex/worktrees/naval-exploration/Settlers/Settlers/Views/SeatNumberPickerPopup.swift /Users/alex/.codex/worktrees/naval-exploration/Settlers/Settlers/Persistence/SeatStatsStore.swift /Users/alex/.codex/worktrees/naval-exploration/Settlers/Settlers/Views/SettingsChrome.swift /Users/alex/.codex/worktrees/naval-exploration/Settlers/Settlers/SettlersApp.swift /Users/alex/.codex/worktrees/naval-exploration/Settlers/Settlers/Sync/SharedMatch.swift /Users/alex/.codex/worktrees/naval-exploration/Settlers/Settlers/Views/Board/TileView.swift /Users/alex/.codex/worktrees/naval-exploration/Settlers/Settlers/Views/TopChipHeightKey.swift /Users/alex/.codex/worktrees/naval-exploration/Settlers/Settlers/Views/TradeDraftFeedback.swift /Users/alex/.codex/worktrees/naval-exploration/Settlers/Settlers/Views/TradePopupView.swift /Users/alex/.codex/worktrees/naval-exploration/Settlers/Settlers/ViewModels/TradePresentationState.swift /Users/alex/.codex/worktrees/naval-exploration/Settlers/Settlers/Views/TradeReceiptView.swift /Users/alex/.codex/worktrees/naval-exploration/Settlers/Settlers/Views/TradeResourceRow.swift /Users/alex/.codex/worktrees/naval-exploration/Settlers/Settlers/Views/TradeTermsView.swift /Users/alex/.codex/worktrees/naval-exploration/Settlers/Settlers/Testing/UITestBootstrap.swift /Users/alex/.codex/worktrees/naval-exploration/Settlers/Settlers/Views/UniformActionButton.swift /Users/alex/.codex/worktrees/naval-exploration/Settlers/Settlers/Models/VictoryPointBreakdown.swift /Users/alex/Library/Developer/Xcode/DerivedData/Settlers-bqwdcayamsmaxsekctdqetlegmaf/Build/Intermediates.noindex/ArchiveIntermediates/Settlers/IntermediateBuildFilesPath/Settlers.build/Release-iphoneos/Settlers.build/DerivedSources/GeneratedAssetSymbols.swift /Applications/Xcode.app/Contents/Developer/Toolchains/XcodeDefault.xctoolchain/usr/lib/swift/iphoneos/prebuilt-modules/26.5/CoreGraphics.swiftmodule/arm64e-apple-ios.swiftmodule /Applications/Xcode.app/Contents/Developer/Toolchains/XcodeDefault.xctoolchain/usr/lib/swift/iphoneos/prebuilt-modules/26.5/_Builtin_float.swiftmodule/arm64e-apple-ios.swiftmodule /Applications/Xcode.app/Contents/Developer/Toolchains/XcodeDefault.xctoolchain/usr/lib/swift/iphoneos/prebuilt-modules/26.5/TipKit.swiftmodule/arm64e-apple-ios.swiftmodule /Applications/Xcode.app/Contents/Developer/Toolchains/XcodeDefault.xctoolchain/usr/lib/swift/iphoneos/prebuilt-modules/26.5/AVFoundation.swiftmodule/arm64e-apple-ios.swiftmodule /Applications/Xcode.app/Contents/Developer/Toolchains/XcodeDefault.xctoolchain/usr/lib/swift/iphoneos/prebuilt-modules/26.5/_AVKit_SwiftUI.swiftmodule/arm64e-apple-ios.swiftmodule /Applications/Xcode.app/Contents/Developer/Toolchains/XcodeDefault.xctoolchain/usr/lib/swift/iphoneos/prebuilt-modules/26.5/CoreImage.swiftmodule/arm64e-apple-ios.swiftmodule /Applications/Xcode.app/Contents/Developer/Toolchains/XcodeDefault.xctoolchain/usr/lib/swift/iphoneos/prebuilt-modules/26.5/Foundation.swiftmodule/arm64e-apple-ios.swiftmodule /Applications/Xcode.app/Contents/Developer/Toolchains/XcodeDefault.xctoolchain/usr/lib/swift/iphoneos/prebuilt-modules/26.5/Combine.swiftmodule/arm64e-apple-ios.swiftmodule /Applications/Xcode.app/Contents/Developer/Toolchains/XcodeDefault.xctoolchain/usr/lib/swift/iphoneos/prebuilt-modules/26.5/Spatial.swiftmodule/arm64e-apple-ios.swiftmodule /Applications/Xcode.app/Contents/Developer/Toolchains/XcodeDefault.xctoolchain/usr/lib/swift/iphoneos/prebuilt-modules/26.5/DataDetection.swiftmodule/arm64e-apple-ios.swiftmodule /Applications/Xcode.app/Contents/Developer/Toolchains/XcodeDefault.xctoolchain/usr/lib/swift/iphoneos/prebuilt-modules/26.5/FileProvider.swiftmodule/arm64e-apple-ios.swiftmodule /Users/alex/Library/Developer/Xcode/DerivedData/Settlers-bqwdcayamsmaxsekctdqetlegmaf/Build/Intermediates.noindex/ArchiveIntermediates/Settlers/BuildProductsPath/Release-iphoneos/CatanEngine.swiftmodule/arm64-apple-ios.swiftmodule /Applications/Xcode.app/Contents/Developer/Toolchains/XcodeDefault.xctoolchain/usr/lib/swift/iphoneos/prebuilt-modules/26.5/CoreMedia.swiftmodule/arm64e-apple-ios.swiftmodule /Applications/Xcode.app/Contents/Developer/Toolchains/XcodeDefault.xctoolchain/usr/lib/swift/iphoneos/prebuilt-modules/26.5/CoreVideo.swiftmodule/arm64e-apple-ios.swiftmodule /Applications/Xcode.app/Contents/Developer/Toolchains/XcodeDefault.xctoolchain/usr/lib/swift/iphoneos/prebuilt-modules/26.5/Accessibility.swiftmodule/arm64e-apple-ios.swiftmodule /Applications/Xcode.app/Contents/Developer/Toolchains/XcodeDefault.xctoolchain/usr/lib/swift/iphoneos/prebuilt-modules/26.5/Symbols.swiftmodule/arm64e-apple-ios.swiftmodule /Applications/Xcode.app/Contents/Developer/Toolchains/XcodeDefault.xctoolchain/usr/lib/swift/iphoneos/prebuilt-modules/26.5/Dispatch.swiftmodule/arm64e-apple-ios.swiftmodule /Applications/Xcode.app/Contents/Developer/Toolchains/XcodeDefault.xctoolchain/usr/lib/swift/iphoneos/prebuilt-modules/26.5/_DarwinFoundation1.swiftmodule/arm64e-apple-ios.swiftmodule /Applications/Xcode.app/Contents/Developer/Toolchains/XcodeDefault.xctoolchain/usr/lib/swift/iphoneos/prebuilt-modules/26.5/AVKit.swiftmodule/arm64e-apple-ios.swiftmodule /Applications/Xcode.app/Contents/Developer/Toolchains/XcodeDefault.xctoolchain/usr/lib/swift/iphoneos/prebuilt-modules/26.5/_DarwinFoundation3.swiftmodule/arm64e-apple-ios.swiftmodule /Applications/Xcode.app/Contents/Developer/Toolchains/XcodeDefault.xctoolchain/usr/lib/swift/iphoneos/prebuilt-modules/26.5/CoreTransferable.swiftmodule/arm64e-apple-ios.swiftmodule /Applications/Xcode.app/Contents/Developer/Toolchains/XcodeDefault.xctoolchain/usr/lib/swift/iphoneos/prebuilt-modules/26.5/_StringProcessing.swiftmodule/arm64e-apple-ios.swiftmodule /Applications/Xcode.app/Contents/Developer/Toolchains/XcodeDefault.xctoolchain/usr/lib/swift/iphoneos/prebuilt-modules/26.5/_Concurrency.swiftmodule/arm64e-apple-ios.swiftmodule /Applications/Xcode.app/Contents/Developer/Toolchains/XcodeDefault.xctoolchain/usr/lib/swift/iphoneos/prebuilt-modules/26.5/_DarwinFoundation2.swiftmodule/arm64e-apple-ios.swiftmodule /Applications/Xcode.app/Contents/Developer/Toolchains/XcodeDefault.xctoolchain/usr/lib/swift/iphoneos/prebuilt-modules/26.5/UIKit.swiftmodule/arm64e-apple-ios.swiftmodule /Applications/Xcode.app/Contents/Developer/Toolchains/XcodeDefault.xctoolchain/usr/lib/swift/iphoneos/prebuilt-modules/26.5/AudioToolbox.swiftmodule/arm64e-apple-ios.swiftmodule /Applications/Xcode.app/Contents/Developer/Toolchains/XcodeDefault.xctoolchain/usr/lib/swift/iphoneos/prebuilt-modules/26.5/Distributed.swiftmodule/arm64e-apple-ios.swiftmodule /Applications/Xcode.app/Contents/Developer/Toolchains/XcodeDefault.xctoolchain/usr/lib/swift/iphoneos/prebuilt-modules/26.5/CloudKit.swiftmodule/arm64e-apple-ios.swiftmodule /Applications/Xcode.app/Contents/Developer/Toolchains/XcodeDefault.xctoolchain/usr/lib/swift/iphoneos/prebuilt-modules/26.5/QuartzCore.swiftmodule/arm64e-apple-ios.swiftmodule /Applications/Xcode.app/Contents/Developer/Toolchains/XcodeDefault.xctoolchain/usr/lib/swift/iphoneos/prebuilt-modules/26.5/System.swiftmodule/arm64e-apple-ios.swiftmodule /Applications/Xcode.app/Contents/Developer/Toolchains/XcodeDefault.xctoolchain/usr/lib/swift/iphoneos/prebuilt-modules/26.5/simd.swiftmodule/arm64e-apple-ios.swiftmodule /Applications/Xcode.app/Contents/Developer/Toolchains/XcodeDefault.xctoolchain/usr/lib/swift/iphoneos/prebuilt-modules/26.5/Metal.swiftmodule/arm64e-apple-ios.swiftmodule /Users/alex/Library/Developer/Xcode/DerivedData/Settlers-bqwdcayamsmaxsekctdqetlegmaf/Build/Intermediates.noindex/ArchiveIntermediates/Settlers/BuildProductsPath/Release-iphoneos/CatanAI.swiftmodule/arm64-apple-ios.swiftmodule /Applications/Xcode.app/Contents/Developer/Toolchains/XcodeDefault.xctoolchain/usr/lib/swift/iphoneos/prebuilt-modules/26.5/ObjectiveC.swiftmodule/arm64e-apple-ios.swiftmodule /Applications/Xcode.app/Contents/Developer/Toolchains/XcodeDefault.xctoolchain/usr/lib/swift/iphoneos/prebuilt-modules/26.5/AVFAudio.swiftmodule/arm64e-apple-ios.swiftmodule /Applications/Xcode.app/Contents/Developer/Toolchains/XcodeDefault.xctoolchain/usr/lib/swift/iphoneos/prebuilt-modules/26.5/SwiftUI.swiftmodule/arm64e-apple-ios.swiftmodule /Applications/Xcode.app/Contents/Developer/Toolchains/XcodeDefault.xctoolchain/usr/lib/swift/iphoneos/prebuilt-modules/26.5/MediaAccessibility.swiftmodule/arm64e-apple-ios.swiftmodule /Applications/Xcode.app/Contents/Developer/Toolchains/XcodeDefault.xctoolchain/usr/lib/swift/iphoneos/prebuilt-modules/26.5/Observation.swiftmodule/arm64e-apple-ios.swiftmodule /Applications/Xcode.app/Contents/Developer/Toolchains/XcodeDefault.xctoolchain/usr/lib/swift/iphoneos/prebuilt-modules/26.5/CoreFoundation.swiftmodule/arm64e-apple-ios.swiftmodule /Applications/Xcode.app/Contents/Developer/Toolchains/XcodeDefault.xctoolchain/usr/lib/swift/iphoneos/prebuilt-modules/26.5/SwiftUICore.swiftmodule/arm64e-apple-ios.swiftmodule /Applications/Xcode.app/Contents/Developer/Toolchains/XcodeDefault.xctoolchain/usr/lib/swift/iphoneos/prebuilt-modules/26.5/UniformTypeIdentifiers.swiftmodule/arm64e-apple-ios.swiftmodule /Applications/Xcode.app/Contents/Developer/Toolchains/XcodeDefault.xctoolchain/usr/lib/swift/iphoneos/prebuilt-modules/26.5/Swift.swiftmodule/arm64e-apple-ios.swiftmodule /Applications/Xcode.app/Contents/Developer/Toolchains/XcodeDefault.xctoolchain/usr/lib/swift/iphoneos/prebuilt-modules/26.5/CoreData.swiftmodule/arm64e-apple-ios.swiftmodule /Applications/Xcode.app/Contents/Developer/Toolchains/XcodeDefault.xctoolchain/usr/lib/swift/iphoneos/prebuilt-modules/26.5/CoreAudio.swiftmodule/arm64e-apple-ios.swiftmodule /Applications/Xcode.app/Contents/Developer/Toolchains/XcodeDefault.xctoolchain/usr/lib/swift/iphoneos/prebuilt-modules/26.5/XPC.swiftmodule/arm64e-apple-ios.swiftmodule /Applications/Xcode.app/Contents/Developer/Toolchains/XcodeDefault.xctoolchain/usr/lib/swift/iphoneos/prebuilt-modules/26.5/CoreMIDI.swiftmodule/arm64e-apple-ios.swiftmodule /Applications/Xcode.app/Contents/Developer/Toolchains/XcodeDefault.xctoolchain/usr/lib/swift/iphoneos/prebuilt-modules/26.5/DeveloperToolsSupport.swiftmodule/arm64e-apple-ios.swiftmodule /Applications/Xcode.app/Contents/Developer/Toolchains/XcodeDefault.xctoolchain/usr/lib/swift/iphoneos/prebuilt-modules/26.5/CoreLocation.swiftmodule/arm64e-apple-ios.swiftmodule /Applications/Xcode.app/Contents/Developer/Toolchains/XcodeDefault.xctoolchain/usr/lib/swift/iphoneos/prebuilt-modules/26.5/Network.swiftmodule/arm64e-apple-ios.swiftmodule /Applications/Xcode.app/Contents/Developer/Toolchains/XcodeDefault.xctoolchain/usr/lib/swift/iphoneos/prebuilt-modules/26.5/OSLog.swiftmodule/arm64e-apple-ios.swiftmodule /Applications/Xcode.app/Contents/Developer/Toolchains/XcodeDefault.xctoolchain/usr/lib/swift/iphoneos/prebuilt-modules/26.5/Synchronization.swiftmodule/arm64e-apple-ios.swiftmodule /Applications/Xcode.app/Contents/Developer/Toolchains/XcodeDefault.xctoolchain/usr/lib/swift/iphoneos/prebuilt-modules/26.5/CoreText.swiftmodule/arm64e-apple-ios.swiftmodule /Applications/Xcode.app/Contents/Developer/Toolchains/XcodeDefault.xctoolchain/usr/lib/swift/iphoneos/prebuilt-modules/26.5/Darwin.swiftmodule/arm64e-apple-ios.swiftmodule /Applications/Xcode.app/Contents/Developer/Toolchains/XcodeDefault.xctoolchain/usr/lib/swift/iphoneos/prebuilt-modules/26.5/os.swiftmodule/arm64e-apple-ios.swiftmodule /Users/alex/Library/Developer/Xcode/DerivedData/ModuleCache.noindex/os-6TOHG4UBAG69GD9R8E5CGMXD4.pcm /Users/alex/Library/Developer/Xcode/DerivedData/ModuleCache.noindex/Spatial-EJA0JFQEVGTY3LHW0ZHHR1TUT.pcm /Users/alex/Library/Developer/Xcode/DerivedData/ModuleCache.noindex/CoreTransferable-CAGUOPSOB0RV9JY8NDVH93AH5.pcm /Users/alex/Library/Developer/Xcode/DerivedData/ModuleCache.noindex/QuartzCore-B69S126NA3UIVPX9C78G06JYB.pcm /Users/alex/Library/Developer/Xcode/DerivedData/ModuleCache.noindex/DeveloperToolsSupport-A823BV2BU9JARIFDGODF4PP8O.pcm /Users/alex/Library/Developer/Xcode/DerivedData/ModuleCache.noindex/_DarwinFoundation2-286A5LNR1NRSZUGDSQQ4RUIOL.pcm /Users/alex/Library/Developer/Xcode/DerivedData/ModuleCache.noindex/CoreGraphics-7SP1VH9NPA2NTL1LRS00SCWSR.pcm /Users/alex/Library/Developer/Xcode/DerivedData/ModuleCache.noindex/_Builtin_tgmath-EPR854B7M62PJ9O6VF6FC0KIX.pcm /Users/alex/Library/Developer/Xcode/DerivedData/ModuleCache.noindex/_Builtin_inttypes-BW7WP3B7WWYHMAI3J7LUNX73E.pcm /Users/alex/Library/Developer/Xcode/DerivedData/ModuleCache.noindex/_DarwinFoundation3-797EJY908Y5A3HLOC120KZGD0.pcm /Users/alex/Library/Developer/Xcode/DerivedData/ModuleCache.noindex/OpenGLES-6R0D7VE37VDA0RER9MINNQYZ.pcm /Users/alex/Library/Developer/Xcode/DerivedData/ModuleCache.noindex/ptrcheck-C58MNMT7YKW7H7EYYX8V8WLZM.pcm /Users/alex/Library/Developer/Xcode/DerivedData/ModuleCache.noindex/CoreVideo-743Y9GWVVQI7XLQAHTWXR0YKS.pcm /Users/alex/Library/Developer/Xcode/DerivedData/ModuleCache.noindex/_Builtin_stdbool-4NOEJP7MXQWJKDH13UDBTT85T.pcm /Users/alex/Library/Developer/Xcode/DerivedData/ModuleCache.noindex/_Builtin_stddef-BM87N8NLD14A5JNTVZG8YQWI5.pcm /Users/alex/Library/Developer/Xcode/DerivedData/ModuleCache.noindex/CFNetwork-BPN0AAF4SR5MW71OQD9NOH55O.pcm /Users/alex/Library/Developer/Xcode/DerivedData/ModuleCache.noindex/_DarwinFoundation1-94PE4EDOIHW8UKXIGKODBQXZ7.pcm /Users/alex/Library/Developer/Xcode/DerivedData/ModuleCache.noindex/IOSurface-9ATLX0MNBLTRL8YKR76W55N7Q.pcm /Users/alex/Library/Developer/Xcode/DerivedData/ModuleCache.noindex/_Builtin_limits-9LQUFLQDYB9ZSVUE7NSOGSZXM.pcm /Users/alex/Library/Developer/Xcode/DerivedData/ModuleCache.noindex/XPC-ER42E6VQEK5ANFKGTFU450ASK.pcm /Users/alex/Library/Developer/Xcode/DerivedData/ModuleCache.noindex/dnssd-85UUF4WH8J24RLU6CNS5QUHKW.pcm /Users/alex/Library/Developer/Xcode/DerivedData/ModuleCache.noindex/UserNotifications-59RE26BCQBJJH2T5XUVKQQTD8.pcm /Users/alex/Library/Developer/Xcode/DerivedData/ModuleCache.noindex/AVFoundation-DTW0TN8PFEWB4Z43DDTEUVJIL.pcm /Users/alex/Library/Developer/Xcode/DerivedData/ModuleCache.noindex/AVKit-WO8KDXUOO4OHBUB3MOWFRATE.pcm /Users/alex/Library/Developer/Xcode/DerivedData/ModuleCache.noindex/_Builtin_stdint-A7G8DCEFY3G3QFG9L6FTIAH7B.pcm /Users/alex/Library/Developer/Xcode/DerivedData/ModuleCache.noindex/CoreMIDI-3FEX2FG20MBTCBXX24QJ754RE.pcm /Users/alex/Library/Developer/Xcode/DerivedData/ModuleCache.noindex/CoreImage-57YKW9JK1D0JAYJXVE0EKI2EF.pcm /Users/alex/Library/Developer/Xcode/DerivedData/ModuleCache.noindex/_Builtin_intrinsics-1W5ALHT2B2MTS8UBI2I0VGXH2.pcm /Users/alex/Library/Developer/Xcode/DerivedData/ModuleCache.noindex/CoreFoundation-24864K761ETNIX1ETTR3L3CDO.pcm /Users/alex/Library/Developer/Xcode/DerivedData/ModuleCache.noindex/_AvailabilityInternal-A7NJH9YI7KN0PDVERWKRS4FG3.pcm /Users/alex/Library/Developer/Xcode/DerivedData/ModuleCache.noindex/os_object-2X60U2U8K42AM8DBET2E8NQAV.pcm /Users/alex/Library/Developer/Xcode/DerivedData/ModuleCache.noindex/SwiftUI-CV51SQ0P8G9QHVB5OESJU50N7.pcm /Users/alex/Library/Developer/Xcode/DerivedData/ModuleCache.noindex/SwiftUICore-8BPNJBAYUFHO4OUPS5LML2FON.pcm /Users/alex/Library/Developer/Xcode/DerivedData/ModuleCache.noindex/CoreText-9UBQ38Y6AFJ4QX2ALO0VCGIKE.pcm /Users/alex/Library/Developer/Xcode/DerivedData/ModuleCache.noindex/_Builtin_stdatomic-EUKC4SUX9652B96AK935X9UUU.pcm /Users/alex/Library/Developer/Xcode/DerivedData/ModuleCache.noindex/_LocationEssentials-BBE6DVUDEGAKCJUP4Z8O3HHTO.pcm /Users/alex/Library/Developer/Xcode/DerivedData/ModuleCache.noindex/_Builtin_float-7TO1DL2M0KTP4WOY6UDR9FQ2L.pcm /Users/alex/Library/Developer/Xcode/DerivedData/ModuleCache.noindex/AVRouting-6MPB8U4ZLL34SJKSD7URDHIBJ.pcm /Users/alex/Library/Developer/Xcode/DerivedData/ModuleCache.noindex/Metal-CJY1A4Z2D2HGBGWD9I21YHSIR.pcm /Users/alex/Library/Developer/Xcode/DerivedData/ModuleCache.noindex/Security-8HNBW9J6FJ5CG40C5DHM4LWUI.pcm /Users/alex/Library/Developer/Xcode/DerivedData/ModuleCache.noindex/MediaAccessibility-CZ6V26G1R2E6MR6SR9F2HBUC1.pcm /Users/alex/Library/Developer/Xcode/DerivedData/ModuleCache.noindex/_Builtin_stdarg-58QNC8L8E16UT4R0FWY029XIS.pcm /Users/alex/Library/Developer/Xcode/DerivedData/ModuleCache.noindex/Darwin-AD8A2IYLEYI5GIG5IDLAQ82NV.pcm /Users/alex/Library/Developer/Xcode/DerivedData/ModuleCache.noindex/CoreData-56W01VZ6PCF9MQ8SR1CKZA5KR.pcm /Users/alex/Library/Developer/Xcode/DerivedData/ModuleCache.noindex/UIKit-6RNYPIQ0BDX58VX3DAK46XEQV.pcm /Users/alex/Library/Developer/Xcode/DerivedData/ModuleCache.noindex/Foundation-3BT5H12QQB62JZLAI4DIU44PD.pcm /Users/alex/Library/Developer/Xcode/DerivedData/ModuleCache.noindex/MediaToolbox-7FESRNX2OMSP289YCB740SU3N.pcm /Users/alex/Library/Developer/Xcode/DerivedData/ModuleCache.noindex/CloudKit-7E6K4TMYM179VB7Y911YZHDOA.pcm /Users/alex/Library/Developer/Xcode/DerivedData/ModuleCache.noindex/AudioToolbox-1BI16325JNBYD5MT3N4RTP7IX.pcm /Users/alex/Library/Developer/Xcode/DerivedData/ModuleCache.noindex/UIUtilities-AGZFYSE0Q1VXO8MH6DXKPF85W.pcm /Users/alex/Library/Developer/Xcode/DerivedData/ModuleCache.noindex/CoreAudio-BSEWIIJFBOBNJDHJB2TM3YZET.pcm /Users/alex/Library/Developer/Xcode/DerivedData/ModuleCache.noindex/simd-1IY3RUDQLR5VUIV1AXYSBYDBO.pcm /Users/alex/Library/Developer/Xcode/DerivedData/ModuleCache.noindex/Symbols-3OQTRH7Z5RBR8FCLKZVCFELJE.pcm /Users/alex/Library/Developer/Xcode/DerivedData/ModuleCache.noindex/MachO-EPIBXKEQFVGYHLN70L0B5AIT9.pcm /Users/alex/Library/Developer/Xcode/DerivedData/ModuleCache.noindex/os_workgroup-8F3GBPK5UKPFVMQUXPM8L9PH2.pcm /Users/alex/Library/Developer/Xcode/DerivedData/ModuleCache.noindex/FileProvider-DL0FKKYWMR5TWU3MW8FASCVHN.pcm /Users/alex/Library/Developer/Xcode/DerivedData/ModuleCache.noindex/ptrauth-B442JUWTF96MK9CKKQQ1RN9J6.pcm /Users/alex/Library/Developer/Xcode/DerivedData/ModuleCache.noindex/OSLog-C2EB6RM1OEG6UOMQ8I7K1Q8CC.pcm /Users/alex/Library/Developer/Xcode/DerivedData/ModuleCache.noindex/ObjectiveC-DTOZDPKOFXC5CHF7RO4YU0473.pcm /Users/alex/Library/Developer/Xcode/DerivedData/ModuleCache.noindex/Accessibility-2E3RQFFW22G5HONZ2SQL7QNB2.pcm /Users/alex/Library/Developer/Xcode/DerivedData/ModuleCache.noindex/sys_types-CNW4XTTKFJHLFYCRNXCORAIFP.pcm /Users/alex/Library/Developer/Xcode/DerivedData/ModuleCache.noindex/AVFAudio-E70RPF8BIHGR4GZQSNDTZUQ6L.pcm /Users/alex/Library/Developer/Xcode/DerivedData/ModuleCache.noindex/CoreLocation-DKO95B1U2GT5NTS8I28QKESS1.pcm /Users/alex/Library/Developer/Xcode/DerivedData/ModuleCache.noindex/Dispatch-22ASYLI3P76M064LFH7FGUMCP.pcm /Users/alex/Library/Developer/Xcode/DerivedData/ModuleCache.noindex/CoreAudioTypes-59ZYE2VO6POOYWB4PTG1XWS9Q.pcm /Users/alex/Library/Developer/Xcode/DerivedData/ModuleCache.noindex/_SwiftConcurrencyShims-BDTETX22Z5YPDVLEZLNZKBI1Q.pcm /Users/alex/Library/Developer/Xcode/DerivedData/ModuleCache.noindex/CoreMedia-EXGBJRQRXDRLYAGCJN5Y54W3J.pcm /Users/alex/Library/Developer/Xcode/DerivedData/ModuleCache.noindex/SwiftShims-6JY0R7NX0P5JT0ZPABQ75YRL5.pcm /Users/alex/Library/Developer/Xcode/DerivedData/ModuleCache.noindex/Network-5UJROQ1HADVGFRTOGM98E3361.pcm /Users/alex/Library/Developer/Xcode/DerivedData/ModuleCache.noindex/ImageIO-7G98ZLWTC56AMWKXRYAHG7XAI.pcm /Users/alex/Library/Developer/Xcode/DerivedData/ModuleCache.noindex/DataDetection-AZ6INJQJNW23M2IKIS3J6VYX5.pcm /Users/alex/Library/Developer/Xcode/DerivedData/ModuleCache.noindex/UniformTypeIdentifiers-88Y0E33B5Z5UNYCXOSULMMKAM.pcm /Users/alex/Library/Developer/Xcode/DerivedData/Settlers-bqwdcayamsmaxsekctdqetlegmaf/Build/Intermediates.noindex/ArchiveIntermediates/Settlers/IntermediateBuildFilesPath/Settlers.build/Release-iphoneos/Settlers.build/Objects-normal/arm64/Settlers-dependencies-1.json (in target 'Settlers' from project 'Settlers')
CompileSwift normal arm64 (in target 'Settlers' from project 'Settlers')
    cd /Users/alex/.codex/worktrees/naval-exploration/Settlers
    

SwiftDriver\ Compilation Settlers normal arm64 com.apple.xcode.tools.swift.compiler (in target 'Settlers' from project 'Settlers')
    cd /Users/alex/.codex/worktrees/naval-exploration/Settlers
    builtin-Swift-Compilation -- /Applications/Xcode.app/Contents/Developer/Toolchains/XcodeDefault.xctoolchain/usr/bin/swiftc -module-name Settlers -O -whole-module-optimization @/Users/alex/Library/Developer/Xcode/DerivedData/Settlers-bqwdcayamsmaxsekctdqetlegmaf/Build/Intermediates.noindex/ArchiveIntermediates/Settlers/IntermediateBuildFilesPath/Settlers.build/Release-iphoneos/Settlers.build/Objects-normal/arm64/Settlers.SwiftFileList -driver-batch-count 2 -enable-experimental-feature DebugDescriptionMacro -sdk /Applications/Xcode.app/Contents/Developer/Platforms/iPhoneOS.platform/Developer/SDKs/iPhoneOS26.5.sdk -target arm64-apple-ios17.0 -g -module-cache-path /Users/alex/Library/Developer/Xcode/DerivedData/ModuleCache.noindex -Xfrontend -serialize-debugging-options -warnings-as-errors -swift-version 6 -I /Users/alex/Library/Developer/Xcode/DerivedData/Settlers-bqwdcayamsmaxsekctdqetlegmaf/Build/Intermediates.noindex/ArchiveIntermediates/Settlers/BuildProductsPath/Release-iphoneos -F /Users/alex/Library/Developer/Xcode/DerivedData/Settlers-bqwdcayamsmaxsekctdqetlegmaf/Build/Intermediates.noindex/ArchiveIntermediates/Settlers/BuildProductsPath/Release-iphoneos/PackageFrameworks -F /Users/alex/Library/Developer/Xcode/DerivedData/Settlers-bqwdcayamsmaxsekctdqetlegmaf/Build/Intermediates.noindex/ArchiveIntermediates/Settlers/BuildProductsPath/Release-iphoneos/PackageFrameworks -F /Users/alex/Library/Developer/Xcode/DerivedData/Settlers-bqwdcayamsmaxsekctdqetlegmaf/Build/Intermediates.noindex/ArchiveIntermediates/Settlers/BuildProductsPath/Release-iphoneos -c -num-threads 18 -Xcc -ivfsstatcache -Xcc /Users/alex/Library/Developer/Xcode/DerivedData/SDKStatCaches.noindex/iphoneos26.5-23F73-32daed1954a7d5dd0789fcaf2a9bb78b.sdkstatcache -output-file-map /Users/alex/Library/Developer/Xcode/DerivedData/Settlers-bqwdcayamsmaxsekctdqetlegmaf/Build/Intermediates.noindex/ArchiveIntermediates/Settlers/IntermediateBuildFilesPath/Settlers.build/Release-iphoneos/Settlers.build/Objects-normal/arm64/Settlers-OutputFileMap.json -use-frontend-parseable-output -save-temps -no-color-diagnostics -explicit-module-build -module-cache-path /Users/alex/Library/Developer/Xcode/DerivedData/Settlers-bqwdcayamsmaxsekctdqetlegmaf/Build/Intermediates.noindex/ArchiveIntermediates/Settlers/IntermediateBuildFilesPath/SwiftExplicitPrecompiledModules -clang-scanner-module-cache-path /Users/alex/Library/Developer/Xcode/DerivedData/ModuleCache.noindex -sdk-module-cache-path /Users/alex/Library/Developer/Xcode/DerivedData/ModuleCache.noindex -serialize-diagnostics -emit-dependencies -emit-module -emit-module-path /Users/alex/Library/Developer/Xcode/DerivedData/Settlers-bqwdcayamsmaxsekctdqetlegmaf/Build/Intermediates.noindex/ArchiveIntermediates/Settlers/IntermediateBuildFilesPath/Settlers.build/Release-iphoneos/Settlers.build/Objects-normal/arm64/Settlers.swiftmodule -validate-clang-modules-once -clang-build-session-file /Users/alex/Library/Developer/Xcode/DerivedData/ModuleCache.noindex/Session.modulevalidation -Xcc -I/Users/alex/Library/Developer/Xcode/DerivedData/Settlers-bqwdcayamsmaxsekctdqetlegmaf/Build/Intermediates.noindex/ArchiveIntermediates/Settlers/IntermediateBuildFilesPath/Settlers.build/Release-iphoneos/Settlers.build/swift-overrides.hmap -emit-const-values -Xfrontend -const-gather-protocols-file -Xfrontend /Users/alex/Library/Developer/Xcode/DerivedData/Settlers-bqwdcayamsmaxsekctdqetlegmaf/Build/Intermediates.noindex/ArchiveIntermediates/Settlers/IntermediateBuildFilesPath/Settlers.build/Release-iphoneos/Settlers.build/Objects-normal/arm64/Settlers_const_extract_protocols.json -Xcc -iquote -Xcc /Users/alex/Library/Developer/Xcode/DerivedData/Settlers-bqwdcayamsmaxsekctdqetlegmaf/Build/Intermediates.noindex/ArchiveIntermediates/Settlers/IntermediateBuildFilesPath/Settlers.build/Release-iphoneos/Settlers.build/Settlers-generated-files.hmap -Xcc -I/Users/alex/Library/Developer/Xcode/DerivedData/Settlers-bqwdcayamsmaxsekctdqetlegmaf/Build/Intermediates.noindex/ArchiveIntermediates/Settlers/IntermediateBuildFilesPath/Settlers.build/Release-iphoneos/Settlers.build/Settlers-own-target-headers.hmap -Xcc -I/Users/alex/Library/Developer/Xcode/DerivedData/Settlers-bqwdcayamsmaxsekctdqetlegmaf/Build/Intermediates.noindex/ArchiveIntermediates/Settlers/IntermediateBuildFilesPath/Settlers.build/Release-iphoneos/Settlers.build/Settlers-all-non-framework-target-headers.hmap -Xcc -ivfsoverlay -Xcc /Users/alex/Library/Developer/Xcode/DerivedData/Settlers-bqwdcayamsmaxsekctdqetlegmaf/Build/Intermediates.noindex/ArchiveIntermediates/Settlers/IntermediateBuildFilesPath/Settlers.build/Release-iphoneos/Settlers-9ad65172c434931f4eb5300f50bbe1d2-VFS-iphoneos/all-product-headers.yaml -Xcc -iquote -Xcc /Users/alex/Library/Developer/Xcode/DerivedData/Settlers-bqwdcayamsmaxsekctdqetlegmaf/Build/Intermediates.noindex/ArchiveIntermediates/Settlers/IntermediateBuildFilesPath/Settlers.build/Release-iphoneos/Settlers.build/Settlers-project-headers.hmap -Xcc -I/Users/alex/Library/Developer/Xcode/DerivedData/Settlers-bqwdcayamsmaxsekctdqetlegmaf/Build/Intermediates.noindex/ArchiveIntermediates/Settlers/BuildProductsPath/Release-iphoneos/include -Xcc -I/Users/alex/Library/Developer/Xcode/DerivedData/Settlers-bqwdcayamsmaxsekctdqetlegmaf/Build/Intermediates.noindex/ArchiveIntermediates/Settlers/IntermediateBuildFilesPath/Settlers.build/Release-iphoneos/Settlers.build/DerivedSources-normal/arm64 -Xcc -I/Users/alex/Library/Developer/Xcode/DerivedData/Settlers-bqwdcayamsmaxsekctdqetlegmaf/Build/Intermediates.noindex/ArchiveIntermediates/Settlers/IntermediateBuildFilesPath/Settlers.build/Release-iphoneos/Settlers.build/DerivedSources/arm64 -Xcc -I/Users/alex/Library/Developer/Xcode/DerivedData/Settlers-bqwdcayamsmaxsekctdqetlegmaf/Build/Intermediates.noindex/ArchiveIntermediates/Settlers/IntermediateBuildFilesPath/Settlers.build/Release-iphoneos/Settlers.build/DerivedSources -emit-objc-header -emit-objc-header-path /Users/alex/Library/Developer/Xcode/DerivedData/Settlers-bqwdcayamsmaxsekctdqetlegmaf/Build/Intermediates.noindex/ArchiveIntermediates/Settlers/IntermediateBuildFilesPath/Settlers.build/Release-iphoneos/Settlers.build/Objects-normal/arm64/Settlers-Swift.h -working-directory /Users/alex/.codex/worktrees/naval-exploration/Settlers -no-emit-module-separately-wmo

LinkAssetCatalog /Users/alex/.codex/worktrees/naval-exploration/Settlers/Settlers/Assets.xcassets (in target 'Settlers' from project 'Settlers')
    cd /Users/alex/.codex/worktrees/naval-exploration/Settlers
    builtin-linkAssetCatalog --thinned /Users/alex/Library/Developer/Xcode/DerivedData/Settlers-bqwdcayamsmaxsekctdqetlegmaf/Build/Intermediates.noindex/ArchiveIntermediates/Settlers/IntermediateBuildFilesPath/Settlers.build/Release-iphoneos/Settlers.build/assetcatalog_output/thinned --thinned-dependencies /Users/alex/Library/Developer/Xcode/DerivedData/Settlers-bqwdcayamsmaxsekctdqetlegmaf/Build/Intermediates.noindex/ArchiveIntermediates/Settlers/IntermediateBuildFilesPath/Settlers.build/Release-iphoneos/Settlers.build/assetcatalog_dependencies_thinned --thinned-info-plist-content /Users/alex/Library/Developer/Xcode/DerivedData/Settlers-bqwdcayamsmaxsekctdqetlegmaf/Build/Intermediates.noindex/ArchiveIntermediates/Settlers/IntermediateBuildFilesPath/Settlers.build/Release-iphoneos/Settlers.build/assetcatalog_generated_info.plist_thinned --unthinned /Users/alex/Library/Developer/Xcode/DerivedData/Settlers-bqwdcayamsmaxsekctdqetlegmaf/Build/Intermediates.noindex/ArchiveIntermediates/Settlers/IntermediateBuildFilesPath/Settlers.build/Release-iphoneos/Settlers.build/assetcatalog_output/unthinned --unthinned-dependencies /Users/alex/Library/Developer/Xcode/DerivedData/Settlers-bqwdcayamsmaxsekctdqetlegmaf/Build/Intermediates.noindex/ArchiveIntermediates/Settlers/IntermediateBuildFilesPath/Settlers.build/Release-iphoneos/Settlers.build/assetcatalog_dependencies_unthinned --unthinned-info-plist-content /Users/alex/Library/Developer/Xcode/DerivedData/Settlers-bqwdcayamsmaxsekctdqetlegmaf/Build/Intermediates.noindex/ArchiveIntermediates/Settlers/IntermediateBuildFilesPath/Settlers.build/Release-iphoneos/Settlers.build/assetcatalog_generated_info.plist_unthinned --output /Users/alex/Library/Developer/Xcode/DerivedData/Settlers-bqwdcayamsmaxsekctdqetlegmaf/Build/Intermediates.noindex/ArchiveIntermediates/Settlers/InstallationBuildProductsLocation/Applications/Settlers.app --plist-output /Users/alex/Library/Developer/Xcode/DerivedData/Settlers-bqwdcayamsmaxsekctdqetlegmaf/Build/Intermediates.noindex/ArchiveIntermediates/Settlers/IntermediateBuildFilesPath/Settlers.build/Release-iphoneos/Settlers.build/assetcatalog_generated_info.plist
note: Emplaced /Users/alex/Library/Developer/Xcode/DerivedData/Settlers-bqwdcayamsmaxsekctdqetlegmaf/Build/Intermediates.noindex/ArchiveIntermediates/Settlers/InstallationBuildProductsLocation/Applications/Settlers.app/Assets.car (in target 'Settlers' from project 'Settlers')
note: Emplaced /Users/alex/Library/Developer/Xcode/DerivedData/Settlers-bqwdcayamsmaxsekctdqetlegmaf/Build/Intermediates.noindex/ArchiveIntermediates/Settlers/InstallationBuildProductsLocation/Applications/Settlers.app/AppIcon60x60@2x.png (in target 'Settlers' from project 'Settlers')
note: Emplaced /Users/alex/Library/Developer/Xcode/DerivedData/Settlers-bqwdcayamsmaxsekctdqetlegmaf/Build/Intermediates.noindex/ArchiveIntermediates/Settlers/InstallationBuildProductsLocation/Applications/Settlers.app/AppIcon76x76@2x~ipad.png (in target 'Settlers' from project 'Settlers')

SetOwnerAndGroup alex:staff /Users/alex/Library/Developer/Xcode/DerivedData/Settlers-bqwdcayamsmaxsekctdqetlegmaf/Build/Intermediates.noindex/ArchiveIntermediates/Settlers/IntermediateBuildFilesPath/UninstalledProducts/iphoneos/CatanAI.o (in target 'CatanAI' from project 'CatanAI')
    cd /Users/alex/.codex/worktrees/naval-exploration/Settlers/Packages/CatanAI
    /usr/sbin/chown -RH alex:staff /Users/alex/Library/Developer/Xcode/DerivedData/Settlers-bqwdcayamsmaxsekctdqetlegmaf/Build/Intermediates.noindex/ArchiveIntermediates/Settlers/IntermediateBuildFilesPath/UninstalledProducts/iphoneos/CatanAI.o

SetMode u+w,go-w,a+rX /Users/alex/Library/Developer/Xcode/DerivedData/Settlers-bqwdcayamsmaxsekctdqetlegmaf/Build/Intermediates.noindex/ArchiveIntermediates/Settlers/IntermediateBuildFilesPath/UninstalledProducts/iphoneos/CatanAI.o (in target 'CatanAI' from project 'CatanAI')
    cd /Users/alex/.codex/worktrees/naval-exploration/Settlers/Packages/CatanAI
    /bin/chmod -RH u+w,go-w,a+rX /Users/alex/Library/Developer/Xcode/DerivedData/Settlers-bqwdcayamsmaxsekctdqetlegmaf/Build/Intermediates.noindex/ArchiveIntermediates/Settlers/IntermediateBuildFilesPath/UninstalledProducts/iphoneos/CatanAI.o

RegisterExecutionPolicyException /Users/alex/Library/Developer/Xcode/DerivedData/Settlers-bqwdcayamsmaxsekctdqetlegmaf/Build/Intermediates.noindex/ArchiveIntermediates/Settlers/IntermediateBuildFilesPath/UninstalledProducts/iphoneos/CatanAI.o (in target 'CatanAI' from project 'CatanAI')
    cd /Users/alex/.codex/worktrees/naval-exploration/Settlers/Packages/CatanAI
    builtin-RegisterExecutionPolicyException /Users/alex/Library/Developer/Xcode/DerivedData/Settlers-bqwdcayamsmaxsekctdqetlegmaf/Build/Intermediates.noindex/ArchiveIntermediates/Settlers/IntermediateBuildFilesPath/UninstalledProducts/iphoneos/CatanAI.o

ProcessInfoPlistFile /Users/alex/Library/Developer/Xcode/DerivedData/Settlers-bqwdcayamsmaxsekctdqetlegmaf/Build/Intermediates.noindex/ArchiveIntermediates/Settlers/InstallationBuildProductsLocation/Applications/Settlers.app/Info.plist /Users/alex/.codex/worktrees/naval-exploration/Settlers/Settlers/Info.plist (in target 'Settlers' from project 'Settlers')
    cd /Users/alex/.codex/worktrees/naval-exploration/Settlers
    builtin-infoPlistUtility /Users/alex/.codex/worktrees/naval-exploration/Settlers/Settlers/Info.plist -producttype com.apple.product-type.application -genpkginfo /Users/alex/Library/Developer/Xcode/DerivedData/Settlers-bqwdcayamsmaxsekctdqetlegmaf/Build/Intermediates.noindex/ArchiveIntermediates/Settlers/InstallationBuildProductsLocation/Applications/Settlers.app/PkgInfo -expandbuildsettings -format binary -platform iphoneos -additionalcontentfile /Users/alex/Library/Developer/Xcode/DerivedData/Settlers-bqwdcayamsmaxsekctdqetlegmaf/Build/Intermediates.noindex/ArchiveIntermediates/Settlers/IntermediateBuildFilesPath/Settlers.build/Release-iphoneos/Settlers.build/assetcatalog_generated_info.plist -requiredArchitecture arm64 -o /Users/alex/Library/Developer/Xcode/DerivedData/Settlers-bqwdcayamsmaxsekctdqetlegmaf/Build/Intermediates.noindex/ArchiveIntermediates/Settlers/InstallationBuildProductsLocation/Applications/Settlers.app/Info.plist

CpResource /Users/alex/Library/Developer/Xcode/DerivedData/Settlers-bqwdcayamsmaxsekctdqetlegmaf/Build/Intermediates.noindex/ArchiveIntermediates/Settlers/InstallationBuildProductsLocation/Applications/Settlers.app/jake.ghost /Users/alex/.codex/worktrees/naval-exploration/Settlers/Settlers/Resources/Ghosts/jake.ghost (in target 'Settlers' from project 'Settlers')
    cd /Users/alex/.codex/worktrees/naval-exploration/Settlers
    builtin-copy -exclude .DS_Store -exclude CVS -exclude .svn -exclude .git -exclude .hg -resolve-src-symlinks /Users/alex/.codex/worktrees/naval-exploration/Settlers/Settlers/Resources/Ghosts/jake.ghost /Users/alex/Library/Developer/Xcode/DerivedData/Settlers-bqwdcayamsmaxsekctdqetlegmaf/Build/Intermediates.noindex/ArchiveIntermediates/Settlers/InstallationBuildProductsLocation/Applications/Settlers.app

SwiftDriverJobDiscovery normal arm64 Compiling AccessibilityID.swift, ArmyHandViews.swift, ArmyPurchasePopupView.swift, BoardCamera.swift, BoardChips.swift, BoardDecisionBoardChrome.swift, BoardDecisionCoordinator.swift, BoardDecisionInteractionLayer.swift, BoardGestureRouter.swift, BoardInspectionSemantics.swift, BoardView.swift, BoardViewCamera.swift, BoardViewNaval.swift, BotDifficulty.swift, BotTurnProgress.swift, BotTurnStatusView.swift, BottomSafeInsetKey.swift, BuildPopupView.swift, CatanTheme.swift, CheckpointProcessProbe.swift, Civilization.swift, CivilizationAssignmentStore.swift, CivilizationBadge.swift, CivilizationPickerPopup.swift, CivilizationPieceShapes.swift, CivilizationSettingsStore.swift, CloudBackend.swift, CloudKitBackend.swift, ContentView.swift, CornerAccent.swift, DevCardArt.swift, DevCardDisplay.swift, DevCardInventoryView.swift, DevCardPopupView.swift, DevCardResourceChoice.swift, DevCardStyle.swift, DevelopmentCardPresentationState.swift, DiscardPopupView.swift, DiscardPresentationState.swift, Elo.swift, EndGameView.swift, GameActionPanels.swift, GameHistoryView.swift, GameLogStore.swift, GameReplayNarrator.swift, GameReplayTimeline.swift, GameReplayView.swift, GameStatsStore.swift, GameStore.swift, GameView+QA.swift, GameView.swift, GameViewLayoutSupport.swift, GameViewModel+BoardDecision.swift, GameViewModel+BotPacing.swift, GameViewModel+BotTurns.swift, GameViewModel+Checkpoints.swift, GameViewModel+Conquest.swift, GameViewModel+GameOver.swift, GameViewModel+Ghosts.swift, GameViewModel+HumanTradeOffers.swift, GameViewModel+OpponentProfiles.swift, GameViewModel+Policies.swift, GameViewModel+QABoardDecision.swift, GameViewModel+QACompleteMatch.swift, GameViewModel+QAConquest.swift, GameViewModel+QADevCards.swift, GameViewModel+QADiscard.swift, GameViewModel+QAFeedback.swift, GameViewModel+QANaval.swift, GameViewModel+QAProduction.swift, GameViewModel+QATrade.swift, GameViewModel+QAVast.swift, GameViewModel+Recovery.swift, GameViewModel.swift, GameplayFeedback.swift, GameplayFeedbackView.swift, GhostPickerPopup.swift, GhostStore.swift, GhostTrainer.swift, GoldRowButton.swift, HexGeometry.swift, HowToPlayContent.swift, HowToPlayIllustration.swift, HowToPlayView.swift, HumanSeatStore.swift, HumanTradeOfferPolicy.swift, InGameSettingsView.swift, IncomingTradeCardView.swift, LadderNameEntry.swift, Leaderboard.swift, LeaderboardView.swift, LiveSync.swift, MainMenuView.swift, MatchCheckpointMigration.swift, MatchCheckpointStore.swift, MatchPersistenceTransaction.swift, MatchSettingHelpView.swift, MatchSetup.swift, NavalAdvancedSettingsView.swift, NavalArtwork.swift, NavalBoardInteractions.swift, NavalMistDrawing.swift, NavalQAFixture.swift, NavalResourceChoiceView.swift, NavalSeaDrawing.swift, NavalSetupOptionsView.swift, NavalVisualNoise.swift, NewGameSetupView.swift, OpponentProfile.swift, PacingPreferences.swift, PaintedChromeBackground.swift, PlayerDirectory.swift, PlayerHUDView.swift, PlayerIdentity.swift, PlayerNameStore.swift, QAGameHistoryFixture.swift, QALaunchFlag.swift, RadarChartView.swift, RatedEntityDetailView.swift, RatingStore.swift, ReplayExportModel.swift, ReplayExportPresentation.swift, ReplayExportSequence.swift, ReplayExportSheet.swift, ReplayMovieWriter.swift, ReplayVideoExport.swift, ReplayVideoExporter.swift, ReplayVideoFrameView.swift, ResourceChip.swift, ResourceProductionFeedback.swift, ResourceProductionFeedbackView.swift, SavedGameAvailability.swift, SeatCardView.swift, SeatNumberPickerPopup.swift, SeatStatsStore.swift, SettingsChrome.swift, SettlersApp.swift, SharedMatch.swift, TileView.swift, TopChipHeightKey.swift, TradeDraftFeedback.swift, TradePopupView.swift, TradePresentationState.swift, TradeReceiptView.swift, TradeResourceRow.swift, TradeTermsView.swift, UITestBootstrap.swift, UniformActionButton.swift, VictoryPointBreakdown.swift, GeneratedAssetSymbols.swift (in target 'Settlers' from project 'Settlers')

SwiftDriver\ Compilation\ Requirements Settlers normal arm64 com.apple.xcode.tools.swift.compiler (in target 'Settlers' from project 'Settlers')
    cd /Users/alex/.codex/worktrees/naval-exploration/Settlers
    builtin-Swift-Compilation-Requirements -- /Applications/Xcode.app/Contents/Developer/Toolchains/XcodeDefault.xctoolchain/usr/bin/swiftc -module-name Settlers -O -whole-module-optimization @/Users/alex/Library/Developer/Xcode/DerivedData/Settlers-bqwdcayamsmaxsekctdqetlegmaf/Build/Intermediates.noindex/ArchiveIntermediates/Settlers/IntermediateBuildFilesPath/Settlers.build/Release-iphoneos/Settlers.build/Objects-normal/arm64/Settlers.SwiftFileList -driver-batch-count 2 -enable-experimental-feature DebugDescriptionMacro -sdk /Applications/Xcode.app/Contents/Developer/Platforms/iPhoneOS.platform/Developer/SDKs/iPhoneOS26.5.sdk -target arm64-apple-ios17.0 -g -module-cache-path /Users/alex/Library/Developer/Xcode/DerivedData/ModuleCache.noindex -Xfrontend -serialize-debugging-options -warnings-as-errors -swift-version 6 -I /Users/alex/Library/Developer/Xcode/DerivedData/Settlers-bqwdcayamsmaxsekctdqetlegmaf/Build/Intermediates.noindex/ArchiveIntermediates/Settlers/BuildProductsPath/Release-iphoneos -F /Users/alex/Library/Developer/Xcode/DerivedData/Settlers-bqwdcayamsmaxsekctdqetlegmaf/Build/Intermediates.noindex/ArchiveIntermediates/Settlers/BuildProductsPath/Release-iphoneos/PackageFrameworks -F /Users/alex/Library/Developer/Xcode/DerivedData/Settlers-bqwdcayamsmaxsekctdqetlegmaf/Build/Intermediates.noindex/ArchiveIntermediates/Settlers/BuildProductsPath/Release-iphoneos/PackageFrameworks -F /Users/alex/Library/Developer/Xcode/DerivedData/Settlers-bqwdcayamsmaxsekctdqetlegmaf/Build/Intermediates.noindex/ArchiveIntermediates/Settlers/BuildProductsPath/Release-iphoneos -c -num-threads 18 -Xcc -ivfsstatcache -Xcc /Users/alex/Library/Developer/Xcode/DerivedData/SDKStatCaches.noindex/iphoneos26.5-23F73-32daed1954a7d5dd0789fcaf2a9bb78b.sdkstatcache -output-file-map /Users/alex/Library/Developer/Xcode/DerivedData/Settlers-bqwdcayamsmaxsekctdqetlegmaf/Build/Intermediates.noindex/ArchiveIntermediates/Settlers/IntermediateBuildFilesPath/Settlers.build/Release-iphoneos/Settlers.build/Objects-normal/arm64/Settlers-OutputFileMap.json -use-frontend-parseable-output -save-temps -no-color-diagnostics -explicit-module-build -module-cache-path /Users/alex/Library/Developer/Xcode/DerivedData/Settlers-bqwdcayamsmaxsekctdqetlegmaf/Build/Intermediates.noindex/ArchiveIntermediates/Settlers/IntermediateBuildFilesPath/SwiftExplicitPrecompiledModules -clang-scanner-module-cache-path /Users/alex/Library/Developer/Xcode/DerivedData/ModuleCache.noindex -sdk-module-cache-path /Users/alex/Library/Developer/Xcode/DerivedData/ModuleCache.noindex -serialize-diagnostics -emit-dependencies -emit-module -emit-module-path /Users/alex/Library/Developer/Xcode/DerivedData/Settlers-bqwdcayamsmaxsekctdqetlegmaf/Build/Intermediates.noindex/ArchiveIntermediates/Settlers/IntermediateBuildFilesPath/Settlers.build/Release-iphoneos/Settlers.build/Objects-normal/arm64/Settlers.swiftmodule -validate-clang-modules-once -clang-build-session-file /Users/alex/Library/Developer/Xcode/DerivedData/ModuleCache.noindex/Session.modulevalidation -Xcc -I/Users/alex/Library/Developer/Xcode/DerivedData/Settlers-bqwdcayamsmaxsekctdqetlegmaf/Build/Intermediates.noindex/ArchiveIntermediates/Settlers/IntermediateBuildFilesPath/Settlers.build/Release-iphoneos/Settlers.build/swift-overrides.hmap -emit-const-values -Xfrontend -const-gather-protocols-file -Xfrontend /Users/alex/Library/Developer/Xcode/DerivedData/Settlers-bqwdcayamsmaxsekctdqetlegmaf/Build/Intermediates.noindex/ArchiveIntermediates/Settlers/IntermediateBuildFilesPath/Settlers.build/Release-iphoneos/Settlers.build/Objects-normal/arm64/Settlers_const_extract_protocols.json -Xcc -iquote -Xcc /Users/alex/Library/Developer/Xcode/DerivedData/Settlers-bqwdcayamsmaxsekctdqetlegmaf/Build/Intermediates.noindex/ArchiveIntermediates/Settlers/IntermediateBuildFilesPath/Settlers.build/Release-iphoneos/Settlers.build/Settlers-generated-files.hmap -Xcc -I/Users/alex/Library/Developer/Xcode/DerivedData/Settlers-bqwdcayamsmaxsekctdqetlegmaf/Build/Intermediates.noindex/ArchiveIntermediates/Settlers/IntermediateBuildFilesPath/Settlers.build/Release-iphoneos/Settlers.build/Settlers-own-target-headers.hmap -Xcc -I/Users/alex/Library/Developer/Xcode/DerivedData/Settlers-bqwdcayamsmaxsekctdqetlegmaf/Build/Intermediates.noindex/ArchiveIntermediates/Settlers/IntermediateBuildFilesPath/Settlers.build/Release-iphoneos/Settlers.build/Settlers-all-non-framework-target-headers.hmap -Xcc -ivfsoverlay -Xcc /Users/alex/Library/Developer/Xcode/DerivedData/Settlers-bqwdcayamsmaxsekctdqetlegmaf/Build/Intermediates.noindex/ArchiveIntermediates/Settlers/IntermediateBuildFilesPath/Settlers.build/Release-iphoneos/Settlers-9ad65172c434931f4eb5300f50bbe1d2-VFS-iphoneos/all-product-headers.yaml -Xcc -iquote -Xcc /Users/alex/Library/Developer/Xcode/DerivedData/Settlers-bqwdcayamsmaxsekctdqetlegmaf/Build/Intermediates.noindex/ArchiveIntermediates/Settlers/IntermediateBuildFilesPath/Settlers.build/Release-iphoneos/Settlers.build/Settlers-project-headers.hmap -Xcc -I/Users/alex/Library/Developer/Xcode/DerivedData/Settlers-bqwdcayamsmaxsekctdqetlegmaf/Build/Intermediates.noindex/ArchiveIntermediates/Settlers/BuildProductsPath/Release-iphoneos/include -Xcc -I/Users/alex/Library/Developer/Xcode/DerivedData/Settlers-bqwdcayamsmaxsekctdqetlegmaf/Build/Intermediates.noindex/ArchiveIntermediates/Settlers/IntermediateBuildFilesPath/Settlers.build/Release-iphoneos/Settlers.build/DerivedSources-normal/arm64 -Xcc -I/Users/alex/Library/Developer/Xcode/DerivedData/Settlers-bqwdcayamsmaxsekctdqetlegmaf/Build/Intermediates.noindex/ArchiveIntermediates/Settlers/IntermediateBuildFilesPath/Settlers.build/Release-iphoneos/Settlers.build/DerivedSources/arm64 -Xcc -I/Users/alex/Library/Developer/Xcode/DerivedData/Settlers-bqwdcayamsmaxsekctdqetlegmaf/Build/Intermediates.noindex/ArchiveIntermediates/Settlers/IntermediateBuildFilesPath/Settlers.build/Release-iphoneos/Settlers.build/DerivedSources -emit-objc-header -emit-objc-header-path /Users/alex/Library/Developer/Xcode/DerivedData/Settlers-bqwdcayamsmaxsekctdqetlegmaf/Build/Intermediates.noindex/ArchiveIntermediates/Settlers/IntermediateBuildFilesPath/Settlers.build/Release-iphoneos/Settlers.build/Objects-normal/arm64/Settlers-Swift.h -working-directory /Users/alex/.codex/worktrees/naval-exploration/Settlers -no-emit-module-separately-wmo

SwiftMergeGeneratedHeaders /Users/alex/Library/Developer/Xcode/DerivedData/Settlers-bqwdcayamsmaxsekctdqetlegmaf/Build/Intermediates.noindex/ArchiveIntermediates/Settlers/IntermediateBuildFilesPath/Settlers.build/Release-iphoneos/Settlers.build/DerivedSources/Settlers-Swift.h /Users/alex/Library/Developer/Xcode/DerivedData/Settlers-bqwdcayamsmaxsekctdqetlegmaf/Build/Intermediates.noindex/ArchiveIntermediates/Settlers/IntermediateBuildFilesPath/Settlers.build/Release-iphoneos/Settlers.build/Objects-normal/arm64/Settlers-Swift.h (in target 'Settlers' from project 'Settlers')
    cd /Users/alex/.codex/worktrees/naval-exploration/Settlers
    builtin-swiftHeaderTool -arch arm64 /Users/alex/Library/Developer/Xcode/DerivedData/Settlers-bqwdcayamsmaxsekctdqetlegmaf/Build/Intermediates.noindex/ArchiveIntermediates/Settlers/IntermediateBuildFilesPath/Settlers.build/Release-iphoneos/Settlers.build/Objects-normal/arm64/Settlers-Swift.h -o /Users/alex/Library/Developer/Xcode/DerivedData/Settlers-bqwdcayamsmaxsekctdqetlegmaf/Build/Intermediates.noindex/ArchiveIntermediates/Settlers/IntermediateBuildFilesPath/Settlers.build/Release-iphoneos/Settlers.build/DerivedSources/Settlers-Swift.h

Copy /Users/alex/Library/Developer/Xcode/DerivedData/Settlers-bqwdcayamsmaxsekctdqetlegmaf/Build/Intermediates.noindex/ArchiveIntermediates/Settlers/BuildProductsPath/Release-iphoneos/Settlers.swiftmodule/arm64-apple-ios.swiftmodule /Users/alex/Library/Developer/Xcode/DerivedData/Settlers-bqwdcayamsmaxsekctdqetlegmaf/Build/Intermediates.noindex/ArchiveIntermediates/Settlers/IntermediateBuildFilesPath/Settlers.build/Release-iphoneos/Settlers.build/Objects-normal/arm64/Settlers.swiftmodule (in target 'Settlers' from project 'Settlers')
    cd /Users/alex/.codex/worktrees/naval-exploration/Settlers
    builtin-copy -exclude .DS_Store -exclude CVS -exclude .svn -exclude .git -exclude .hg -resolve-src-symlinks -rename /Users/alex/Library/Developer/Xcode/DerivedData/Settlers-bqwdcayamsmaxsekctdqetlegmaf/Build/Intermediates.noindex/ArchiveIntermediates/Settlers/IntermediateBuildFilesPath/Settlers.build/Release-iphoneos/Settlers.build/Objects-normal/arm64/Settlers.swiftmodule /Users/alex/Library/Developer/Xcode/DerivedData/Settlers-bqwdcayamsmaxsekctdqetlegmaf/Build/Intermediates.noindex/ArchiveIntermediates/Settlers/BuildProductsPath/Release-iphoneos/Settlers.swiftmodule/arm64-apple-ios.swiftmodule

Copy /Users/alex/Library/Developer/Xcode/DerivedData/Settlers-bqwdcayamsmaxsekctdqetlegmaf/Build/Intermediates.noindex/ArchiveIntermediates/Settlers/BuildProductsPath/Release-iphoneos/Settlers.swiftmodule/arm64-apple-ios.swiftdoc /Users/alex/Library/Developer/Xcode/DerivedData/Settlers-bqwdcayamsmaxsekctdqetlegmaf/Build/Intermediates.noindex/ArchiveIntermediates/Settlers/IntermediateBuildFilesPath/Settlers.build/Release-iphoneos/Settlers.build/Objects-normal/arm64/Settlers.swiftdoc (in target 'Settlers' from project 'Settlers')
    cd /Users/alex/.codex/worktrees/naval-exploration/Settlers
    builtin-copy -exclude .DS_Store -exclude CVS -exclude .svn -exclude .git -exclude .hg -resolve-src-symlinks -rename /Users/alex/Library/Developer/Xcode/DerivedData/Settlers-bqwdcayamsmaxsekctdqetlegmaf/Build/Intermediates.noindex/ArchiveIntermediates/Settlers/IntermediateBuildFilesPath/Settlers.build/Release-iphoneos/Settlers.build/Objects-normal/arm64/Settlers.swiftdoc /Users/alex/Library/Developer/Xcode/DerivedData/Settlers-bqwdcayamsmaxsekctdqetlegmaf/Build/Intermediates.noindex/ArchiveIntermediates/Settlers/BuildProductsPath/Release-iphoneos/Settlers.swiftmodule/arm64-apple-ios.swiftdoc

Copy /Users/alex/Library/Developer/Xcode/DerivedData/Settlers-bqwdcayamsmaxsekctdqetlegmaf/Build/Intermediates.noindex/ArchiveIntermediates/Settlers/BuildProductsPath/Release-iphoneos/Settlers.swiftmodule/arm64-apple-ios.abi.json /Users/alex/Library/Developer/Xcode/DerivedData/Settlers-bqwdcayamsmaxsekctdqetlegmaf/Build/Intermediates.noindex/ArchiveIntermediates/Settlers/IntermediateBuildFilesPath/Settlers.build/Release-iphoneos/Settlers.build/Objects-normal/arm64/Settlers.abi.json (in target 'Settlers' from project 'Settlers')
    cd /Users/alex/.codex/worktrees/naval-exploration/Settlers
    builtin-copy -exclude .DS_Store -exclude CVS -exclude .svn -exclude .git -exclude .hg -resolve-src-symlinks -rename /Users/alex/Library/Developer/Xcode/DerivedData/Settlers-bqwdcayamsmaxsekctdqetlegmaf/Build/Intermediates.noindex/ArchiveIntermediates/Settlers/IntermediateBuildFilesPath/Settlers.build/Release-iphoneos/Settlers.build/Objects-normal/arm64/Settlers.abi.json /Users/alex/Library/Developer/Xcode/DerivedData/Settlers-bqwdcayamsmaxsekctdqetlegmaf/Build/Intermediates.noindex/ArchiveIntermediates/Settlers/BuildProductsPath/Release-iphoneos/Settlers.swiftmodule/arm64-apple-ios.abi.json

Ld /Users/alex/Library/Developer/Xcode/DerivedData/Settlers-bqwdcayamsmaxsekctdqetlegmaf/Build/Intermediates.noindex/ArchiveIntermediates/Settlers/InstallationBuildProductsLocation/Applications/Settlers.app/Settlers normal (in target 'Settlers' from project 'Settlers')
    cd /Users/alex/.codex/worktrees/naval-exploration/Settlers
    /Applications/Xcode.app/Contents/Developer/Toolchains/XcodeDefault.xctoolchain/usr/bin/clang -Xlinker -reproducible -target arm64-apple-ios17.0 -isysroot /Applications/Xcode.app/Contents/Developer/Platforms/iPhoneOS.platform/Developer/SDKs/iPhoneOS26.5.sdk -Os -L/Users/alex/Library/Developer/Xcode/DerivedData/Settlers-bqwdcayamsmaxsekctdqetlegmaf/Build/Intermediates.noindex/ArchiveIntermediates/Settlers/IntermediateBuildFilesPath/EagerLinkingTBDs/Release-iphoneos -L/Users/alex/Library/Developer/Xcode/DerivedData/Settlers-bqwdcayamsmaxsekctdqetlegmaf/Build/Intermediates.noindex/ArchiveIntermediates/Settlers/BuildProductsPath/Release-iphoneos -F/Users/alex/Library/Developer/Xcode/DerivedData/Settlers-bqwdcayamsmaxsekctdqetlegmaf/Build/Intermediates.noindex/ArchiveIntermediates/Settlers/IntermediateBuildFilesPath/EagerLinkingTBDs/Release-iphoneos -F/Users/alex/Library/Developer/Xcode/DerivedData/Settlers-bqwdcayamsmaxsekctdqetlegmaf/Build/Intermediates.noindex/ArchiveIntermediates/Settlers/BuildProductsPath/Release-iphoneos/PackageFrameworks -F/Users/alex/Library/Developer/Xcode/DerivedData/Settlers-bqwdcayamsmaxsekctdqetlegmaf/Build/Intermediates.noindex/ArchiveIntermediates/Settlers/BuildProductsPath/Release-iphoneos/PackageFrameworks -F/Users/alex/Library/Developer/Xcode/DerivedData/Settlers-bqwdcayamsmaxsekctdqetlegmaf/Build/Intermediates.noindex/ArchiveIntermediates/Settlers/BuildProductsPath/Release-iphoneos -filelist /Users/alex/Library/Developer/Xcode/DerivedData/Settlers-bqwdcayamsmaxsekctdqetlegmaf/Build/Intermediates.noindex/ArchiveIntermediates/Settlers/IntermediateBuildFilesPath/Settlers.build/Release-iphoneos/Settlers.build/Objects-normal/arm64/Settlers.LinkFileList -Xlinker -rpath -Xlinker /usr/lib/swift -Xlinker -rpath -Xlinker @executable_path/Frameworks -Xlinker -dead_strip -Xlinker -object_path_lto -Xlinker /Users/alex/Library/Developer/Xcode/DerivedData/Settlers-bqwdcayamsmaxsekctdqetlegmaf/Build/Intermediates.noindex/ArchiveIntermediates/Settlers/IntermediateBuildFilesPath/Settlers.build/Release-iphoneos/Settlers.build/Objects-normal/arm64/Settlers_lto.o -Xlinker -final_output -Xlinker /Applications/Settlers.app/Settlers -Xlinker -dependency_info -Xlinker /Users/alex/Library/Developer/Xcode/DerivedData/Settlers-bqwdcayamsmaxsekctdqetlegmaf/Build/Intermediates.noindex/ArchiveIntermediates/Settlers/IntermediateBuildFilesPath/Settlers.build/Release-iphoneos/Settlers.build/Objects-normal/arm64/Settlers_dependency_info.dat -fobjc-link-runtime -L/Applications/Xcode.app/Contents/Developer/Toolchains/XcodeDefault.xctoolchain/usr/lib/swift/iphoneos -L/usr/lib/swift -Xlinker -add_ast_path -Xlinker /Users/alex/Library/Developer/Xcode/DerivedData/Settlers-bqwdcayamsmaxsekctdqetlegmaf/Build/Intermediates.noindex/ArchiveIntermediates/Settlers/IntermediateBuildFilesPath/Settlers.build/Release-iphoneos/Settlers.build/Objects-normal/arm64/Settlers.swiftmodule @/Users/alex/Library/Developer/Xcode/DerivedData/Settlers-bqwdcayamsmaxsekctdqetlegmaf/Build/Intermediates.noindex/ArchiveIntermediates/Settlers/IntermediateBuildFilesPath/Settlers.build/Release-iphoneos/Settlers.build/Objects-normal/arm64/Settlers-linker-args.resp -Wl,-no_warn_duplicate_libraries -Wl,-no_warn_duplicate_libraries -Xlinker -no_adhoc_codesign -o /Users/alex/Library/Developer/Xcode/DerivedData/Settlers-bqwdcayamsmaxsekctdqetlegmaf/Build/Intermediates.noindex/ArchiveIntermediates/Settlers/InstallationBuildProductsLocation/Applications/Settlers.app/Settlers -Xlinker -add_ast_path -Xlinker /Users/alex/Library/Developer/Xcode/DerivedData/Settlers-bqwdcayamsmaxsekctdqetlegmaf/Build/Intermediates.noindex/ArchiveIntermediates/Settlers/IntermediateBuildFilesPath/CatanEngine.build/Release-iphoneos/CatanEngine.build/Objects-normal/arm64/CatanEngine.swiftmodule @/Users/alex/Library/Developer/Xcode/DerivedData/Settlers-bqwdcayamsmaxsekctdqetlegmaf/Build/Intermediates.noindex/ArchiveIntermediates/Settlers/IntermediateBuildFilesPath/CatanEngine.build/Release-iphoneos/CatanEngine.build/Objects-normal/arm64/CatanEngine-linker-args.resp -Xlinker -add_ast_path -Xlinker /Users/alex/Library/Developer/Xcode/DerivedData/Settlers-bqwdcayamsmaxsekctdqetlegmaf/Build/Intermediates.noindex/ArchiveIntermediates/Settlers/IntermediateBuildFilesPath/CatanAI.build/Release-iphoneos/CatanAI.build/Objects-normal/arm64/CatanAI.swiftmodule @/Users/alex/Library/Developer/Xcode/DerivedData/Settlers-bqwdcayamsmaxsekctdqetlegmaf/Build/Intermediates.noindex/ArchiveIntermediates/Settlers/IntermediateBuildFilesPath/CatanAI.build/Release-iphoneos/CatanAI.build/Objects-normal/arm64/CatanAI-linker-args.resp

ExtractAppIntentsMetadata (in target 'Settlers' from project 'Settlers')
    cd /Users/alex/.codex/worktrees/naval-exploration/Settlers
    /Applications/Xcode.app/Contents/Developer/Toolchains/XcodeDefault.xctoolchain/usr/bin/appintentsmetadataprocessor --toolchain-dir /Applications/Xcode.app/Contents/Developer/Toolchains/XcodeDefault.xctoolchain --module-name Settlers --sdk-root /Applications/Xcode.app/Contents/Developer/Platforms/iPhoneOS.platform/Developer/SDKs/iPhoneOS26.5.sdk --xcode-version 17F42 --platform-family iOS --deployment-target 17.0 --bundle-identifier com.alexchandler.empires --output /Users/alex/Library/Developer/Xcode/DerivedData/Settlers-bqwdcayamsmaxsekctdqetlegmaf/Build/Intermediates.noindex/ArchiveIntermediates/Settlers/InstallationBuildProductsLocation/Applications/Settlers.app --target-triple arm64-apple-ios17.0 --binary-file /Users/alex/Library/Developer/Xcode/DerivedData/Settlers-bqwdcayamsmaxsekctdqetlegmaf/Build/Intermediates.noindex/ArchiveIntermediates/Settlers/InstallationBuildProductsLocation/Applications/Settlers.app/Settlers --dependency-file /Users/alex/Library/Developer/Xcode/DerivedData/Settlers-bqwdcayamsmaxsekctdqetlegmaf/Build/Intermediates.noindex/ArchiveIntermediates/Settlers/IntermediateBuildFilesPath/Settlers.build/Release-iphoneos/Settlers.build/Objects-normal/arm64/Settlers_dependency_info.dat --stringsdata-file /Users/alex/Library/Developer/Xcode/DerivedData/Settlers-bqwdcayamsmaxsekctdqetlegmaf/Build/Intermediates.noindex/ArchiveIntermediates/Settlers/IntermediateBuildFilesPath/Settlers.build/Release-iphoneos/Settlers.build/Objects-normal/arm64/ExtractedAppShortcutsMetadata.stringsdata --source-file-list /Users/alex/Library/Developer/Xcode/DerivedData/Settlers-bqwdcayamsmaxsekctdqetlegmaf/Build/Intermediates.noindex/ArchiveIntermediates/Settlers/IntermediateBuildFilesPath/Settlers.build/Release-iphoneos/Settlers.build/Objects-normal/arm64/Settlers.SwiftFileList --metadata-file-list /Users/alex/Library/Developer/Xcode/DerivedData/Settlers-bqwdcayamsmaxsekctdqetlegmaf/Build/Intermediates.noindex/ArchiveIntermediates/Settlers/IntermediateBuildFilesPath/Settlers.build/Release-iphoneos/Settlers.build/Settlers.DependencyMetadataFileList --static-metadata-file-list /Users/alex/Library/Developer/Xcode/DerivedData/Settlers-bqwdcayamsmaxsekctdqetlegmaf/Build/Intermediates.noindex/ArchiveIntermediates/Settlers/IntermediateBuildFilesPath/Settlers.build/Release-iphoneos/Settlers.build/Settlers.DependencyStaticMetadataFileList --swift-const-vals-list /Users/alex/Library/Developer/Xcode/DerivedData/Settlers-bqwdcayamsmaxsekctdqetlegmaf/Build/Intermediates.noindex/ArchiveIntermediates/Settlers/IntermediateBuildFilesPath/Settlers.build/Release-iphoneos/Settlers.build/Objects-normal/arm64/Settlers.SwiftConstValuesFileList --compile-time-extraction --deployment-aware-processing --validate-assistant-intents --no-app-shortcuts-localization
2026-10-06 20:28:36.762 appintentsmetadataprocessor[69901:1275838] Starting appintentsmetadataprocessor export
2026-10-06 20:28:36.763 appintentsmetadataprocessor[69901:1275838] warning: Metadata extraction skipped. No AppIntents.framework dependency found.

GenerateDSYMFile /Users/alex/Library/Developer/Xcode/DerivedData/Settlers-bqwdcayamsmaxsekctdqetlegmaf/Build/Intermediates.noindex/ArchiveIntermediates/Settlers/BuildProductsPath/Release-iphoneos/Settlers.app.dSYM /Users/alex/Library/Developer/Xcode/DerivedData/Settlers-bqwdcayamsmaxsekctdqetlegmaf/Build/Intermediates.noindex/ArchiveIntermediates/Settlers/InstallationBuildProductsLocation/Applications/Settlers.app/Settlers (in target 'Settlers' from project 'Settlers')
    cd /Users/alex/.codex/worktrees/naval-exploration/Settlers
    /Applications/Xcode.app/Contents/Developer/Toolchains/XcodeDefault.xctoolchain/usr/bin/dsymutil /Users/alex/Library/Developer/Xcode/DerivedData/Settlers-bqwdcayamsmaxsekctdqetlegmaf/Build/Intermediates.noindex/ArchiveIntermediates/Settlers/InstallationBuildProductsLocation/Applications/Settlers.app/Settlers -o /Users/alex/Library/Developer/Xcode/DerivedData/Settlers-bqwdcayamsmaxsekctdqetlegmaf/Build/Intermediates.noindex/ArchiveIntermediates/Settlers/BuildProductsPath/Release-iphoneos/Settlers.app.dSYM

CopySwiftLibs /Users/alex/Library/Developer/Xcode/DerivedData/Settlers-bqwdcayamsmaxsekctdqetlegmaf/Build/Intermediates.noindex/ArchiveIntermediates/Settlers/InstallationBuildProductsLocation/Applications/Settlers.app (in target 'Settlers' from project 'Settlers')
    cd /Users/alex/.codex/worktrees/naval-exploration/Settlers
    builtin-swiftStdLibTool --copy --verbose --sign 76465B06C2E157D857641F5B3D25CF5A3110C4A9 --Xcodesign --keychain --Xcodesign /Users/alex/Library/Keychains/login.keychain-db --scan-executable /Users/alex/Library/Developer/Xcode/DerivedData/Settlers-bqwdcayamsmaxsekctdqetlegmaf/Build/Intermediates.noindex/ArchiveIntermediates/Settlers/InstallationBuildProductsLocation/Applications/Settlers.app/Settlers --scan-folder /Users/alex/Library/Developer/Xcode/DerivedData/Settlers-bqwdcayamsmaxsekctdqetlegmaf/Build/Intermediates.noindex/ArchiveIntermediates/Settlers/InstallationBuildProductsLocation/Applications/Settlers.app/Frameworks --scan-folder /Users/alex/Library/Developer/Xcode/DerivedData/Settlers-bqwdcayamsmaxsekctdqetlegmaf/Build/Intermediates.noindex/ArchiveIntermediates/Settlers/InstallationBuildProductsLocation/Applications/Settlers.app/PlugIns --scan-folder /Users/alex/Library/Developer/Xcode/DerivedData/Settlers-bqwdcayamsmaxsekctdqetlegmaf/Build/Intermediates.noindex/ArchiveIntermediates/Settlers/InstallationBuildProductsLocation/Applications/Settlers.app/SystemExtensions --scan-folder /Users/alex/Library/Developer/Xcode/DerivedData/Settlers-bqwdcayamsmaxsekctdqetlegmaf/Build/Intermediates.noindex/ArchiveIntermediates/Settlers/InstallationBuildProductsLocation/Applications/Settlers.app/Extensions --platform iphoneos --toolchain /Applications/Xcode.app/Contents/Developer/Toolchains/XcodeDefault.xctoolchain --destination /Users/alex/Library/Developer/Xcode/DerivedData/Settlers-bqwdcayamsmaxsekctdqetlegmaf/Build/Intermediates.noindex/ArchiveIntermediates/Settlers/InstallationBuildProductsLocation/Applications/Settlers.app/Frameworks --unsigned-destination /Users/alex/Library/Developer/Xcode/DerivedData/Settlers-bqwdcayamsmaxsekctdqetlegmaf/Build/Intermediates.noindex/ArchiveIntermediates/Settlers/BuildProductsPath/SwiftSupport --strip-bitcode --strip-bitcode-tool /Applications/Xcode.app/Contents/Developer/Toolchains/XcodeDefault.xctoolchain/usr/bin/bitcode_strip --emit-dependency-info /Users/alex/Library/Developer/Xcode/DerivedData/Settlers-bqwdcayamsmaxsekctdqetlegmaf/Build/Intermediates.noindex/ArchiveIntermediates/Settlers/IntermediateBuildFilesPath/Settlers.build/Release-iphoneos/Settlers.build/SwiftStdLibToolInputDependencies.dep --filter-for-swift-os --back-deploy-swift-span

AppIntentsSSUTraining (in target 'Settlers' from project 'Settlers')
    cd /Users/alex/.codex/worktrees/naval-exploration/Settlers
    /Applications/Xcode.app/Contents/Developer/Toolchains/XcodeDefault.xctoolchain/usr/bin/appintentsnltrainingprocessor --infoplist-path /Users/alex/Library/Developer/Xcode/DerivedData/Settlers-bqwdcayamsmaxsekctdqetlegmaf/Build/Intermediates.noindex/ArchiveIntermediates/Settlers/InstallationBuildProductsLocation/Applications/Settlers.app/Info.plist --temp-dir-path /Users/alex/Library/Developer/Xcode/DerivedData/Settlers-bqwdcayamsmaxsekctdqetlegmaf/Build/Intermediates.noindex/ArchiveIntermediates/Settlers/IntermediateBuildFilesPath/Settlers.build/Release-iphoneos/Settlers.build/ssu --bundle-id com.alexchandler.empires --product-path /Users/alex/Library/Developer/Xcode/DerivedData/Settlers-bqwdcayamsmaxsekctdqetlegmaf/Build/Intermediates.noindex/ArchiveIntermediates/Settlers/InstallationBuildProductsLocation/Applications/Settlers.app --extracted-metadata-path /Users/alex/Library/Developer/Xcode/DerivedData/Settlers-bqwdcayamsmaxsekctdqetlegmaf/Build/Intermediates.noindex/ArchiveIntermediates/Settlers/InstallationBuildProductsLocation/Applications/Settlers.app/Metadata.appintents --deployment-postprocessing --metadata-file-list /Users/alex/Library/Developer/Xcode/DerivedData/Settlers-bqwdcayamsmaxsekctdqetlegmaf/Build/Intermediates.noindex/ArchiveIntermediates/Settlers/IntermediateBuildFilesPath/Settlers.build/Release-iphoneos/Settlers.build/Settlers.DependencyMetadataFileList --source-file /Users/alex/Library/Developer/Xcode/DerivedData/Settlers-bqwdcayamsmaxsekctdqetlegmaf/Build/Intermediates.noindex/ArchiveIntermediates/Settlers/InstallationBuildProductsLocation/Applications/Settlers.app/Info.plist --archive-ssu-assets
2026-10-06 20:28:36.858 appintentsnltrainingprocessor[69903:1275842] Parsing options for appintentsnltrainingprocessor
2026-10-06 20:28:36.858 appintentsnltrainingprocessor[69903:1275842] Starting AppIntents SSU YAML Generation
2026-10-06 20:28:36.858 appintentsnltrainingprocessor[69903:1275842] No AppShortcuts found - Skipping.

Strip /Users/alex/Library/Developer/Xcode/DerivedData/Settlers-bqwdcayamsmaxsekctdqetlegmaf/Build/Intermediates.noindex/ArchiveIntermediates/Settlers/InstallationBuildProductsLocation/Applications/Settlers.app/Settlers (in target 'Settlers' from project 'Settlers')
    cd /Users/alex/.codex/worktrees/naval-exploration/Settlers
    /Applications/Xcode.app/Contents/Developer/Toolchains/XcodeDefault.xctoolchain/usr/bin/strip -D /Users/alex/Library/Developer/Xcode/DerivedData/Settlers-bqwdcayamsmaxsekctdqetlegmaf/Build/Intermediates.noindex/ArchiveIntermediates/Settlers/InstallationBuildProductsLocation/Applications/Settlers.app/Settlers

SetOwnerAndGroup alex:staff /Users/alex/Library/Developer/Xcode/DerivedData/Settlers-bqwdcayamsmaxsekctdqetlegmaf/Build/Intermediates.noindex/ArchiveIntermediates/Settlers/InstallationBuildProductsLocation/Applications/Settlers.app (in target 'Settlers' from project 'Settlers')
    cd /Users/alex/.codex/worktrees/naval-exploration/Settlers
    /usr/sbin/chown -RH alex:staff /Users/alex/Library/Developer/Xcode/DerivedData/Settlers-bqwdcayamsmaxsekctdqetlegmaf/Build/Intermediates.noindex/ArchiveIntermediates/Settlers/InstallationBuildProductsLocation/Applications/Settlers.app

SetMode u+w,go-w,a+rX /Users/alex/Library/Developer/Xcode/DerivedData/Settlers-bqwdcayamsmaxsekctdqetlegmaf/Build/Intermediates.noindex/ArchiveIntermediates/Settlers/InstallationBuildProductsLocation/Applications/Settlers.app (in target 'Settlers' from project 'Settlers')
    cd /Users/alex/.codex/worktrees/naval-exploration/Settlers
    /bin/chmod -RH u+w,go-w,a+rX /Users/alex/Library/Developer/Xcode/DerivedData/Settlers-bqwdcayamsmaxsekctdqetlegmaf/Build/Intermediates.noindex/ArchiveIntermediates/Settlers/InstallationBuildProductsLocation/Applications/Settlers.app

CodeSign /Users/alex/Library/Developer/Xcode/DerivedData/Settlers-bqwdcayamsmaxsekctdqetlegmaf/Build/Intermediates.noindex/ArchiveIntermediates/Settlers/InstallationBuildProductsLocation/Applications/Settlers.app (in target 'Settlers' from project 'Settlers')
    cd /Users/alex/.codex/worktrees/naval-exploration/Settlers
    
    Signing Identity:     "iPhone Distribution: Alex Chandler (HXB9F28LHR)"
    Provisioning Profile: "Empires App Store 20261004"
                          (86da5771-8640-4c53-8867-0b4fbd4f1035)
    
    /usr/bin/codesign --force --sign 76465B06C2E157D857641F5B3D25CF5A3110C4A9 --keychain /Users/alex/Library/Keychains/login.keychain-db --entitlements /Users/alex/Library/Developer/Xcode/DerivedData/Settlers-bqwdcayamsmaxsekctdqetlegmaf/Build/Intermediates.noindex/ArchiveIntermediates/Settlers/IntermediateBuildFilesPath/Settlers.build/Release-iphoneos/Settlers.build/Settlers.app.xcent --generate-entitlement-der /Users/alex/Library/Developer/Xcode/DerivedData/Settlers-bqwdcayamsmaxsekctdqetlegmaf/Build/Intermediates.noindex/ArchiveIntermediates/Settlers/InstallationBuildProductsLocation/Applications/Settlers.app

RegisterExecutionPolicyException /Users/alex/Library/Developer/Xcode/DerivedData/Settlers-bqwdcayamsmaxsekctdqetlegmaf/Build/Intermediates.noindex/ArchiveIntermediates/Settlers/InstallationBuildProductsLocation/Applications/Settlers.app (in target 'Settlers' from project 'Settlers')
    cd /Users/alex/.codex/worktrees/naval-exploration/Settlers
    builtin-RegisterExecutionPolicyException /Users/alex/Library/Developer/Xcode/DerivedData/Settlers-bqwdcayamsmaxsekctdqetlegmaf/Build/Intermediates.noindex/ArchiveIntermediates/Settlers/InstallationBuildProductsLocation/Applications/Settlers.app

Validate /Users/alex/Library/Developer/Xcode/DerivedData/Settlers-bqwdcayamsmaxsekctdqetlegmaf/Build/Intermediates.noindex/ArchiveIntermediates/Settlers/InstallationBuildProductsLocation/Applications/Settlers.app (in target 'Settlers' from project 'Settlers')
    cd /Users/alex/.codex/worktrees/naval-exploration/Settlers
    builtin-validationUtility /Users/alex/Library/Developer/Xcode/DerivedData/Settlers-bqwdcayamsmaxsekctdqetlegmaf/Build/Intermediates.noindex/ArchiveIntermediates/Settlers/InstallationBuildProductsLocation/Applications/Settlers.app -shallow-bundle -infoplist-subpath Info.plist

Touch /Users/alex/Library/Developer/Xcode/DerivedData/Settlers-bqwdcayamsmaxsekctdqetlegmaf/Build/Intermediates.noindex/ArchiveIntermediates/Settlers/InstallationBuildProductsLocation/Applications/Settlers.app (in target 'Settlers' from project 'Settlers')
    cd /Users/alex/.codex/worktrees/naval-exploration/Settlers
    /usr/bin/touch -c /Users/alex/Library/Developer/Xcode/DerivedData/Settlers-bqwdcayamsmaxsekctdqetlegmaf/Build/Intermediates.noindex/ArchiveIntermediates/Settlers/InstallationBuildProductsLocation/Applications/Settlers.app

** ARCHIVE SUCCEEDED **

