
[1m▸ xcodegen drift[0m
  project.pbxproj matches project.yml

[1m▸ swiftlint --strict[0m

[1m▸ evaluation tooling[0m
....................................................
----------------------------------------------------------------------
Ran 52 tests in 8.752s

OK
classic  a:classic                    + 0 identical  fallback 0.0000 unfinished 0
expert   a:expert                     + 0 identical  fallback 0.0000 unfinished 0
expert   b:expert                     + 0 identical  fallback 0.0000 unfinished 0
expert   local:expert                 + 1 identical  fallback 0.0000 unfinished 0
classic  b:classic                    + 0 identical  fallback 0.0000 unfinished 0
classic  a:classic                    + 0 identical  fallback 0.0000 unfinished 0
3 variants, 3 pairs, 120 games -> /var/folders/_m/cfbn0s7j7zx3sx1lwv6w4mr80000gn/T/tmpnsd71itt/schedule.jsonl
2 variants, 1 pairs, 8 games -> /var/folders/_m/cfbn0s7j7zx3sx1lwv6w4mr80000gn/T/tmptdhm7i5a/schedule.jsonl

[1m▸ packages build (W=E)[0m
[0/1] Planning build
Building for debugging...
[0/1] Write swift-version--58304C5D6DBC2206.txt
[2/26] Emitting module CatanEngine
[3/26] Compiling CatanEngine Board.swift
[4/26] Compiling CatanEngine BoardGeneration.swift
[5/26] Compiling CatanEngine BoardShape.swift
[6/26] Compiling CatanEngine Building.swift
[7/26] Compiling CatanEngine CatanEngine.swift
[8/26] Compiling CatanEngine Conquest.swift
[9/26] Compiling CatanEngine DevCards.swift
[10/26] Compiling CatanEngine DiceOdds.swift
[11/26] Compiling CatanEngine GameSession.swift
[12/26] Compiling CatanEngine LongestRoad.swift
[13/26] Compiling CatanEngine MainPhase.swift
[14/26] Compiling CatanEngine DevCardPlayStatus.swift
[15/26] Compiling CatanEngine DevCardType.swift
[16/26] Compiling CatanEngine EdgeID.swift
[17/26] Compiling CatanEngine GameEvent.swift
[18/26] Compiling CatanEngine GameMode.swift
[19/26] Compiling CatanEngine GamePhase.swift
[20/26] Compiling CatanEngine GameState.swift
[21/26] Compiling CatanEngine GameVariant.swift
[22/26] Compiling CatanEngine HexCoordinate.swift
[23/26] Compiling CatanEngine Move.swift
[24/26] Compiling CatanEngine Player.swift
[25/26] Compiling CatanEngine PlayerID.swift
[26/26] Compiling CatanEngine Port.swift
[27/49] Compiling CatanEngine RandomSource.swift
[28/49] Compiling CatanEngine Resource.swift
[29/49] Compiling CatanEngine Tile.swift
[30/49] Compiling CatanEngine VertexID.swift
[31/49] Compiling CatanEngine Naval.swift
[32/49] Compiling CatanEngine NavalFallback.swift
[33/49] Compiling CatanEngine NavalMapGenerator.swift
[34/49] Compiling CatanEngine NavalMapValidation.swift
[35/49] Compiling CatanEngine NavalModels.swift
[36/49] Compiling CatanEngine NavalMoves.swift
[37/49] Compiling CatanEngine NavalPorts.swift
[38/49] Compiling CatanEngine NavalProduction.swift
[39/49] Compiling CatanEngine NavalSightGeometry.swift
[40/49] Compiling CatanEngine NavalStateValidation.swift
[41/49] Compiling CatanEngine NavalTerrain.swift
[42/49] Compiling CatanEngine NavalVisibility.swift
[43/49] Compiling CatanEngine PublicLedger.swift
[44/49] Compiling CatanEngine Robber.swift
[45/49] Compiling CatanEngine RulesEngine.swift
[46/49] Compiling CatanEngine Ruleset.swift
[47/49] Compiling CatanEngine SetupPhase.swift
[48/49] Compiling CatanEngine Trading.swift
[49/49] Compiling CatanEngine WinCondition.swift
Build complete! (5.65s)
[0/1] Planning build
Building for debugging...
[0/16] Write swift-version--58304C5D6DBC2206.txt
[2/41] Compiling CatanEngine Board.swift
[3/41] Compiling CatanEngine BoardGeneration.swift
[4/41] Compiling CatanEngine BoardShape.swift
[5/41] Compiling CatanEngine Building.swift
[6/41] Compiling CatanEngine CatanEngine.swift
[7/41] Compiling CatanEngine Conquest.swift
[8/41] Compiling CatanEngine DevCards.swift
[9/41] Compiling CatanEngine DiceOdds.swift
[10/41] Compiling CatanEngine GameSession.swift
[11/41] Compiling CatanEngine LongestRoad.swift
[12/41] Compiling CatanEngine MainPhase.swift
[13/41] Compiling CatanEngine DevCardPlayStatus.swift
[14/41] Compiling CatanEngine DevCardType.swift
[15/41] Compiling CatanEngine EdgeID.swift
[16/41] Compiling CatanEngine GameEvent.swift
[17/41] Compiling CatanEngine GameMode.swift
[18/41] Compiling CatanEngine GamePhase.swift
[19/41] Compiling CatanEngine GameState.swift
[20/41] Compiling CatanEngine GameVariant.swift
[21/41] Compiling CatanEngine HexCoordinate.swift
[22/41] Compiling CatanEngine Move.swift
[23/41] Compiling CatanEngine Player.swift
[24/41] Compiling CatanEngine PlayerID.swift
[25/41] Compiling CatanEngine Port.swift
[26/41] Emitting module CatanEngine
[27/64] Compiling CatanEngine RandomSource.swift
[28/64] Compiling CatanEngine Resource.swift
[29/64] Compiling CatanEngine Tile.swift
[30/64] Compiling CatanEngine VertexID.swift
[31/64] Compiling CatanEngine Naval.swift
[32/64] Compiling CatanEngine NavalFallback.swift
[33/64] Compiling CatanEngine NavalMapGenerator.swift
[34/64] Compiling CatanEngine NavalMapValidation.swift
[35/64] Compiling CatanEngine NavalModels.swift
[36/64] Compiling CatanEngine NavalMoves.swift
[37/64] Compiling CatanEngine NavalPorts.swift
[38/64] Compiling CatanEngine NavalProduction.swift
[39/64] Compiling CatanEngine NavalSightGeometry.swift
[40/64] Compiling CatanEngine NavalStateValidation.swift
[41/64] Compiling CatanEngine NavalTerrain.swift
[42/64] Compiling CatanEngine NavalVisibility.swift
[43/64] Compiling CatanEngine PublicLedger.swift
[44/64] Compiling CatanEngine Robber.swift
[45/64] Compiling CatanEngine RulesEngine.swift
[46/64] Compiling CatanEngine Ruleset.swift
[47/64] Compiling CatanEngine SetupPhase.swift
[48/64] Compiling CatanEngine Trading.swift
[49/64] Compiling CatanEngine WinCondition.swift
[50/90] Emitting module CatanAI
[51/90] Compiling CatanAI Bot.swift
[52/90] Compiling CatanAI BotPersonality.swift
[53/90] Compiling CatanAI BotWeights.swift
[54/90] Compiling CatanAI BuildPlanner.swift
[55/90] Compiling CatanAI CatanAI.swift
[56/90] Compiling CatanAI ConquestHeuristics.swift
[57/90] Compiling CatanAI DevCardHeuristics.swift
[58/90] Compiling CatanAI BoardIndex.swift
[59/90] Compiling CatanAI EvaluationPolicy.swift
[60/90] Compiling CatanAI EvaluationProjections.swift
[61/90] Compiling CatanAI EvaluationWeights.swift
[62/90] Compiling CatanAI ExpertRevision.swift
[63/90] Compiling CatanAI HandDiscipline.swift
[64/90] Compiling CatanAI PointCompletingCards.swift
[65/90] Compiling CatanAI PositionEvaluator.swift
[66/90] Compiling CatanAI TradeCascade.swift
[67/90] Compiling CatanAI TradeValuation.swift
[68/90] Compiling CatanAI CandidateScoring.swift
[69/90] Compiling CatanAI DecisionExtractor.swift
[70/90] Compiling CatanAI DecisionRecord.swift
[71/90] Compiling CatanAI GhostPolicy.swift
[72/90] Compiling CatanAI GhostProfile.swift
[73/90] Compiling CatanAI PersonFitter.swift
[74/90] Compiling CatanAI PersonModel.swift
[75/90] Compiling CatanAI SeatStats.swift
[76/114] Compiling CatanAI StyleFeatures.swift
[77/114] Compiling CatanAI GreedyPolicy.swift
[78/114] Compiling CatanAI HeuristicPolicy.swift
[79/114] Compiling CatanAI JointTradeResponsePolicy.swift
[80/114] Compiling CatanAI NavalCards.swift
[81/114] Compiling CatanAI NavalDecisionContext.swift
[82/114] Compiling CatanAI NavalEconomy.swift
[83/114] Compiling CatanAI NavalLandControl.swift
[84/114] Compiling CatanAI NavalNavigation.swift
[85/114] Compiling CatanAI NavalNavigationDiagnostics.swift
[86/114] Compiling CatanAI NavalPolicy.swift
[87/114] Compiling CatanAI NavalTrading.swift
[88/114] Compiling CatanAI PlacementHeuristics.swift
[89/114] Compiling CatanAI PlannerTradeEvaluator.swift
[90/114] Compiling CatanAI ProductionModel.swift
[91/114] Compiling CatanAI PlanningContext.swift
[92/114] Compiling CatanAI PolicyBehaviorMetrics.swift
[93/114] Compiling CatanAI RobberHeuristics.swift
[94/114] Compiling CatanAI ThreatAssessment.swift
[95/114] Compiling CatanAI TradeAssessment.swift
[96/114] Compiling CatanAI TradeHeuristics.swift
[97/114] Compiling CatanAI TradeMessages.swift
[98/114] Compiling CatanAI TradeRefusingPolicy.swift
[99/114] Compiling CatanAI TradeReviewContext.swift
[100/121] Emitting module naval_sim
[101/124] Emitting module ghost
[102/124] Compiling naval_sim Audit.swift
[103/124] Compiling naval_sim Diagnostics.swift
[106/126] Compiling ghost Strength.swift
[107/126] Compiling ghost main.swift
[108/126] Compiling naval_sim Rendering.swift
[109/126] Compiling naval_sim main.swift
[112/130] Emitting module trade_bench
[113/130] Compiling trade_bench main.swift
[114/132] Compiling sim main.swift
[115/132] Emitting module sim
[115/132] Write Objects.LinkFileList
[118/132] Emitting module arena
[119/132] Compiling arena main.swift
[119/132] Linking sim
[119/132] Linking trade-bench
[121/132] Write Objects.LinkFileList
[123/132] Applying trade-bench
[123/132] Applying sim
[125/132] Linking ghost
[125/132] Linking naval-sim
[127/132] Write Objects.LinkFileList
[128/132] Applying naval-sim
[128/132] Applying ghost
[130/132] Linking arena
[131/132] Applying arena
Build complete! (13.89s)

[1m▸ CatanEngine tests[0m
[0/1] Planning build
Building for debugging...
[0/2] Write swift-version--58304C5D6DBC2206.txt
[2/27] Emitting module CatanEngine
[3/27] Compiling CatanEngine Board.swift
[4/27] Compiling CatanEngine BoardGeneration.swift
[5/27] Compiling CatanEngine BoardShape.swift
[6/27] Compiling CatanEngine Building.swift
[7/27] Compiling CatanEngine CatanEngine.swift
[8/27] Compiling CatanEngine Conquest.swift
[9/27] Compiling CatanEngine DevCards.swift
[10/27] Compiling CatanEngine DiceOdds.swift
[11/27] Compiling CatanEngine GameSession.swift
[12/27] Compiling CatanEngine LongestRoad.swift
[13/27] Compiling CatanEngine MainPhase.swift
[14/27] Compiling CatanEngine DevCardPlayStatus.swift
[15/27] Compiling CatanEngine DevCardType.swift
[16/27] Compiling CatanEngine EdgeID.swift
[17/27] Compiling CatanEngine GameEvent.swift
[18/27] Compiling CatanEngine GameMode.swift
[19/27] Compiling CatanEngine GamePhase.swift
[20/27] Compiling CatanEngine GameState.swift
[21/27] Compiling CatanEngine GameVariant.swift
[22/27] Compiling CatanEngine HexCoordinate.swift
[23/27] Compiling CatanEngine Move.swift
[24/27] Compiling CatanEngine Player.swift
[25/27] Compiling CatanEngine PlayerID.swift
[26/27] Compiling CatanEngine Port.swift
[27/50] Compiling CatanEngine RandomSource.swift
[28/50] Compiling CatanEngine Resource.swift
[29/50] Compiling CatanEngine Tile.swift
[30/50] Compiling CatanEngine VertexID.swift
[31/50] Compiling CatanEngine Naval.swift
[32/50] Compiling CatanEngine NavalFallback.swift
[33/50] Compiling CatanEngine NavalMapGenerator.swift
[34/50] Compiling CatanEngine NavalMapValidation.swift
[35/50] Compiling CatanEngine NavalModels.swift
[36/50] Compiling CatanEngine NavalMoves.swift
[37/50] Compiling CatanEngine NavalPorts.swift
[38/50] Compiling CatanEngine NavalProduction.swift
[39/50] Compiling CatanEngine NavalSightGeometry.swift
[40/50] Compiling CatanEngine NavalStateValidation.swift
[41/50] Compiling CatanEngine NavalTerrain.swift
[42/50] Compiling CatanEngine NavalVisibility.swift
[43/50] Compiling CatanEngine PublicLedger.swift
[44/50] Compiling CatanEngine Robber.swift
[45/50] Compiling CatanEngine RulesEngine.swift
[46/50] Compiling CatanEngine Ruleset.swift
[47/50] Compiling CatanEngine SetupPhase.swift
[48/50] Compiling CatanEngine Trading.swift
[49/50] Compiling CatanEngine WinCondition.swift
[49/51] Write Objects.LinkFileList
[50/51] Linking CatanEnginePackageTests
Build complete! (5.91s)
Test Suite 'All tests' started at 2026-10-06 23:42:57.261.
Test Suite 'All tests' passed at 2026-10-06 23:42:57.263.
	 Executed 0 tests, with 0 failures (0 unexpected) in 0.000 (0.002) seconds
◇ Test run started.
↳ Testing Library Version: 1902
↳ Target Platform: arm64e-apple-macos14.0
◇ Suite NavalSaveTests started.
◇ Suite TradingTests started.
◇ Suite BankTradeResourceRuleTests started.
◇ Suite NavalPortVisibilityTests started.
◇ Suite ExternalActionCheckpointTests started.
◇ Suite NavalVisibilityVersionTests started.
◇ Test anyThreePriceIsUnaffordableWithTwoCards() started.
◇ Test aSaveWrittenBeforeModesExistedLoadsAsClassic() started.
◇ Suite PublicLedgerCheckpointTests started.
◇ Suite RulesVersionReplayTests started.
◇ Test distinctOffersGetDistinctIdentifiers() started.
◇ Suite DevCardConservationTests started.
◇ Suite NavalPortCheckpointTests started.
◇ Suite EngineFairnessTests started.
◇ Test discardingHalfRoundedDownResolvesPhase() started.
◇ Test anUnoccupiedHexPaysEveryoneAsNormal() started.
◇ Test legalMovesEnumeratesMoveRobberTargetsAndVictims() started.
◇ Suite TradeDraftConstraintTests started.
◇ Suite NavalCornerVisibilityTests started.
◇ Suite NavalProductionTests started.
◇ Test winningWithAnOpenTradeEndsAutomatedNegotiation() started.
◇ Test knightPlayedBeforeRollingBlocksAnotherCardThatSameTurn() started.
◇ Test fragmentedRoadNetworkDoesNotSumAcrossDisconnectedPieces() started.
◇ Suite SessionCheckpointValidationTests started.
◇ Suite VastBoardTests started.
◇ Test discardingOffersOnlyTheActingSeatsOwnCombinations() started.
◇ Test aSaveWithAnInvalidTargetIsRejectedAsCorrupt() started.
◇ Test theDesertCannotBeDeployedTo() started.
◇ Test outOfOrderSettlementBeforePendingRoadIsRejected() started.
◇ Test expandedHasFourteenPortsOnDistinctCoastalEdges() started.
◇ Test fastSearchHandlesTheShapesThatBreakNaiveSearches() started.
◇ Test derivedPortsSitOnDistinctCoastalEdgesOfTheBoard() started.
◇ Test aStandardGameListsNoArmyMovesAndRefusesThem() started.
◇ Test aConquestGameStartsWithEveryProducingHexHeldByATribeAtItsPipCount() started.
◇ Test monopolyReportsHowManyCardsItSweptUp() started.
◇ Test roadMustConnectToOwnNetwork() started.
◇ Suite PublicLedgerTests started.
◇ Suite NavalGameplayTests started.
◇ Suite NavalMapTests started.
◇ Suite NavalSettlementScopeTests started.
◇ Suite NavalDeterminismTests started.
◇ Test settlementNotTouchingTheRolledTileGetsNothing() started.
◇ Test belowTenVictoryPointsDoesNotEndGame() started.
◇ Test scaledFromBoardOnAnExpandedSizedBoardRoundsAwayFromZero() started.
◇ Test soleDemandingPlayerGetsWhateverBankHasLeft() started.
◇ Test deployMovesOfferEveryCardSetOnEveryReachableHex() started.
◇ Test rollingReportsTheTotalThatWasActuallyRolled() started.
◇ Test cityProducesTwoResourcesOnMatchingRoll() started.
◇ Test startingBankIsUniformAcrossEveryResource() started.
◇ Test classicShapeReproducesTheStandardBoardExactly() started.
◇ Test classicDiscardThresholdIsStillSeven() started.
◇ Test occupierBonusRespectsBankShortage() started.
◇ Test tileCountFollowsTheHexFormulaAtEveryRadius() started.
◇ Test roadBuildingThrowsIfEitherEdgeIsIllegal() started.
◇ Test aPlayerAtTheRoadLimitHasNoLegalRoadToBuild() started.
◇ Test scaledFromBoardOnAMuchLargerBoardRoundsDownWhenTheFractionIsBelowHalf() started.
◇ Test aPaymentThatIsNotExactlyTheHeldPriceIsRefusedWithoutMutation() started.
◇ Suite TerminalTradeBookkeepingTests started.
◇ Suite NavalTradeCheckpointTests started.
◇ Test endingATurnReportsIt() started.
◇ Test devCardStatusExplainsRequiredPlacementAndMissingRoadChoices() started.
◇ Test randomizedTerminatesForAFeasibleCountedShape() started.
◇ Test victoryPointsMatchesGameStateComputation() started.
◇ Test yearOfPlentyEnumeratesOnlyPairsTheBankCanSupply() started.
◇ Test negativeDiscardAmountIsRejected() started.
◇ Test theIdentifierDependsOnEveryPartOfTheOffer() started.
◇ Test theRobberBlocksAnOccupiedHexIncludingTheBonus() started.
◇ Test aClassicSaveCarryingAnExpandedTargetIsRefused() started.
◇ Test anExactlyEqualAttackLeavesTheHexUnoccupied() started.
◇ Test newGameShufflesDevCardDeckDifferentlyForDifferentSeeds() started.
◇ Test anAttackThatFallsShortWeakensTheDefender() started.
◇ Test yearOfPlentyRejectsAnUnavailablePairWithoutConsumingTheCard() started.
◇ Test playingMonopolyBeforeRollingStillRequiresTheRoll() started.
◇ Test expandedDeckIsExactlyTwiceClassic() started.
◇ Test robberMoveCannotSkipAnEligibleVictim() started.
◇ Test fullSetupSequenceEndsAtRollDiceForPlayerZero() started.
◇ Test replacingTheStateResetsTurnBookkeeping() started.
◇ Test knightCanBePlayedBeforeRolling() started.
◇ Test setupPhaseFollowsSnakeOrder() started.
◇ Test armyCardsRunFromOneToFourSoTribesAreHardToBreak() started.
◇ Test expandedTerrainIsExactlyTwiceClassic() started.
◇ Test setupPlacementsReportThemselves() started.
◇ Test buildRoadDeductsCostAndReturnsResourcesToBank() started.
◇ Suite ComposedProposalTests started.
◇ Test monopolyTransfersAllMatchingCardsFromEveryOtherPlayer() started.
◇ Suite NavalObservationTests started.
◇ Test expandedBoardHasThirtySevenTilesAndOneDesert() started.
◇ Test boardHas9Ports() started.
◇ Test identifiersDoNotShareLongPrefixes() started.
◇ Test expandedPieceSuppliesAreNeverExceededOverAFullGame() started.
◇ Test aThreeSeatGameSurvivesASaveAndReload() started.
◇ Test legalMovesOfferEachSingleCardAndTheCheapestWinningSet() started.
◇ Test noPlayerEverExceedsTheirPieceSupply() started.
◇ Test anExpandedGamePlaysToTwentyFiveWithoutStalling() started.
◇ Test aLegalBankTradeReportsNoProblemAndApplies() started.
◇ Suite NavalProductionValidationTests started.
◇ Test aNegativeRadiusIsRejected() started.
◇ Test anOccupiedHexPaysOnlyTheOccupierPlusOne() started.
◇ Test conquestDoesNotChangeTheDevDeckOrDiceSeedOfTheSameSeed() started.
◇ Test theSameSeedProducesTheSameSession() started.
◇ Test everyPhaseWithASeatReportsIt() started.
◇ Test aRobberStealReportsWhichCardWasTaken() started.
◇ Test cannotPlayDevCardBoughtThisTurn() started.
◇ Test aStandardGameHasNoConquestStateAndDrawsTheSameRandomSequence() started.
◇ Test playingKnightMovesRobberAndConsumesCard() started.
◇ Test roadBuildingBuildsTwoFreeRoads() started.
◇ Test theRunawayBackstopForcesATurnToEnd() started.
◇ Test expandedAllowsThirtyRoadsWhereClassicStopsAtFifteen() started.
◇ Test invalidRobberVictimLeavesTheWholeStateUntouched() started.
◇ Test oneOfEachStillNeedsAllFive() started.
◇ Test aSaveWithoutATargetLoadsAndPlaysToTen() started.
◇ Test expandedWinsAtTwentyFiveNotTen() started.
◇ Test everyActiveDevCardIsOfferedBeforeRolling() started.
◇ Test aModeWhoseRoadLimitOutrunsTheSearchIsRefused() started.
◇ Test theSameOfferAlwaysCarriesTheSameIdentifier() started.
◇ Test engineNameIsSet() started.
◇ Suite NavalOpeningTests started.
◇ Suite DiceFairnessTests started.
◇ Test theGameEndsAtItsOwnTarget() started.
◇ Test expandedRandomizedBoardNeverAdjoinsSixAndEight() started.
◇ Test everyModeIsCoherentAndReachable() started.
◇ Test fastSearchAgreesWithTheExhaustiveOneAtThePlayableRoadCap() started.
◇ Test buyingDevCardReportsTheExactCardDrawn(card:) started.
◇ Test anyOnePriceTakesASingleCard() started.
◇ Test devCardStatusExplainsTurnLimitAndMissingCard() started.
◇ Test fiveConnectedRoadsGrantsLongestRoad() started.
◇ Test secondSettlementGrantsResources() started.
◇ Test illegalPlacementTooCloseIsRejected() started.
◇ Test attackingPastATribeTakesTheHexWithTheOverflow() started.
◇ Test roadCannotBeBuiltOnAnEdgeAnotherPlayerAlreadyOwns() started.
◇ Test standardBoardHasNoAdjacentSixOrEight() started.
◇ Test buyingPaysExactlyTheChosenThreeCardsAndDrawsTheTopCard() started.
◇ Test aSeatWithNoPolicyStopsTheLoop() started.
◇ Test allNewFieldsDecodeDefaultsAndOldModesKeepNilNavalState() started.
◇ Test malformedMaximumShipIDCanDecodeAndBeRejectedWithoutOverflow() started.
◇ Test newTieBetweenTwoPlayersAwardsNoOne() started.
◇ Test decodedCheckpointContinuesIdenticalTranscriptAndLedger(table:) started.
◇ Test corruptNavalAuthoritativeStateIsRejected(corruption:) started.
◇ Test buildRoadWithInsufficientResourcesThrows() started.
◇ Test rollOfSevenProducesNoResources() started.
◇ Test queuedNavalTradeResponseUsesMaskedSnapshotAndValidatesCounts() started.
◇ Test aSaveResumesTheSameRandomSequenceItWouldHaveHad() started.
◇ Test legalMovesIsAPureFunctionOfTheState() started.
◇ Test roadCannotExtendThroughAnOpponentsSettlement() started.
◇ Test onlyOneDevCardMayBePlayedPerTurn() started.
◇ Test rollingSevenWithOverEightCardsRequiresDiscard() started.
◇ Test theRejectionMessageNamesTheBankRatherThanThePlayersHand() started.
◇ Test bankTradeIsRejectedWhenTheBankCannotSupplyTheWantedResource() started.
◇ Test numbersThatAreNotOnTheBoardProduceNothing() started.
◇ Test opponentSettlementBreaksRoadChain() started.
◇ Test aFullyOwnedGameRunsToCompletion() started.
◇ Test newTieBetweenTwoOtherPlayersDisplacesCurrentHolder() started.
◇ Test rulesEngineAllowsNonActivePlayerToRespondToTrade() started.
◇ Test aHexYourBuildingsDoNotTouchCannotBeDeployedTo() started.
◇ Test twoToOneBankTradeWithMatchingResourcePort() started.
◇ Test sameSeedProducesAnIdenticalGame() started.
◇ Test aFreshGameCarriesTheCurrentSchemaVersion() started.
◇ Test legalMovesExcludesAcceptWhenProposerNoLongerAffordsGiveCards() started.
◇ Test vastDoublesTheArmyDeck() started.
◇ Test acceptFailsIfResponderLacksWantedCards() started.
◇ Test proposeAndRejectLeavesResourcesUntouched() started.
◇ Test endTurnClearsDeclinedTradeHistory() started.
◇ Test expandedRulesetMatchesTheSpec() started.
◇ Test expandedTokenMultisetIsExactlyTwiceClassic() started.
◇ Test everyResourceGetsBankStockAndAFeatureSlot() started.
◇ Test legalMovesIncludesAcceptWhenBothSidesCanAfford() started.
◇ Test randomizedBoardIsDeterministicForSameSeed() started.
◇ Test legalMovesEnumeratesDiscardCombinationsForEachPendingPlayer() started.
◇ Test aSaveMissingTheBoardIsRejectedRatherThanSilentlyDiscarded() started.
◇ Test aCompositionExpandsToExactlyTheDeclaredCounts() started.
◇ Test fourToOneBankTradeWithNoPort() started.
◇ Test aConquestSaveRoundTripsGarrisonsAndHands() started.
◇ Test aRecordedMoveListReplaysToTheSameOutcome() started.
◇ Test rulesEngineStillRejectsUnrelatedOutOfTurnMoves() started.
◇ Test rulesEngineAppliesBankTrade() started.
◇ Test bankTradeRejectedWhenBankLacksResource() started.
◇ Test endTurnClearsTradesAcceptedThisTurn() started.
◇ Test tenVictoryPointsEndsGame() started.
◇ Test acceptFailsIfProposerNoLongerHoldsGiveCards() started.
◇ Test anUnsupportedTableSizeIsRefusedAtConstruction() started.
◇ Test checkForWinnerIsNoOpOnceGameIsAlreadyOver() started.
◇ Test bankTradeRejectsNegativeGiveAmount() started.
◇ Test deckBuildOrderRanksArePreservedAndDistinct() started.
◇ Test proposeTradeRejectsNegativeAmounts() started.
◇ Test proposeTradeFailsIfProposerLacksGiveCards() started.
◇ Test bankTradeRejectedWhenRatioWrong() started.
◇ Test chartedPortNeedsAnOwnedBuildingAndPreservesActualBankRates(kind:) started.
◇ Test yearOfPlentyWithSameResourceTwiceDoesNotCrash() started.
◇ Test acceptingATradeIncrementsTheProposersAcceptedCountAndRejectingDoesNot() started.
◇ Test concealedTerrainAndPortsCannotChangeChartedHarbors() started.
◇ Test legalMovesExcludesAcceptWhenResponderCannotAffordWantedCards() started.
◇ Test serializedSessionResumesTheSameDecisionsWithoutRestartingPolicyRandomness() started.
◇ Test legalMovesIncludeGiveCountsUpToTheGenerousCeiling() started.
◇ Test anExpandedSaveRoundTripsWithItsModeAndTarget() started.
◇ Test devCardPlayLimitResetsAfterEndTurn() started.
◇ Test discoveringAnOverseasCoastChartsItsHarborWhileOtherHexesStayFogged() started.
◇ Test emptyAndNonpositiveBankTradesAreRejectedWithoutMutation() started.
◇ Test openingChartsHomeHarborsWithoutDiscoveringTheirSea(family:) started.
◇ Test bankTradeRejectsNegativeGetAmount() started.
◇ Test rulesEngineProposeTradeRejectsWrongProposer() started.
◇ Test scaledFromBoardReproducesClassicOnAClassicSizedBoard() started.
◇ Test tiedKnightCountsKeepCurrentLargestArmyHolder() started.
◇ Test devCardStatusDistinguishesNewAndOlderCopiesInOneStack() started.
◇ Test aTwelvePointGameDoesNotEndAtTen() started.
◇ Test devCardsBoughtThisTurnBecomePlayableAfterEndTurn() started.
◇ Test threeToOneBankTradeWithGenericPort() started.
◇ Test mixedBankTradesWithOverlapAreRejectedWithoutMutation(rate:) started.
◇ Test serializedSessionRejectsChangingThePolicyRoster() started.
◇ Test sameResourceBankTradeIsRejectedWithoutMutation(rate:quantity:) started.
◇ Test settlementProducesOneResourceOnMatchingRoll() started.
◇ Test disjointCompoundBankTradeStillAppliesAtEachResourcesRate(rate:) started.
◇ Test robberTileProducesNothing() started.
◇ Test aTokenCountThatMissesTheProducingTilesIsRejected() started.
◇ Test unsupportedNavalVisionVersionsRemainRejected(version:) started.
◇ Test coldCheckpointKeepsItsVisionRuleAndPreviouslyDiscoveredTiles(version:) started.
◇ Test aWinningMoveReportsTheWinExactlyOnce() started.
◇ Test buyingDevCardDeductsCostAndDraws() started.
◇ Test expandedSeatsAThirtyEightCardBankAndAFiftyCardDeck() started.
◇ Test deployingCardsNotHeldIsRefusedWithoutMutation() started.
◇ Test fogDisabledRetainsTheEntireWorldUnderEitherVisionRule(version:) started.
◇ Test newGamesUseCornerVisionWithoutChangingOpeningMapOrEngineVersions() started.
◇ Test expandedDiscardThresholdIsTenNotSeven() started.
◇ Test buildCityUpgradesSettlementAndDeductsCost() started.
◇ Test legacyNavalOneReplaysItsOriginalExactRevealUnderEveryEngineVersion(engineVersion:) started.
◇ Test aMissingNavalVersionAlwaysDecodesAsLegacyOneWithoutRefogging() started.
◇ Test vertexCanonicalizationIsConsistentAcrossSharedTiles() started.
◇ Test movingRobberCanStealFromAdjacentPlayer() started.
◇ Test validationAgreesWithWhatApplyingActuallyDoes() started.
◇ Test theAccessorAgreesWithTheSessionsOwnNotionOfWhoActs() started.
◇ Test phasesNoSingleSeatOwnsReportNobody() started.
◇ Test aSaveMissingFieldsAddedAfterItWasWrittenStillLoads() started.
◇ Test classicRulesetMatchesTheValuesTheEngineShippedWith() started.
◇ Test buyingIsLimitedByDeckSize() started.
◇ Test positionOnlyZeroHoldingsSurviveCheckpointRoundTrip(oreCount:) started.
◇ Test monopolySurvivesCheckpointRoundTrip(external:) started.
◇ Test aTribeHeldHexPaysEveryoneAsNormal() started.
◇ Test aConquestGameShufflesTheFullClassicArmyDeck() started.
◇ Test branchingNetworkScoresOnlyLongestSimplePath() started.
◇ Test aCoherentTerminalTradeQueueCannotReviveTheGame() started.
◇ Test versionOnePreservesPartialYearOfPlentyHistory() started.
◇ Test standardBoardHas19TilesAndOneDesert() started.
◇ Test proposeAndAcceptTradeSwapsCardsBetweenPlayers() started.
◇ Test unsupportedRulesVersionCannotMutateAReplay() started.
◇ Test versionOnePreservesNilVictimRobberHistory() started.
◇ Test respondRejectsWhenResponderIsProposer() started.
◇ Test versionOneStillReplaysAnExplicitRobberVictimExactly() started.
◇ Test decliningATradeRecordsItAgainstTheProposer() started.
◇ Test rulesEngineAppliesProposeTrade() started.
◇ Test versionOnePreservesNilVictimKnightHistory(beforeRoll:) started.
◇ Test wrongTurnMoveIsRejected() started.
◇ Test validHumanActionsBeyondAutomatedCapColdResume(mode:) started.
◇ Test ordinaryMovesReplayUnderEverySupportedVersion(rulesVersion:) started.
◇ Test devCardStatusOwnsTurnTimingAndPassiveCardRules() started.
◇ Test deployingOnYourOwnHexReinforcesIt() started.
◇ Test duplicateOfferIDIsExcludedRejectedAndNeverMutates() started.
◇ Test olderCopyCanBePlayedButNewCopyWaitsUntilNextTurn(fixture:) started.
◇ Test movingTheRobberWithNobodyToRobReportsNoSteal() started.
◇ Test aSecondMatureMonopolyNeedsAnotherTurnAndAZeroGainStillConsumes(fixture:) started.
◇ Test anExternalMoveAdvancesTheSameGame() started.
◇ Test invalidKnightVictimCannotConsumeOrPartiallyApply(fixture:) started.
◇ Test knightTakesExactlyOneCardFromOnlyTheChosenVictim(fixture:) started.
◇ Test monopolyTransfersOneResourceAndCannotBeReusedAfterResume(fixture:) started.
◇ Test legacyDuplicateOffersStillReplayUnderRecordedRules(version:) started.
◇ Test knightWithoutAResourceHoldingNeighbourConsumesOneCardWithoutTheft(fixture:) started.
◇ Test expandedBonusesAreWorthFourPointsInBothFormulas() started.
◇ Test onlyMainTurnCountsAsAPlayableTurnForThatSeat() started.
◇ Test armyCardsCostAnyThreeResourcesByDefault() started.
◇ Test setupEndDealsEveryPlayerOnePlayableArmyCard() started.
◇ Test aThreeSeatGameCyclesTurnsAmongThreeSeats() started.
◇ Test anEmptyArmyDeckCannotBeBoughtFrom() started.
◇ Test settlementRespectsDistanceRuleAndRoadConnection() started.
◇ Test aCountedCompositionExpandsToOnePinnedInterleavedOrder() started.
◇ Test thirdKnightGrantsLargestArmy() started.
◇ Test endTurnClearsPendingTradeOffers() started.
◇ Test legacyProjectionDoesNotPermitOtherQueuedReplyCorruption(field:) started.
◇ Test tieKeepsCurrentHolder() started.
◇ Test newGameDevCardDeckPreservesStandardComposition() started.
◇ Test wrongSeatCannotPlayAndNeitherCommitPathMutates(fixture:) started.
◇ Test legacyQueuedReplyResumesWithChartedHarborsWithoutResampling(nearHarbor:) started.
◇ Test humanAndPolicyApplyTheSameLegalCardMoves(fixture:) started.
◇ Test requiredRobberyAndDiscardHaveControllerParity(fixture:) started.
◇ Test anUnsupportedTargetIsRefused() started.
◇ Test completedPositionDoesNotReconstructAnOpenTradeResponse() started.
◇ Test anyThreePricePaysFromTheBiggestPilesFirst() started.
◇ Test serializedSessionKeepsTheAlreadySampledTradeResponse() started.
◇ Test multipleDemandingPlayersGetNothingWhenBankCannotCoverAll() started.
◇ Test aThreeSeatGameCompletesSetupAcrossExactlyThreeSeats() started.
◇ Test randomLegalPlayReachesGameOverWithoutErrors() started.
◇ Test expandedRandomizedBoardIsReproducibleFromItsSeed() started.
◇ Test buildingReportsWhatWasBuilt() started.
◇ Test cityRequiresExistingOwnSettlement() started.
◇ Test bankDraftNamesTheRequiredBundleAtThePlayersActualPortRate(_:) started.
◇ Test clearDraftConstraintsAreNotPermissionToCommit() started.
◇ Test aCompositionThatDoesNotFillTheBoardIsRejected() started.
◇ Test aThreeSeatGameHasThreeSeats() started.
◇ Test bankDraftChecksEachResourcesOwnRateInACompoundTrade() started.
◇ Test terrainDoesNotChangeTheCornerOriginOrDiscoveryEvents(rotation:landMask:) started.
◇ Test tradingAResourceForItselfIsRejected() started.
◇ Test previousPublicDiscoveriesStayVisibleAndRepeatedDiscoveryProducesNoEvent() started.
◇ Test overlapPrecedesStableResourceOrderForBundleErrorsWithoutMutatingState() started.
◇ Test cornerFootprintIsCenteredSymmetricAndHasExactCutoff(rotation:origin:) started.
◇ Test sameResourceIsExcludedInEitherDraftMode(_:) started.
◇ Test proposeTradeStopsBeingLegalAtTheTurnRetryLimit() started.
◇ Test historicalOverlappingDomesticTradesStillApplyAndReplay(_:) started.
◇ Test case passing 1 argument card → .knight to buyingDevCardReportsTheExactCardDrawn(card:) started.
◇ Test shipVisionRetainsItsNineteenHexFootprintAndSixCardinalBoundaries(origin:) started.
◇ Test robberBlocksFlexibleProductionAndNeverTargetsFogOrShips() started.
◇ Test case passing 1 argument card → .yearOfPlenty to buyingDevCardReportsTheExactCardDrawn(card:) started.
◇ Test case passing 1 argument card → .roadBuilding to buyingDevCardReportsTheExactCardDrawn(card:) started.
◇ Test case passing 1 argument card → .monopoly to buyingDevCardReportsTheExactCardDrawn(card:) started.
◇ Test case passing 1 argument card → .victoryPoint to buyingDevCardReportsTheExactCardDrawn(card:) started.
◇ Test fastSearchAgreesWithTheExhaustiveOneOnManyRandomNetworks() started.
◇ Test citiesChooseTwoUnitsClockwiseAfterFixedProduction() started.
◇ Test theCompleteCanonicalCornerIncludesSeaAndOffEnvelopeCoordinates() started.
◇ Test aTargetSurvivesASaveAndReload() started.
◇ Test unavailableChoicesAreRejectedAndEmptyBankExpiresObligations() started.
◇ Test pipsMatchTheWaysTwoDiceRollEachNumber() started.
◇ Test aSaveWrittenBeforeConquestExistedLoadsAsStandard() started.
◇ Test yearOfPlentyRequiresTwoCardsTheBankCanSupply() started.
◇ Test aShapeNoShuffleCanSatisfyIsRepairedRatherThanRefused() started.
◇ Test aCardBoughtThisTurnCanBeDeployedAtOnce() started.
◇ Test buildingSettlementOnOpponentRoadRecomputesLongestRoadImmediately() started.
◇ Test case passing 1 argument table → 3 to decodedCheckpointContinuesIdenticalTranscriptAndLedger(table:) started.
◇ Test case passing 1 argument table → 4 to decodedCheckpointContinuesIdenticalTranscriptAndLedger(table:) started.
◇ Test case passing 1 argument corruption → "nil" to corruptNavalAuthoritativeStateIsRejected(corruption:) started.
◇ Test case passing 1 argument corruption → "rulesVersion" to corruptNavalAuthoritativeStateIsRejected(corruption:) started.
◇ Test case passing 1 argument corruption → "mapVersion" to corruptNavalAuthoritativeStateIsRejected(corruption:) started.
◇ Test case passing 1 argument corruption → "unknownReveal" to corruptNavalAuthoritativeStateIsRejected(corruption:) started.
◇ Test case passing 1 argument corruption → "duplicateShip" to corruptNavalAuthoritativeStateIsRejected(corruption:) started.
◇ Test case passing 1 argument corruption → "shipLand" to corruptNavalAuthoritativeStateIsRejected(corruption:) started.
◇ Test case passing 1 argument corruption → "shipSteps" to corruptNavalAuthoritativeStateIsRejected(corruption:) started.
◇ Test case passing 1 argument corruption → "shipOwner" to corruptNavalAuthoritativeStateIsRejected(corruption:) started.
◇ Test case passing 1 argument corruption → "stock" to corruptNavalAuthoritativeStateIsRejected(corruption:) started.
◇ Test case passing 1 argument corruption → "score" to corruptNavalAuthoritativeStateIsRejected(corruption:) started.
◇ Test case passing 1 argument corruption → "topology" to corruptNavalAuthoritativeStateIsRejected(corruption:) started.
◇ Test case passing 1 argument corruption → "choice" to corruptNavalAuthoritativeStateIsRejected(corruption:) started.
◇ Test case passing 1 argument corruption → "garrison" to corruptNavalAuthoritativeStateIsRejected(corruption:) started.
◇ Test case passing 1 argument corruption → "armyDeck" to corruptNavalAuthoritativeStateIsRejected(corruption:) started.
◇ Test case passing 1 argument corruption → "armyHand" to corruptNavalAuthoritativeStateIsRejected(corruption:) started.
◇ Test acceptsCheckpointAtTurnBackstop() started.
◇ Test rejectsCurrentTurnSeatWithoutActions() started.
◇ Test rejectsUnsupportedStateSchema(version:) started.
◇ Test rejectsQueuedResponseWithoutPendingOffer() started.
◇ Test rejectsInvalidPhasePlayerIndex(phase:index:) started.
◇ Test rejectsQueuedResponseFromProposer() started.
◇ Test legitimateDecodedSnapshotsResume() started.
◇ Test rejectsQueuedNonResponseMove() started.
◇ Test rejectsActionsWithoutACurrentTurnSeat() started.
◇ Test rejectsQueuedResponseToUnknownOffer() started.
◇ Test rejectsQueuedResponseWithoutActorPolicy() started.
◇ Test rejectsInvalidQueuedResponseActor(index:) started.
◇ Test rejectsInvalidCurrentTurnSeat(index:) started.
◇ Test rejectsActionsBeyondTurnBackstop(actions:) started.
◇ Test rejectsZeroEvaluationsWithQueuedDecision() started.
◇ Test rejectsNegativeCounters(field:) started.
◇ Test rejectsChangedPolicyRosterAfterDecoding() started.
◇ Test rejectsQueuedEvaluationOutsideRecordedRange(index:) started.
✔ Test anyThreePriceIsUnaffordableWithTwoCards() passed after 0.465 seconds.
◇ Test rejectsCountersThatCannotAdvanceWithoutOverflow(field:) started.
◇ Test rejectsUnsupportedCheckpointVersion(version:) started.
◇ Test theDeckIsNotRequiredToReachTheTarget() started.
◇ Test theRulesetIsPlayable() started.
◇ Test boardsAreDeterministicForOneSeed() started.
◇ Test thePieceLimitsAloneCanReachTheTarget() started.
◇ Test thePortsCoverThreeGenericsPerFiveAndEveryResourceTwice() started.
◇ Test brickAndOreStayScarcerThanTheOtherThree() started.
◇ Test theBoardHasOneHundredFiftyVertices() started.
◇ Test theBoardIsSixtyOneTilesWithThreeDeserts() started.
◇ Test theTokenSpreadIsSymmetricAboutSeven() started.
✔ Test discardingHalfRoundedDownResolvesPhase() passed after 0.470 seconds.
✔ Test anUnoccupiedHexPaysEveryoneAsNormal() passed after 0.657 seconds.
◇ Test aStealHidesTheResourceFromEveryoneButThiefAndVictim() started.
◇ Test aBuildSpendsExactlyWhatItCosts() started.
◇ Test aLedgerEqualsItselfAfterARoundTrip() started.
◇ Test aKnightStealIsMaskedTheSameWay() started.
◇ Test aStealLeavesTheVictimsCompositionUncertainButTheCountExact() started.
◇ Test sameFamilyFallbackIsValidForEitherProductionOption(family:) started.
◇ Test captureIsGlobalOptionalAndLastsUntilRecapture() started.
◇ Test togglesPreserveWorldAndRandomStream(family:) started.
✔ Test theDesertCannotBeDeployedTo() passed after 0.696 seconds.
◇ Test stockBelongsToBuilderAndSeaHexesAllowStacking() started.
◇ Test seededWorldStudy(family:) started.
◇ Test shipsPayExactCostSailAndRefresh(table:) started.
◇ Test theObserverAlwaysKnowsItsOwnHandExactly() started.
✔ Test legalMovesEnumeratesMoveRobberTargetsAndVictims() passed after 0.699 seconds.
◇ Test aRollPayoutIsCountedExactly() started.
◇ Test aFirstColonyBonusCanCompleteTheFourteenPointWin() started.
◇ Test monopolyEmptiesEveryOtherHandOfThatResource() started.
◇ Test shipsCannotTeleportCrossLandOrMoveForAnotherSeat() started.
◇ Test everyEventCarryingAPrivateDetailIsMaskedForABystander() started.
◇ Test landingRequiresSettlementBeforeRoadAndScoresDistinctIslands() started.
◇ Test theEncodedLedgerIsOrderedBySeat() started.
◇ Test equalLedgersEncodeIdentically() started.
✔ Test knightPlayedBeforeRollingBlocksAnotherCardThatSameTurn() passed after 0.702 seconds.
◇ Test aFloorSpentToZeroLeavesNoEntryBehind() started.
◇ Test theKnownFloorNeverExceedsTheTruth() started.
◇ Test case passing 1 argument kind → .generic to chartedPortNeedsAnOwnedBuildingAndPreservesActualBankRates(kind:) started.
◇ Test case passing 1 argument kind → .resource(CatanEngine.Resource.grain) to chartedPortNeedsAnOwnedBuildingAndPreservesActualBankRates(kind:) started.
◇ Test case passing 1 argument kind → .resource(CatanEngine.Resource.wool) to chartedPortNeedsAnOwnedBuildingAndPreservesActualBankRates(kind:) started.
◇ Test foundingNeedsAnOwnedShipAtThatExactCoastalCorner() started.
◇ Test inlandOpeningIsLegalWithEitherFogSetting(family:fog:) started.
◇ Test foundedIslandCanExpandInlandByRoadAfterItsShipLeaves() started.
◇ Test setupStillCannotSkipToAnOverseasIslandOrIgnoreDistance() started.
◇ Test inlandPaidSettlementRequiresOwnRoadAndShipDoesNotSubstitute() started.
◇ Test bothOpeningSettlementsCanBeInland(family:count:) started.
◇ Test resumedSetupOffersInlandSitesWithoutChangingSavedVision(version:) started.
◇ Test mapFingerprintsRemainStableAcrossTestProcesses() started.
◇ Test case passing 1 argument family → .archipelago to openingChartsHomeHarborsWithoutDiscoveringTheirSea(family:) started.
◇ Test case passing 1 argument family → .peninsula to openingChartsHomeHarborsWithoutDiscoveringTheirSea(family:) started.
◇ Test case passing 1 argument family → .twinIslands to openingChartsHomeHarborsWithoutDiscoveringTheirSea(family:) started.
✔ Test scaledFromBoardOnAnExpandedSizedBoardRoundsAwayFromZero() passed after 0.874 seconds.
◇ Test case passing 1 argument rate → 2 to mixedBankTradesWithOverlapAreRejectedWithoutMutation(rate:) started.
◇ Test case passing 1 argument rate → 3 to mixedBankTradesWithOverlapAreRejectedWithoutMutation(rate:) started.
◇ Test case passing 1 argument rate → 4 to mixedBankTradesWithOverlapAreRejectedWithoutMutation(rate:) started.
✔ Test aConquestGameStartsWithEveryProducingHexHeldByATribeAtItsPipCount() passed after 0.885 seconds.
◇ Test case passing 2 arguments rate → 2, quantity → 1 to sameResourceBankTradeIsRejectedWithoutMutation(rate:quantity:) started.
◇ Test case passing 2 arguments rate → 2, quantity → 2 to sameResourceBankTradeIsRejectedWithoutMutation(rate:quantity:) started.
◇ Test case passing 2 arguments rate → 3, quantity → 1 to sameResourceBankTradeIsRejectedWithoutMutation(rate:quantity:) started.
◇ Test case passing 2 arguments rate → 3, quantity → 2 to sameResourceBankTradeIsRejectedWithoutMutation(rate:quantity:) started.
◇ Test case passing 2 arguments rate → 4, quantity → 1 to sameResourceBankTradeIsRejectedWithoutMutation(rate:quantity:) started.
◇ Test case passing 2 arguments rate → 4, quantity → 2 to sameResourceBankTradeIsRejectedWithoutMutation(rate:quantity:) started.
◇ Test case passing 1 argument rate → 2 to disjointCompoundBankTradeStillAppliesAtEachResourcesRate(rate:) started.
◇ Test case passing 1 argument rate → 3 to disjointCompoundBankTradeStillAppliesAtEachResourcesRate(rate:) started.
◇ Test case passing 1 argument rate → 4 to disjointCompoundBankTradeStillAppliesAtEachResourcesRate(rate:) started.
✔ Test derivedPortsSitOnDistinctCoastalEdgesOfTheBoard() passed after 0.911 seconds.
✔ Test discardingOffersOnlyTheActingSeatsOwnCombinations() passed after 0.912 seconds.
◇ Test case passing 1 argument version → 3 to unsupportedNavalVisionVersionsRemainRejected(version:) started.
◇ Test case passing 1 argument version → 0 to unsupportedNavalVisionVersionsRemainRejected(version:) started.
◇ Test case passing 1 argument version → 999 to unsupportedNavalVisionVersionsRemainRejected(version:) started.
✔ Test monopolyReportsHowManyCardsItSweptUp() passed after 0.914 seconds.
◇ Test case passing 1 argument version → 1 to coldCheckpointKeepsItsVisionRuleAndPreviouslyDiscoveredTiles(version:) started.
◇ Test case passing 1 argument version → 2 to coldCheckpointKeepsItsVisionRuleAndPreviouslyDiscoveredTiles(version:) started.
✔ Test fragmentedRoadNetworkDoesNotSumAcrossDisconnectedPieces() passed after 0.923 seconds.
✔ Test fastSearchHandlesTheShapesThatBreakNaiveSearches() passed after 0.925 seconds.
◇ Test case passing 1 argument version → 1 to fogDisabledRetainsTheEntireWorldUnderEitherVisionRule(version:) started.
◇ Test case passing 1 argument version → 2 to fogDisabledRetainsTheEntireWorldUnderEitherVisionRule(version:) started.
✔ Test tileCountFollowsTheHexFormulaAtEveryRadius() passed after 0.956 seconds.
◇ Test case passing 1 argument engineVersion → 1 to legacyNavalOneReplaysItsOriginalExactRevealUnderEveryEngineVersion(engineVersion:) started.
◇ Test case passing 1 argument engineVersion → 2 to legacyNavalOneReplaysItsOriginalExactRevealUnderEveryEngineVersion(engineVersion:) started.
◇ Test case passing 1 argument engineVersion → 3 to legacyNavalOneReplaysItsOriginalExactRevealUnderEveryEngineVersion(engineVersion:) started.
✔ Test settlementNotTouchingTheRolledTileGetsNothing() passed after 1.302 seconds.
✔ Test soleDemandingPlayerGetsWhateverBankHasLeft() passed after 1.305 seconds.
✔ Test scaledFromBoardOnAMuchLargerBoardRoundsDownWhenTheFractionIsBelowHalf() passed after 1.307 seconds.
✔ Test outOfOrderSettlementBeforePendingRoadIsRejected() passed after 1.307 seconds.
✔ Test expandedHasFourteenPortsOnDistinctCoastalEdges() passed after 1.307 seconds.
◇ Test terminalOfferDoesNotRequestAnotherDecision(restoration:) started.
◇ Test aLiveHumanOfferStillQueuesAndAppliesAPolicyResponse() started.
◇ Test externalBankSpendRefreshesCachedObservationWithoutRandomDraws() started.
✔ Test roadMustConnectToOwnNetwork() passed after 1.309 seconds.
◇ Test externalEndTurnCancelsCachedReply() started.
◇ Test externalProposalQueuesAndExternalConsumptionClearsResponse() started.
✔ Test aSaveWrittenBeforeModesExistedLoadsAsClassic() passed after 1.327 seconds.
✔ Test startingBankIsUniformAcrossEveryResource() passed after 1.326 seconds.
✔ Test belowTenVictoryPointsDoesNotEndGame() passed after 1.337 seconds.
✔ Test rollingReportsTheTotalThatWasActuallyRolled() passed after 1.337 seconds.
✔ Test cityProducesTwoResourcesOnMatchingRoll() passed after 1.337 seconds.
✔ Test classicShapeReproducesTheStandardBoardExactly() passed after 1.337 seconds.
✔ Test theIdentifierDependsOnEveryPartOfTheOffer() passed after 1.353 seconds.
✔ Test classicDiscardThresholdIsStillSeven() passed after 1.354 seconds.
✔ Test distinctOffersGetDistinctIdentifiers() passed after 1.354 seconds.
✔ Test aPaymentThatIsNotExactlyTheHeldPriceIsRefusedWithoutMutation() passed after 1.356 seconds.
◇ Test case passing 1 argument oreCount → 0 to positionOnlyZeroHoldingsSurviveCheckpointRoundTrip(oreCount:) started.
◇ Test case passing 1 argument oreCount → 2 to positionOnlyZeroHoldingsSurviveCheckpointRoundTrip(oreCount:) started.
◇ Test case passing 1 argument external → false to monopolySurvivesCheckpointRoundTrip(external:) started.
◇ Test case passing 1 argument external → true to monopolySurvivesCheckpointRoundTrip(external:) started.
✔ Test occupierBonusRespectsBankShortage() passed after 1.389 seconds.
✔ Test deployMovesOfferEveryCardSetOnEveryReachableHex() passed after 1.389 seconds.
✔ Test negativeDiscardAmountIsRejected() passed after 1.388 seconds.
✔ Test yearOfPlentyEnumeratesOnlyPairsTheBankCanSupply() passed after 1.389 seconds.
✔ Test theRobberBlocksAnOccupiedHexIncludingTheBonus() passed after 1.389 seconds.
✔ Test expandedDeckIsExactlyTwiceClassic() passed after 1.389 seconds.
✔ Test endingATurnReportsIt() passed after 1.391 seconds.
✔ Test victoryPointsMatchesGameStateComputation() passed after 1.392 seconds.
✔ Test roadBuildingThrowsIfEitherEdgeIsIllegal() passed after 1.394 seconds.
◇ Test case passing 1 argument beforeRoll → false to versionOnePreservesNilVictimKnightHistory(beforeRoll:) started.
◇ Test case passing 1 argument beforeRoll → true to versionOnePreservesNilVictimKnightHistory(beforeRoll:) started.
✔ Test aPlayerAtTheRoadLimitHasNoLegalRoadToBuild() passed after 1.398 seconds.
◇ Test case passing 1 argument mode → .classic to validHumanActionsBeyondAutomatedCapColdResume(mode:) started.
◇ Test case passing 1 argument mode → .naval to validHumanActionsBeyondAutomatedCapColdResume(mode:) started.
◇ Test case passing 1 argument rulesVersion → 1 to ordinaryMovesReplayUnderEverySupportedVersion(rulesVersion:) started.
◇ Test case passing 1 argument rulesVersion → 3 to ordinaryMovesReplayUnderEverySupportedVersion(rulesVersion:) started.
✔ Test aStandardGameListsNoArmyMovesAndRefusesThem() passed after 1.404 seconds.
✔ Test anExactlyEqualAttackLeavesTheHexUnoccupied() passed after 1.403 seconds.
◇ Test case passing 1 argument fixture → EngineFairnessCase(mode: CatanEngine.GameMode.classic, variant: CatanEngine.GameVariant.standard, seat: 0) to olderCopyCanBePlayedButNewCopyWaitsUntilNextTurn(fixture:) started.
◇ Test case passing 1 argument fixture → EngineFairnessCase(mode: CatanEngine.GameMode.classic, variant: CatanEngine.GameVariant.standard, seat: 1) to olderCopyCanBePlayedButNewCopyWaitsUntilNextTurn(fixture:) started.
✔ Test winningWithAnOpenTradeEndsAutomatedNegotiation() passed after 1.407 seconds.
◇ Test case passing 1 argument fixture → EngineFairnessCase(mode: CatanEngine.GameMode.classic, variant: CatanEngine.GameVariant.standard, seat: 2) to olderCopyCanBePlayedButNewCopyWaitsUntilNextTurn(fixture:) started.
✔ Test anAttackThatFallsShortWeakensTheDefender() passed after 1.414 seconds.
◇ Test case passing 1 argument fixture → EngineFairnessCase(mode: CatanEngine.GameMode.classic, variant: CatanEngine.GameVariant.standard, seat: 3) to olderCopyCanBePlayedButNewCopyWaitsUntilNextTurn(fixture:) started.
◇ Test case passing 1 argument fixture → EngineFairnessCase(mode: CatanEngine.GameMode.classic, variant: CatanEngine.GameVariant.conquest, seat: 0) to olderCopyCanBePlayedButNewCopyWaitsUntilNextTurn(fixture:) started.
◇ Test case passing 1 argument fixture → EngineFairnessCase(mode: CatanEngine.GameMode.classic, variant: CatanEngine.GameVariant.conquest, seat: 1) to olderCopyCanBePlayedButNewCopyWaitsUntilNextTurn(fixture:) started.
◇ Test case passing 1 argument fixture → EngineFairnessCase(mode: CatanEngine.GameMode.classic, variant: CatanEngine.GameVariant.standard, seat: 0) to aSecondMatureMonopolyNeedsAnotherTurnAndAZeroGainStillConsumes(fixture:) started.
◇ Test case passing 1 argument fixture → EngineFairnessCase(mode: CatanEngine.GameMode.classic, variant: CatanEngine.GameVariant.conquest, seat: 2) to olderCopyCanBePlayedButNewCopyWaitsUntilNextTurn(fixture:) started.
◇ Test case passing 1 argument fixture → EngineFairnessCase(mode: CatanEngine.GameMode.classic, variant: CatanEngine.GameVariant.standard, seat: 1) to aSecondMatureMonopolyNeedsAnotherTurnAndAZeroGainStillConsumes(fixture:) started.
◇ Test case passing 1 argument fixture → EngineFairnessCase(mode: CatanEngine.GameMode.classic, variant: CatanEngine.GameVariant.conquest, seat: 3) to olderCopyCanBePlayedButNewCopyWaitsUntilNextTurn(fixture:) started.
◇ Test case passing 1 argument fixture → EngineFairnessCase(mode: CatanEngine.GameMode.classic, variant: CatanEngine.GameVariant.standard, seat: 2) to aSecondMatureMonopolyNeedsAnotherTurnAndAZeroGainStillConsumes(fixture:) started.
◇ Test case passing 1 argument fixture → EngineFairnessCase(mode: CatanEngine.GameMode.vast, variant: CatanEngine.GameVariant.standard, seat: 0) to olderCopyCanBePlayedButNewCopyWaitsUntilNextTurn(fixture:) started.
◇ Test case passing 1 argument fixture → EngineFairnessCase(mode: CatanEngine.GameMode.classic, variant: CatanEngine.GameVariant.standard, seat: 3) to aSecondMatureMonopolyNeedsAnotherTurnAndAZeroGainStillConsumes(fixture:) started.
◇ Test case passing 1 argument fixture → EngineFairnessCase(mode: CatanEngine.GameMode.vast, variant: CatanEngine.GameVariant.standard, seat: 1) to olderCopyCanBePlayedButNewCopyWaitsUntilNextTurn(fixture:) started.
◇ Test case passing 1 argument fixture → EngineFairnessCase(mode: CatanEngine.GameMode.classic, variant: CatanEngine.GameVariant.conquest, seat: 0) to aSecondMatureMonopolyNeedsAnotherTurnAndAZeroGainStillConsumes(fixture:) started.
◇ Test case passing 1 argument fixture → EngineFairnessCase(mode: CatanEngine.GameMode.vast, variant: CatanEngine.GameVariant.standard, seat: 2) to olderCopyCanBePlayedButNewCopyWaitsUntilNextTurn(fixture:) started.
◇ Test case passing 1 argument fixture → EngineFairnessCase(mode: CatanEngine.GameMode.vast, variant: CatanEngine.GameVariant.standard, seat: 3) to olderCopyCanBePlayedButNewCopyWaitsUntilNextTurn(fixture:) started.
◇ Test case passing 1 argument fixture → EngineFairnessCase(mode: CatanEngine.GameMode.vast, variant: CatanEngine.GameVariant.conquest, seat: 0) to olderCopyCanBePlayedButNewCopyWaitsUntilNextTurn(fixture:) started.
◇ Test case passing 1 argument fixture → EngineFairnessCase(mode: CatanEngine.GameMode.vast, variant: CatanEngine.GameVariant.conquest, seat: 1) to olderCopyCanBePlayedButNewCopyWaitsUntilNextTurn(fixture:) started.
◇ Test case passing 1 argument fixture → EngineFairnessCase(mode: CatanEngine.GameMode.vast, variant: CatanEngine.GameVariant.conquest, seat: 2) to olderCopyCanBePlayedButNewCopyWaitsUntilNextTurn(fixture:) started.
✔ Test armyCardsRunFromOneToFourSoTribesAreHardToBreak() passed after 1.487 seconds.
✔ Test yearOfPlentyRejectsAnUnavailablePairWithoutConsumingTheCard() passed after 1.487 seconds.
◇ Test case passing 1 argument fixture → EngineFairnessCase(mode: CatanEngine.GameMode.classic, variant: CatanEngine.GameVariant.conquest, seat: 1) to aSecondMatureMonopolyNeedsAnotherTurnAndAZeroGainStillConsumes(fixture:) started.
◇ Test case passing 1 argument fixture → EngineFairnessCase(mode: CatanEngine.GameMode.vast, variant: CatanEngine.GameVariant.conquest, seat: 3) to olderCopyCanBePlayedButNewCopyWaitsUntilNextTurn(fixture:) started.
◇ Test case passing 1 argument fixture → EngineFairnessCase(mode: CatanEngine.GameMode.classic, variant: CatanEngine.GameVariant.conquest, seat: 2) to aSecondMatureMonopolyNeedsAnotherTurnAndAZeroGainStillConsumes(fixture:) started.
◇ Test case passing 1 argument fixture → EngineFairnessCase(mode: CatanEngine.GameMode.classic, variant: CatanEngine.GameVariant.conquest, seat: 3) to aSecondMatureMonopolyNeedsAnotherTurnAndAZeroGainStillConsumes(fixture:) started.
◇ Test case passing 1 argument fixture → EngineFairnessCase(mode: CatanEngine.GameMode.vast, variant: CatanEngine.GameVariant.standard, seat: 0) to aSecondMatureMonopolyNeedsAnotherTurnAndAZeroGainStillConsumes(fixture:) started.
✔ Test playingMonopolyBeforeRollingStillRequiresTheRoll() passed after 1.533 seconds.
◇ Test case passing 1 argument fixture → EngineFairnessCase(mode: CatanEngine.GameMode.vast, variant: CatanEngine.GameVariant.standard, seat: 1) to aSecondMatureMonopolyNeedsAnotherTurnAndAZeroGainStillConsumes(fixture:) started.
◇ Test case passing 1 argument fixture → EngineFairnessCase(mode: CatanEngine.GameMode.classic, variant: CatanEngine.GameVariant.standard, seat: 0) to invalidKnightVictimCannotConsumeOrPartiallyApply(fixture:) started.
◇ Test case passing 1 argument fixture → EngineFairnessCase(mode: CatanEngine.GameMode.vast, variant: CatanEngine.GameVariant.standard, seat: 2) to aSecondMatureMonopolyNeedsAnotherTurnAndAZeroGainStillConsumes(fixture:) started.
◇ Test case passing 1 argument fixture → EngineFairnessCase(mode: CatanEngine.GameMode.classic, variant: CatanEngine.GameVariant.standard, seat: 1) to invalidKnightVictimCannotConsumeOrPartiallyApply(fixture:) started.
◇ Test case passing 1 argument fixture → EngineFairnessCase(mode: CatanEngine.GameMode.vast, variant: CatanEngine.GameVariant.standard, seat: 3) to aSecondMatureMonopolyNeedsAnotherTurnAndAZeroGainStillConsumes(fixture:) started.
◇ Test case passing 1 argument fixture → EngineFairnessCase(mode: CatanEngine.GameMode.classic, variant: CatanEngine.GameVariant.standard, seat: 2) to invalidKnightVictimCannotConsumeOrPartiallyApply(fixture:) started.
◇ Test case passing 1 argument fixture → EngineFairnessCase(mode: CatanEngine.GameMode.vast, variant: CatanEngine.GameVariant.conquest, seat: 0) to aSecondMatureMonopolyNeedsAnotherTurnAndAZeroGainStillConsumes(fixture:) started.
◇ Test case passing 1 argument fixture → EngineFairnessCase(mode: CatanEngine.GameMode.classic, variant: CatanEngine.GameVariant.standard, seat: 3) to invalidKnightVictimCannotConsumeOrPartiallyApply(fixture:) started.
◇ Test case passing 1 argument fixture → EngineFairnessCase(mode: CatanEngine.GameMode.vast, variant: CatanEngine.GameVariant.conquest, seat: 1) to aSecondMatureMonopolyNeedsAnotherTurnAndAZeroGainStillConsumes(fixture:) started.
◇ Test case passing 1 argument fixture → EngineFairnessCase(mode: CatanEngine.GameMode.classic, variant: CatanEngine.GameVariant.standard, seat: 0) to knightTakesExactlyOneCardFromOnlyTheChosenVictim(fixture:) started.
◇ Test case passing 1 argument fixture → EngineFairnessCase(mode: CatanEngine.GameMode.classic, variant: CatanEngine.GameVariant.conquest, seat: 0) to invalidKnightVictimCannotConsumeOrPartiallyApply(fixture:) started.
◇ Test case passing 1 argument fixture → EngineFairnessCase(mode: CatanEngine.GameMode.classic, variant: CatanEngine.GameVariant.standard, seat: 0) to monopolyTransfersOneResourceAndCannotBeReusedAfterResume(fixture:) started.
◇ Test case passing 1 argument fixture → EngineFairnessCase(mode: CatanEngine.GameMode.vast, variant: CatanEngine.GameVariant.conquest, seat: 2) to aSecondMatureMonopolyNeedsAnotherTurnAndAZeroGainStillConsumes(fixture:) started.
◇ Test case passing 1 argument fixture → EngineFairnessCase(mode: CatanEngine.GameMode.classic, variant: CatanEngine.GameVariant.standard, seat: 1) to knightTakesExactlyOneCardFromOnlyTheChosenVictim(fixture:) started.
◇ Test case passing 1 argument fixture → EngineFairnessCase(mode: CatanEngine.GameMode.classic, variant: CatanEngine.GameVariant.conquest, seat: 1) to invalidKnightVictimCannotConsumeOrPartiallyApply(fixture:) started.
◇ Test case passing 1 argument fixture → EngineFairnessCase(mode: CatanEngine.GameMode.classic, variant: CatanEngine.GameVariant.standard, seat: 1) to monopolyTransfersOneResourceAndCannotBeReusedAfterResume(fixture:) started.
◇ Test case passing 1 argument fixture → EngineFairnessCase(mode: CatanEngine.GameMode.vast, variant: CatanEngine.GameVariant.conquest, seat: 3) to aSecondMatureMonopolyNeedsAnotherTurnAndAZeroGainStillConsumes(fixture:) started.
◇ Test case passing 1 argument fixture → EngineFairnessCase(mode: CatanEngine.GameMode.classic, variant: CatanEngine.GameVariant.standard, seat: 2) to knightTakesExactlyOneCardFromOnlyTheChosenVictim(fixture:) started.
◇ Test case passing 1 argument fixture → EngineFairnessCase(mode: CatanEngine.GameMode.classic, variant: CatanEngine.GameVariant.conquest, seat: 2) to invalidKnightVictimCannotConsumeOrPartiallyApply(fixture:) started.
◇ Test case passing 1 argument fixture → EngineFairnessCase(mode: CatanEngine.GameMode.classic, variant: CatanEngine.GameVariant.standard, seat: 2) to monopolyTransfersOneResourceAndCannotBeReusedAfterResume(fixture:) started.
◇ Test case passing 1 argument fixture → EngineFairnessCase(mode: CatanEngine.GameMode.classic, variant: CatanEngine.GameVariant.standard, seat: 3) to knightTakesExactlyOneCardFromOnlyTheChosenVictim(fixture:) started.
◇ Test case passing 1 argument fixture → EngineFairnessCase(mode: CatanEngine.GameMode.classic, variant: CatanEngine.GameVariant.conquest, seat: 3) to invalidKnightVictimCannotConsumeOrPartiallyApply(fixture:) started.
◇ Test case passing 1 argument fixture → EngineFairnessCase(mode: CatanEngine.GameMode.classic, variant: CatanEngine.GameVariant.conquest, seat: 0) to knightTakesExactlyOneCardFromOnlyTheChosenVictim(fixture:) started.
◇ Test case passing 1 argument fixture → EngineFairnessCase(mode: CatanEngine.GameMode.classic, variant: CatanEngine.GameVariant.standard, seat: 3) to monopolyTransfersOneResourceAndCannotBeReusedAfterResume(fixture:) started.
✔ Test aSaveWithAnInvalidTargetIsRejectedAsCorrupt() passed after 1.685 seconds.
◇ Test case passing 1 argument fixture → EngineFairnessCase(mode: CatanEngine.GameMode.vast, variant: CatanEngine.GameVariant.standard, seat: 0) to invalidKnightVictimCannotConsumeOrPartiallyApply(fixture:) started.
◇ Test case passing 1 argument fixture → EngineFairnessCase(mode: CatanEngine.GameMode.classic, variant: CatanEngine.GameVariant.conquest, seat: 0) to monopolyTransfersOneResourceAndCannotBeReusedAfterResume(fixture:) started.
◇ Test case passing 1 argument fixture → EngineFairnessCase(mode: CatanEngine.GameMode.classic, variant: CatanEngine.GameVariant.conquest, seat: 1) to knightTakesExactlyOneCardFromOnlyTheChosenVictim(fixture:) started.
◇ Test case passing 1 argument fixture → EngineFairnessCase(mode: CatanEngine.GameMode.vast, variant: CatanEngine.GameVariant.standard, seat: 1) to invalidKnightVictimCannotConsumeOrPartiallyApply(fixture:) started.
◇ Test case passing 1 argument version → 1 to legacyDuplicateOffersStillReplayUnderRecordedRules(version:) started.
◇ Test case passing 1 argument version → 2 to legacyDuplicateOffersStillReplayUnderRecordedRules(version:) started.
◇ Test case passing 1 argument fixture → EngineFairnessCase(mode: CatanEngine.GameMode.classic, variant: CatanEngine.GameVariant.conquest, seat: 2) to knightTakesExactlyOneCardFromOnlyTheChosenVictim(fixture:) started.
◇ Test case passing 1 argument fixture → EngineFairnessCase(mode: CatanEngine.GameMode.classic, variant: CatanEngine.GameVariant.conquest, seat: 1) to monopolyTransfersOneResourceAndCannotBeReusedAfterResume(fixture:) started.
◇ Test case passing 1 argument fixture → EngineFairnessCase(mode: CatanEngine.GameMode.vast, variant: CatanEngine.GameVariant.standard, seat: 2) to invalidKnightVictimCannotConsumeOrPartiallyApply(fixture:) started.
◇ Test case passing 1 argument fixture → EngineFairnessCase(mode: CatanEngine.GameMode.classic, variant: CatanEngine.GameVariant.conquest, seat: 2) to monopolyTransfersOneResourceAndCannotBeReusedAfterResume(fixture:) started.
◇ Test case passing 1 argument fixture → EngineFairnessCase(mode: CatanEngine.GameMode.vast, variant: CatanEngine.GameVariant.standard, seat: 3) to invalidKnightVictimCannotConsumeOrPartiallyApply(fixture:) started.
◇ Test case passing 1 argument fixture → EngineFairnessCase(mode: CatanEngine.GameMode.classic, variant: CatanEngine.GameVariant.conquest, seat: 3) to knightTakesExactlyOneCardFromOnlyTheChosenVictim(fixture:) started.
◇ Test aComposedOfferMustCarryItsContentDerivedID() started.
◇ Test aSessionAcceptsAndTablesAPermittedComposedOffer() started.
◇ Test case passing 1 argument fixture → EngineFairnessCase(mode: CatanEngine.GameMode.classic, variant: CatanEngine.GameVariant.conquest, seat: 3) to monopolyTransfersOneResourceAndCannotBeReusedAfterResume(fixture:) started.
◇ Test case passing 1 argument fixture → EngineFairnessCase(mode: CatanEngine.GameMode.vast, variant: CatanEngine.GameVariant.standard, seat: 0) to knightTakesExactlyOneCardFromOnlyTheChosenVictim(fixture:) started.
◇ Test jakesBundleForTheCityIsPermitted() started.
◇ Test case passing 1 argument fixture → EngineFairnessCase(mode: CatanEngine.GameMode.vast, variant: CatanEngine.GameVariant.conquest, seat: 0) to invalidKnightVictimCannotConsumeOrPartiallyApply(fixture:) started.
◇ Test malformedOrExcessiveCompositionsAreRefused() started.
◇ Test noCompositionWhenProposingIsNotAllowed() started.
◇ Test case passing 1 argument fixture → EngineFairnessCase(mode: CatanEngine.GameMode.classic, variant: CatanEngine.GameVariant.standard, seat: 0) to knightWithoutAResourceHoldingNeighbourConsumesOneCardWithoutTheft(fixture:) started.
◇ Test case passing 1 argument fixture → EngineFairnessCase(mode: CatanEngine.GameMode.vast, variant: CatanEngine.GameVariant.standard, seat: 1) to knightTakesExactlyOneCardFromOnlyTheChosenVictim(fixture:) started.
◇ Test case passing 1 argument fixture → EngineFairnessCase(mode: CatanEngine.GameMode.vast, variant: CatanEngine.GameVariant.standard, seat: 0) to monopolyTransfersOneResourceAndCannotBeReusedAfterResume(fixture:) started.
◇ Test case passing 1 argument fixture → EngineFairnessCase(mode: CatanEngine.GameMode.vast, variant: CatanEngine.GameVariant.conquest, seat: 1) to invalidKnightVictimCannotConsumeOrPartiallyApply(fixture:) started.
◇ Test case passing 1 argument fixture → EngineFairnessCase(mode: CatanEngine.GameMode.vast, variant: CatanEngine.GameVariant.standard, seat: 2) to knightTakesExactlyOneCardFromOnlyTheChosenVictim(fixture:) started.
◇ Test case passing 1 argument fixture → EngineFairnessCase(mode: CatanEngine.GameMode.classic, variant: CatanEngine.GameVariant.standard, seat: 1) to knightWithoutAResourceHoldingNeighbourConsumesOneCardWithoutTheft(fixture:) started.
◇ Test case passing 1 argument fixture → EngineFairnessCase(mode: CatanEngine.GameMode.vast, variant: CatanEngine.GameVariant.standard, seat: 1) to monopolyTransfersOneResourceAndCannotBeReusedAfterResume(fixture:) started.
◇ Test case passing 1 argument fixture → EngineFairnessCase(mode: CatanEngine.GameMode.vast, variant: CatanEngine.GameVariant.conquest, seat: 2) to invalidKnightVictimCannotConsumeOrPartiallyApply(fixture:) started.
◇ Test case passing 1 argument fixture → EngineFairnessCase(mode: CatanEngine.GameMode.vast, variant: CatanEngine.GameVariant.standard, seat: 3) to knightTakesExactlyOneCardFromOnlyTheChosenVictim(fixture:) started.
◇ Test case passing 1 argument fixture → EngineFairnessCase(mode: CatanEngine.GameMode.classic, variant: CatanEngine.GameVariant.standard, seat: 2) to knightWithoutAResourceHoldingNeighbourConsumesOneCardWithoutTheft(fixture:) started.
◇ Test case passing 1 argument fixture → EngineFairnessCase(mode: CatanEngine.GameMode.vast, variant: CatanEngine.GameVariant.standard, seat: 2) to monopolyTransfersOneResourceAndCannotBeReusedAfterResume(fixture:) started.
◇ Test case passing 1 argument fixture → EngineFairnessCase(mode: CatanEngine.GameMode.vast, variant: CatanEngine.GameVariant.conquest, seat: 3) to invalidKnightVictimCannotConsumeOrPartiallyApply(fixture:) started.
◇ Test case passing 1 argument fixture → EngineFairnessCase(mode: CatanEngine.GameMode.vast, variant: CatanEngine.GameVariant.conquest, seat: 0) to knightTakesExactlyOneCardFromOnlyTheChosenVictim(fixture:) started.
◇ Test case passing 1 argument fixture → EngineFairnessCase(mode: CatanEngine.GameMode.classic, variant: CatanEngine.GameVariant.standard, seat: 3) to knightWithoutAResourceHoldingNeighbourConsumesOneCardWithoutTheft(fixture:) started.
◇ Test case passing 1 argument fixture → EngineFairnessCase(mode: CatanEngine.GameMode.vast, variant: CatanEngine.GameVariant.standard, seat: 3) to monopolyTransfersOneResourceAndCannotBeReusedAfterResume(fixture:) started.
◇ Test case passing 1 argument fixture → EngineFairnessCase(mode: CatanEngine.GameMode.vast, variant: CatanEngine.GameVariant.conquest, seat: 1) to knightTakesExactlyOneCardFromOnlyTheChosenVictim(fixture:) started.
◇ Test observationsMaskGeographyAndPrivateCardsWithoutLosingPublicCounts() started.
◇ Test publicTranscriptHidesUninvolvedTheftIdentity() started.
◇ Test case passing 1 argument fixture → EngineFairnessCase(mode: CatanEngine.GameMode.classic, variant: CatanEngine.GameVariant.conquest, seat: 0) to knightWithoutAResourceHoldingNeighbourConsumesOneCardWithoutTheft(fixture:) started.
◇ Test case passing 1 argument fixture → EngineFairnessCase(mode: CatanEngine.GameMode.vast, variant: CatanEngine.GameVariant.conquest, seat: 0) to monopolyTransfersOneResourceAndCannotBeReusedAfterResume(fixture:) started.
◇ Test unobservedWorldAndFutureRandomnessDoNotChangeAnObservation() started.
◇ Test case passing 1 argument fixture → EngineFairnessCase(mode: CatanEngine.GameMode.vast, variant: CatanEngine.GameVariant.conquest, seat: 2) to knightTakesExactlyOneCardFromOnlyTheChosenVictim(fixture:) started.
◇ Test decodedRawInputMasksAndKeepsCounts(fog:flexible:) started.
◇ Test case passing 1 argument fixture → EngineFairnessCase(mode: CatanEngine.GameMode.classic, variant: CatanEngine.GameVariant.conquest, seat: 1) to knightWithoutAResourceHoldingNeighbourConsumesOneCardWithoutTheft(fixture:) started.
◇ Test case passing 1 argument fixture → EngineFairnessCase(mode: CatanEngine.GameMode.vast, variant: CatanEngine.GameVariant.conquest, seat: 1) to monopolyTransfersOneResourceAndCannotBeReusedAfterResume(fixture:) started.
◇ Test responseOnlyInformationDoesNotExposePrivateComposition(fog:flexible:) started.
◇ Test case passing 1 argument fixture → EngineFairnessCase(mode: CatanEngine.GameMode.vast, variant: CatanEngine.GameVariant.conquest, seat: 3) to knightTakesExactlyOneCardFromOnlyTheChosenVictim(fixture:) started.
◇ Test case passing 1 argument fixture → EngineFairnessCase(mode: CatanEngine.GameMode.classic, variant: CatanEngine.GameVariant.conquest, seat: 2) to knightWithoutAResourceHoldingNeighbourConsumesOneCardWithoutTheft(fixture:) started.
◇ Test case passing 1 argument fixture → EngineFairnessCase(mode: CatanEngine.GameMode.vast, variant: CatanEngine.GameVariant.conquest, seat: 2) to monopolyTransfersOneResourceAndCannotBeReusedAfterResume(fixture:) started.
◇ Test case passing 1 argument fixture → EngineFairnessCase(mode: CatanEngine.GameMode.classic, variant: CatanEngine.GameVariant.conquest, seat: 3) to knightWithoutAResourceHoldingNeighbourConsumesOneCardWithoutTheft(fixture:) started.
◇ Test case passing 1 argument fixture → EngineFairnessCase(mode: CatanEngine.GameMode.vast, variant: CatanEngine.GameVariant.conquest, seat: 3) to monopolyTransfersOneResourceAndCannotBeReusedAfterResume(fixture:) started.
◇ Test case passing 1 argument fixture → EngineFairnessCase(mode: CatanEngine.GameMode.vast, variant: CatanEngine.GameVariant.standard, seat: 0) to knightWithoutAResourceHoldingNeighbourConsumesOneCardWithoutTheft(fixture:) started.
◇ Test case passing 1 argument fixture → EngineFairnessCase(mode: CatanEngine.GameMode.vast, variant: CatanEngine.GameVariant.standard, seat: 1) to knightWithoutAResourceHoldingNeighbourConsumesOneCardWithoutTheft(fixture:) started.
◇ Test case passing 1 argument fixture → EngineFairnessCase(mode: CatanEngine.GameMode.vast, variant: CatanEngine.GameVariant.standard, seat: 2) to knightWithoutAResourceHoldingNeighbourConsumesOneCardWithoutTheft(fixture:) started.
◇ Test case passing 1 argument fixture → EngineFairnessCase(mode: CatanEngine.GameMode.vast, variant: CatanEngine.GameVariant.standard, seat: 3) to knightWithoutAResourceHoldingNeighbourConsumesOneCardWithoutTheft(fixture:) started.
◇ Test case passing 1 argument fixture → EngineFairnessCase(mode: CatanEngine.GameMode.vast, variant: CatanEngine.GameVariant.conquest, seat: 0) to knightWithoutAResourceHoldingNeighbourConsumesOneCardWithoutTheft(fixture:) started.
◇ Test case passing 1 argument fixture → EngineFairnessCase(mode: CatanEngine.GameMode.vast, variant: CatanEngine.GameVariant.conquest, seat: 1) to knightWithoutAResourceHoldingNeighbourConsumesOneCardWithoutTheft(fixture:) started.
◇ Test case passing 1 argument fixture → EngineFairnessCase(mode: CatanEngine.GameMode.vast, variant: CatanEngine.GameVariant.conquest, seat: 2) to knightWithoutAResourceHoldingNeighbourConsumesOneCardWithoutTheft(fixture:) started.
◇ Test case passing 1 argument fixture → EngineFairnessCase(mode: CatanEngine.GameMode.vast, variant: CatanEngine.GameVariant.conquest, seat: 3) to knightWithoutAResourceHoldingNeighbourConsumesOneCardWithoutTheft(fixture:) started.
✔ Test robberMoveCannotSkipAnEligibleVictim() passed after 2.053 seconds.
✔ Test devCardStatusExplainsRequiredPlacementAndMissingRoadChoices() passed after 2.063 seconds.
✔ Test newGameShufflesDevCardDeckDifferentlyForDifferentSeeds() passed after 2.067 seconds.
◇ Test case passing 1 argument field → "bank" to legacyProjectionDoesNotPermitOtherQueuedReplyCorruption(field:) started.
◇ Test case passing 1 argument field → "handCounts" to legacyProjectionDoesNotPermitOtherQueuedReplyCorruption(field:) started.
◇ Test case passing 1 argument field → "devCardCounts" to legacyProjectionDoesNotPermitOtherQueuedReplyCorruption(field:) started.
◇ Test case passing 1 argument field → "devCardDeckCount" to legacyProjectionDoesNotPermitOtherQueuedReplyCorruption(field:) started.
◇ Test case passing 1 argument field → "legalMoves" to legacyProjectionDoesNotPermitOtherQueuedReplyCorruption(field:) started.
◇ Test case passing 1 argument field → "seat" to legacyProjectionDoesNotPermitOtherQueuedReplyCorruption(field:) started.
◇ Test case passing 1 argument field → "move" to legacyProjectionDoesNotPermitOtherQueuedReplyCorruption(field:) started.
◇ Test case passing 1 argument field → "evaluationIndex" to legacyProjectionDoesNotPermitOtherQueuedReplyCorruption(field:) started.
◇ Test case passing 1 argument field → "partialPorts" to legacyProjectionDoesNotPermitOtherQueuedReplyCorruption(field:) started.
✔ Test randomizedTerminatesForAFeasibleCountedShape() passed after 2.321 seconds.
✔ Test knightCanBePlayedBeforeRolling() passed after 2.328 seconds.
◇ Test case passing 1 argument fixture → EngineFairnessCase(mode: CatanEngine.GameMode.classic, variant: CatanEngine.GameVariant.standard, seat: 0) to wrongSeatCannotPlayAndNeitherCommitPathMutates(fixture:) started.
✔ Test boardHas9Ports() passed after 2.341 seconds.
◇ Test case passing 1 argument fixture → EngineFairnessCase(mode: CatanEngine.GameMode.classic, variant: CatanEngine.GameVariant.standard, seat: 1) to wrongSeatCannotPlayAndNeitherCommitPathMutates(fixture:) started.
◇ Test case passing 1 argument fixture → EngineFairnessCase(mode: CatanEngine.GameMode.classic, variant: CatanEngine.GameVariant.standard, seat: 2) to wrongSeatCannotPlayAndNeitherCommitPathMutates(fixture:) started.
◇ Test case passing 1 argument fixture → EngineFairnessCase(mode: CatanEngine.GameMode.classic, variant: CatanEngine.GameVariant.standard, seat: 3) to wrongSeatCannotPlayAndNeitherCommitPathMutates(fixture:) started.
◇ Test case passing 1 argument fixture → EngineFairnessCase(mode: CatanEngine.GameMode.classic, variant: CatanEngine.GameVariant.conquest, seat: 0) to wrongSeatCannotPlayAndNeitherCommitPathMutates(fixture:) started.
◇ Test case passing 1 argument fixture → EngineFairnessCase(mode: CatanEngine.GameMode.classic, variant: CatanEngine.GameVariant.conquest, seat: 1) to wrongSeatCannotPlayAndNeitherCommitPathMutates(fixture:) started.
◇ Test case passing 1 argument fixture → EngineFairnessCase(mode: CatanEngine.GameMode.classic, variant: CatanEngine.GameVariant.conquest, seat: 2) to wrongSeatCannotPlayAndNeitherCommitPathMutates(fixture:) started.
◇ Test case passing 1 argument fixture → EngineFairnessCase(mode: CatanEngine.GameMode.classic, variant: CatanEngine.GameVariant.conquest, seat: 3) to wrongSeatCannotPlayAndNeitherCommitPathMutates(fixture:) started.
◇ Test case passing 1 argument fixture → EngineFairnessCase(mode: CatanEngine.GameMode.vast, variant: CatanEngine.GameVariant.standard, seat: 0) to wrongSeatCannotPlayAndNeitherCommitPathMutates(fixture:) started.
◇ Test case passing 1 argument fixture → EngineFairnessCase(mode: CatanEngine.GameMode.vast, variant: CatanEngine.GameVariant.standard, seat: 1) to wrongSeatCannotPlayAndNeitherCommitPathMutates(fixture:) started.
◇ Test case passing 1 argument fixture → EngineFairnessCase(mode: CatanEngine.GameMode.vast, variant: CatanEngine.GameVariant.standard, seat: 2) to wrongSeatCannotPlayAndNeitherCommitPathMutates(fixture:) started.
◇ Test case passing 1 argument fixture → EngineFairnessCase(mode: CatanEngine.GameMode.vast, variant: CatanEngine.GameVariant.standard, seat: 3) to wrongSeatCannotPlayAndNeitherCommitPathMutates(fixture:) started.
◇ Test case passing 1 argument fixture → EngineFairnessCase(mode: CatanEngine.GameMode.vast, variant: CatanEngine.GameVariant.conquest, seat: 0) to wrongSeatCannotPlayAndNeitherCommitPathMutates(fixture:) started.
◇ Test case passing 1 argument fixture → EngineFairnessCase(mode: CatanEngine.GameMode.vast, variant: CatanEngine.GameVariant.conquest, seat: 1) to wrongSeatCannotPlayAndNeitherCommitPathMutates(fixture:) started.
◇ Test case passing 1 argument fixture → EngineFairnessCase(mode: CatanEngine.GameMode.vast, variant: CatanEngine.GameVariant.conquest, seat: 2) to wrongSeatCannotPlayAndNeitherCommitPathMutates(fixture:) started.
◇ Test case passing 1 argument fixture → EngineFairnessCase(mode: CatanEngine.GameMode.vast, variant: CatanEngine.GameVariant.conquest, seat: 3) to wrongSeatCannotPlayAndNeitherCommitPathMutates(fixture:) started.
◇ Test impossibleChoiceObligationsAreRejected(corruption:) started.
◇ Test captureRequiresElevenButAResolvedElevenHasNoPendingCapture() started.
✔ Test aNegativeRadiusIsRejected() passed after 2.418 seconds.
✔ Test monopolyTransfersAllMatchingCardsFromEveryOtherPlayer() passed after 2.418 seconds.
✔ Test buildRoadDeductsCostAndReturnsResourcesToBank() passed after 2.419 seconds.
✔ Test setupPlacementsReportThemselves() passed after 2.418 seconds.
✔ Test setupPhaseFollowsSnakeOrder() passed after 2.419 seconds.
◇ Test case passing 1 argument nearHarbor → false to legacyQueuedReplyResumesWithChartedHarborsWithoutResampling(nearHarbor:) started.
◇ Test everyPartialChoiceAndClockwiseSuffixSurvivesColdCheckpoint() started.
◇ Test case passing 1 argument nearHarbor → true to legacyQueuedReplyResumesWithChartedHarborsWithoutResampling(nearHarbor:) started.
◇ Test case passing 1 argument fixture → EngineFairnessCase(mode: CatanEngine.GameMode.classic, variant: CatanEngine.GameVariant.standard, seat: 0) to humanAndPolicyApplyTheSameLegalCardMoves(fixture:) started.
◇ Test case passing 1 argument fixture → EngineFairnessCase(mode: CatanEngine.GameMode.classic, variant: CatanEngine.GameVariant.standard, seat: 1) to humanAndPolicyApplyTheSameLegalCardMoves(fixture:) started.
◇ Test case passing 1 argument fixture → EngineFairnessCase(mode: CatanEngine.GameMode.classic, variant: CatanEngine.GameVariant.standard, seat: 2) to humanAndPolicyApplyTheSameLegalCardMoves(fixture:) started.
◇ Test case passing 1 argument fixture → EngineFairnessCase(mode: CatanEngine.GameMode.classic, variant: CatanEngine.GameVariant.standard, seat: 3) to humanAndPolicyApplyTheSameLegalCardMoves(fixture:) started.
✔ Test everyPhaseWithASeatReportsIt() passed after 2.695 seconds.
◇ Test case passing 1 argument fixture → EngineFairnessCase(mode: CatanEngine.GameMode.classic, variant: CatanEngine.GameVariant.conquest, seat: 0) to humanAndPolicyApplyTheSameLegalCardMoves(fixture:) started.
◇ Test case passing 1 argument fixture → EngineFairnessCase(mode: CatanEngine.GameMode.classic, variant: CatanEngine.GameVariant.conquest, seat: 1) to humanAndPolicyApplyTheSameLegalCardMoves(fixture:) started.
◇ Test case passing 1 argument fixture → EngineFairnessCase(mode: CatanEngine.GameMode.classic, variant: CatanEngine.GameVariant.conquest, seat: 2) to humanAndPolicyApplyTheSameLegalCardMoves(fixture:) started.
◇ Test case passing 1 argument fixture → EngineFairnessCase(mode: CatanEngine.GameMode.classic, variant: CatanEngine.GameVariant.conquest, seat: 3) to humanAndPolicyApplyTheSameLegalCardMoves(fixture:) started.
◇ Test case passing 1 argument fixture → EngineFairnessCase(mode: CatanEngine.GameMode.vast, variant: CatanEngine.GameVariant.standard, seat: 0) to humanAndPolicyApplyTheSameLegalCardMoves(fixture:) started.
◇ Test case passing 1 argument fixture → EngineFairnessCase(mode: CatanEngine.GameMode.vast, variant: CatanEngine.GameVariant.standard, seat: 1) to humanAndPolicyApplyTheSameLegalCardMoves(fixture:) started.
◇ Test case passing 1 argument fixture → EngineFairnessCase(mode: CatanEngine.GameMode.vast, variant: CatanEngine.GameVariant.standard, seat: 2) to humanAndPolicyApplyTheSameLegalCardMoves(fixture:) started.
◇ Test case passing 1 argument fixture → EngineFairnessCase(mode: CatanEngine.GameMode.vast, variant: CatanEngine.GameVariant.standard, seat: 3) to humanAndPolicyApplyTheSameLegalCardMoves(fixture:) started.
◇ Test case passing 1 argument fixture → EngineFairnessCase(mode: CatanEngine.GameMode.vast, variant: CatanEngine.GameVariant.conquest, seat: 0) to humanAndPolicyApplyTheSameLegalCardMoves(fixture:) started.
◇ Test case passing 1 argument fixture → EngineFairnessCase(mode: CatanEngine.GameMode.vast, variant: CatanEngine.GameVariant.conquest, seat: 1) to humanAndPolicyApplyTheSameLegalCardMoves(fixture:) started.
◇ Test case passing 1 argument fixture → EngineFairnessCase(mode: CatanEngine.GameMode.vast, variant: CatanEngine.GameVariant.conquest, seat: 2) to humanAndPolicyApplyTheSameLegalCardMoves(fixture:) started.
◇ Test case passing 1 argument fixture → EngineFairnessCase(mode: CatanEngine.GameMode.vast, variant: CatanEngine.GameVariant.conquest, seat: 3) to humanAndPolicyApplyTheSameLegalCardMoves(fixture:) started.
✔ Test aLegalBankTradeReportsNoProblemAndApplies() passed after 3.080 seconds.
✔ Test aClassicSaveCarryingAnExpandedTargetIsRefused() passed after 3.081 seconds.
◇ Test case passing 1 argument fixture → EngineFairnessCase(mode: CatanEngine.GameMode.classic, variant: CatanEngine.GameVariant.standard, seat: 0) to requiredRobberyAndDiscardHaveControllerParity(fixture:) started.
◇ Test case passing 1 argument fixture → EngineFairnessCase(mode: CatanEngine.GameMode.classic, variant: CatanEngine.GameVariant.standard, seat: 1) to requiredRobberyAndDiscardHaveControllerParity(fixture:) started.
◇ Test case passing 1 argument fixture → EngineFairnessCase(mode: CatanEngine.GameMode.classic, variant: CatanEngine.GameVariant.standard, seat: 2) to requiredRobberyAndDiscardHaveControllerParity(fixture:) started.
◇ Test case passing 1 argument fixture → EngineFairnessCase(mode: CatanEngine.GameMode.classic, variant: CatanEngine.GameVariant.standard, seat: 3) to requiredRobberyAndDiscardHaveControllerParity(fixture:) started.
◇ Test case passing 1 argument fixture → EngineFairnessCase(mode: CatanEngine.GameMode.classic, variant: CatanEngine.GameVariant.conquest, seat: 0) to requiredRobberyAndDiscardHaveControllerParity(fixture:) started.
◇ Test case passing 1 argument fixture → EngineFairnessCase(mode: CatanEngine.GameMode.classic, variant: CatanEngine.GameVariant.conquest, seat: 1) to requiredRobberyAndDiscardHaveControllerParity(fixture:) started.
◇ Test case passing 1 argument fixture → EngineFairnessCase(mode: CatanEngine.GameMode.classic, variant: CatanEngine.GameVariant.conquest, seat: 2) to requiredRobberyAndDiscardHaveControllerParity(fixture:) started.
◇ Test case passing 1 argument fixture → EngineFairnessCase(mode: CatanEngine.GameMode.classic, variant: CatanEngine.GameVariant.conquest, seat: 3) to requiredRobberyAndDiscardHaveControllerParity(fixture:) started.
◇ Test case passing 1 argument fixture → EngineFairnessCase(mode: CatanEngine.GameMode.vast, variant: CatanEngine.GameVariant.standard, seat: 0) to requiredRobberyAndDiscardHaveControllerParity(fixture:) started.
◇ Test case passing 1 argument fixture → EngineFairnessCase(mode: CatanEngine.GameMode.vast, variant: CatanEngine.GameVariant.standard, seat: 1) to requiredRobberyAndDiscardHaveControllerParity(fixture:) started.
✔ Test anOccupiedHexPaysOnlyTheOccupierPlusOne() passed after 3.105 seconds.
◇ Test case passing 1 argument fixture → EngineFairnessCase(mode: CatanEngine.GameMode.vast, variant: CatanEngine.GameVariant.standard, seat: 2) to requiredRobberyAndDiscardHaveControllerParity(fixture:) started.
◇ Test case passing 1 argument fixture → EngineFairnessCase(mode: CatanEngine.GameMode.vast, variant: CatanEngine.GameVariant.standard, seat: 3) to requiredRobberyAndDiscardHaveControllerParity(fixture:) started.
◇ Test case passing 1 argument fixture → EngineFairnessCase(mode: CatanEngine.GameMode.vast, variant: CatanEngine.GameVariant.conquest, seat: 0) to requiredRobberyAndDiscardHaveControllerParity(fixture:) started.
◇ Test case passing 1 argument fixture → EngineFairnessCase(mode: CatanEngine.GameMode.vast, variant: CatanEngine.GameVariant.conquest, seat: 1) to requiredRobberyAndDiscardHaveControllerParity(fixture:) started.
◇ Test case passing 1 argument fixture → EngineFairnessCase(mode: CatanEngine.GameMode.vast, variant: CatanEngine.GameVariant.conquest, seat: 2) to requiredRobberyAndDiscardHaveControllerParity(fixture:) started.
◇ Test case passing 1 argument fixture → EngineFairnessCase(mode: CatanEngine.GameMode.vast, variant: CatanEngine.GameVariant.conquest, seat: 3) to requiredRobberyAndDiscardHaveControllerParity(fixture:) started.
✔ Test legalMovesOfferEachSingleCardAndTheCheapestWinningSet() passed after 3.135 seconds.
✔ Test aRobberStealReportsWhichCardWasTaken() passed after 3.135 seconds.
✔ Test expandedBoardHasThirtySevenTilesAndOneDesert() passed after 3.135 seconds.
✔ Test oneOfEachStillNeedsAllFive() passed after 3.135 seconds.
✔ Test playingKnightMovesRobberAndConsumesCard() passed after 3.135 seconds.
✔ Test expandedTerrainIsExactlyTwiceClassic() passed after 3.139 seconds.
✔ Test aThreeSeatGameSurvivesASaveAndReload() passed after 3.143 seconds.
✔ Test cannotPlayDevCardBoughtThisTurn() passed after 3.146 seconds.
✔ Test theSameOfferAlwaysCarriesTheSameIdentifier() passed after 3.150 seconds.
✔ Test engineNameIsSet() passed after 3.156 seconds.
◇ Test case passing 1 argument rate → 2 to bankDraftNamesTheRequiredBundleAtThePlayersActualPortRate(_:) started.
◇ Test case passing 1 argument rate → 3 to bankDraftNamesTheRequiredBundleAtThePlayersActualPortRate(_:) started.
◇ Test case passing 1 argument rate → 4 to bankDraftNamesTheRequiredBundleAtThePlayersActualPortRate(_:) started.
◇ Test firstPlacementAndRoadArePlayable(family:) started.
◇ Test diceMatchTwoUnweightedDrawsRegardlessOfSeatOrHand(fixture:) started.
◇ Test humanAndBotsWithDifferentPolicyDrawCountsGetIdenticalDice(fixture:) started.
◇ Test choosingAMoveDoesNotAdvanceEngineDiceAndResumePreservesThem(fixture:) started.
◇ Test anUnauthorizedRollCannotAdvanceTheRandomSequence(fixture:) started.
✔ Test roadBuildingBuildsTwoFreeRoads() passed after 3.166 seconds.
✔ Test aStandardGameHasNoConquestStateAndDrawsTheSameRandomSequence() passed after 3.167 seconds.
✔ Test aModeWhoseRoadLimitOutrunsTheSearchIsRefused() passed after 3.166 seconds.
✔ Test invalidRobberVictimLeavesTheWholeStateUntouched() passed after 3.167 seconds.
◇ Test case passing 2 arguments rotation → 0, landMask → 1 to terrainDoesNotChangeTheCornerOriginOrDiscoveryEvents(rotation:landMask:) started.
◇ Test case passing 2 arguments rotation → 0, landMask → 2 to terrainDoesNotChangeTheCornerOriginOrDiscoveryEvents(rotation:landMask:) started.
◇ Test case passing 2 arguments rotation → 0, landMask → 3 to terrainDoesNotChangeTheCornerOriginOrDiscoveryEvents(rotation:landMask:) started.
◇ Test case passing 2 arguments rotation → 0, landMask → 4 to terrainDoesNotChangeTheCornerOriginOrDiscoveryEvents(rotation:landMask:) started.
◇ Test case passing 2 arguments rotation → 0, landMask → 5 to terrainDoesNotChangeTheCornerOriginOrDiscoveryEvents(rotation:landMask:) started.
◇ Test case passing 2 arguments rotation → 0, landMask → 6 to terrainDoesNotChangeTheCornerOriginOrDiscoveryEvents(rotation:landMask:) started.
◇ Test case passing 2 arguments rotation → 0, landMask → 7 to terrainDoesNotChangeTheCornerOriginOrDiscoveryEvents(rotation:landMask:) started.
◇ Test case passing 2 arguments rotation → 1, landMask → 1 to terrainDoesNotChangeTheCornerOriginOrDiscoveryEvents(rotation:landMask:) started.
◇ Test case passing 2 arguments rotation → 1, landMask → 2 to terrainDoesNotChangeTheCornerOriginOrDiscoveryEvents(rotation:landMask:) started.
◇ Test case passing 2 arguments rotation → 1, landMask → 3 to terrainDoesNotChangeTheCornerOriginOrDiscoveryEvents(rotation:landMask:) started.
◇ Test case passing 2 arguments rotation → 1, landMask → 4 to terrainDoesNotChangeTheCornerOriginOrDiscoveryEvents(rotation:landMask:) started.
◇ Test case passing 2 arguments rotation → 1, landMask → 5 to terrainDoesNotChangeTheCornerOriginOrDiscoveryEvents(rotation:landMask:) started.
◇ Test case passing 2 arguments rotation → 1, landMask → 6 to terrainDoesNotChangeTheCornerOriginOrDiscoveryEvents(rotation:landMask:) started.
◇ Test case passing 2 arguments rotation → 1, landMask → 7 to terrainDoesNotChangeTheCornerOriginOrDiscoveryEvents(rotation:landMask:) started.
◇ Test case passing 2 arguments rotation → 2, landMask → 1 to terrainDoesNotChangeTheCornerOriginOrDiscoveryEvents(rotation:landMask:) started.
◇ Test case passing 2 arguments rotation → 2, landMask → 2 to terrainDoesNotChangeTheCornerOriginOrDiscoveryEvents(rotation:landMask:) started.
◇ Test case passing 2 arguments rotation → 2, landMask → 3 to terrainDoesNotChangeTheCornerOriginOrDiscoveryEvents(rotation:landMask:) started.
◇ Test case passing 2 arguments rotation → 2, landMask → 4 to terrainDoesNotChangeTheCornerOriginOrDiscoveryEvents(rotation:landMask:) started.
◇ Test case passing 2 arguments rotation → 2, landMask → 5 to terrainDoesNotChangeTheCornerOriginOrDiscoveryEvents(rotation:landMask:) started.
◇ Test case passing 2 arguments rotation → 2, landMask → 6 to terrainDoesNotChangeTheCornerOriginOrDiscoveryEvents(rotation:landMask:) started.
◇ Test case passing 2 arguments rotation → 2, landMask → 7 to terrainDoesNotChangeTheCornerOriginOrDiscoveryEvents(rotation:landMask:) started.
◇ Test case passing 2 arguments rotation → 3, landMask → 1 to terrainDoesNotChangeTheCornerOriginOrDiscoveryEvents(rotation:landMask:) started.
◇ Test case passing 2 arguments rotation → 3, landMask → 2 to terrainDoesNotChangeTheCornerOriginOrDiscoveryEvents(rotation:landMask:) started.
◇ Test case passing 2 arguments rotation → 3, landMask → 3 to terrainDoesNotChangeTheCornerOriginOrDiscoveryEvents(rotation:landMask:) started.
◇ Test case passing 2 arguments rotation → 3, landMask → 4 to terrainDoesNotChangeTheCornerOriginOrDiscoveryEvents(rotation:landMask:) started.
◇ Test case passing 2 arguments rotation → 3, landMask → 5 to terrainDoesNotChangeTheCornerOriginOrDiscoveryEvents(rotation:landMask:) started.
◇ Test case passing 2 arguments rotation → 3, landMask → 6 to terrainDoesNotChangeTheCornerOriginOrDiscoveryEvents(rotation:landMask:) started.
◇ Test case passing 2 arguments rotation → 3, landMask → 7 to terrainDoesNotChangeTheCornerOriginOrDiscoveryEvents(rotation:landMask:) started.
◇ Test case passing 2 arguments rotation → 4, landMask → 1 to terrainDoesNotChangeTheCornerOriginOrDiscoveryEvents(rotation:landMask:) started.
◇ Test case passing 2 arguments rotation → 4, landMask → 2 to terrainDoesNotChangeTheCornerOriginOrDiscoveryEvents(rotation:landMask:) started.
◇ Test case passing 2 arguments rotation → 4, landMask → 3 to terrainDoesNotChangeTheCornerOriginOrDiscoveryEvents(rotation:landMask:) started.
◇ Test case passing 2 arguments rotation → 4, landMask → 4 to terrainDoesNotChangeTheCornerOriginOrDiscoveryEvents(rotation:landMask:) started.
◇ Test case passing 2 arguments rotation → 4, landMask → 5 to terrainDoesNotChangeTheCornerOriginOrDiscoveryEvents(rotation:landMask:) started.
◇ Test case passing 2 arguments rotation → 4, landMask → 6 to terrainDoesNotChangeTheCornerOriginOrDiscoveryEvents(rotation:landMask:) started.
◇ Test case passing 2 arguments rotation → 4, landMask → 7 to terrainDoesNotChangeTheCornerOriginOrDiscoveryEvents(rotation:landMask:) started.
◇ Test case passing 2 arguments rotation → 5, landMask → 1 to terrainDoesNotChangeTheCornerOriginOrDiscoveryEvents(rotation:landMask:) started.
◇ Test case passing 2 arguments rotation → 5, landMask → 2 to terrainDoesNotChangeTheCornerOriginOrDiscoveryEvents(rotation:landMask:) started.
◇ Test case passing 2 arguments rotation → 5, landMask → 3 to terrainDoesNotChangeTheCornerOriginOrDiscoveryEvents(rotation:landMask:) started.
◇ Test case passing 2 arguments rotation → 5, landMask → 4 to terrainDoesNotChangeTheCornerOriginOrDiscoveryEvents(rotation:landMask:) started.
◇ Test case passing 2 arguments rotation → 5, landMask → 5 to terrainDoesNotChangeTheCornerOriginOrDiscoveryEvents(rotation:landMask:) started.
◇ Test case passing 2 arguments rotation → 5, landMask → 6 to terrainDoesNotChangeTheCornerOriginOrDiscoveryEvents(rotation:landMask:) started.
◇ Test case passing 2 arguments rotation → 5, landMask → 7 to terrainDoesNotChangeTheCornerOriginOrDiscoveryEvents(rotation:landMask:) started.
◇ Test case passing 2 arguments rotation → 0, origin → HexCoordinate(q: 0, r: 0) to cornerFootprintIsCenteredSymmetricAndHasExactCutoff(rotation:origin:) started.
◇ Test case passing 2 arguments rotation → 0, origin → HexCoordinate(q: 4, r: -3) to cornerFootprintIsCenteredSymmetricAndHasExactCutoff(rotation:origin:) started.
◇ Test case passing 2 arguments rotation → 1, origin → HexCoordinate(q: 0, r: 0) to cornerFootprintIsCenteredSymmetricAndHasExactCutoff(rotation:origin:) started.
◇ Test case passing 2 arguments rotation → 1, origin → HexCoordinate(q: 4, r: -3) to cornerFootprintIsCenteredSymmetricAndHasExactCutoff(rotation:origin:) started.
◇ Test case passing 2 arguments rotation → 2, origin → HexCoordinate(q: 0, r: 0) to cornerFootprintIsCenteredSymmetricAndHasExactCutoff(rotation:origin:) started.
◇ Test case passing 2 arguments rotation → 2, origin → HexCoordinate(q: 4, r: -3) to cornerFootprintIsCenteredSymmetricAndHasExactCutoff(rotation:origin:) started.
◇ Test case passing 2 arguments rotation → 3, origin → HexCoordinate(q: 0, r: 0) to cornerFootprintIsCenteredSymmetricAndHasExactCutoff(rotation:origin:) started.
◇ Test case passing 2 arguments rotation → 3, origin → HexCoordinate(q: 4, r: -3) to cornerFootprintIsCenteredSymmetricAndHasExactCutoff(rotation:origin:) started.
◇ Test case passing 2 arguments rotation → 4, origin → HexCoordinate(q: 0, r: 0) to cornerFootprintIsCenteredSymmetricAndHasExactCutoff(rotation:origin:) started.
◇ Test case passing 2 arguments rotation → 4, origin → HexCoordinate(q: 4, r: -3) to cornerFootprintIsCenteredSymmetricAndHasExactCutoff(rotation:origin:) started.
◇ Test case passing 2 arguments rotation → 5, origin → HexCoordinate(q: 0, r: 0) to cornerFootprintIsCenteredSymmetricAndHasExactCutoff(rotation:origin:) started.
◇ Test case passing 2 arguments rotation → 5, origin → HexCoordinate(q: 4, r: -3) to cornerFootprintIsCenteredSymmetricAndHasExactCutoff(rotation:origin:) started.
◇ Test case passing 1 argument mode → .players to sameResourceIsExcludedInEitherDraftMode(_:) started.
◇ Test case passing 1 argument mode → .bank to sameResourceIsExcludedInEitherDraftMode(_:) started.
✔ Test replacingTheStateResetsTurnBookkeeping() passed after 3.187 seconds.
◇ Test case passing 1 argument rulesVersion → 1 to historicalOverlappingDomesticTradesStillApplyAndReplay(_:) started.
◇ Test case passing 1 argument rulesVersion → 2 to historicalOverlappingDomesticTradesStillApplyAndReplay(_:) started.
✔ Test conquestDoesNotChangeTheDevDeckOrDiceSeedOfTheSameSeed() passed after 3.187 seconds.
✔ Test expandedAllowsThirtyRoadsWhereClassicStopsAtFifteen() passed after 3.190 seconds.
◇ Test case passing 1 argument origin → HexCoordinate(q: 0, r: 0) to shipVisionRetainsItsNineteenHexFootprintAndSixCardinalBoundaries(origin:) started.
◇ Test case passing 1 argument origin → HexCoordinate(q: 4, r: -3) to shipVisionRetainsItsNineteenHexFootprintAndSixCardinalBoundaries(origin:) started.
✔ Test everyModeIsCoherentAndReachable() passed after 3.190 seconds.
✔ Test anyOnePriceTakesASingleCard() passed after 3.190 seconds.
✔ Test buyingDevCardReportsTheExactCardDrawn(card:) with 5 test cases passed after 3.190 seconds.
✔ Test identifiersDoNotShareLongPrefixes() passed after 3.689 seconds.
✔ Test aSaveWithoutATargetLoadsAndPlaysToTen() passed after 3.720 seconds.
✔ Test devCardStatusExplainsTurnLimitAndMissingCard() passed after 3.719 seconds.
✔ Test expandedWinsAtTwentyFiveNotTen() passed after 3.726 seconds.
✔ Test standardBoardHasNoAdjacentSixOrEight() passed after 3.726 seconds.
✔ Test attackingPastATribeTakesTheHexWithTheOverflow() passed after 3.726 seconds.
✔ Test buyingPaysExactlyTheChosenThreeCardsAndDrawsTheTopCard() passed after 3.726 seconds.
✔ Test roadCannotBeBuiltOnAnEdgeAnotherPlayerAlreadyOwns() passed after 3.726 seconds.
✔ Test aSeatWithNoPolicyStopsTheLoop() passed after 3.726 seconds.
✔ Test illegalPlacementTooCloseIsRejected() passed after 3.726 seconds.
✔ Test fiveConnectedRoadsGrantsLongestRoad() passed after 3.726 seconds.
✔ Test fullSetupSequenceEndsAtRollDiceForPlayerZero() passed after 3.728 seconds.
✔ Test newTieBetweenTwoPlayersAwardsNoOne() passed after 3.726 seconds.
✔ Test theGameEndsAtItsOwnTarget() passed after 3.726 seconds.
✔ Test everyActiveDevCardIsOfferedBeforeRolling() passed after 3.727 seconds.
✔ Test secondSettlementGrantsResources() passed after 3.727 seconds.
✔ Test theRunawayBackstopForcesATurnToEnd() passed after 3.727 seconds.
✔ Test buildRoadWithInsufficientResourcesThrows() passed after 3.726 seconds.
✔ Test malformedMaximumShipIDCanDecodeAndBeRejectedWithoutOverflow() passed after 3.726 seconds.
✔ Test theSameSeedProducesTheSameSession() passed after 3.727 seconds.
✔ Test allNewFieldsDecodeDefaultsAndOldModesKeepNilNavalState() passed after 3.726 seconds.
✔ Test corruptNavalAuthoritativeStateIsRejected(corruption:) with 15 test cases passed after 3.726 seconds.
✔ Test rollOfSevenProducesNoResources() passed after 3.727 seconds.
✔ Test roadCannotExtendThroughAnOpponentsSettlement() passed after 3.756 seconds.
✔ Test onlyOneDevCardMayBePlayedPerTurn() passed after 3.799 seconds.
◇ Test case passing 1 argument version → -1 to rejectsUnsupportedStateSchema(version:) started.
◇ Test case passing 1 argument version → 7 to rejectsUnsupportedStateSchema(version:) started.
✔ Test rollingSevenWithOverEightCardsRequiresDiscard() passed after 3.815 seconds.
◇ Test case passing 2 arguments phase → "setupForward", index → -1 to rejectsInvalidPhasePlayerIndex(phase:index:) started.
◇ Test case passing 2 arguments phase → "setupForward", index → 4 to rejectsInvalidPhasePlayerIndex(phase:index:) started.
◇ Test case passing 2 arguments phase → "setupBackward", index → -1 to rejectsInvalidPhasePlayerIndex(phase:index:) started.
◇ Test case passing 2 arguments phase → "setupBackward", index → 4 to rejectsInvalidPhasePlayerIndex(phase:index:) started.
◇ Test case passing 2 arguments phase → "rollDice", index → -1 to rejectsInvalidPhasePlayerIndex(phase:index:) started.
◇ Test case passing 2 arguments phase → "rollDice", index → 4 to rejectsInvalidPhasePlayerIndex(phase:index:) started.
◇ Test case passing 2 arguments phase → "mainTurn", index → -1 to rejectsInvalidPhasePlayerIndex(phase:index:) started.
◇ Test case passing 2 arguments phase → "mainTurn", index → 4 to rejectsInvalidPhasePlayerIndex(phase:index:) started.
◇ Test case passing 2 arguments phase → "movingRobber", index → -1 to rejectsInvalidPhasePlayerIndex(phase:index:) started.
◇ Test case passing 2 arguments phase → "movingRobber", index → 4 to rejectsInvalidPhasePlayerIndex(phase:index:) started.
◇ Test case passing 1 argument index → -1 to rejectsInvalidQueuedResponseActor(index:) started.
◇ Test case passing 1 argument index → 4 to rejectsInvalidQueuedResponseActor(index:) started.
✔ Test theRejectionMessageNamesTheBankRatherThanThePlayersHand() passed after 3.955 seconds.
◇ Test case passing 1 argument index → -1 to rejectsInvalidCurrentTurnSeat(index:) started.
◇ Test case passing 1 argument index → 4 to rejectsInvalidCurrentTurnSeat(index:) started.
◇ Test case passing 1 argument actions → 26 to rejectsActionsBeyondTurnBackstop(actions:) started.
◇ Test case passing 1 argument actions → 1000000 to rejectsActionsBeyondTurnBackstop(actions:) started.
◇ Test case passing 1 argument field → "actionsThisTurn" to rejectsNegativeCounters(field:) started.
◇ Test case passing 1 argument field → "policyEvaluationCount" to rejectsNegativeCounters(field:) started.
◇ Test case passing 1 argument index → -1 to rejectsQueuedEvaluationOutsideRecordedRange(index:) started.
◇ Test case passing 1 argument index → 1 to rejectsQueuedEvaluationOutsideRecordedRange(index:) started.
◇ Test case passing 1 argument index → 2 to rejectsQueuedEvaluationOutsideRecordedRange(index:) started.
◇ Test case passing 1 argument field → "actionsThisTurn" to rejectsCountersThatCannotAdvanceWithoutOverflow(field:) started.
◇ Test case passing 1 argument field → "policyEvaluationCount" to rejectsCountersThatCannotAdvanceWithoutOverflow(field:) started.
✔ Test bankTradeIsRejectedWhenTheBankCannotSupplyTheWantedResource() passed after 4.034 seconds.
◇ Test case passing 1 argument version → -1 to rejectsUnsupportedCheckpointVersion(version:) started.
◇ Test case passing 1 argument version → 0 to rejectsUnsupportedCheckpointVersion(version:) started.
◇ Test case passing 1 argument version → 2 to rejectsUnsupportedCheckpointVersion(version:) started.
✔ Test numbersThatAreNotOnTheBoardProduceNothing() passed after 4.125 seconds.
✔ Test opponentSettlementBreaksRoadChain() passed after 4.125 seconds.
✔ Test newTieBetweenTwoOtherPlayersDisplacesCurrentHolder() passed after 4.126 seconds.
✔ Test rulesEngineAllowsNonActivePlayerToRespondToTrade() passed after 4.125 seconds.
✔ Test aHexYourBuildingsDoNotTouchCannotBeDeployedTo() passed after 4.125 seconds.
✔ Test twoToOneBankTradeWithMatchingResourcePort() passed after 4.125 seconds.
✔ Test legalMovesIsAPureFunctionOfTheState() passed after 4.126 seconds.
✔ Test decodedCheckpointContinuesIdenticalTranscriptAndLedger(table:) with 2 test cases passed after 4.126 seconds.
✔ Test aFreshGameCarriesTheCurrentSchemaVersion() passed after 4.125 seconds.
✔ Test vastDoublesTheArmyDeck() passed after 4.126 seconds.
✔ Test legalMovesExcludesAcceptWhenProposerNoLongerAffordsGiveCards() passed after 4.125 seconds.
✔ Test acceptFailsIfResponderLacksWantedCards() passed after 4.125 seconds.
✔ Test proposeAndRejectLeavesResourcesUntouched() passed after 4.125 seconds.
✔ Test expandedRulesetMatchesTheSpec() passed after 4.125 seconds.
✔ Test endTurnClearsDeclinedTradeHistory() passed after 4.125 seconds.
✔ Test everyResourceGetsBankStockAndAFeatureSlot() passed after 4.125 seconds.
✔ Test legalMovesIncludesAcceptWhenBothSidesCanAfford() passed after 4.125 seconds.
✔ Test expandedTokenMultisetIsExactlyTwiceClassic() passed after 4.125 seconds.
✔ Test legalMovesEnumeratesDiscardCombinationsForEachPendingPlayer() passed after 4.125 seconds.
✔ Test randomizedBoardIsDeterministicForSameSeed() passed after 4.125 seconds.
✔ Test aCompositionExpandsToExactlyTheDeclaredCounts() passed after 4.125 seconds.
✔ Test fourToOneBankTradeWithNoPort() passed after 4.125 seconds.
✔ Test aConquestSaveRoundTripsGarrisonsAndHands() passed after 4.125 seconds.
✔ Test aSaveMissingTheBoardIsRejectedRatherThanSilentlyDiscarded() passed after 4.125 seconds.
✔ Test rulesEngineStillRejectsUnrelatedOutOfTurnMoves() passed after 4.125 seconds.
✔ Test rulesEngineAppliesBankTrade() passed after 4.125 seconds.
✔ Test bankTradeRejectedWhenBankLacksResource() passed after 4.125 seconds.
✔ Test endTurnClearsTradesAcceptedThisTurn() passed after 4.125 seconds.
✔ Test tenVictoryPointsEndsGame() passed after 4.125 seconds.
✔ Test acceptFailsIfProposerNoLongerHoldsGiveCards() passed after 4.125 seconds.
✔ Test anUnsupportedTableSizeIsRefusedAtConstruction() passed after 4.125 seconds.
✔ Test checkForWinnerIsNoOpOnceGameIsAlreadyOver() passed after 4.128 seconds.
◇ Test case passing 1 argument family → .archipelago to sameFamilyFallbackIsValidForEitherProductionOption(family:) started.
◇ Test case passing 1 argument family → .peninsula to sameFamilyFallbackIsValidForEitherProductionOption(family:) started.
◇ Test case passing 1 argument family → .twinIslands to sameFamilyFallbackIsValidForEitherProductionOption(family:) started.
◇ Test case passing 1 argument family → .archipelago to togglesPreserveWorldAndRandomStream(family:) started.
◇ Test case passing 1 argument family → .peninsula to togglesPreserveWorldAndRandomStream(family:) started.
◇ Test case passing 1 argument family → .twinIslands to togglesPreserveWorldAndRandomStream(family:) started.
◇ Test case passing 1 argument family → .archipelago to seededWorldStudy(family:) started.
◇ Test case passing 1 argument family → .peninsula to seededWorldStudy(family:) started.
◇ Test case passing 1 argument family → .twinIslands to seededWorldStudy(family:) started.
✔ Test bankTradeRejectsNegativeGiveAmount() passed after 5.769 seconds.
◇ Test case passing 1 argument table → 3 to shipsPayExactCostSailAndRefresh(table:) started.
◇ Test case passing 1 argument table → 4 to shipsPayExactCostSailAndRefresh(table:) started.
✔ Test deckBuildOrderRanksArePreservedAndDistinct() passed after 6.252 seconds.
✔ Test proposeTradeRejectsNegativeAmounts() passed after 6.747 seconds.
✔ Test proposeTradeFailsIfProposerLacksGiveCards() passed after 6.937 seconds.
✔ Test bankTradeRejectedWhenRatioWrong() passed after 6.966 seconds.
✔ Test yearOfPlentyWithSameResourceTwiceDoesNotCrash() passed after 6.966 seconds.
✔ Test expandedRandomizedBoardNeverAdjoinsSixAndEight() passed after 6.969 seconds.
✔ Test acceptingATradeIncrementsTheProposersAcceptedCountAndRejectingDoesNot() passed after 6.966 seconds.
◇ Test case passing 2 arguments family → .archipelago, fog → false to inlandOpeningIsLegalWithEitherFogSetting(family:fog:) started.
◇ Test case passing 2 arguments family → .archipelago, fog → true to inlandOpeningIsLegalWithEitherFogSetting(family:fog:) started.
◇ Test case passing 2 arguments family → .peninsula, fog → false to inlandOpeningIsLegalWithEitherFogSetting(family:fog:) started.
◇ Test case passing 2 arguments family → .peninsula, fog → true to inlandOpeningIsLegalWithEitherFogSetting(family:fog:) started.
◇ Test case passing 2 arguments family → .twinIslands, fog → false to inlandOpeningIsLegalWithEitherFogSetting(family:fog:) started.
◇ Test case passing 2 arguments family → .twinIslands, fog → true to inlandOpeningIsLegalWithEitherFogSetting(family:fog:) started.
✔ Test legalMovesExcludesAcceptWhenResponderCannotAffordWantedCards() passed after 7.713 seconds.
◇ Test case passing 2 arguments family → .archipelago, count → 3 to bothOpeningSettlementsCanBeInland(family:count:) started.
◇ Test case passing 2 arguments family → .archipelago, count → 4 to bothOpeningSettlementsCanBeInland(family:count:) started.
◇ Test case passing 2 arguments family → .peninsula, count → 3 to bothOpeningSettlementsCanBeInland(family:count:) started.
◇ Test case passing 2 arguments family → .peninsula, count → 4 to bothOpeningSettlementsCanBeInland(family:count:) started.
◇ Test case passing 2 arguments family → .twinIslands, count → 3 to bothOpeningSettlementsCanBeInland(family:count:) started.
◇ Test case passing 2 arguments family → .twinIslands, count → 4 to bothOpeningSettlementsCanBeInland(family:count:) started.
◇ Test case passing 1 argument version → 1 to resumedSetupOffersInlandSitesWithoutChangingSavedVision(version:) started.
◇ Test case passing 1 argument version → 2 to resumedSetupOffersInlandSitesWithoutChangingSavedVision(version:) started.
✔ Test legalMovesIncludeGiveCountsUpToTheGenerousCeiling() passed after 8.768 seconds.
✔ Test devCardPlayLimitResetsAfterEndTurn() passed after 8.768 seconds.
✔ Test anExpandedSaveRoundTripsWithItsModeAndTarget() passed after 8.768 seconds.
✔ Test emptyAndNonpositiveBankTradesAreRejectedWithoutMutation() passed after 8.768 seconds.
✔ Test bankTradeRejectsNegativeGetAmount() passed after 8.768 seconds.
✔ Test chartedPortNeedsAnOwnedBuildingAndPreservesActualBankRates(kind:) with 3 test cases passed after 8.768 seconds.
✔ Test rulesEngineProposeTradeRejectsWrongProposer() passed after 8.768 seconds.
✔ Test scaledFromBoardReproducesClassicOnAClassicSizedBoard() passed after 8.768 seconds.
✔ Test tiedKnightCountsKeepCurrentLargestArmyHolder() passed after 8.768 seconds.
✔ Test devCardStatusDistinguishesNewAndOlderCopiesInOneStack() passed after 8.768 seconds.
✔ Test devCardsBoughtThisTurnBecomePlayableAfterEndTurn() passed after 8.768 seconds.
✔ Test aTwelvePointGameDoesNotEndAtTen() passed after 8.768 seconds.
✔ Test threeToOneBankTradeWithGenericPort() passed after 8.768 seconds.
✔ Test queuedNavalTradeResponseUsesMaskedSnapshotAndValidatesCounts() passed after 8.771 seconds.
✔ Test serializedSessionRejectsChangingThePolicyRoster() passed after 8.768 seconds.
✔ Test sameResourceBankTradeIsRejectedWithoutMutation(rate:quantity:) with 6 test cases passed after 8.768 seconds.
✔ Test settlementProducesOneResourceOnMatchingRoll() passed after 8.768 seconds.
✔ Test mixedBankTradesWithOverlapAreRejectedWithoutMutation(rate:) with 3 test cases passed after 8.768 seconds.
✔ Test disjointCompoundBankTradeStillAppliesAtEachResourcesRate(rate:) with 3 test cases passed after 8.768 seconds.
✔ Test aTokenCountThatMissesTheProducingTilesIsRejected() passed after 8.768 seconds.
✔ Test robberTileProducesNothing() passed after 8.768 seconds.
✔ Test openingChartsHomeHarborsWithoutDiscoveringTheirSea(family:) with 3 test cases passed after 8.769 seconds.
✔ Test concealedTerrainAndPortsCannotChangeChartedHarbors() passed after 8.769 seconds.
✔ Test serializedSessionResumesTheSameDecisionsWithoutRestartingPolicyRandomness() passed after 8.769 seconds.
✔ Test aWinningMoveReportsTheWinExactlyOnce() passed after 8.768 seconds.
✔ Test buyingDevCardDeductsCostAndDraws() passed after 8.767 seconds.
✔ Test deployingCardsNotHeldIsRefusedWithoutMutation() passed after 8.767 seconds.
✔ Test expandedSeatsAThirtyEightCardBankAndAFiftyCardDeck() passed after 8.767 seconds.
✔ Test discoveringAnOverseasCoastChartsItsHarborWhileOtherHexesStayFogged() passed after 8.769 seconds.
✔ Test expandedDiscardThresholdIsTenNotSeven() passed after 8.767 seconds.
✔ Test buildCityUpgradesSettlementAndDeductsCost() passed after 8.767 seconds.
✔ Test unsupportedNavalVisionVersionsRemainRejected(version:) with 3 test cases passed after 8.768 seconds.
✔ Test vertexCanonicalizationIsConsistentAcrossSharedTiles() passed after 8.767 seconds.
◇ Test case passing 1 argument restoration → .freshInitialization to terminalOfferDoesNotRequestAnotherDecision(restoration:) started.
◇ Test case passing 1 argument restoration → .replacement to terminalOfferDoesNotRequestAnotherDecision(restoration:) started.
✔ Test movingRobberCanStealFromAdjacentPlayer() passed after 8.824 seconds.
✔ Test fogDisabledRetainsTheEntireWorldUnderEitherVisionRule(version:) with 2 test cases passed after 8.944 seconds.
✔ Test validationAgreesWithWhatApplyingActuallyDoes() passed after 8.943 seconds.
✔ Test phasesNoSingleSeatOwnsReportNobody() passed after 8.942 seconds.
✔ Test theAccessorAgreesWithTheSessionsOwnNotionOfWhoActs() passed after 8.943 seconds.
✔ Test classicRulesetMatchesTheValuesTheEngineShippedWith() passed after 8.942 seconds.
✔ Test buyingIsLimitedByDeckSize() passed after 8.941 seconds.
✔ Test positionOnlyZeroHoldingsSurviveCheckpointRoundTrip(oreCount:) with 2 test cases passed after 8.941 seconds.
✔ Test aSaveMissingFieldsAddedAfterItWasWrittenStillLoads() passed after 8.942 seconds.
✔ Test newGamesUseCornerVisionWithoutChangingOpeningMapOrEngineVersions() passed after 8.944 seconds.
✔ Test aFullyOwnedGameRunsToCompletion() passed after 8.948 seconds.
✔ Test aTribeHeldHexPaysEveryoneAsNormal() passed after 8.941 seconds.
✔ Test monopolySurvivesCheckpointRoundTrip(external:) with 2 test cases passed after 8.941 seconds.
✔ Test aConquestGameShufflesTheFullClassicArmyDeck() passed after 8.941 seconds.
✔ Test versionOnePreservesPartialYearOfPlentyHistory() passed after 8.941 seconds.
✔ Test standardBoardHas19TilesAndOneDesert() passed after 8.940 seconds.
✔ Test aCoherentTerminalTradeQueueCannotReviveTheGame() passed after 8.941 seconds.
✔ Test branchingNetworkScoresOnlyLongestSimplePath() passed after 8.941 seconds.
✔ Test unsupportedRulesVersionCannotMutateAReplay() passed after 8.941 seconds.
✔ Test versionOnePreservesNilVictimRobberHistory() passed after 8.940 seconds.
✔ Test proposeAndAcceptTradeSwapsCardsBetweenPlayers() passed after 8.941 seconds.
✔ Test respondRejectsWhenResponderIsProposer() passed after 8.941 seconds.
✔ Test versionOneStillReplaysAnExplicitRobberVictimExactly() passed after 8.940 seconds.
✔ Test rulesEngineAppliesProposeTrade() passed after 8.940 seconds.
✔ Test decliningATradeRecordsItAgainstTheProposer() passed after 8.940 seconds.
✔ Test versionOnePreservesNilVictimKnightHistory(beforeRoll:) with 2 test cases passed after 8.940 seconds.
✔ Test ordinaryMovesReplayUnderEverySupportedVersion(rulesVersion:) with 2 test cases passed after 8.940 seconds.
✔ Test wrongTurnMoveIsRejected() passed after 8.940 seconds.
✔ Test devCardStatusOwnsTurnTimingAndPassiveCardRules() passed after 8.940 seconds.
✔ Test deployingOnYourOwnHexReinforcesIt() passed after 8.940 seconds.
✔ Test validHumanActionsBeyondAutomatedCapColdResume(mode:) with 2 test cases passed after 8.940 seconds.
✔ Test olderCopyCanBePlayedButNewCopyWaitsUntilNextTurn(fixture:) with 16 test cases passed after 8.940 seconds.
✔ Test movingTheRobberWithNobodyToRobReportsNoSteal() passed after 8.940 seconds.
✔ Test legacyNavalOneReplaysItsOriginalExactRevealUnderEveryEngineVersion(engineVersion:) with 3 test cases passed after 8.945 seconds.
✔ Test aSecondMatureMonopolyNeedsAnotherTurnAndAZeroGainStillConsumes(fixture:) with 16 test cases passed after 8.940 seconds.
✔ Test coldCheckpointKeepsItsVisionRuleAndPreviouslyDiscoveredTiles(version:) with 2 test cases passed after 8.946 seconds.
✔ Test anExternalMoveAdvancesTheSameGame() passed after 8.940 seconds.
✔ Test aSaveResumesTheSameRandomSequenceItWouldHaveHad() passed after 8.950 seconds.
✔ Test invalidKnightVictimCannotConsumeOrPartiallyApply(fixture:) with 16 test cases passed after 8.940 seconds.
✔ Test monopolyTransfersOneResourceAndCannotBeReusedAfterResume(fixture:) with 16 test cases passed after 8.940 seconds.
✔ Test knightTakesExactlyOneCardFromOnlyTheChosenVictim(fixture:) with 16 test cases passed after 8.940 seconds.
✔ Test legacyDuplicateOffersStillReplayUnderRecordedRules(version:) with 2 test cases passed after 8.940 seconds.
✔ Test knightWithoutAResourceHoldingNeighbourConsumesOneCardWithoutTheft(fixture:) with 16 test cases passed after 8.996 seconds.
✔ Test aMissingNavalVersionAlwaysDecodesAsLegacyOneWithoutRefogging() passed after 9.002 seconds.
✔ Test duplicateOfferIDIsExcludedRejectedAndNeverMutates() passed after 8.997 seconds.
◇ Test case passing 2 arguments fog → true, flexible → true to decodedRawInputMasksAndKeepsCounts(fog:flexible:) started.
◇ Test case passing 2 arguments fog → true, flexible → false to decodedRawInputMasksAndKeepsCounts(fog:flexible:) started.
◇ Test case passing 2 arguments fog → false, flexible → true to decodedRawInputMasksAndKeepsCounts(fog:flexible:) started.
◇ Test case passing 2 arguments fog → false, flexible → false to decodedRawInputMasksAndKeepsCounts(fog:flexible:) started.
◇ Test case passing 2 arguments fog → true, flexible → true to responseOnlyInformationDoesNotExposePrivateComposition(fog:flexible:) started.
◇ Test case passing 2 arguments fog → true, flexible → false to responseOnlyInformationDoesNotExposePrivateComposition(fog:flexible:) started.
◇ Test case passing 2 arguments fog → false, flexible → true to responseOnlyInformationDoesNotExposePrivateComposition(fog:flexible:) started.
◇ Test case passing 2 arguments fog → false, flexible → false to responseOnlyInformationDoesNotExposePrivateComposition(fog:flexible:) started.
✔ Test expandedBonusesAreWorthFourPointsInBothFormulas() passed after 9.985 seconds.
✔ Test onlyMainTurnCountsAsAPlayableTurnForThatSeat() passed after 9.985 seconds.
✔ Test armyCardsCostAnyThreeResourcesByDefault() passed after 9.985 seconds.
✔ Test setupEndDealsEveryPlayerOnePlayableArmyCard() passed after 9.985 seconds.
✔ Test settlementRespectsDistanceRuleAndRoadConnection() passed after 9.985 seconds.
✔ Test aCountedCompositionExpandsToOnePinnedInterleavedOrder() passed after 9.985 seconds.
✔ Test thirdKnightGrantsLargestArmy() passed after 9.984 seconds.
✔ Test endTurnClearsPendingTradeOffers() passed after 9.984 seconds.
✔ Test anEmptyArmyDeckCannotBeBoughtFrom() passed after 9.985 seconds.
✔ Test tieKeepsCurrentHolder() passed after 9.984 seconds.
✔ Test newGameDevCardDeckPreservesStandardComposition() passed after 9.984 seconds.
✔ Test wrongSeatCannotPlayAndNeitherCommitPathMutates(fixture:) with 16 test cases passed after 9.984 seconds.
◇ Test case passing 1 argument corruption → "maximum" to impossibleChoiceObligationsAreRejected(corruption:) started.
◇ Test case passing 1 argument corruption → "overYield" to impossibleChoiceObligationsAreRejected(corruption:) started.
◇ Test case passing 1 argument corruption → "wrongRoll" to impossibleChoiceObligationsAreRejected(corruption:) started.
◇ Test case passing 1 argument corruption → "captureFlag" to impossibleChoiceObligationsAreRejected(corruption:) started.
◇ Test case passing 1 argument corruption → "missingLater" to impossibleChoiceObligationsAreRejected(corruption:) started.
◇ Test case passing 1 argument corruption → "reordered" to impossibleChoiceObligationsAreRejected(corruption:) started.
◇ Test case passing 1 argument corruption → "partialLater" to impossibleChoiceObligationsAreRejected(corruption:) started.
◇ Test case passing 1 argument corruption → "emptyBank" to impossibleChoiceObligationsAreRejected(corruption:) started.
◇ Test case passing 1 argument corruption → "wrongPhaseSeat" to impossibleChoiceObligationsAreRejected(corruption:) started.
NAVAL DETERMINISM FINGERPRINT 9763491777621528290
✔ Test legacyProjectionDoesNotPermitOtherQueuedReplyCorruption(field:) with 9 test cases passed after 11.370 seconds.
✔ Test aThreeSeatGameCyclesTurnsAmongThreeSeats() passed after 11.372 seconds.
✔ Test legacyQueuedReplyResumesWithChartedHarborsWithoutResampling(nearHarbor:) with 2 test cases passed after 11.369 seconds.
✔ Test fastSearchAgreesWithTheExhaustiveOneAtThePlayableRoadCap() passed after 11.383 seconds.
✔ Test humanAndPolicyApplyTheSameLegalCardMoves(fixture:) with 16 test cases passed after 11.370 seconds.
✔ Test requiredRobberyAndDiscardHaveControllerParity(fixture:) with 16 test cases passed after 11.368 seconds.
✔ Test anUnsupportedTargetIsRefused() passed after 11.367 seconds.
✔ Test anyThreePricePaysFromTheBiggestPilesFirst() passed after 11.366 seconds.
✔ Test completedPositionDoesNotReconstructAnOpenTradeResponse() passed after 11.367 seconds.
✔ Test multipleDemandingPlayersGetNothingWhenBankCannotCoverAll() passed after 11.366 seconds.
✔ Test buildingReportsWhatWasBuilt() passed after 11.366 seconds.
✔ Test aThreeSeatGameCompletesSetupAcrossExactlyThreeSeats() passed after 11.366 seconds.
✔ Test cityRequiresExistingOwnSettlement() passed after 11.366 seconds.
✔ Test bankDraftNamesTheRequiredBundleAtThePlayersActualPortRate(_:) with 3 test cases passed after 11.366 seconds.
◇ Test case passing 1 argument family → .archipelago to firstPlacementAndRoadArePlayable(family:) started.
◇ Test case passing 1 argument family → .peninsula to firstPlacementAndRoadArePlayable(family:) started.
◇ Test case passing 1 argument family → .twinIslands to firstPlacementAndRoadArePlayable(family:) started.
✔ Test aCompositionThatDoesNotFillTheBoardIsRejected() passed after 11.546 seconds.
◇ Test case passing 1 argument fixture → EngineFairnessCase(mode: CatanEngine.GameMode.classic, variant: CatanEngine.GameVariant.standard, seat: 0) to diceMatchTwoUnweightedDrawsRegardlessOfSeatOrHand(fixture:) started.
◇ Test case passing 1 argument fixture → EngineFairnessCase(mode: CatanEngine.GameMode.classic, variant: CatanEngine.GameVariant.standard, seat: 1) to diceMatchTwoUnweightedDrawsRegardlessOfSeatOrHand(fixture:) started.
◇ Test case passing 1 argument fixture → EngineFairnessCase(mode: CatanEngine.GameMode.classic, variant: CatanEngine.GameVariant.standard, seat: 2) to diceMatchTwoUnweightedDrawsRegardlessOfSeatOrHand(fixture:) started.
◇ Test case passing 1 argument fixture → EngineFairnessCase(mode: CatanEngine.GameMode.classic, variant: CatanEngine.GameVariant.standard, seat: 3) to diceMatchTwoUnweightedDrawsRegardlessOfSeatOrHand(fixture:) started.
◇ Test case passing 1 argument fixture → EngineFairnessCase(mode: CatanEngine.GameMode.classic, variant: CatanEngine.GameVariant.conquest, seat: 0) to diceMatchTwoUnweightedDrawsRegardlessOfSeatOrHand(fixture:) started.
◇ Test case passing 1 argument fixture → EngineFairnessCase(mode: CatanEngine.GameMode.classic, variant: CatanEngine.GameVariant.conquest, seat: 1) to diceMatchTwoUnweightedDrawsRegardlessOfSeatOrHand(fixture:) started.
◇ Test case passing 1 argument fixture → EngineFairnessCase(mode: CatanEngine.GameMode.classic, variant: CatanEngine.GameVariant.conquest, seat: 2) to diceMatchTwoUnweightedDrawsRegardlessOfSeatOrHand(fixture:) started.
◇ Test case passing 1 argument fixture → EngineFairnessCase(mode: CatanEngine.GameMode.classic, variant: CatanEngine.GameVariant.conquest, seat: 3) to diceMatchTwoUnweightedDrawsRegardlessOfSeatOrHand(fixture:) started.
◇ Test case passing 1 argument fixture → EngineFairnessCase(mode: CatanEngine.GameMode.vast, variant: CatanEngine.GameVariant.standard, seat: 0) to diceMatchTwoUnweightedDrawsRegardlessOfSeatOrHand(fixture:) started.
◇ Test case passing 1 argument fixture → EngineFairnessCase(mode: CatanEngine.GameMode.vast, variant: CatanEngine.GameVariant.standard, seat: 1) to diceMatchTwoUnweightedDrawsRegardlessOfSeatOrHand(fixture:) started.
◇ Test case passing 1 argument fixture → EngineFairnessCase(mode: CatanEngine.GameMode.vast, variant: CatanEngine.GameVariant.standard, seat: 2) to diceMatchTwoUnweightedDrawsRegardlessOfSeatOrHand(fixture:) started.
◇ Test case passing 1 argument fixture → EngineFairnessCase(mode: CatanEngine.GameMode.vast, variant: CatanEngine.GameVariant.standard, seat: 3) to diceMatchTwoUnweightedDrawsRegardlessOfSeatOrHand(fixture:) started.
◇ Test case passing 1 argument fixture → EngineFairnessCase(mode: CatanEngine.GameMode.vast, variant: CatanEngine.GameVariant.conquest, seat: 0) to diceMatchTwoUnweightedDrawsRegardlessOfSeatOrHand(fixture:) started.
◇ Test case passing 1 argument fixture → EngineFairnessCase(mode: CatanEngine.GameMode.vast, variant: CatanEngine.GameVariant.conquest, seat: 1) to diceMatchTwoUnweightedDrawsRegardlessOfSeatOrHand(fixture:) started.
◇ Test case passing 1 argument fixture → EngineFairnessCase(mode: CatanEngine.GameMode.vast, variant: CatanEngine.GameVariant.conquest, seat: 2) to diceMatchTwoUnweightedDrawsRegardlessOfSeatOrHand(fixture:) started.
◇ Test case passing 1 argument fixture → EngineFairnessCase(mode: CatanEngine.GameMode.vast, variant: CatanEngine.GameVariant.conquest, seat: 3) to diceMatchTwoUnweightedDrawsRegardlessOfSeatOrHand(fixture:) started.
◇ Test case passing 1 argument fixture → EngineFairnessCase(mode: CatanEngine.GameMode.classic, variant: CatanEngine.GameVariant.standard, seat: 0) to humanAndBotsWithDifferentPolicyDrawCountsGetIdenticalDice(fixture:) started.
◇ Test case passing 1 argument fixture → EngineFairnessCase(mode: CatanEngine.GameMode.classic, variant: CatanEngine.GameVariant.standard, seat: 1) to humanAndBotsWithDifferentPolicyDrawCountsGetIdenticalDice(fixture:) started.
◇ Test case passing 1 argument fixture → EngineFairnessCase(mode: CatanEngine.GameMode.classic, variant: CatanEngine.GameVariant.standard, seat: 2) to humanAndBotsWithDifferentPolicyDrawCountsGetIdenticalDice(fixture:) started.
◇ Test case passing 1 argument fixture → EngineFairnessCase(mode: CatanEngine.GameMode.classic, variant: CatanEngine.GameVariant.standard, seat: 3) to humanAndBotsWithDifferentPolicyDrawCountsGetIdenticalDice(fixture:) started.
◇ Test case passing 1 argument fixture → EngineFairnessCase(mode: CatanEngine.GameMode.classic, variant: CatanEngine.GameVariant.conquest, seat: 0) to humanAndBotsWithDifferentPolicyDrawCountsGetIdenticalDice(fixture:) started.
◇ Test case passing 1 argument fixture → EngineFairnessCase(mode: CatanEngine.GameMode.classic, variant: CatanEngine.GameVariant.conquest, seat: 1) to humanAndBotsWithDifferentPolicyDrawCountsGetIdenticalDice(fixture:) started.
◇ Test case passing 1 argument fixture → EngineFairnessCase(mode: CatanEngine.GameMode.classic, variant: CatanEngine.GameVariant.conquest, seat: 2) to humanAndBotsWithDifferentPolicyDrawCountsGetIdenticalDice(fixture:) started.
◇ Test case passing 1 argument fixture → EngineFairnessCase(mode: CatanEngine.GameMode.classic, variant: CatanEngine.GameVariant.conquest, seat: 3) to humanAndBotsWithDifferentPolicyDrawCountsGetIdenticalDice(fixture:) started.
◇ Test case passing 1 argument fixture → EngineFairnessCase(mode: CatanEngine.GameMode.vast, variant: CatanEngine.GameVariant.standard, seat: 0) to humanAndBotsWithDifferentPolicyDrawCountsGetIdenticalDice(fixture:) started.
◇ Test case passing 1 argument fixture → EngineFairnessCase(mode: CatanEngine.GameMode.vast, variant: CatanEngine.GameVariant.standard, seat: 1) to humanAndBotsWithDifferentPolicyDrawCountsGetIdenticalDice(fixture:) started.
◇ Test case passing 1 argument fixture → EngineFairnessCase(mode: CatanEngine.GameMode.vast, variant: CatanEngine.GameVariant.standard, seat: 2) to humanAndBotsWithDifferentPolicyDrawCountsGetIdenticalDice(fixture:) started.
◇ Test case passing 1 argument fixture → EngineFairnessCase(mode: CatanEngine.GameMode.vast, variant: CatanEngine.GameVariant.standard, seat: 3) to humanAndBotsWithDifferentPolicyDrawCountsGetIdenticalDice(fixture:) started.
◇ Test case passing 1 argument fixture → EngineFairnessCase(mode: CatanEngine.GameMode.vast, variant: CatanEngine.GameVariant.conquest, seat: 0) to humanAndBotsWithDifferentPolicyDrawCountsGetIdenticalDice(fixture:) started.
◇ Test case passing 1 argument fixture → EngineFairnessCase(mode: CatanEngine.GameMode.vast, variant: CatanEngine.GameVariant.conquest, seat: 1) to humanAndBotsWithDifferentPolicyDrawCountsGetIdenticalDice(fixture:) started.
◇ Test case passing 1 argument fixture → EngineFairnessCase(mode: CatanEngine.GameMode.vast, variant: CatanEngine.GameVariant.conquest, seat: 2) to humanAndBotsWithDifferentPolicyDrawCountsGetIdenticalDice(fixture:) started.
◇ Test case passing 1 argument fixture → EngineFairnessCase(mode: CatanEngine.GameMode.vast, variant: CatanEngine.GameVariant.conquest, seat: 3) to humanAndBotsWithDifferentPolicyDrawCountsGetIdenticalDice(fixture:) started.
◇ Test case passing 1 argument fixture → EngineFairnessCase(mode: CatanEngine.GameMode.classic, variant: CatanEngine.GameVariant.standard, seat: 0) to choosingAMoveDoesNotAdvanceEngineDiceAndResumePreservesThem(fixture:) started.
◇ Test case passing 1 argument fixture → EngineFairnessCase(mode: CatanEngine.GameMode.classic, variant: CatanEngine.GameVariant.standard, seat: 1) to choosingAMoveDoesNotAdvanceEngineDiceAndResumePreservesThem(fixture:) started.
◇ Test case passing 1 argument fixture → EngineFairnessCase(mode: CatanEngine.GameMode.classic, variant: CatanEngine.GameVariant.standard, seat: 2) to choosingAMoveDoesNotAdvanceEngineDiceAndResumePreservesThem(fixture:) started.
◇ Test case passing 1 argument fixture → EngineFairnessCase(mode: CatanEngine.GameMode.classic, variant: CatanEngine.GameVariant.standard, seat: 3) to choosingAMoveDoesNotAdvanceEngineDiceAndResumePreservesThem(fixture:) started.
◇ Test case passing 1 argument fixture → EngineFairnessCase(mode: CatanEngine.GameMode.classic, variant: CatanEngine.GameVariant.conquest, seat: 0) to choosingAMoveDoesNotAdvanceEngineDiceAndResumePreservesThem(fixture:) started.
◇ Test case passing 1 argument fixture → EngineFairnessCase(mode: CatanEngine.GameMode.classic, variant: CatanEngine.GameVariant.conquest, seat: 1) to choosingAMoveDoesNotAdvanceEngineDiceAndResumePreservesThem(fixture:) started.
◇ Test case passing 1 argument fixture → EngineFairnessCase(mode: CatanEngine.GameMode.classic, variant: CatanEngine.GameVariant.conquest, seat: 2) to choosingAMoveDoesNotAdvanceEngineDiceAndResumePreservesThem(fixture:) started.
◇ Test case passing 1 argument fixture → EngineFairnessCase(mode: CatanEngine.GameMode.classic, variant: CatanEngine.GameVariant.conquest, seat: 3) to choosingAMoveDoesNotAdvanceEngineDiceAndResumePreservesThem(fixture:) started.
◇ Test case passing 1 argument fixture → EngineFairnessCase(mode: CatanEngine.GameMode.vast, variant: CatanEngine.GameVariant.standard, seat: 0) to choosingAMoveDoesNotAdvanceEngineDiceAndResumePreservesThem(fixture:) started.
◇ Test case passing 1 argument fixture → EngineFairnessCase(mode: CatanEngine.GameMode.vast, variant: CatanEngine.GameVariant.standard, seat: 1) to choosingAMoveDoesNotAdvanceEngineDiceAndResumePreservesThem(fixture:) started.
◇ Test case passing 1 argument fixture → EngineFairnessCase(mode: CatanEngine.GameMode.vast, variant: CatanEngine.GameVariant.standard, seat: 2) to choosingAMoveDoesNotAdvanceEngineDiceAndResumePreservesThem(fixture:) started.
✔ Test clearDraftConstraintsAreNotPermissionToCommit() passed after 12.129 seconds.
◇ Test case passing 1 argument fixture → EngineFairnessCase(mode: CatanEngine.GameMode.vast, variant: CatanEngine.GameVariant.standard, seat: 3) to choosingAMoveDoesNotAdvanceEngineDiceAndResumePreservesThem(fixture:) started.
◇ Test case passing 1 argument fixture → EngineFairnessCase(mode: CatanEngine.GameMode.vast, variant: CatanEngine.GameVariant.conquest, seat: 0) to choosingAMoveDoesNotAdvanceEngineDiceAndResumePreservesThem(fixture:) started.
◇ Test case passing 1 argument fixture → EngineFairnessCase(mode: CatanEngine.GameMode.vast, variant: CatanEngine.GameVariant.conquest, seat: 1) to choosingAMoveDoesNotAdvanceEngineDiceAndResumePreservesThem(fixture:) started.
◇ Test case passing 1 argument fixture → EngineFairnessCase(mode: CatanEngine.GameMode.classic, variant: CatanEngine.GameVariant.standard, seat: 0) to anUnauthorizedRollCannotAdvanceTheRandomSequence(fixture:) started.
◇ Test case passing 1 argument fixture → EngineFairnessCase(mode: CatanEngine.GameMode.classic, variant: CatanEngine.GameVariant.standard, seat: 1) to anUnauthorizedRollCannotAdvanceTheRandomSequence(fixture:) started.
◇ Test case passing 1 argument fixture → EngineFairnessCase(mode: CatanEngine.GameMode.classic, variant: CatanEngine.GameVariant.standard, seat: 2) to anUnauthorizedRollCannotAdvanceTheRandomSequence(fixture:) started.
◇ Test case passing 1 argument fixture → EngineFairnessCase(mode: CatanEngine.GameMode.classic, variant: CatanEngine.GameVariant.standard, seat: 3) to anUnauthorizedRollCannotAdvanceTheRandomSequence(fixture:) started.
◇ Test case passing 1 argument fixture → EngineFairnessCase(mode: CatanEngine.GameMode.classic, variant: CatanEngine.GameVariant.conquest, seat: 0) to anUnauthorizedRollCannotAdvanceTheRandomSequence(fixture:) started.
◇ Test case passing 1 argument fixture → EngineFairnessCase(mode: CatanEngine.GameMode.classic, variant: CatanEngine.GameVariant.conquest, seat: 1) to anUnauthorizedRollCannotAdvanceTheRandomSequence(fixture:) started.
◇ Test case passing 1 argument fixture → EngineFairnessCase(mode: CatanEngine.GameMode.classic, variant: CatanEngine.GameVariant.conquest, seat: 2) to anUnauthorizedRollCannotAdvanceTheRandomSequence(fixture:) started.
◇ Test case passing 1 argument fixture → EngineFairnessCase(mode: CatanEngine.GameMode.classic, variant: CatanEngine.GameVariant.conquest, seat: 3) to anUnauthorizedRollCannotAdvanceTheRandomSequence(fixture:) started.
◇ Test case passing 1 argument fixture → EngineFairnessCase(mode: CatanEngine.GameMode.vast, variant: CatanEngine.GameVariant.standard, seat: 0) to anUnauthorizedRollCannotAdvanceTheRandomSequence(fixture:) started.
◇ Test case passing 1 argument fixture → EngineFairnessCase(mode: CatanEngine.GameMode.vast, variant: CatanEngine.GameVariant.standard, seat: 1) to anUnauthorizedRollCannotAdvanceTheRandomSequence(fixture:) started.
◇ Test case passing 1 argument fixture → EngineFairnessCase(mode: CatanEngine.GameMode.vast, variant: CatanEngine.GameVariant.standard, seat: 2) to anUnauthorizedRollCannotAdvanceTheRandomSequence(fixture:) started.
◇ Test case passing 1 argument fixture → EngineFairnessCase(mode: CatanEngine.GameMode.vast, variant: CatanEngine.GameVariant.standard, seat: 3) to anUnauthorizedRollCannotAdvanceTheRandomSequence(fixture:) started.
◇ Test case passing 1 argument fixture → EngineFairnessCase(mode: CatanEngine.GameMode.vast, variant: CatanEngine.GameVariant.conquest, seat: 0) to anUnauthorizedRollCannotAdvanceTheRandomSequence(fixture:) started.
◇ Test case passing 1 argument fixture → EngineFairnessCase(mode: CatanEngine.GameMode.vast, variant: CatanEngine.GameVariant.conquest, seat: 1) to anUnauthorizedRollCannotAdvanceTheRandomSequence(fixture:) started.
◇ Test case passing 1 argument fixture → EngineFairnessCase(mode: CatanEngine.GameMode.vast, variant: CatanEngine.GameVariant.conquest, seat: 2) to anUnauthorizedRollCannotAdvanceTheRandomSequence(fixture:) started.
◇ Test case passing 1 argument fixture → EngineFairnessCase(mode: CatanEngine.GameMode.vast, variant: CatanEngine.GameVariant.conquest, seat: 3) to anUnauthorizedRollCannotAdvanceTheRandomSequence(fixture:) started.
◇ Test case passing 1 argument fixture → EngineFairnessCase(mode: CatanEngine.GameMode.vast, variant: CatanEngine.GameVariant.conquest, seat: 2) to choosingAMoveDoesNotAdvanceEngineDiceAndResumePreservesThem(fixture:) started.
◇ Test case passing 1 argument fixture → EngineFairnessCase(mode: CatanEngine.GameMode.vast, variant: CatanEngine.GameVariant.conquest, seat: 3) to choosingAMoveDoesNotAdvanceEngineDiceAndResumePreservesThem(fixture:) started.
✔ Test expandedRandomizedBoardIsReproducibleFromItsSeed() passed after 12.199 seconds.
✔ Test aThreeSeatGameHasThreeSeats() passed after 12.198 seconds.
✔ Test terrainDoesNotChangeTheCornerOriginOrDiscoveryEvents(rotation:landMask:) with 42 test cases passed after 12.198 seconds.
✔ Test bankDraftChecksEachResourcesOwnRateInACompoundTrade() passed after 12.199 seconds.
✔ Test previousPublicDiscoveriesStayVisibleAndRepeatedDiscoveryProducesNoEvent() passed after 12.198 seconds.
✔ Test tradingAResourceForItselfIsRejected() passed after 12.198 seconds.
✔ Test overlapPrecedesStableResourceOrderForBundleErrorsWithoutMutatingState() passed after 12.198 seconds.
✔ Test cornerFootprintIsCenteredSymmetricAndHasExactCutoff(rotation:origin:) with 12 test cases passed after 12.198 seconds.
✔ Test sameResourceIsExcludedInEitherDraftMode(_:) with 2 test cases passed after 12.198 seconds.
✔ Test proposeTradeStopsBeingLegalAtTheTurnRetryLimit() passed after 12.198 seconds.
✔ Test historicalOverlappingDomesticTradesStillApplyAndReplay(_:) with 2 test cases passed after 12.197 seconds.
✔ Test shipVisionRetainsItsNineteenHexFootprintAndSixCardinalBoundaries(origin:) with 2 test cases passed after 12.197 seconds.
✔ Test serializedSessionKeepsTheAlreadySampledTradeResponse() passed after 12.200 seconds.
✔ Test theCompleteCanonicalCornerIncludesSeaAndOffEnvelopeCoordinates() passed after 12.195 seconds.
✔ Test aTargetSurvivesASaveAndReload() passed after 12.195 seconds.
✔ Test robberBlocksFlexibleProductionAndNeverTargetsFogOrShips() passed after 12.197 seconds.
✔ Test pipsMatchTheWaysTwoDiceRollEachNumber() passed after 12.195 seconds.
✔ Test aSaveWrittenBeforeConquestExistedLoadsAsStandard() passed after 12.195 seconds.
✔ Test yearOfPlentyRequiresTwoCardsTheBankCanSupply() passed after 12.194 seconds.
✔ Test aShapeNoShuffleCanSatisfyIsRepairedRatherThanRefused() passed after 12.194 seconds.
✔ Test aCardBoughtThisTurnCanBeDeployedAtOnce() passed after 12.194 seconds.
✔ Test buildingSettlementOnOpponentRoadRecomputesLongestRoadImmediately() passed after 12.194 seconds.
✔ Test acceptsCheckpointAtTurnBackstop() passed after 11.762 seconds.
✔ Test rejectsCurrentTurnSeatWithoutActions() passed after 11.760 seconds.
✔ Test rejectsUnsupportedStateSchema(version:) with 2 test cases passed after 11.757 seconds.
✔ Test rejectsQueuedResponseWithoutPendingOffer() passed after 11.756 seconds.
✔ Test citiesChooseTwoUnitsClockwiseAfterFixedProduction() passed after 12.195 seconds.
✔ Test rejectsInvalidPhasePlayerIndex(phase:index:) with 10 test cases passed after 11.756 seconds.
✔ Test rejectsQueuedResponseFromProposer() passed after 11.755 seconds.
✔ Test unavailableChoicesAreRejectedAndEmptyBankExpiresObligations() passed after 12.195 seconds.
✔ Test rejectsQueuedNonResponseMove() passed after 11.755 seconds.
✔ Test legitimateDecodedSnapshotsResume() passed after 11.755 seconds.
✔ Test rejectsQueuedResponseToUnknownOffer() passed after 11.755 seconds.
✔ Test rejectsQueuedResponseWithoutActorPolicy() passed after 11.755 seconds.
✔ Test rejectsActionsWithoutACurrentTurnSeat() passed after 11.755 seconds.
✔ Test rejectsInvalidQueuedResponseActor(index:) with 2 test cases passed after 11.755 seconds.
✔ Test rejectsInvalidCurrentTurnSeat(index:) with 2 test cases passed after 11.755 seconds.
✔ Test rejectsActionsBeyondTurnBackstop(actions:) with 2 test cases passed after 11.755 seconds.
✔ Test rejectsZeroEvaluationsWithQueuedDecision() passed after 11.755 seconds.
✔ Test rejectsNegativeCounters(field:) with 2 test cases passed after 11.755 seconds.
✔ Test rejectsChangedPolicyRosterAfterDecoding() passed after 11.755 seconds.
✔ Test rejectsQueuedEvaluationOutsideRecordedRange(index:) with 3 test cases passed after 11.755 seconds.
✔ Test rejectsCountersThatCannotAdvanceWithoutOverflow(field:) with 2 test cases passed after 11.755 seconds.
✔ Test rejectsUnsupportedCheckpointVersion(version:) with 3 test cases passed after 11.754 seconds.
✔ Test theDeckIsNotRequiredToReachTheTarget() passed after 11.753 seconds.
✔ Test theRulesetIsPlayable() passed after 11.753 seconds.
✔ Test thePieceLimitsAloneCanReachTheTarget() passed after 11.753 seconds.
✔ Test brickAndOreStayScarcerThanTheOtherThree() passed after 11.753 seconds.
✔ Test thePortsCoverThreeGenericsPerFiveAndEveryResourceTwice() passed after 11.753 seconds.
✔ Test boardsAreDeterministicForOneSeed() passed after 11.754 seconds.
✔ Test theBoardHasOneHundredFiftyVertices() passed after 11.753 seconds.
✔ Test aStealHidesTheResourceFromEveryoneButThiefAndVictim() passed after 11.526 seconds.
✔ Test theBoardIsSixtyOneTilesWithThreeDeserts() passed after 11.754 seconds.
✔ Test aBuildSpendsExactlyWhatItCosts() passed after 11.526 seconds.
✔ Test aKnightStealIsMaskedTheSameWay() passed after 11.525 seconds.
✔ Test aStealLeavesTheVictimsCompositionUncertainButTheCountExact() passed after 11.525 seconds.
✔ Test theTokenSpreadIsSymmetricAboutSeven() passed after 11.754 seconds.
✔ Test aLedgerEqualsItselfAfterARoundTrip() passed after 11.527 seconds.
✔ Test randomLegalPlayReachesGameOverWithoutErrors() passed after 12.201 seconds.
✔ Test captureIsGlobalOptionalAndLastsUntilRecapture() passed after 11.525 seconds.
✔ Test stockBelongsToBuilderAndSeaHexesAllowStacking() passed after 11.524 seconds.
✔ Test theObserverAlwaysKnowsItsOwnHandExactly() passed after 11.522 seconds.
✔ Test aRollPayoutIsCountedExactly() passed after 11.521 seconds.
✔ Test shipsPayExactCostSailAndRefresh(table:) with 2 test cases passed after 11.522 seconds.
✔ Test monopolyEmptiesEveryOtherHandOfThatResource() passed after 11.521 seconds.
✔ Test everyEventCarryingAPrivateDetailIsMaskedForABystander() passed after 11.521 seconds.
✔ Test aFirstColonyBonusCanCompleteTheFourteenPointWin() passed after 11.522 seconds.
✔ Test theEncodedLedgerIsOrderedBySeat() passed after 11.519 seconds.
✔ Test equalLedgersEncodeIdentically() passed after 11.519 seconds.
✔ Test aFloorSpentToZeroLeavesNoEntryBehind() passed after 11.517 seconds.
✔ Test shipsCannotTeleportCrossLandOrMoveForAnotherSeat() passed after 11.522 seconds.
✔ Test sameFamilyFallbackIsValidForEitherProductionOption(family:) with 3 test cases passed after 11.525 seconds.
✔ Test foundingNeedsAnOwnedShipAtThatExactCoastalCorner() passed after 11.465 seconds.
✔ Test theKnownFloorNeverExceedsTheTruth() passed after 11.517 seconds.
✔ Test landingRequiresSettlementBeforeRoadAndScoresDistinctIslands() passed after 11.520 seconds.
✔ Test inlandOpeningIsLegalWithEitherFogSetting(family:fog:) with 6 test cases passed after 11.465 seconds.
✔ Test foundedIslandCanExpandInlandByRoadAfterItsShipLeaves() passed after 11.463 seconds.
✔ Test setupStillCannotSkipToAnOverseasIslandOrIgnoreDistance() passed after 11.460 seconds.
✔ Test inlandPaidSettlementRequiresOwnRoadAndShipDoesNotSubstitute() passed after 11.459 seconds.
✔ Test bothOpeningSettlementsCanBeInland(family:count:) with 6 test cases passed after 11.459 seconds.
✔ Test terminalOfferDoesNotRequestAnotherDecision(restoration:) with 2 test cases passed after 10.914 seconds.
✔ Test aLiveHumanOfferStillQueuesAndAppliesAPolicyResponse() passed after 10.914 seconds.
✔ Test resumedSetupOffersInlandSitesWithoutChangingSavedVision(version:) with 2 test cases passed after 11.459 seconds.
✔ Test aComposedOfferMustCarryItsContentDerivedID() passed after 10.474 seconds.
✔ Test aSessionAcceptsAndTablesAPermittedComposedOffer() passed after 10.474 seconds.
✔ Test jakesBundleForTheCityIsPermitted() passed after 10.473 seconds.
✔ Test malformedOrExcessiveCompositionsAreRefused() passed after 10.460 seconds.
✔ Test noCompositionWhenProposingIsNotAllowed() passed after 10.460 seconds.
✔ Test publicTranscriptHidesUninvolvedTheftIdentity() passed after 10.370 seconds.
✔ Test unobservedWorldAndFutureRandomnessDoNotChangeAnObservation() passed after 10.321 seconds.
✔ Test observationsMaskGeographyAndPrivateCardsWithoutLosingPublicCounts() passed after 10.370 seconds.
✔ Test externalEndTurnCancelsCachedReply() passed after 10.912 seconds.
✔ Test decodedRawInputMasksAndKeepsCounts(fog:flexible:) with 4 test cases passed after 10.319 seconds.
✔ Test externalProposalQueuesAndExternalConsumptionClearsResponse() passed after 10.912 seconds.
✔ Test externalBankSpendRefreshesCachedObservationWithoutRandomDraws() passed after 10.912 seconds.
✔ Test responseOnlyInformationDoesNotExposePrivateComposition(fog:flexible:) with 4 test cases passed after 10.298 seconds.
✔ Test impossibleChoiceObligationsAreRejected(corruption:) with 9 test cases passed after 9.803 seconds.
✔ Test aRecordedMoveListReplaysToTheSameOutcome() passed after 12.219 seconds.
✔ Test mapFingerprintsRemainStableAcrossTestProcesses() passed after 11.453 seconds.
✔ Test firstPlacementAndRoadArePlayable(family:) with 3 test cases passed after 9.058 seconds.
✔ Test diceMatchTwoUnweightedDrawsRegardlessOfSeatOrHand(fixture:) with 16 test cases passed after 9.057 seconds.
✔ Test captureRequiresElevenButAResolvedElevenHasNoPendingCapture() passed after 9.803 seconds.
✔ Test humanAndBotsWithDifferentPolicyDrawCountsGetIdenticalDice(fixture:) with 16 test cases passed after 9.057 seconds.
✔ Suite NavalSaveTests passed after 12.224 seconds.
✔ Suite TradingTests passed after 12.224 seconds.
✔ Suite BankTradeResourceRuleTests passed after 12.224 seconds.
✔ Suite NavalPortVisibilityTests passed after 12.224 seconds.
✔ Suite NavalVisibilityVersionTests passed after 12.224 seconds.
✔ Suite PublicLedgerCheckpointTests passed after 12.224 seconds.
✔ Suite RulesVersionReplayTests passed after 12.224 seconds.
✔ Suite ExternalActionCheckpointTests passed after 12.224 seconds.
✔ Suite DevCardConservationTests passed after 12.224 seconds.
✔ Suite EngineFairnessTests passed after 12.224 seconds.
✔ Suite NavalPortCheckpointTests passed after 12.224 seconds.
✔ Suite TradeDraftConstraintTests passed after 12.224 seconds.
✔ Suite NavalCornerVisibilityTests passed after 12.224 seconds.
✔ Suite NavalProductionTests passed after 12.225 seconds.
✔ Suite SessionCheckpointValidationTests passed after 12.225 seconds.
✔ Suite VastBoardTests passed after 12.225 seconds.
✔ Suite PublicLedgerTests passed after 12.224 seconds.
✔ Suite NavalGameplayTests passed after 12.225 seconds.
✔ Suite NavalSettlementScopeTests passed after 12.225 seconds.
✔ Suite TerminalTradeBookkeepingTests passed after 12.224 seconds.
✔ Suite ComposedProposalTests passed after 12.224 seconds.
✔ Suite NavalTradeCheckpointTests passed after 12.224 seconds.
✔ Suite NavalOpeningTests passed after 12.223 seconds.
✔ Suite NavalObservationTests passed after 12.224 seconds.
✔ Suite NavalDeterminismTests passed after 12.225 seconds.
✔ Test anUnauthorizedRollCannotAdvanceTheRandomSequence(fixture:) with 16 test cases passed after 9.067 seconds.
✔ Test choosingAMoveDoesNotAdvanceEngineDiceAndResumePreservesThem(fixture:) with 16 test cases passed after 9.102 seconds.
✔ Suite DiceFairnessTests passed after 12.268 seconds.
✔ Test everyPartialChoiceAndClockwiseSuffixSurvivesColdCheckpoint() passed after 10.160 seconds.
✔ Suite NavalProductionValidationTests passed after 12.580 seconds.
✔ Test expandedPieceSuppliesAreNeverExceededOverAFullGame() passed after 13.943 seconds.
NAVAL MAP ECONOMY family=twinIslands ["size3:production=8...14,landing=6...9", "size11:production=28...39,landing=7...9"]
NAVAL MAP STUDY family=twinIslands seeds=25 geometries=25 fallbacks=0 meanAttempts=2.92 minimumBestLandingPips=6 routeSteps=[(key: 1, value: 300), (key: 2, value: 436), (key: 3, value: 295), (key: 4, value: 342), (key: 5, value: 363), (key: 6, value: 295), (key: 7, value: 342), (key: 8, value: 363), (key: 9, value: 192), (key: 10, value: 72)]
NAVAL MAP ECONOMY family=archipelago ["size7:production=15...29,landing=6...9"]
NAVAL MAP STUDY family=archipelago seeds=25 geometries=25 fallbacks=0 meanAttempts=2.92 minimumBestLandingPips=6 routeSteps=[(key: 1, value: 262), (key: 2, value: 484), (key: 3, value: 328), (key: 4, value: 277), (key: 5, value: 399), (key: 6, value: 324), (key: 7, value: 277), (key: 8, value: 399), (key: 9, value: 249), (key: 10, value: 1)]
✔ Test noPlayerEverExceedsTheirPieceSupply() passed after 15.528 seconds.
NAVAL MAP ECONOMY family=peninsula ["size3:production=7...13,landing=6...9", "size4:production=9...16,landing=6...9", "size7:production=17...26,landing=6...9", "size14:production=38...53,landing=7...9"]
NAVAL MAP STUDY family=peninsula seeds=25 geometries=25 fallbacks=0 meanAttempts=4.16 minimumBestLandingPips=6 routeSteps=[(key: 1, value: 180), (key: 2, value: 501), (key: 3, value: 376), (key: 4, value: 279), (key: 5, value: 351), (key: 6, value: 370), (key: 7, value: 279), (key: 8, value: 351), (key: 9, value: 266), (key: 10, value: 47)]
✔ Test seededWorldStudy(family:) with 3 test cases passed after 14.919 seconds.
✔ Test sameSeedProducesAnIdenticalGame() passed after 17.351 seconds.
✔ Test anExpandedGamePlaysToTwentyFiveWithoutStalling() passed after 18.300 seconds.
✔ Test togglesPreserveWorldAndRandomStream(family:) with 3 test cases passed after 18.860 seconds.
✔ Suite NavalMapTests passed after 19.557 seconds.
✔ Test fastSearchAgreesWithTheExhaustiveOneOnManyRandomNetworks() passed after 28.381 seconds.
✔ Test run with 371 tests in 28 suites passed after 28.406 seconds.

[1m▸ CatanAI tests[0m
[0/1] Planning build
Building for debugging...
[0/17] Write swift-version--58304C5D6DBC2206.txt
[2/42] Emitting module CatanEngine
[3/42] Compiling CatanEngine Board.swift
[4/42] Compiling CatanEngine BoardGeneration.swift
[5/42] Compiling CatanEngine BoardShape.swift
[6/42] Compiling CatanEngine Building.swift
[7/42] Compiling CatanEngine CatanEngine.swift
[8/42] Compiling CatanEngine Conquest.swift
[9/42] Compiling CatanEngine DevCards.swift
[10/42] Compiling CatanEngine DiceOdds.swift
[11/42] Compiling CatanEngine GameSession.swift
[12/42] Compiling CatanEngine LongestRoad.swift
[13/42] Compiling CatanEngine MainPhase.swift
[14/42] Compiling CatanEngine DevCardPlayStatus.swift
[15/42] Compiling CatanEngine DevCardType.swift
[16/42] Compiling CatanEngine EdgeID.swift
[17/42] Compiling CatanEngine GameEvent.swift
[18/42] Compiling CatanEngine GameMode.swift
[19/42] Compiling CatanEngine GamePhase.swift
[20/42] Compiling CatanEngine GameState.swift
[21/42] Compiling CatanEngine GameVariant.swift
[22/42] Compiling CatanEngine HexCoordinate.swift
[23/42] Compiling CatanEngine Move.swift
[24/42] Compiling CatanEngine Player.swift
[25/42] Compiling CatanEngine PlayerID.swift
[26/42] Compiling CatanEngine Port.swift
[27/65] Compiling CatanEngine RandomSource.swift
[28/65] Compiling CatanEngine Resource.swift
[29/65] Compiling CatanEngine Tile.swift
[30/65] Compiling CatanEngine VertexID.swift
[31/65] Compiling CatanEngine Naval.swift
[32/65] Compiling CatanEngine NavalFallback.swift
[33/65] Compiling CatanEngine NavalMapGenerator.swift
[34/65] Compiling CatanEngine NavalMapValidation.swift
[35/65] Compiling CatanEngine NavalModels.swift
[36/65] Compiling CatanEngine NavalMoves.swift
[37/65] Compiling CatanEngine NavalPorts.swift
[38/65] Compiling CatanEngine NavalProduction.swift
[39/65] Compiling CatanEngine NavalSightGeometry.swift
[40/65] Compiling CatanEngine NavalStateValidation.swift
[41/65] Compiling CatanEngine NavalTerrain.swift
[42/65] Compiling CatanEngine NavalVisibility.swift
[43/65] Compiling CatanEngine PublicLedger.swift
[44/65] Compiling CatanEngine Robber.swift
[45/65] Compiling CatanEngine RulesEngine.swift
[46/65] Compiling CatanEngine Ruleset.swift
[47/65] Compiling CatanEngine SetupPhase.swift
[48/65] Compiling CatanEngine Trading.swift
[49/65] Compiling CatanEngine WinCondition.swift
[50/92] Compiling CatanAI Bot.swift
[51/92] Compiling CatanAI BotPersonality.swift
[52/92] Compiling CatanAI BotWeights.swift
[53/92] Compiling CatanAI BuildPlanner.swift
[54/92] Compiling CatanAI CatanAI.swift
[55/92] Compiling CatanAI ConquestHeuristics.swift
[56/92] Compiling CatanAI DevCardHeuristics.swift
[57/92] Compiling CatanAI BoardIndex.swift
[58/92] Compiling CatanAI EvaluationPolicy.swift
[59/92] Compiling CatanAI EvaluationProjections.swift
[60/92] Compiling CatanAI EvaluationWeights.swift
[61/92] Compiling CatanAI ExpertRevision.swift
[62/92] Compiling CatanAI HandDiscipline.swift
[63/92] Compiling CatanAI PointCompletingCards.swift
[64/92] Compiling CatanAI PositionEvaluator.swift
[65/92] Compiling CatanAI TradeCascade.swift
[66/92] Compiling CatanAI TradeValuation.swift
[67/92] Compiling CatanAI CandidateScoring.swift
[68/92] Compiling CatanAI DecisionExtractor.swift
[69/92] Compiling CatanAI DecisionRecord.swift
[70/92] Compiling CatanAI GhostPolicy.swift
[71/92] Compiling CatanAI GhostProfile.swift
[72/92] Compiling CatanAI PersonFitter.swift
[73/92] Compiling CatanAI PersonModel.swift
[74/92] Compiling CatanAI SeatStats.swift
[75/92] Emitting module CatanAI
[76/116] Compiling CatanAI StyleFeatures.swift
[77/116] Compiling CatanAI GreedyPolicy.swift
[78/116] Compiling CatanAI HeuristicPolicy.swift
[79/116] Compiling CatanAI JointTradeResponsePolicy.swift
[80/116] Compiling CatanAI NavalCards.swift
[81/116] Compiling CatanAI NavalDecisionContext.swift
[82/116] Compiling CatanAI NavalEconomy.swift
[83/116] Compiling CatanAI NavalLandControl.swift
[84/116] Compiling CatanAI NavalNavigation.swift
[85/116] Compiling CatanAI NavalNavigationDiagnostics.swift
[86/116] Compiling CatanAI NavalPolicy.swift
[87/116] Compiling CatanAI NavalTrading.swift
[88/116] Compiling CatanAI PlacementHeuristics.swift
[89/116] Compiling CatanAI PlannerTradeEvaluator.swift
[90/116] Compiling CatanAI ProductionModel.swift
[91/116] Compiling CatanAI PlanningContext.swift
[92/116] Compiling CatanAI PolicyBehaviorMetrics.swift
[93/116] Compiling CatanAI RobberHeuristics.swift
[94/116] Compiling CatanAI ThreatAssessment.swift
[95/116] Compiling CatanAI TradeAssessment.swift
[96/116] Compiling CatanAI TradeHeuristics.swift
[97/116] Compiling CatanAI TradeMessages.swift
[98/116] Compiling CatanAI TradeRefusingPolicy.swift
[99/116] Compiling CatanAI TradeReviewContext.swift
[100/120] Compiling trade_bench main.swift
[101/120] Emitting module trade_bench
[102/124] Emitting module sim
[103/124] Compiling sim main.swift
[104/127] Compiling ghost LogFile.swift
[105/127] Compiling ghost Selftest.swift
[106/127] Compiling naval_sim EvaluationProtocol.swift
[107/127] Emitting module naval_sim
[108/130] Emitting module ghost
[111/132] Compiling ghost main.swift
[112/132] Compiling naval_sim Rendering.swift
[113/132] Compiling naval_sim main.swift
[114/134] Compiling ghost Strength.swift
[115/134] Write Objects.LinkFileList
[118/134] Compiling arena main.swift
[119/134] Emitting module arena
[119/134] Linking trade-bench
[120/134] Write Objects.LinkFileList
[121/134] Applying trade-bench
[122/134] Linking sim
[123/134] Write Objects.LinkFileList
[124/134] Applying sim
[125/134] Linking naval-sim
[126/134] Write Objects.LinkFileList
[127/134] Applying naval-sim
[128/134] Linking ghost
[129/134] Write Objects.LinkFileList
[130/134] Applying ghost
[131/134] Linking arena
[132/134] Applying arena
[133/134] Linking CatanAIPackageTests
Build complete! (14.30s)
Test Suite 'All tests' started at 2026-10-06 23:43:40.917.
Test Suite 'All tests' passed at 2026-10-06 23:43:40.918.
	 Executed 0 tests, with 0 failures (0 unexpected) in 0.000 (0.001) seconds
◇ Test run started.
↳ Testing Library Version: 1902
↳ Target Platform: arm64e-apple-macos14.0
◇ Suite ExpertRevisionTests started.
◇ Suite EvaluationPolicyTests started.
◇ Suite NavalMixedSessionTests started.
◇ Suite GhostSeatStatsTests started.
◇ Suite TradeCascadeTests started.
◇ Suite GhostPolicyTests started.
◇ Test consolidationMetricRecordsEveryDecisionWhereACityIsBuildable() started.
◇ Suite GhostCandidateScoringTests started.
◇ Suite TradeRefusingPolicyTests started.
◇ Test bestBankTradeIsNilWhenNothingIsBlockingTheNearestBuild() started.
◇ Test acceptedAndRejectedResponsesDrawFromDisjointPools() started.
◇ Suite TradeAccountingBoundaryTests started.
◇ Suite PlannerTradeTests started.
◇ Suite GhostProfileTests started.
◇ Suite GhostDecisionExtractorTests started.
◇ Suite JointTradeResponsePolicyTests started.
◇ Test anExternalResponderKeepsTheOfferForTheUI() started.
◇ Suite GhostStyleFeaturesTests started.
◇ Suite NavalPolicyTests started.
◇ Suite EvaluationTradeRepeatTests started.
◇ Suite SelfPlayReproducibility started.
◇ Suite TradeContributionTests started.
◇ Suite EvaluationBankTradeTests started.
◇ Test proposeTradesGivesUpAfterTheTurnRetryLimit() started.
◇ Test choosePlayPursuesLargestArmyWithARealShotEvenWithoutRobberOnOwnTile() started.
◇ Suite EvaluationCounterpartyTests started.
◇ Test scoreIncludesHeldDevCardCount() started.
◇ Suite GhostPersonModelTests started.
◇ Test proposeTradesSkipsWhenIdenticalOfferAlreadyPending() started.
◇ Test tradeWillingnessShiftsTheAcceptanceBar() started.
◇ Suite TradeReviewContextTests started.
◇ Test aTargetedBotBuysOnlyWhenOneMoreCardWouldTakeAGoodHex() started.
◇ Test longestRoadDefenseBonusRewardsBridgingEvenWithAnUncontestedLead() started.
◇ Test scoresExcludesTheGivenPlayerAndSortsHighestFirst() started.
◇ Suite PositionEvaluatorTests started.
◇ Test monopolyTargetsResourceHeldByTheHigherThreatOpponent() started.
◇ Test proposeTradeRetriesThenEventuallyEndsTheTurn() started.
◇ Suite HandDisciplineTests started.
◇ Test alreadyCoveredResourceScoresLowerThanNewResourceAtEqualPips() started.
◇ Test choosePlayAlwaysPlaysAHeldRoadBuildingCardWhenARoadIsLegal() started.
◇ Test decisionMetricsRecordChoiceOpportunities() started.
◇ Suite GhostTrainingProvenanceTests started.
◇ Suite NavalNavigationDiagnosticsTests started.
◇ Test tradeHeuristicsAcceptsClearNetGainTowardNextBuild() started.
◇ Test choosePlayDoesNotRushLargestArmyAgainstAFarAheadHolderMidGame() started.
◇ Test greedyRefusesEveryTradeItIsOffered() started.
◇ Test neverAcceptsANetLossEvenAtHighTradeWillingness() started.
◇ Suite EvaluationTradeGainTests started.
◇ Test buildRoadScoreExcludesReachableVertexThatIsAlreadyOccupied() started.
◇ Test silencingTheLeaderIsWorthMoreThanSilencingAnyoneElse() started.
◇ Test chooseBuildIsDeterministicWhenOneMoveClearlyDominates() started.
◇ Test proposeTradesRetriesWithADifferentOfferAfterADecline() started.
◇ Test heldVictoryPointCardsAreInvisibleToOpponents() started.
◇ Test buyDevCardScoreIsNotBoostedWhenTheHolderIsFarAhead() started.
◇ Test seededConquestGamesFinishWithOnlyLegalMoves() started.
◇ Test responseIsDeterministicForTheSameOfferID() started.
◇ Test evaluateRequiresABetterDealWhenReceiverIsComfortablyAhead() started.
◇ Test ownStandingIsBelowOneWhenBehindTheField() started.
◇ Test evaluateRequiresABetterDealFromAHighThreatProposer() started.
◇ Suite TradeAssessmentTests started.
◇ Test scoreSkipsLongestRoadSwingBonusWhenFarBehindTheHolder() started.
◇ Test aBoldBotBuysAnArmyCardBeforeBuildingAndAnIdleOneDoesNot() started.
◇ Test scoreAddsLargestArmySwingBonusWhenOneKnightAway() started.
◇ Test buyDevCardScoreIsBoostedTwoKnightsFromLargestArmy() started.
◇ Test scoreIncludesProductionStrengthWeightedByPips() started.
◇ Test pitchIsDeterministicForTheSameOfferID() started.
◇ Test behaviorMetricsCountOnlyTheObservedSeat() started.
◇ Test relativeWeightClampsExtremeOutliers() started.
◇ Test longestRoadClaimBonusIsLargerWhenTakingItFromAHighThreatHolder() started.
◇ Test buildRoadScoreIsHigherWhenItClosesDistanceToTheExpansionTarget() started.
◇ Test longestRoadDefenseBonusAppliesWhenARivalIsCloseBehind() started.
◇ Test ownStandingIsAboveOneWhenAheadOfTheField() started.
◇ Test noPoolHasBlankOrDuplicateLines() started.
◇ Test aBotDoesNotThrowCardsAtAHexItCannotTake() started.
◇ Test claimsLongestRoadWhenAnEdgeWouldReachFiveAndNobodyElseHoldsIt() started.
◇ Test botsOnlyGameReachesGameOverWithOnlyLegalMoves() started.
◇ Test decisionMetricsRecordTradeResponsesAndProposalShape() started.
◇ Test aResumedBotProposalStillReceivesAResponse() started.
◇ Test expertSpendsItsFreeCardTakingAHex() started.
◇ Test choosePlayDoesNotPursueLargestArmyWithoutARealShot() started.
◇ Test decisionMetricsRecordDisruptionAndProposalOpportunities() started.
◇ Test robberDisruptionScalesWithRelativeThreatNotJustRawVictoryPoints() started.
◇ Test choosePlayFollowsCautiousPersonalitysCityPriority() started.
◇ Test aShortGameEndsSooner() started.
◇ Test aThinGarrisonNextToAnArmedRivalCostsSomething() started.
◇ Test buyingIsPricedWithoutPeekingAtTheDeck() started.
◇ Test aggressivePersonalityProactivelyUsesAKnightButCautiousDoesNot() started.
◇ Test botEndsTurnRatherThanReproposingAnIdenticalPendingOffer() started.
◇ Test newlyReachableVerticesExcludesOneAlreadyReachableViaExistingNetwork() started.
◇ Test everySupportedRulesConfigurationCompletesWithOnlyLegalMoves(game:) started.
◇ Test tradeHeuristicsRejectsTradeAwayFromNextBuild() started.
◇ Suite PointCompletingCardsTests started.
◇ Suite HumanReviewStrategyDiagnosticsTests started.
◇ Test scoreSkipsLargestArmySwingBonusWhenHolderIsFarAhead() started.
◇ Test aStandardGameNeverAsksForArmyMoves() started.
◇ Test buildRoadScoreIsHigherWhenItDeniesAHighThreatOpponentsImmediateFrontier() started.
◇ Test botAlwaysReturnsALegalMove() started.
◇ Test aHandThatCanTakeAPrimeHexIsWorthMoreThanItsCards() started.
◇ Test choosePlayFollowsAggressivePersonalitysSettlementPriority() started.
◇ Test evaluateSuspicionShiftRejectsARepeatTradeFromTheSameProposerThisTurn() started.
◇ Test theHeuristicBotBeatsRandomPlayFromEverySeat() started.
◇ Test generousUnlockOffersAllThreeOreWhenThatsAllThatsHeld() started.
◇ Test highPipVertexScoresHigherThanLowPipVertex() started.
◇ Test robberAvoidsOwnTilesWhenAlternativeExists() started.
◇ Test aiNameIsSet() started.
◇ Test generousUnlockCeilingCollapsesWithAGoodPort() started.
◇ Test robberTargetsLeadingOpponentsTile() started.
◇ Test expandedSetupRoadPointsTowardTheBestOutwardEndpoint() started.
◇ Test theGreedyAnchorSitsBetweenRandomAndTheHeuristic() started.
◇ Test longestRoadDefenseBonusIsAbsentWhenLeadIsUncontested() started.
◇ Test productionCountsTheTakeover() started.
◇ Test relativeWeightIsOneForEveryoneWhenAllScoresAreZero() started.
◇ Test scoreWeighsVictoryPointsHeavily() started.
◇ Test buildSettlementScoreIsHigherWhenItDeniesAHighThreatOpponentsFrontier() started.
◇ Test cautiousBotAsksAPlayerBeforePayingTheBankWhileBalancedUsesTheBank() started.
◇ Test generousUnlockDoesNotApplyToARoad() started.
◇ Test buyDevCardScoreDecreasesWithEachUnplayedCardAlreadyHeld() started.
◇ Test everyLineFitsTheIncomingCardsCharacterBudget() started.
◇ Test telemetryKeepsEveryEvaluatedTradeReplyWithoutCountingTheCommittedReplyTwice() started.
◇ Test evaluateRequiresAMeaningfulBenefitNotJustAnyPositiveMargin() started.
◇ Test bestBankTradeConvertsSurplusTowardTheNearestBuild() started.
◇ Test conquestWeightsPriceArmiesAndStandardWeightsDoNot() started.
◇ Test proposesAGenerousUnlockTradeAfterTheOrdinaryOfferIsDeclined() started.
◇ Test buyDevCardScoreIgnoresHeldVictoryPointCards() started.
◇ Test heuristicHonoursANarrowedRollPhaseActionMask() started.
◇ Test expandedDevelopmentCardFallbackHonorsPermanentBuildReserve() started.
◇ Test theShippedConquestExpertIsTheAdoptedFit() started.
◇ Test evaluateRejectsATradeThatWouldHandTheProposerAnImmediateBuild() started.
◇ Test expandedBotReservesNearTermPermanentBuildResourcesBeforeBuyingDevelopmentCards() started.
◇ Test everyEmpireHasALargePitchAndResponsePool() started.
◇ Test ownStandingIsOneWhenAllScoresAreZero() started.
◇ Test aFootholdOnACrowdedPrimeHexIsWorthSettlingFor() started.
◇ Test threeSeatGamesReachAWinner() started.
◇ Test relativeWeightIsAboveOneForAnAboveAverageOpponent() started.
◇ Test concurrentHumanAndBotDiscardTurnsNeverCrash() started.
◇ Test bridgesOwnFragmentsDetectsAGenuineBridgeBetweenTwoDisconnectedPieces() started.
◇ Test claimsLongestRoadIsFalseWhenAlreadyTheHolder() started.
◇ Test opponentFrontierIncludesVacantVertexTwoHopsFromTheirSettlementButNotOneHop() started.
◇ Test buildRoadScoreIncludesLongestRoadBonusOnlyWhenItWouldBeClaimed() started.
◇ Test countsAgreeWithTheFinalBoard() started.
◇ Test scoreCountsCityProductionAtDoubleWeight() started.
◇ Test noOfferWhenNothingWouldHelp() started.
◇ Test aSeatStillCountsItsOwnHeldVictoryPointCards() started.
◇ Test replacingStateRestoresAPendingBotResponse() started.
◇ Test matchedProductionAddsTheFrozenValueAndCitiesDoubleIt() started.
◇ Test oneWheatShortOfACityAsksForTheWheat() started.
◇ Test theEvaluatorIgnoresWhatItIsNotEntitledToSee() started.
◇ Test robbingTheLeaderIsCounted() started.
◇ Test aGenerousUnlockOfferIsAcceptedByAPlausibleReceiver() started.
◇ Test aCompleteExternalSeatMatchStaysReloadable(players:) started.
◇ Test aBotProposalIsAnsweredBeforeTheProposerContinues() started.
◇ Test theComposerOffersReservedCardsAndLetsScoringDecide() started.
◇ Test diagnosticsForwardRevisionWhileUnselectedCallersStayLegacy() started.
◇ Test botsOnlyGameReachesGameOverAcrossSeveralSeeds() started.
◇ Test pricingTwoHandsEqualsScoringTheSettledPosition() started.
◇ Test aFullGameReachesAWinner(mode:) started.
◇ Test opponentFrontierExcludesVerticesTooCloseToAnyExistingBuilding() started.
◇ Test heuristicPolicyCarriesAnIdentifierNamingItsPersonality() started.
◇ Test blockedCityIngredientEarnsNoExtraStanding() started.
◇ Test rivalProductionIsValuedWithoutReadingTheirResourceComposition() started.
◇ Test composedOffersIncludeJakesBundle() started.
◇ Test revisionsHaveDistinctCheckpointIdentities() started.
◇ Test scoreAddsLongestRoadSwingBonusWhenOneSegmentFromQualifying() started.
◇ Test theCascadeNeverProposesATradeThatDoesNotHelpTheBot() started.
◇ Test currentExpertCheckpointContinuesTheSameMovesAndRejectsOtherRevisions(revision:) started.
◇ Test everyMoveComesFromTheSuppliedMask() started.
◇ Test differentOffersCanSampleDifferentLinesFromThePool() started.
◇ Test heuristicHonoursATradeResponseOnlyActionMask() started.
◇ Test buyingValuesTheCaptureTheNewCardCouldEnable() started.
◇ Test eachRefusalEscalatesTheNextOfferUnderTheLadder() started.
◇ Test lambdaZeroIgnoresThePerson() started.
◇ Test lambdaZeroPlaysExactlyLikeExpert() started.
◇ Test aBotTakesAHexWhenItHoldsEnoughToWinIt() started.
◇ Test aStrongHabitDominatesAtHighLambda() started.
◇ Test worthItKeepsOfferingOnItsOwnTermsAfterARefusal() started.
◇ Test randomPolicyOnlyEverPlaysLegalMoves() started.
◇ Test anAcceptanceOnlyMaskIsPassedThroughRatherThanEmptied() started.
◇ Test aGhostFinishesAGame() started.
◇ Test longestRoadPursuitBonusCreditsABridgeEvenBelowThePursuitGate() started.
◇ Test itHidesAcceptanceFromTheWrappedPolicy() started.
◇ Test theSameSeedProducesTheSameGame() started.
◇ Test radarMeasuresAverageAcrossGames() started.
◇ Test aMoveTheEngineAcceptsButNeverListsIsScored() started.
◇ Test greedySeatsActuallyFinishTheirGames() started.
◇ Test itNamesItselfAfterWhatItWraps() started.
◇ Test aPersonMayOfferTheirLastCardOfAKind() started.
◇ Test aHumanOfferExpertWouldNeverMakeIsScored() started.
◇ Test buildRoadScoreIsUnaffectedByMerelyTouchingAnOpponentsOwnVertex() started.
◇ Test aBadOfferCanStillBeAccepted() started.
◇ Test neededPaymentStillEarnsCompletionCredit(payment:quantity:) started.
◇ Test emptyDeckBlocksPurchaseButNotBaselineCredit(payment:quantity:) started.
◇ Test everyNonProposalLegalMoveIsScored() started.
◇ Test botRulesDropProposalsAfterThreeRefusals() started.
◇ Test candidateOrderDoesNotDependOnWeights() started.
◇ Test gradientPredictsARescore() started.
◇ Test decodesWithoutACivilization() started.
◇ Test aMoveThatDoesNotReplayThrowsWithItsIndex() started.
✔ Test acceptedAndRejectedResponsesDrawFromDisjointPools() passed after 0.007 seconds.
◇ Test roundTripsThroughJSON() started.
◇ Test matchesOfflineWorkedExamples(example:) started.
◇ Test anUnseenHandIsTreatedAsPossiblyHoldingAnything() started.
◇ Test frozenWeightsHaveZeroGradient() started.
◇ Test aPersonModelWithoutALapseDecodes() started.
◇ Test everyRecordNamesAChosenCandidateAndHasFullVectors() started.
◇ Test irrelevantPaymentReallyCompletesPurchase(payment:quantity:) started.
◇ Test aPersonMayOfferMoreThanTheBotLimit() started.
◇ Test mixedAndAcceptOnlyMasksUseUnchangedFallback(acceptOnly:) started.
◇ Test strictNativeThresholdBoundaryIsUnchanged(offset:) started.
◇ Test otherPhasesPreservePlainPolicyAndRNG(phaseIndex:seed:) started.
◇ Test aLopsidedProposalIsDescribed() started.
◇ Test bundleAndQuantityUseFinalInventory(quantity:) started.
◇ Test everyMoveHasOneValuePerLabel() started.
◇ Test aSeatBelievedToHoldNothingIsNeverAskedToPay() started.
◇ Test availabilityControlsNeverInventAcceptanceOrBuilds(depletedSeat:) started.
◇ Test robbingTheBiggestHandIsFlagged() started.
◇ Test reOfferingAfterARefusalIsFlagged() started.
◇ Test robbingTheLeaderIsFlagged() started.
◇ Test unscopedDirectCallsDoNotRepeatAnOutstandingNegotiation(tier:) started.
◇ Test inlandOpeningChoicesCompleteOrdinaryUnfilteredSetup(tier:family:) started.
◇ Test offeringMoreForTheSameAskIsAllowed() started.
◇ Test adaptersDeliberatelySelectNavalBrains() started.
◇ Test externalResponsesCannotLeaveAStaleDurableBotAnswer(tier:) started.
◇ Test aRegeneratedOfferCountsAsTheSameProposition() started.
◇ Test buysAFirstHullThenExplores(tier:) started.
◇ Test theIdenticalOfferIsNeverAskedTwice() started.
◇ Test aCertainSailingWinBeatsEvenANinetyOnePercentFinishingDraw() started.
◇ Test sailsTowardKnownLandingAndFundsAColony(tier:) started.
◇ Test aDifferentTradeIsStillAllowed() started.
◇ Test expertDiscountsAnUnfundedVoyageExposedToCapture() started.
◇ Test discardsSurplusWithoutDismantlingAFundedVoyage(tier:) started.
◇ Test aCertainPurchaseAndLandingWinBeatsAHigherThanNinetyPercentDraw() started.
◇ Test aWorseReAskIsRefused() started.
◇ Test workedTargetsExplainZeroAndPositiveMarginalValues() started.
◇ Test capturePrefersAnOverseasLanding(tier:) started.
◇ Test expertFundsTheSameFinishingDrawThatItValuesWhenAvailable() started.
◇ Test offlineExplanationLeavesBotMovesAndRNGUnchanged() started.
◇ Test emptyOffersHaveAvailableEmptyComponentsAndMissingReceiversHaveNoAssessment() started.
◇ Test case passing 1 argument game → MatrixGame(playerCount: 3, target: 8, boardMode: CatanAITests.(unknown context at $109f033b4).MatrixBoardMode.standard, seed: 211) to everySupportedRulesConfigurationCompletesWithOnlyLegalMoves(game:) started.
◇ Test flexibleYieldFundsAShipAndRespectsScarceBank(tier:) started.
◇ Test oldJSONDecodesScalarsVerbatimWithoutInventingComponents() started.
◇ Test acceptsFundingButPreservesAnAlreadyFundedRecipe(tier:) started.
◇ Test diagnosticsAreOptInAndPreserveEveryRecordedScalar() started.
◇ Test costUsesOriginalHandNotTheDeficitCreatedByLosingCards() started.
◇ Test case passing 1 argument game → MatrixGame(playerCount: 3, target: 8, boardMode: CatanAITests.(unknown context at $109f033b4).MatrixBoardMode.standard, seed: 977) to everySupportedRulesConfigurationCompletesWithOnlyLegalMoves(game:) started.
◇ Test flexibleProductionIsAllocatedOnceAcrossRecipeDeficits() started.
◇ Test componentsReconstructTheActualReductions() started.
◇ Test expertLaunchPlansAProvableWinningColonyWithinThisTurn() started.
◇ Test case passing 1 argument game → MatrixGame(playerCount: 3, target: 8, boardMode: CatanAITests.(unknown context at $109f033b4).MatrixBoardMode.randomized, seed: 211) to everySupportedRulesConfigurationCompletesWithOnlyLegalMoves(game:) started.
◇ Test case passing 1 argument game → MatrixGame(playerCount: 3, target: 8, boardMode: CatanAITests.(unknown context at $109f033b4).MatrixBoardMode.randomized, seed: 977) to everySupportedRulesConfigurationCompletesWithOnlyLegalMoves(game:) started.
◇ Test case passing 1 argument game → MatrixGame(playerCount: 3, target: 10, boardMode: CatanAITests.(unknown context at $109f033b4).MatrixBoardMode.standard, seed: 211) to everySupportedRulesConfigurationCompletesWithOnlyLegalMoves(game:) started.
◇ Test case passing 1 argument game → MatrixGame(playerCount: 3, target: 10, boardMode: CatanAITests.(unknown context at $109f033b4).MatrixBoardMode.standard, seed: 977) to everySupportedRulesConfigurationCompletesWithOnlyLegalMoves(game:) started.
◇ Test case passing 1 argument game → MatrixGame(playerCount: 3, target: 10, boardMode: CatanAITests.(unknown context at $109f033b4).MatrixBoardMode.randomized, seed: 211) to everySupportedRulesConfigurationCompletesWithOnlyLegalMoves(game:) started.
◇ Test case passing 1 argument game → MatrixGame(playerCount: 3, target: 10, boardMode: CatanAITests.(unknown context at $109f033b4).MatrixBoardMode.randomized, seed: 977) to everySupportedRulesConfigurationCompletesWithOnlyLegalMoves(game:) started.
◇ Test case passing 1 argument game → MatrixGame(playerCount: 3, target: 12, boardMode: CatanAITests.(unknown context at $109f033b4).MatrixBoardMode.standard, seed: 211) to everySupportedRulesConfigurationCompletesWithOnlyLegalMoves(game:) started.
◇ Test aBankTradeThatUnlocksNothingIsRefused() started.
◇ Test roadsCannotPromiseASiteWhoseCoastIsStillHidden() started.
◇ Test aBankTradeThatUnlocksACityIsTaken() started.
◇ Test case passing 1 argument game → MatrixGame(playerCount: 3, target: 12, boardMode: CatanAITests.(unknown context at $109f033b4).MatrixBoardMode.standard, seed: 977) to everySupportedRulesConfigurationCompletesWithOnlyLegalMoves(game:) started.
◇ Test anUnfundedVoyageCanImproveAPoorLandingWithoutGivingUpAccess(tier:) started.
◇ Test expertReplacementHullDoesNotRenewTheFirstExpeditionPremium() started.
◇ Test aPermanentWinningUpgradeBeatsAnotherExpedition(tier:) started.
◇ Test case passing 1 argument game → MatrixGame(playerCount: 3, target: 12, boardMode: CatanAITests.(unknown context at $109f033b4).MatrixBoardMode.randomized, seed: 211) to everySupportedRulesConfigurationCompletesWithOnlyLegalMoves(game:) started.
◇ Test case passing 1 argument game → MatrixGame(playerCount: 3, target: 12, boardMode: CatanAITests.(unknown context at $109f033b4).MatrixBoardMode.randomized, seed: 977) to everySupportedRulesConfigurationCompletesWithOnlyLegalMoves(game:) started.
◇ Test case passing 1 argument game → MatrixGame(playerCount: 4, target: 8, boardMode: CatanAITests.(unknown context at $109f033b4).MatrixBoardMode.standard, seed: 211) to everySupportedRulesConfigurationCompletesWithOnlyLegalMoves(game:) started.
◇ Test case passing 1 argument game → MatrixGame(playerCount: 4, target: 8, boardMode: CatanAITests.(unknown context at $109f033b4).MatrixBoardMode.standard, seed: 977) to everySupportedRulesConfigurationCompletesWithOnlyLegalMoves(game:) started.
◇ Test fundedInlandOpeningMakesUsefulRoadProgress(tier:) started.
◇ Test case passing 1 argument game → MatrixGame(playerCount: 4, target: 8, boardMode: CatanAITests.(unknown context at $109f033b4).MatrixBoardMode.randomized, seed: 211) to everySupportedRulesConfigurationCompletesWithOnlyLegalMoves(game:) started.
◇ Test hiddenWorldHandsDeckAndFutureRNGCannotChangeDecision(tier:) started.
◇ Test expertFundsAWinnableRoadEvenWithNoSettlementSupplyOrApproach() started.
◇ Test case passing 1 argument game → MatrixGame(playerCount: 4, target: 8, boardMode: CatanAITests.(unknown context at $109f033b4).MatrixBoardMode.randomized, seed: 977) to everySupportedRulesConfigurationCompletesWithOnlyLegalMoves(game:) started.
◇ Test case passing 1 argument game → MatrixGame(playerCount: 4, target: 10, boardMode: CatanAITests.(unknown context at $109f033b4).MatrixBoardMode.standard, seed: 211) to everySupportedRulesConfigurationCompletesWithOnlyLegalMoves(game:) started.
◇ Test expertDoesNotBuyDuplicateAccessWhileAnExistingHullCanDoTheJob() started.
◇ Test case passing 1 argument game → MatrixGame(playerCount: 4, target: 10, boardMode: CatanAITests.(unknown context at $109f033b4).MatrixBoardMode.standard, seed: 977) to everySupportedRulesConfigurationCompletesWithOnlyLegalMoves(game:) started.
◇ Test aWinningLargestArmyKnightClosesTheGame(tier:) started.
◇ Test yearOfPlentyFundsTheMissingExpeditionIngredients(tier:) started.
◇ Test case passing 1 argument game → MatrixGame(playerCount: 4, target: 10, boardMode: CatanAITests.(unknown context at $109f033b4).MatrixBoardMode.randomized, seed: 211) to everySupportedRulesConfigurationCompletesWithOnlyLegalMoves(game:) started.
◇ Test unknownComponentConnectionsCannotPromiseAColonyPoint() started.
◇ Test case passing 1 argument game → MatrixGame(playerCount: 4, target: 10, boardMode: CatanAITests.(unknown context at $109f033b4).MatrixBoardMode.randomized, seed: 977) to everySupportedRulesConfigurationCompletesWithOnlyLegalMoves(game:) started.
◇ Test owningEveryVictoryCardRemovesTheFalseImmediateDrawPremium(tier:) started.
◇ Test exchangesOnlyTheSurplusToCompleteAShip(tier:) started.
◇ Test aPubliclyCertainColonyWinBeatsAProductiveNonwinningCity(tier:) started.
◇ Test case passing 1 argument game → MatrixGame(playerCount: 4, target: 12, boardMode: CatanAITests.(unknown context at $109f033b4).MatrixBoardMode.standard, seed: 211) to everySupportedRulesConfigurationCompletesWithOnlyLegalMoves(game:) started.
◇ Test seededSelfPlayReproducesExactly() started.
◇ Test case passing 1 argument game → MatrixGame(playerCount: 4, target: 12, boardMode: CatanAITests.(unknown context at $109f033b4).MatrixBoardMode.standard, seed: 977) to everySupportedRulesConfigurationCompletesWithOnlyLegalMoves(game:) started.
◇ Test case passing 1 argument game → MatrixGame(playerCount: 4, target: 12, boardMode: CatanAITests.(unknown context at $109f033b4).MatrixBoardMode.randomized, seed: 211) to everySupportedRulesConfigurationCompletesWithOnlyLegalMoves(game:) started.
◇ Test case passing 1 argument game → MatrixGame(playerCount: 4, target: 12, boardMode: CatanAITests.(unknown context at $109f033b4).MatrixBoardMode.randomized, seed: 977) to everySupportedRulesConfigurationCompletesWithOnlyLegalMoves(game:) started.
◇ Test responseOnlyMasksPreservePolicyRNG(tier:) started.
◇ Test aPayersRealHandDoesNotDecideWhetherATradeIsProjected() started.
◇ Test handingTheLeaderWhatItNeedsCostsMoreThanHandingItToATrailingSeat() started.
◇ Test weightsKeepTheirSignAndStayInTheTrustRegion() started.
◇ Test frozenSlotsNeverMove() started.
◇ Test probabilitiesSumToOne() started.
◇ Test fittingNothingReturnsTheAnchor() started.
◇ Test anIncrementalFitKeepsBetaNearThePreviousGhost() started.
◇ Test theFitRecoversAKnownPerson() started.
◇ Test theGradientMatchesTheLikelihoodOnRelinearisedRecords() started.
◇ Test anIncrementalFitStaysNearThePreviousGhost() started.
◇ Test aFitResumesFromItsStartingPoint() started.
◇ Test aFewAbsurdlyScoredOptionsDoNotCollapseBeta() started.
◇ Test affordableCityWithNoSettlementIsNotBuildable() started.
◇ Test atomicPaymentDoesNotInventDevelopmentCardAffordability() started.
◇ Test productionReflectsNativeBankShortageWithoutChangingState() started.
◇ Test givingAwayOwnedOreCanDestroyExistingDevCardOption() started.
◇ Test woolForOreCompletesPurchaseOnlyWhenPaymentLeavesOre(oreHeld:) started.
◇ Test unaffordableAcceptanceHasNoFabricatedAfterState() started.
◇ Test theEvaluatorBuysDevelopmentCardsOverAGame() started.
◇ Test anAvailableSettlementBeatsEndingTheTurn() started.
◇ Test aDevelopmentCardInHandIsWorthSomething() started.
◇ Test weightsRoundTripThroughTheirVector() started.
◇ Test reachingTheTargetOutweighsEveryOtherTerm() started.
◇ Test aPointTheLeaderAlsoGainsIsWorthLessThanAPointWeGainAlone() started.
◇ Test aPointOnTheBoardRaisesTheStanding() started.
◇ Test aHoardedTurnPlaysDownAndEnds() started.
◇ Test atSevenAGhostMayEndItsTurn() started.
◇ Test aGhostSpendsDownEvenWhenItsHabitsSayEndTheTurn() started.
◇ Test expertSpendsDownAHoardedHand() started.
◇ Test onlyAnOwnTurnOverTheThresholdMustSpend() started.
◇ Test case passing 1 argument players → 3 to aCompleteExternalSeatMatchStaysReloadable(players:) started.
◇ Test case passing 1 argument players → 4 to aCompleteExternalSeatMatchStaysReloadable(players:) started.
✔ Test alreadyCoveredResourceScoresLowerThanNewResourceAtEqualPips() passed after 4.983 seconds.
✔ Test proposeTradesGivesUpAfterTheTurnRetryLimit() passed after 5.030 seconds.
◇ Test invalidAutomaticMoveStillFailsExtractionWithItsIndex() started.
◇ Test manualResponsesTrainButTheSameAutomaticMoveDoesNot(accept:) started.
◇ Test automaticRejectionStillAppliesBeforeTheNextProposalAndHumanChoice() started.
◇ Test case passing 1 argument mode → .classic to aFullGameReachesAWinner(mode:) started.
◇ Test case passing 1 argument mode → .expanded to aFullGameReachesAWinner(mode:) started.
✔ Test bestBankTradeIsNilWhenNothingIsBlockingTheNearestBuild() passed after 6.521 seconds.
✔ Test proposeTradesSkipsWhenIdenticalOfferAlreadyPending() passed after 6.620 seconds.
◇ Test case passing 1 argument revision → .cityProductionV1 to currentExpertCheckpointContinuesTheSameMovesAndRejectsOtherRevisions(revision:) started.
◇ Test case passing 1 argument revision → .pointCompletingCardsV1 to currentExpertCheckpointContinuesTheSameMovesAndRejectsOtherRevisions(revision:) started.
◇ Test actualDiscoveryIsIndependentDestinationProgress() started.
◇ Test aHomeCoastIsNotAnOverseasColony() started.
◇ Test aCityUpgradeDoesNotInventNewExpeditionAccess() started.
✔ Test scoreIncludesHeldDevCardCount() passed after 7.564 seconds.
✔ Test anExternalResponderKeepsTheOfferForTheUI() passed after 7.564 seconds.
◇ Test foundingAColonyJustifiesProductiveBacktracking() started.
✔ Test tradeWillingnessShiftsTheAcceptanceBar() passed after 7.564 seconds.
◇ Test anIdleReturnCannotHideBehindResourceStepOrCounterChanges() started.
◇ Test aTradeThatCompletesACityIsAccepted() started.
◇ Test anAcceptanceThatDoesNotClearTheMarginIsRefused() started.
✔ Test longestRoadDefenseBonusRewardsBridgingEvenWithAnUncontestedLead() passed after 13.941 seconds.
✔ Test consolidationMetricRecordsEveryDecisionWhereACityIsBuildable() passed after 13.941 seconds.
✔ Test choosePlayPursuesLargestArmyWithARealShotEvenWithoutRobberOnOwnTile() passed after 13.941 seconds.
✔ Test scoresExcludesTheGivenPlayerAndSortsHighestFirst() passed after 14.144 seconds.
✔ Test decisionMetricsRecordChoiceOpportunities() passed after 14.144 seconds.
✔ Test choosePlayDoesNotRushLargestArmyAgainstAFarAheadHolderMidGame() passed after 14.144 seconds.
◇ Test case passing 2 arguments payment → Payment(received: CatanEngine.Resource.ore, sold: CatanEngine.Resource.grain, retainsCost: true), quantity → 1 to emptyDeckBlocksPurchaseButNotBaselineCredit(payment:quantity:) started.
◇ Test case passing 2 arguments payment → Payment(received: CatanEngine.Resource.ore, sold: CatanEngine.Resource.grain, retainsCost: true), quantity → 2 to emptyDeckBlocksPurchaseButNotBaselineCredit(payment:quantity:) started.
◇ Test case passing 2 arguments payment → Payment(received: CatanEngine.Resource.ore, sold: CatanEngine.Resource.wool, retainsCost: true), quantity → 1 to emptyDeckBlocksPurchaseButNotBaselineCredit(payment:quantity:) started.
✔ Test tradeHeuristicsAcceptsClearNetGainTowardNextBuild() passed after 14.591 seconds.
◇ Test case passing 2 arguments payment → Payment(received: CatanEngine.Resource.ore, sold: CatanEngine.Resource.wool, retainsCost: true), quantity → 2 to emptyDeckBlocksPurchaseButNotBaselineCredit(payment:quantity:) started.
◇ Test case passing 2 arguments payment → Payment(received: CatanEngine.Resource.grain, sold: CatanEngine.Resource.ore, retainsCost: true), quantity → 1 to emptyDeckBlocksPurchaseButNotBaselineCredit(payment:quantity:) started.
◇ Test case passing 2 arguments payment → Payment(received: CatanEngine.Resource.ore, sold: CatanEngine.Resource.grain, retainsCost: false), quantity → 1 to neededPaymentStillEarnsCompletionCredit(payment:quantity:) started.
◇ Test case passing 2 arguments payment → Payment(received: CatanEngine.Resource.grain, sold: CatanEngine.Resource.ore, retainsCost: true), quantity → 2 to emptyDeckBlocksPurchaseButNotBaselineCredit(payment:quantity:) started.
✔ Test responseIsDeterministicForTheSameOfferID() passed after 14.729 seconds.
◇ Test case passing 2 arguments payment → Payment(received: CatanEngine.Resource.ore, sold: CatanEngine.Resource.grain, retainsCost: false), quantity → 2 to neededPaymentStillEarnsCompletionCredit(payment:quantity:) started.
◇ Test case passing 2 arguments payment → Payment(received: CatanEngine.Resource.ore, sold: CatanEngine.Resource.grain, retainsCost: true), quantity → 1 to neededPaymentStillEarnsCompletionCredit(payment:quantity:) started.
✔ Test monopolyTargetsResourceHeldByTheHigherThreatOpponent() passed after 14.774 seconds.
◇ Test case passing 2 arguments payment → Payment(received: CatanEngine.Resource.ore, sold: CatanEngine.Resource.grain, retainsCost: true), quantity → 2 to neededPaymentStillEarnsCompletionCredit(payment:quantity:) started.
◇ Test case passing 2 arguments payment → Payment(received: CatanEngine.Resource.grain, sold: CatanEngine.Resource.wool, retainsCost: true), quantity → 1 to emptyDeckBlocksPurchaseButNotBaselineCredit(payment:quantity:) started.
◇ Test case passing 2 arguments payment → Payment(received: CatanEngine.Resource.ore, sold: CatanEngine.Resource.wool, retainsCost: false), quantity → 1 to neededPaymentStillEarnsCompletionCredit(payment:quantity:) started.
◇ Test case passing 2 arguments payment → Payment(received: CatanEngine.Resource.ore, sold: CatanEngine.Resource.wool, retainsCost: false), quantity → 2 to neededPaymentStillEarnsCompletionCredit(payment:quantity:) started.
◇ Test case passing 2 arguments payment → Payment(received: CatanEngine.Resource.grain, sold: CatanEngine.Resource.wool, retainsCost: true), quantity → 2 to emptyDeckBlocksPurchaseButNotBaselineCredit(payment:quantity:) started.
◇ Test case passing 2 arguments payment → Payment(received: CatanEngine.Resource.ore, sold: CatanEngine.Resource.wool, retainsCost: true), quantity → 1 to neededPaymentStillEarnsCompletionCredit(payment:quantity:) started.
◇ Test case passing 2 arguments payment → Payment(received: CatanEngine.Resource.wool, sold: CatanEngine.Resource.ore, retainsCost: true), quantity → 1 to emptyDeckBlocksPurchaseButNotBaselineCredit(payment:quantity:) started.
◇ Test case passing 2 arguments payment → Payment(received: CatanEngine.Resource.ore, sold: CatanEngine.Resource.wool, retainsCost: true), quantity → 2 to neededPaymentStillEarnsCompletionCredit(payment:quantity:) started.
◇ Test case passing 2 arguments payment → Payment(received: CatanEngine.Resource.wool, sold: CatanEngine.Resource.ore, retainsCost: true), quantity → 2 to emptyDeckBlocksPurchaseButNotBaselineCredit(payment:quantity:) started.
◇ Test case passing 2 arguments payment → Payment(received: CatanEngine.Resource.grain, sold: CatanEngine.Resource.ore, retainsCost: false), quantity → 1 to neededPaymentStillEarnsCompletionCredit(payment:quantity:) started.
◇ Test case passing 2 arguments payment → Payment(received: CatanEngine.Resource.grain, sold: CatanEngine.Resource.ore, retainsCost: false), quantity → 2 to neededPaymentStillEarnsCompletionCredit(payment:quantity:) started.
◇ Test case passing 2 arguments payment → Payment(received: CatanEngine.Resource.grain, sold: CatanEngine.Resource.ore, retainsCost: true), quantity → 1 to neededPaymentStillEarnsCompletionCredit(payment:quantity:) started.
◇ Test case passing 2 arguments payment → Payment(received: CatanEngine.Resource.grain, sold: CatanEngine.Resource.ore, retainsCost: true), quantity → 2 to neededPaymentStillEarnsCompletionCredit(payment:quantity:) started.
◇ Test case passing 2 arguments payment → Payment(received: CatanEngine.Resource.grain, sold: CatanEngine.Resource.wool, retainsCost: false), quantity → 1 to neededPaymentStillEarnsCompletionCredit(payment:quantity:) started.
◇ Test case passing 2 arguments payment → Payment(received: CatanEngine.Resource.grain, sold: CatanEngine.Resource.wool, retainsCost: false), quantity → 2 to neededPaymentStillEarnsCompletionCredit(payment:quantity:) started.
◇ Test case passing 2 arguments payment → Payment(received: CatanEngine.Resource.grain, sold: CatanEngine.Resource.wool, retainsCost: true), quantity → 1 to neededPaymentStillEarnsCompletionCredit(payment:quantity:) started.
◇ Test case passing 2 arguments payment → Payment(received: CatanEngine.Resource.grain, sold: CatanEngine.Resource.wool, retainsCost: true), quantity → 2 to neededPaymentStillEarnsCompletionCredit(payment:quantity:) started.
◇ Test case passing 2 arguments payment → Payment(received: CatanEngine.Resource.wool, sold: CatanEngine.Resource.grain, retainsCost: true), quantity → 1 to emptyDeckBlocksPurchaseButNotBaselineCredit(payment:quantity:) started.
◇ Test case passing 2 arguments payment → Payment(received: CatanEngine.Resource.wool, sold: CatanEngine.Resource.ore, retainsCost: false), quantity → 1 to neededPaymentStillEarnsCompletionCredit(payment:quantity:) started.
◇ Test case passing 2 arguments payment → Payment(received: CatanEngine.Resource.wool, sold: CatanEngine.Resource.ore, retainsCost: false), quantity → 2 to neededPaymentStillEarnsCompletionCredit(payment:quantity:) started.
✔ Test proposeTradeRetriesThenEventuallyEndsTheTurn() passed after 15.258 seconds.
◇ Test case passing 2 arguments payment → Payment(received: CatanEngine.Resource.wool, sold: CatanEngine.Resource.grain, retainsCost: true), quantity → 2 to emptyDeckBlocksPurchaseButNotBaselineCredit(payment:quantity:) started.
◇ Test case passing 2 arguments payment → Payment(received: CatanEngine.Resource.wool, sold: CatanEngine.Resource.ore, retainsCost: true), quantity → 1 to neededPaymentStillEarnsCompletionCredit(payment:quantity:) started.
◇ Test case passing 2 arguments payment → Payment(received: CatanEngine.Resource.wool, sold: CatanEngine.Resource.ore, retainsCost: true), quantity → 2 to neededPaymentStillEarnsCompletionCredit(payment:quantity:) started.
◇ Test case passing 2 arguments payment → Payment(received: CatanEngine.Resource.ore, sold: CatanEngine.Resource.brick, retainsCost: false), quantity → 1 to emptyDeckBlocksPurchaseButNotBaselineCredit(payment:quantity:) started.
◇ Test case passing 2 arguments payment → Payment(received: CatanEngine.Resource.wool, sold: CatanEngine.Resource.grain, retainsCost: false), quantity → 1 to neededPaymentStillEarnsCompletionCredit(payment:quantity:) started.
◇ Test case passing 2 arguments payment → Payment(received: CatanEngine.Resource.ore, sold: CatanEngine.Resource.brick, retainsCost: false), quantity → 2 to emptyDeckBlocksPurchaseButNotBaselineCredit(payment:quantity:) started.
◇ Test case passing 2 arguments payment → Payment(received: CatanEngine.Resource.wool, sold: CatanEngine.Resource.grain, retainsCost: false), quantity → 2 to neededPaymentStillEarnsCompletionCredit(payment:quantity:) started.
◇ Test case passing 2 arguments payment → Payment(received: CatanEngine.Resource.ore, sold: CatanEngine.Resource.lumber, retainsCost: false), quantity → 1 to emptyDeckBlocksPurchaseButNotBaselineCredit(payment:quantity:) started.
◇ Test case passing 2 arguments payment → Payment(received: CatanEngine.Resource.ore, sold: CatanEngine.Resource.lumber, retainsCost: false), quantity → 2 to emptyDeckBlocksPurchaseButNotBaselineCredit(payment:quantity:) started.
◇ Test case passing 2 arguments payment → Payment(received: CatanEngine.Resource.wool, sold: CatanEngine.Resource.grain, retainsCost: true), quantity → 1 to neededPaymentStillEarnsCompletionCredit(payment:quantity:) started.
◇ Test case passing 2 arguments payment → Payment(received: CatanEngine.Resource.grain, sold: CatanEngine.Resource.brick, retainsCost: false), quantity → 1 to emptyDeckBlocksPurchaseButNotBaselineCredit(payment:quantity:) started.
◇ Test case passing 2 arguments payment → Payment(received: CatanEngine.Resource.wool, sold: CatanEngine.Resource.grain, retainsCost: true), quantity → 2 to neededPaymentStillEarnsCompletionCredit(payment:quantity:) started.
◇ Test case passing 2 arguments payment → Payment(received: CatanEngine.Resource.grain, sold: CatanEngine.Resource.brick, retainsCost: false), quantity → 2 to emptyDeckBlocksPurchaseButNotBaselineCredit(payment:quantity:) started.
◇ Test case passing 2 arguments payment → Payment(received: CatanEngine.Resource.grain, sold: CatanEngine.Resource.lumber, retainsCost: false), quantity → 1 to emptyDeckBlocksPurchaseButNotBaselineCredit(payment:quantity:) started.
◇ Test case passing 2 arguments payment → Payment(received: CatanEngine.Resource.grain, sold: CatanEngine.Resource.lumber, retainsCost: false), quantity → 2 to emptyDeckBlocksPurchaseButNotBaselineCredit(payment:quantity:) started.
◇ Test mainTurnTraceAppendsActualEvaluationsIncludingFallbackPass() started.
◇ Test missingReceiverHasNoArithmeticAndEvaluatesFalse() started.
◇ Test exactThresholdTieRejectsButNextLowerThresholdAccepts() started.
◇ Test case passing 2 arguments payment → Payment(received: CatanEngine.Resource.wool, sold: CatanEngine.Resource.brick, retainsCost: false), quantity → 1 to emptyDeckBlocksPurchaseButNotBaselineCredit(payment:quantity:) started.
◇ Test reportsAllThresholdShiftsAndCostOnlyUnlock() started.
◇ Test buildPathPreservesRNGConsumptionAndOmitsUnvisitedFallback() started.
◇ Test negativeShiftClampsThresholdWithoutAcceptingBreakEven() started.
◇ Test scopedRejectionRecordsTheActualFailedAssessment() started.
◇ Test case passing 2 arguments payment → Payment(received: CatanEngine.Resource.wool, sold: CatanEngine.Resource.brick, retainsCost: false), quantity → 2 to emptyDeckBlocksPurchaseButNotBaselineCredit(payment:quantity:) started.
◇ Test nonTradePhaseLeavesTraceEmpty() started.
◇ Test scopedTradeStopsAfterFirstAcceptanceAcrossPersonalities() started.
◇ Test reportsWorkedResourceArithmetic() started.
◇ Test scopedRejectionOnlyAndAbsentOfferDoNotInventAssessments() started.
◇ Test case passing 2 arguments payment → Payment(received: CatanEngine.Resource.wool, sold: CatanEngine.Resource.lumber, retainsCost: false), quantity → 1 to emptyDeckBlocksPurchaseButNotBaselineCredit(payment:quantity:) started.
◇ Test case passing 2 arguments payment → Payment(received: CatanEngine.Resource.wool, sold: CatanEngine.Resource.lumber, retainsCost: false), quantity → 2 to emptyDeckBlocksPurchaseButNotBaselineCredit(payment:quantity:) started.
✔ Test greedyRefusesEveryTradeItIsOffered() passed after 15.686 seconds.
◇ Test case passing 1 argument example → WorkedExample(before: [CatanEngine.Resource.grain: 1, CatanEngine.Resource.ore: 1], give: [CatanEngine.Resource.wool: 1], want: [CatanEngine.Resource.ore: 1], devDelta: 0.0, totalDelta: 0.25, accepts: false) to matchesOfflineWorkedExamples(example:) started.
◇ Test case passing 1 argument example → WorkedExample(before: [CatanEngine.Resource.ore: 2, CatanEngine.Resource.grain: 1], give: [CatanEngine.Resource.wool: 1], want: [CatanEngine.Resource.ore: 1], devDelta: 1.5, totalDelta: 1.5833333333333333, accepts: true) to matchesOfflineWorkedExamples(example:) started.
◇ Test case passing 1 argument example → WorkedExample(before: [CatanEngine.Resource.grain: 1, CatanEngine.Resource.wool: 1, CatanEngine.Resource.ore: 1], give: [CatanEngine.Resource.lumber: 1], want: [CatanEngine.Resource.ore: 1], devDelta: -1.5, totalDelta: -0.4166666666666667, accepts: false) to matchesOfflineWorkedExamples(example:) started.
✔ Test neverAcceptsANetLossEvenAtHighTradeWillingness() passed after 16.395 seconds.
◇ Test case passing 1 argument acceptOnly → false to mixedAndAcceptOnlyMasksUseUnchangedFallback(acceptOnly:) started.
◇ Test case passing 1 argument acceptOnly → true to mixedAndAcceptOnlyMasksUseUnchangedFallback(acceptOnly:) started.
◇ Test case passing 2 arguments payment → Payment(received: CatanEngine.Resource.ore, sold: CatanEngine.Resource.brick, retainsCost: false), quantity → 1 to irrelevantPaymentReallyCompletesPurchase(payment:quantity:) started.
◇ Test case passing 2 arguments payment → Payment(received: CatanEngine.Resource.ore, sold: CatanEngine.Resource.brick, retainsCost: false), quantity → 2 to irrelevantPaymentReallyCompletesPurchase(payment:quantity:) started.
◇ Test case passing 2 arguments payment → Payment(received: CatanEngine.Resource.ore, sold: CatanEngine.Resource.lumber, retainsCost: false), quantity → 1 to irrelevantPaymentReallyCompletesPurchase(payment:quantity:) started.
◇ Test case passing 2 arguments payment → Payment(received: CatanEngine.Resource.ore, sold: CatanEngine.Resource.lumber, retainsCost: false), quantity → 2 to irrelevantPaymentReallyCompletesPurchase(payment:quantity:) started.
◇ Test case passing 2 arguments payment → Payment(received: CatanEngine.Resource.grain, sold: CatanEngine.Resource.brick, retainsCost: false), quantity → 1 to irrelevantPaymentReallyCompletesPurchase(payment:quantity:) started.
◇ Test case passing 2 arguments payment → Payment(received: CatanEngine.Resource.grain, sold: CatanEngine.Resource.brick, retainsCost: false), quantity → 2 to irrelevantPaymentReallyCompletesPurchase(payment:quantity:) started.
◇ Test case passing 2 arguments payment → Payment(received: CatanEngine.Resource.grain, sold: CatanEngine.Resource.lumber, retainsCost: false), quantity → 1 to irrelevantPaymentReallyCompletesPurchase(payment:quantity:) started.
✔ Test proposeTradesRetriesWithADifferentOfferAfterADecline() passed after 18.732 seconds.
◇ Test case passing 2 arguments payment → Payment(received: CatanEngine.Resource.grain, sold: CatanEngine.Resource.lumber, retainsCost: false), quantity → 2 to irrelevantPaymentReallyCompletesPurchase(payment:quantity:) started.
◇ Test case passing 2 arguments payment → Payment(received: CatanEngine.Resource.wool, sold: CatanEngine.Resource.brick, retainsCost: false), quantity → 1 to irrelevantPaymentReallyCompletesPurchase(payment:quantity:) started.
◇ Test case passing 2 arguments payment → Payment(received: CatanEngine.Resource.wool, sold: CatanEngine.Resource.brick, retainsCost: false), quantity → 2 to irrelevantPaymentReallyCompletesPurchase(payment:quantity:) started.
◇ Test case passing 1 argument offset → -1 to strictNativeThresholdBoundaryIsUnchanged(offset:) started.
◇ Test case passing 2 arguments payment → Payment(received: CatanEngine.Resource.wool, sold: CatanEngine.Resource.lumber, retainsCost: false), quantity → 1 to irrelevantPaymentReallyCompletesPurchase(payment:quantity:) started.
◇ Test case passing 1 argument offset → 0 to strictNativeThresholdBoundaryIsUnchanged(offset:) started.
◇ Test case passing 1 argument offset → 1 to strictNativeThresholdBoundaryIsUnchanged(offset:) started.
◇ Test case passing 2 arguments payment → Payment(received: CatanEngine.Resource.wool, sold: CatanEngine.Resource.lumber, retainsCost: false), quantity → 2 to irrelevantPaymentReallyCompletesPurchase(payment:quantity:) started.
◇ Test case passing 2 arguments phaseIndex → 0, seed → 41 to otherPhasesPreservePlainPolicyAndRNG(phaseIndex:seed:) started.
◇ Test case passing 2 arguments phaseIndex → 0, seed → 43 to otherPhasesPreservePlainPolicyAndRNG(phaseIndex:seed:) started.
◇ Test case passing 2 arguments phaseIndex → 1, seed → 41 to otherPhasesPreservePlainPolicyAndRNG(phaseIndex:seed:) started.
◇ Test case passing 2 arguments phaseIndex → 1, seed → 43 to otherPhasesPreservePlainPolicyAndRNG(phaseIndex:seed:) started.
◇ Test case passing 2 arguments phaseIndex → 2, seed → 41 to otherPhasesPreservePlainPolicyAndRNG(phaseIndex:seed:) started.
◇ Test case passing 2 arguments phaseIndex → 2, seed → 43 to otherPhasesPreservePlainPolicyAndRNG(phaseIndex:seed:) started.
◇ Test case passing 2 arguments phaseIndex → 3, seed → 41 to otherPhasesPreservePlainPolicyAndRNG(phaseIndex:seed:) started.
✔ Test heldVictoryPointCardsAreInvisibleToOpponents() passed after 18.946 seconds.
◇ Test case passing 2 arguments phaseIndex → 3, seed → 43 to otherPhasesPreservePlainPolicyAndRNG(phaseIndex:seed:) started.
◇ Test case passing 2 arguments phaseIndex → 4, seed → 41 to otherPhasesPreservePlainPolicyAndRNG(phaseIndex:seed:) started.
◇ Test case passing 2 arguments phaseIndex → 4, seed → 43 to otherPhasesPreservePlainPolicyAndRNG(phaseIndex:seed:) started.
✔ Test pitchIsDeterministicForTheSameOfferID() passed after 18.956 seconds.
◇ Test case passing 1 argument quantity → 1 to bundleAndQuantityUseFinalInventory(quantity:) started.
◇ Test case passing 1 argument quantity → 2 to bundleAndQuantityUseFinalInventory(quantity:) started.
◇ Test case passing 1 argument quantity → 3 to bundleAndQuantityUseFinalInventory(quantity:) started.
✔ Test behaviorMetricsCountOnlyTheObservedSeat() passed after 18.973 seconds.
✔ Test buildRoadScoreExcludesReachableVertexThatIsAlreadyOccupied() passed after 19.010 seconds.
✔ Test buyDevCardScoreIsNotBoostedWhenTheHolderIsFarAhead() passed after 19.009 seconds.
◇ Test case passing 1 argument depletedSeat → 0 to availabilityControlsNeverInventAcceptanceOrBuilds(depletedSeat:) started.
◇ Test case passing 1 argument depletedSeat → 1 to availabilityControlsNeverInventAcceptanceOrBuilds(depletedSeat:) started.
◇ Test case passing 1 argument depletedSeat → 2 to availabilityControlsNeverInventAcceptanceOrBuilds(depletedSeat:) started.
✔ Test evaluateRequiresABetterDealWhenReceiverIsComfortablyAhead() passed after 19.017 seconds.
◇ Test case passing 1 argument tier → .traditional to unscopedDirectCallsDoNotRepeatAnOutstandingNegotiation(tier:) started.
◇ Test case passing 1 argument tier → .expert to unscopedDirectCallsDoNotRepeatAnOutstandingNegotiation(tier:) started.
✔ Test noPoolHasBlankOrDuplicateLines() passed after 20.344 seconds.
✔ Test ownStandingIsBelowOneWhenBehindTheField() passed after 20.344 seconds.
◇ Test case passing 2 arguments tier → .traditional, family → .archipelago to inlandOpeningChoicesCompleteOrdinaryUnfilteredSetup(tier:family:) started.
◇ Test case passing 2 arguments tier → .traditional, family → .peninsula to inlandOpeningChoicesCompleteOrdinaryUnfilteredSetup(tier:family:) started.
NAVAL UNFILTERED OPENING tier=traditional family=archipelago harborless=[0, 1, 2, 3]
◇ Test case passing 2 arguments tier → .traditional, family → .twinIslands to inlandOpeningChoicesCompleteOrdinaryUnfilteredSetup(tier:family:) started.
NAVAL UNFILTERED OPENING tier=traditional family=peninsula harborless=[0, 1, 2]
◇ Test case passing 2 arguments tier → .expert, family → .archipelago to inlandOpeningChoicesCompleteOrdinaryUnfilteredSetup(tier:family:) started.
✔ Test buyDevCardScoreIsBoostedTwoKnightsFromLargestArmy() passed after 21.718 seconds.
◇ Test case passing 2 arguments tier → .expert, family → .peninsula to inlandOpeningChoicesCompleteOrdinaryUnfilteredSetup(tier:family:) started.
NAVAL UNFILTERED OPENING tier=traditional family=twinIslands harborless=[1, 2]
◇ Test case passing 2 arguments tier → .expert, family → .twinIslands to inlandOpeningChoicesCompleteOrdinaryUnfilteredSetup(tier:family:) started.
NAVAL UNFILTERED OPENING tier=expert family=archipelago harborless=[0, 1, 2, 3]
✔ Test chooseBuildIsDeterministicWhenOneMoveClearlyDominates() passed after 23.588 seconds.
✔ Test evaluateRequiresABetterDealFromAHighThreatProposer() passed after 23.588 seconds.
✔ Test scoreAddsLargestArmySwingBonusWhenOneKnightAway() passed after 23.588 seconds.
NAVAL UNFILTERED OPENING tier=expert family=peninsula harborless=[0, 1, 2]
✔ Test relativeWeightClampsExtremeOutliers() passed after 23.628 seconds.
◇ Test case passing 1 argument tier → .traditional to externalResponsesCannotLeaveAStaleDurableBotAnswer(tier:) started.
NAVAL UNFILTERED OPENING tier=expert family=twinIslands harborless=[1, 2]
◇ Test case passing 1 argument tier → .expert to externalResponsesCannotLeaveAStaleDurableBotAnswer(tier:) started.
✔ Test ownStandingIsAboveOneWhenAheadOfTheField() passed after 25.153 seconds.
◇ Test case passing 1 argument tier → .traditional to buysAFirstHullThenExplores(tier:) started.
◇ Test case passing 1 argument tier → .expert to buysAFirstHullThenExplores(tier:) started.
✔ Test scoreSkipsLongestRoadSwingBonusWhenFarBehindTheHolder() passed after 26.524 seconds.
◇ Test case passing 1 argument tier → .traditional to sailsTowardKnownLandingAndFundsAColony(tier:) started.
◇ Test case passing 1 argument tier → .expert to sailsTowardKnownLandingAndFundsAColony(tier:) started.
✔ Test aResumedBotProposalStillReceivesAResponse() passed after 27.348 seconds.
✔ Test longestRoadDefenseBonusAppliesWhenARivalIsCloseBehind() passed after 27.349 seconds.
✔ Test claimsLongestRoadWhenAnEdgeWouldReachFiveAndNobodyElseHoldsIt() passed after 27.697 seconds.
✔ Test scoreIncludesProductionStrengthWeightedByPips() passed after 27.697 seconds.
✔ Test choosePlayFollowsCautiousPersonalitysCityPriority() passed after 27.697 seconds.
✔ Test choosePlayDoesNotPursueLargestArmyWithoutARealShot() passed after 27.697 seconds.
◇ Test case passing 1 argument tier → .traditional to discardsSurplusWithoutDismantlingAFundedVoyage(tier:) started.
◇ Test case passing 1 argument tier → .expert to discardsSurplusWithoutDismantlingAFundedVoyage(tier:) started.
✔ Test decisionMetricsRecordTradeResponsesAndProposalShape() passed after 30.312 seconds.
✔ Test decisionMetricsRecordDisruptionAndProposalOpportunities() passed after 30.312 seconds.
✔ Test robberDisruptionScalesWithRelativeThreatNotJustRawVictoryPoints() passed after 30.312 seconds.
◇ Test case passing 1 argument tier → .traditional to capturePrefersAnOverseasLanding(tier:) started.
◇ Test case passing 1 argument tier → .expert to capturePrefersAnOverseasLanding(tier:) started.
◇ Test plentyCompletesACityInsteadOfKeepingTheCardOrTakingAMixedPair() started.
◇ Test oldRevisionsPreRollAndDiscardRemainUnchanged() started.
◇ Test winningReadinessClosesTheExistingTerminalGap() started.
◇ Test freeRoadsOpenOnlyAnAffordableLegalSettlement() started.
◇ Test anAlreadyAffordablePurchaseOrExhaustedCitySupplyEarnsNoNewCredit() started.
◇ Test hiddenHandsCardFacesDeckOrderAndRNGDoNotChangeCredit() started.
✔ Test newlyReachableVerticesExcludesOneAlreadyReachableViaExistingNetwork() passed after 35.645 seconds.
◇ Test case passing 1 argument tier → .traditional to flexibleYieldFundsAShipAndRespectsScarceBank(tier:) started.
◇ Test case passing 1 argument tier → .expert to flexibleYieldFundsAShipAndRespectsScarceBank(tier:) started.
◇ Test case passing 1 argument tier → .traditional to acceptsFundingButPreservesAnAlreadyFundedRecipe(tier:) started.
◇ Test case passing 1 argument tier → .expert to acceptsFundingButPreservesAnAlreadyFundedRecipe(tier:) started.
◇ Test robberPolicyTraceUsesItsCompleteLegalMask(selfCollateral:steal:) started.
◇ Test anOpponentsRoadCannotBecomeAnApproachShortcut() started.
◇ Test roadAndSpendDownTraceUsesActualExpertChoice(handSize:) started.
✔ Test tradeHeuristicsRejectsTradeAwayFromNextBuild() passed after 37.472 seconds.
◇ Test roadProgressFindsARealDistanceLegalSettlement() started.
◇ Test sharedTileChargesTheRobberMoverForItsOwnCity() started.
◇ Test blockedPathsAgreeWithEngineAndKeepLegalDetours(blockWithCity:) started.
◇ Test publicRivalStandingAndHiddenVictoryPointsStaySeparate() started.
◇ Test settlementSupplyFiltersSitesAndACityReturnsAPiece() started.
◇ Test expertConvertsAnAffordableReachableSiteIntoAPoint() started.
◇ Test approachDistanceCannotExceedRemainingRoadPieces() started.
◇ Test robberBlocksProbabilityTimesBuildingYield() started.
✔ Test aggressivePersonalityProactivelyUsesAKnightButCautiousDoesNot() passed after 37.878 seconds.
✔ Test aStandardGameNeverAsksForArmyMoves() passed after 38.150 seconds.
✔ Test botEndsTurnRatherThanReproposingAnIdenticalPendingOffer() passed after 38.150 seconds.
✔ Test choosePlayAlwaysPlaysAHeldRoadBuildingCardWhenARoadIsLegal() passed after 38.151 seconds.
✔ Test longestRoadClaimBonusIsLargerWhenTakingItFromAHighThreatHolder() passed after 38.150 seconds.
✔ Test scoreSkipsLargestArmySwingBonusWhenHolderIsFarAhead() passed after 38.149 seconds.
✔ Test buildRoadScoreIsHigherWhenItClosesDistanceToTheExpansionTarget() passed after 38.150 seconds.
✔ Test buildRoadScoreIsHigherWhenItDeniesAHighThreatOpponentsImmediateFrontier() passed after 38.149 seconds.
✔ Test aBotDoesNotThrowCardsAtAHexItCannotTake() passed after 38.151 seconds.
✔ Test aThinGarrisonNextToAnArmedRivalCostsSomething() passed after 38.150 seconds.
✔ Test silencingTheLeaderIsWorthMoreThanSilencingAnyoneElse() passed after 38.151 seconds.
✔ Test aHandThatCanTakeAPrimeHexIsWorthMoreThanItsCards() passed after 38.150 seconds.
✔ Test expertSpendsItsFreeCardTakingAHex() passed after 38.593 seconds.
◇ Test case passing 1 argument tier → .traditional to anUnfundedVoyageCanImproveAPoorLandingWithoutGivingUpAccess(tier:) started.
◇ Test case passing 1 argument tier → .expert to anUnfundedVoyageCanImproveAPoorLandingWithoutGivingUpAccess(tier:) started.
◇ Test case passing 1 argument tier → .traditional to aPermanentWinningUpgradeBeatsAnotherExpedition(tier:) started.
◇ Test case passing 1 argument tier → .expert to aPermanentWinningUpgradeBeatsAnotherExpedition(tier:) started.
✔ Test aBoldBotBuysAnArmyCardBeforeBuildingAndAnIdleOneDoesNot() passed after 43.301 seconds.
✔ Test buyingIsPricedWithoutPeekingAtTheDeck() passed after 43.301 seconds.
✔ Test aTargetedBotBuysOnlyWhenOneMoreCardWouldTakeAGoodHex() passed after 43.302 seconds.
✔ Test everySupportedRulesConfigurationCompletesWithOnlyLegalMoves(game:) with 24 test cases passed after 43.301 seconds.
✔ Test choosePlayFollowsAggressivePersonalitysSettlementPriority() passed after 43.301 seconds.
◇ Test case passing 1 argument tier → .traditional to fundedInlandOpeningMakesUsefulRoadProgress(tier:) started.
NAVAL INLAND ROAD tier=traditional coastDistanceBefore=Optional(1) coastDistanceAfter=Optional(1)
◇ Test case passing 1 argument tier → .expert to fundedInlandOpeningMakesUsefulRoadProgress(tier:) started.
✔ Test evaluateSuspicionShiftRejectsARepeatTradeFromTheSameProposerThisTurn() passed after 46.931 seconds.
◇ Test case passing 1 argument tier → .traditional to hiddenWorldHandsDeckAndFutureRNGCannotChangeDecision(tier:) started.
NAVAL INLAND ROAD tier=expert coastDistanceBefore=Optional(1) coastDistanceAfter=Optional(1)
◇ Test case passing 1 argument tier → .expert to hiddenWorldHandsDeckAndFutureRNGCannotChangeDecision(tier:) started.
✔ Test generousUnlockOffersAllThreeOreWhenThatsAllThatsHeld() passed after 47.782 seconds.
✔ Test highPipVertexScoresHigherThanLowPipVertex() passed after 47.781 seconds.
◇ Test case passing 1 argument tier → .traditional to aWinningLargestArmyKnightClosesTheGame(tier:) started.
◇ Test case passing 1 argument tier → .expert to aWinningLargestArmyKnightClosesTheGame(tier:) started.
◇ Test case passing 1 argument tier → .traditional to yearOfPlentyFundsTheMissingExpeditionIngredients(tier:) started.
◇ Test case passing 1 argument tier → .expert to yearOfPlentyFundsTheMissingExpeditionIngredients(tier:) started.
✔ Test robberAvoidsOwnTilesWhenAlternativeExists() passed after 50.171 seconds.
◇ Test case passing 1 argument tier → .traditional to owningEveryVictoryCardRemovesTheFalseImmediateDrawPremium(tier:) started.
◇ Test case passing 1 argument tier → .expert to owningEveryVictoryCardRemovesTheFalseImmediateDrawPremium(tier:) started.
◇ Test case passing 1 argument tier → .traditional to exchangesOnlyTheSurplusToCompleteAShip(tier:) started.
◇ Test case passing 1 argument tier → .expert to exchangesOnlyTheSurplusToCompleteAShip(tier:) started.
◇ Test case passing 1 argument tier → .traditional to aPubliclyCertainColonyWinBeatsAProductiveNonwinningCity(tier:) started.
◇ Test case passing 1 argument tier → .expert to aPubliclyCertainColonyWinBeatsAProductiveNonwinningCity(tier:) started.
◇ Test case passing 1 argument tier → .traditional to responseOnlyMasksPreservePolicyRNG(tier:) started.
◇ Test case passing 1 argument tier → .expert to responseOnlyMasksPreservePolicyRNG(tier:) started.
✔ Test aiNameIsSet() passed after 57.585 seconds.
✔ Test generousUnlockCeilingCollapsesWithAGoodPort() passed after 57.585 seconds.
✔ Test robberTargetsLeadingOpponentsTile() passed after 57.586 seconds.
✔ Test expandedSetupRoadPointsTowardTheBestOutwardEndpoint() passed after 57.585 seconds.
✔ Test longestRoadDefenseBonusIsAbsentWhenLeadIsUncontested() passed after 57.585 seconds.
✔ Test productionCountsTheTakeover() passed after 57.585 seconds.
✔ Test relativeWeightIsOneForEveryoneWhenAllScoresAreZero() passed after 57.585 seconds.
✔ Test scoreWeighsVictoryPointsHeavily() passed after 57.677 seconds.
✔ Test buildSettlementScoreIsHigherWhenItDeniesAHighThreatOpponentsFrontier() passed after 57.831 seconds.
✔ Test cautiousBotAsksAPlayerBeforePayingTheBankWhileBalancedUsesTheBank() passed after 58.010 seconds.
✔ Test generousUnlockDoesNotApplyToARoad() passed after 79.635 seconds.
✔ Test buyDevCardScoreDecreasesWithEachUnplayedCardAlreadyHeld() passed after 79.636 seconds.
✔ Test everyLineFitsTheIncomingCardsCharacterBudget() passed after 79.635 seconds.
✔ Test telemetryKeepsEveryEvaluatedTradeReplyWithoutCountingTheCommittedReplyTwice() passed after 79.689 seconds.
◇ Test case passing 1 argument oreHeld → 1 to woolForOreCompletesPurchaseOnlyWhenPaymentLeavesOre(oreHeld:) started.
◇ Test case passing 1 argument oreHeld → 2 to woolForOreCompletesPurchaseOnlyWhenPaymentLeavesOre(oreHeld:) started.
✔ Test evaluateRequiresAMeaningfulBenefitNotJustAnyPositiveMargin() passed after 79.803 seconds.
✔ Test botsOnlyGameReachesGameOverWithOnlyLegalMoves() passed after 79.816 seconds.
✔ Test conquestWeightsPriceArmiesAndStandardWeightsDoNot() passed after 79.815 seconds.
✔ Test bestBankTradeConvertsSurplusTowardTheNearestBuild() passed after 79.815 seconds.
✔ Test buyDevCardScoreIgnoresHeldVictoryPointCards() passed after 79.815 seconds.
✔ Test proposesAGenerousUnlockTradeAfterTheOrdinaryOfferIsDeclined() passed after 79.815 seconds.
✔ Test heuristicHonoursANarrowedRollPhaseActionMask() passed after 79.815 seconds.
✔ Test theShippedConquestExpertIsTheAdoptedFit() passed after 79.815 seconds.
✔ Test evaluateRejectsATradeThatWouldHandTheProposerAnImmediateBuild() passed after 79.815 seconds.
✔ Test expandedDevelopmentCardFallbackHonorsPermanentBuildReserve() passed after 79.815 seconds.
✔ Test everyEmpireHasALargePitchAndResponsePool() passed after 79.815 seconds.
✔ Test botAlwaysReturnsALegalMove() passed after 88.936 seconds.
✔ Test ownStandingIsOneWhenAllScoresAreZero() passed after 88.996 seconds.
✔ Test aFootholdOnACrowdedPrimeHexIsWorthSettlingFor() passed after 89.030 seconds.
✔ Test expandedBotReservesNearTermPermanentBuildResourcesBeforeBuyingDevelopmentCards() passed after 89.030 seconds.
✔ Test bridgesOwnFragmentsDetectsAGenuineBridgeBetweenTwoDisconnectedPieces() passed after 89.032 seconds.
✔ Test claimsLongestRoadIsFalseWhenAlreadyTheHolder() passed after 89.032 seconds.
✔ Test relativeWeightIsAboveOneForAnAboveAverageOpponent() passed after 89.032 seconds.
✔ Test opponentFrontierIncludesVacantVertexTwoHopsFromTheirSettlementButNotOneHop() passed after 89.032 seconds.
✔ Test buildRoadScoreIncludesLongestRoadBonusOnlyWhenItWouldBeClaimed() passed after 89.032 seconds.
✔ Test scoreCountsCityProductionAtDoubleWeight() passed after 89.032 seconds.
✔ Test aSeatStillCountsItsOwnHeldVictoryPointCards() passed after 89.032 seconds.
✔ Test replacingStateRestoresAPendingBotResponse() passed after 89.051 seconds.
✔ Test matchedProductionAddsTheFrozenValueAndCitiesDoubleIt() passed after 89.051 seconds.
✔ Test noOfferWhenNothingWouldHelp() passed after 89.051 seconds.
✔ Test oneWheatShortOfACityAsksForTheWheat() passed after 89.051 seconds.
✔ Test aGenerousUnlockOfferIsAcceptedByAPlausibleReceiver() passed after 91.012 seconds.
✔ Test robbingTheLeaderIsCounted() passed after 91.104 seconds.
✔ Test theEvaluatorIgnoresWhatItIsNotEntitledToSee() passed after 91.105 seconds.
✔ Test aBotProposalIsAnsweredBeforeTheProposerContinues() passed after 91.104 seconds.
✔ Test theComposerOffersReservedCardsAndLetsScoringDecide() passed after 91.104 seconds.
✔ Test diagnosticsForwardRevisionWhileUnselectedCallersStayLegacy() passed after 91.107 seconds.
◇ Test case passing 1 argument accept → false to manualResponsesTrainButTheSameAutomaticMoveDoesNot(accept:) started.
◇ Test case passing 1 argument accept → true to manualResponsesTrainButTheSameAutomaticMoveDoesNot(accept:) started.
✔ Test pricingTwoHandsEqualsScoringTheSettledPosition() passed after 91.309 seconds.
✔ Test opponentFrontierExcludesVerticesTooCloseToAnyExistingBuilding() passed after 91.309 seconds.
✔ Test blockedCityIngredientEarnsNoExtraStanding() passed after 91.309 seconds.
✔ Test rivalProductionIsValuedWithoutReadingTheirResourceComposition() passed after 91.309 seconds.
✔ Test composedOffersIncludeJakesBundle() passed after 91.309 seconds.
✔ Test heuristicPolicyCarriesAnIdentifierNamingItsPersonality() passed after 91.309 seconds.
✔ Test revisionsHaveDistinctCheckpointIdentities() passed after 91.309 seconds.
✔ Test scoreAddsLongestRoadSwingBonusWhenOneSegmentFromQualifying() passed after 91.309 seconds.
✔ Test aShortGameEndsSooner() passed after 91.312 seconds.
✔ Test theCascadeNeverProposesATradeThatDoesNotHelpTheBot() passed after 91.309 seconds.
✔ Test differentOffersCanSampleDifferentLinesFromThePool() passed after 92.104 seconds.
✔ Test heuristicHonoursATradeResponseOnlyActionMask() passed after 92.126 seconds.
✔ Test buyingValuesTheCaptureTheNewCardCouldEnable() passed after 92.127 seconds.
✔ Test aBotTakesAHexWhenItHoldsEnoughToWinIt() passed after 92.423 seconds.
✔ Test eachRefusalEscalatesTheNextOfferUnderTheLadder() passed after 92.424 seconds.
✔ Test lambdaZeroIgnoresThePerson() passed after 92.423 seconds.
✔ Test aStrongHabitDominatesAtHighLambda() passed after 92.423 seconds.
✔ Test anAcceptanceOnlyMaskIsPassedThroughRatherThanEmptied() passed after 92.423 seconds.
✔ Test longestRoadPursuitBonusCreditsABridgeEvenBelowThePursuitGate() passed after 92.423 seconds.
✔ Test itHidesAcceptanceFromTheWrappedPolicy() passed after 92.423 seconds.
✔ Test worthItKeepsOfferingOnItsOwnTermsAfterARefusal() passed after 92.495 seconds.
✔ Test radarMeasuresAverageAcrossGames() passed after 92.496 seconds.
✔ Test aMoveTheEngineAcceptsButNeverListsIsScored() passed after 92.494 seconds.
✔ Test seededConquestGamesFinishWithOnlyLegalMoves() passed after 92.499 seconds.
✔ Test itNamesItselfAfterWhatItWraps() passed after 92.494 seconds.
✔ Test aPersonMayOfferTheirLastCardOfAKind() passed after 92.494 seconds.
✔ Test threeSeatGamesReachAWinner() passed after 92.497 seconds.
✔ Test buildRoadScoreIsUnaffectedByMerelyTouchingAnOpponentsOwnVertex() passed after 92.494 seconds.
✔ Test aBadOfferCanStillBeAccepted() passed after 92.494 seconds.
✔ Test emptyDeckBlocksPurchaseButNotBaselineCredit(payment:quantity:) with 24 test cases passed after 92.494 seconds.
✔ Test neededPaymentStillEarnsCompletionCredit(payment:quantity:) with 24 test cases passed after 92.494 seconds.
✔ Test aHumanOfferExpertWouldNeverMakeIsScored() passed after 92.494 seconds.
✔ Test botRulesDropProposalsAfterThreeRefusals() passed after 92.494 seconds.
✔ Test currentExpertCheckpointContinuesTheSameMovesAndRejectsOtherRevisions(revision:) with 2 test cases passed after 92.496 seconds.
✔ Test everyNonProposalLegalMoveIsScored() passed after 92.494 seconds.
✔ Test decodesWithoutACivilization() passed after 92.493 seconds.
✔ Test roundTripsThroughJSON() passed after 92.529 seconds.
✔ Test matchesOfflineWorkedExamples(example:) with 3 test cases passed after 92.529 seconds.
✔ Test anUnseenHandIsTreatedAsPossiblyHoldingAnything() passed after 92.529 seconds.
✔ Test candidateOrderDoesNotDependOnWeights() passed after 92.529 seconds.
✔ Test aPersonModelWithoutALapseDecodes() passed after 92.530 seconds.
✔ Test randomPolicyOnlyEverPlaysLegalMoves() passed after 92.532 seconds.
✔ Test theHeuristicBotBeatsRandomPlayFromEverySeat() passed after 92.535 seconds.
✔ Test mixedAndAcceptOnlyMasksUseUnchangedFallback(acceptOnly:) with 2 test cases passed after 92.530 seconds.
✔ Test irrelevantPaymentReallyCompletesPurchase(payment:quantity:) with 12 test cases passed after 92.530 seconds.
✔ Test strictNativeThresholdBoundaryIsUnchanged(offset:) with 3 test cases passed after 92.530 seconds.
✔ Test aPersonMayOfferMoreThanTheBotLimit() passed after 92.531 seconds.
✔ Test otherPhasesPreservePlainPolicyAndRNG(phaseIndex:seed:) with 10 test cases passed after 92.530 seconds.
✔ Test bundleAndQuantityUseFinalInventory(quantity:) with 3 test cases passed after 92.530 seconds.
✔ Test aLopsidedProposalIsDescribed() passed after 92.530 seconds.
✔ Test everyMoveHasOneValuePerLabel() passed after 92.530 seconds.
✔ Test availabilityControlsNeverInventAcceptanceOrBuilds(depletedSeat:) with 3 test cases passed after 92.529 seconds.
✔ Test aSeatBelievedToHoldNothingIsNeverAskedToPay() passed after 92.530 seconds.
✔ Test robbingTheBiggestHandIsFlagged() passed after 92.529 seconds.
✔ Test reOfferingAfterARefusalIsFlagged() passed after 92.529 seconds.
✔ Test robbingTheLeaderIsFlagged() passed after 92.529 seconds.
✔ Test unscopedDirectCallsDoNotRepeatAnOutstandingNegotiation(tier:) with 2 test cases passed after 92.529 seconds.
✔ Test inlandOpeningChoicesCompleteOrdinaryUnfilteredSetup(tier:family:) with 6 test cases passed after 92.529 seconds.
✔ Test botsOnlyGameReachesGameOverAcrossSeveralSeeds() passed after 92.534 seconds.
✔ Test offeringMoreForTheSameAskIsAllowed() passed after 92.527 seconds.
✔ Test adaptersDeliberatelySelectNavalBrains() passed after 92.527 seconds.
✔ Test externalResponsesCannotLeaveAStaleDurableBotAnswer(tier:) with 2 test cases passed after 92.527 seconds.
✔ Test aRegeneratedOfferCountsAsTheSameProposition() passed after 92.527 seconds.
✔ Test buysAFirstHullThenExplores(tier:) with 2 test cases passed after 92.527 seconds.
✔ Test theIdenticalOfferIsNeverAskedTwice() passed after 92.527 seconds.
✔ Test greedySeatsActuallyFinishTheirGames() passed after 92.534 seconds.
✔ Test aDifferentTradeIsStillAllowed() passed after 92.527 seconds.
✔ Test aMoveThatDoesNotReplayThrowsWithItsIndex() passed after 92.532 seconds.
✔ Test discardsSurplusWithoutDismantlingAFundedVoyage(tier:) with 2 test cases passed after 92.524 seconds.
✔ Test expertDiscountsAnUnfundedVoyageExposedToCapture() passed after 92.526 seconds.
✔ Test aWorseReAskIsRefused() passed after 92.522 seconds.
✔ Test workedTargetsExplainZeroAndPositiveMarginalValues() passed after 92.522 seconds.
✔ Test sailsTowardKnownLandingAndFundsAColony(tier:) with 2 test cases passed after 92.527 seconds.
✔ Test aCertainPurchaseAndLandingWinBeatsAHigherThanNinetyPercentDraw() passed after 92.523 seconds.
✔ Test offlineExplanationLeavesBotMovesAndRNGUnchanged() passed after 92.522 seconds.
✔ Test emptyOffersHaveAvailableEmptyComponentsAndMissingReceiversHaveNoAssessment() passed after 92.865 seconds.
✔ Test capturePrefersAnOverseasLanding(tier:) with 2 test cases passed after 92.865 seconds.
✔ Test flexibleYieldFundsAShipAndRespectsScarceBank(tier:) with 2 test cases passed after 92.865 seconds.
✔ Test oldJSONDecodesScalarsVerbatimWithoutInventingComponents() passed after 92.864 seconds.
✔ Test expertFundsTheSameFinishingDrawThatItValuesWhenAvailable() passed after 92.865 seconds.
✔ Test diagnosticsAreOptInAndPreserveEveryRecordedScalar() passed after 92.864 seconds.
✔ Test costUsesOriginalHandNotTheDeficitCreatedByLosingCards() passed after 92.864 seconds.
◇ Test case passing 2 arguments selfCollateral → false, steal → false to robberPolicyTraceUsesItsCompleteLegalMask(selfCollateral:steal:) started.
◇ Test case passing 2 arguments selfCollateral → false, steal → true to robberPolicyTraceUsesItsCompleteLegalMask(selfCollateral:steal:) started.
H6H10 H6 collateral=false steal=true policy=evaluation-v1 chosen=moveRobber(CatanEngine.HexCoordinate(q: 2, r: 0), stealFrom: Optional(CatanEngine.PlayerID(index: 1))) score=-3.786231065277778
H6H10 seat=0 publicVP=0 standing=0.0 production=[0.0, 0.0, 0.0, 0.0, 0.0] bankRates=[4, 4, 4, 4, 4]
H6H10 seat=1 publicVP=4 standing=5.159755 production=[0.16666666666666666, 0.16666666666666666, 0.0, 0.6666666666666667, 0.0] bankRates=[4, 4, 4, 4, 2]
H6H10 H6 collateral=false steal=false policy=evaluation-v1 chosen=moveRobber(CatanEngine.HexCoordinate(q: 2, r: 0), stealFrom: nil) score=-3.871593565277778
H6H10 seat=0 publicVP=0 standing=0.0 production=[0.0, 0.0, 0.0, 0.0, 0.0] bankRates=[4, 4, 4, 4, 4]
H6H10 seat=2 publicVP=1 standing=1.6056230555555555 production=[0.0, 0.1388888888888889, 0.0, 0.0, 0.1388888888888889] bankRates=[4, 4, 4, 4, 4]
H6H10 seat=3 publicVP=0 standing=0.0 production=[0.0, 0.0, 0.0, 0.0, 0.0] bankRates=[4, 4, 4, 4, 4]
H6H10 candidate=moveRobber(CatanEngine.HexCoordinate(q: -1, r: 1), stealFrom: Optional(CatanEngine.PlayerID(index: 2))) deltaVsEnd=-0.27633347922222073 cardsDelta=1 roadLengthDelta=0 linearRoadCredit=0.0 sites=0 approaches=0
H6H10 candidate=moveRobber(CatanEngine.HexCoordinate(q: 2, r: 0), stealFrom: Optional(CatanEngine.PlayerID(index: 1))) deltaVsEnd=0.0 cardsDelta=1 roadLengthDelta=0 linearRoadCredit=0.0 sites=0 approaches=0
H6H10 seat=1 publicVP=4 standing=5.071625 production=[0.16666666666666666, 0.16666666666666666, 0.0, 0.6666666666666667, 0.0] bankRates=[4, 4, 4, 4, 2]
H6H10 seat=2 publicVP=1 standing=1.5174930555555555 production=[0.0, 0.1388888888888889, 0.0, 0.0, 0.1388888888888889] bankRates=[4, 4, 4, 4, 4]
H6H10 seat=3 publicVP=0 standing=0.0 production=[0.0, 0.0, 0.0, 0.0, 0.0] bankRates=[4, 4, 4, 4, 4]
H6H10 candidate=moveRobber(CatanEngine.HexCoordinate(q: -1, r: 1), stealFrom: nil) deltaVsEnd=-0.20548577222222164 cardsDelta=0 roadLengthDelta=0 linearRoadCredit=0.0 sites=0 approaches=0
H6H10 candidate=moveRobber(CatanEngine.HexCoordinate(q: 2, r: 0), stealFrom: nil) deltaVsEnd=0.0 cardsDelta=0 roadLengthDelta=0 linearRoadCredit=0.0 sites=0 approaches=0
◇ Test case passing 2 arguments selfCollateral → true, steal → false to robberPolicyTraceUsesItsCompleteLegalMask(selfCollateral:steal:) started.
H6H10 H6 collateral=false steal=true policy=evaluation-city-production-v1 chosen=moveRobber(CatanEngine.HexCoordinate(q: 2, r: 0), stealFrom: Optional(CatanEngine.PlayerID(index: 1))) score=-3.786231065277778
H6H10 seat=0 publicVP=0 standing=0.0 production=[0.0, 0.0, 0.0, 0.0, 0.0] bankRates=[4, 4, 4, 4, 4]
H6H10 seat=1 publicVP=4 standing=5.159755 production=[0.16666666666666666, 0.16666666666666666, 0.0, 0.6666666666666667, 0.0] bankRates=[4, 4, 4, 4, 2]
H6H10 seat=2 publicVP=1 standing=1.6056230555555555 production=[0.0, 0.1388888888888889, 0.0, 0.0, 0.1388888888888889] bankRates=[4, 4, 4, 4, 4]
H6H10 seat=3 publicVP=0 standing=0.0 production=[0.0, 0.0, 0.0, 0.0, 0.0] bankRates=[4, 4, 4, 4, 4]
H6H10 candidate=moveRobber(CatanEngine.HexCoordinate(q: -1, r: 1), stealFrom: Optional(CatanEngine.PlayerID(index: 2))) deltaVsEnd=-0.27633347922222073 cardsDelta=1 roadLengthDelta=0 linearRoadCredit=0.0 sites=0 approaches=0
H6H10 candidate=moveRobber(CatanEngine.HexCoordinate(q: 2, r: 0), stealFrom: Optional(CatanEngine.PlayerID(index: 1))) deltaVsEnd=0.0 cardsDelta=1 roadLengthDelta=0 linearRoadCredit=0.0 sites=0 approaches=0
◇ Test case passing 2 arguments selfCollateral → true, steal → true to robberPolicyTraceUsesItsCompleteLegalMask(selfCollateral:steal:) started.
H6H10 H6 collateral=false steal=false policy=evaluation-city-production-v1 chosen=moveRobber(CatanEngine.HexCoordinate(q: 2, r: 0), stealFrom: nil) score=-3.871593565277778
H6H10 seat=0 publicVP=0 standing=0.0 production=[0.0, 0.0, 0.0, 0.0, 0.0] bankRates=[4, 4, 4, 4, 4]
H6H10 seat=1 publicVP=4 standing=5.071625 production=[0.16666666666666666, 0.16666666666666666, 0.0, 0.6666666666666667, 0.0] bankRates=[4, 4, 4, 4, 2]
H6H10 seat=2 publicVP=1 standing=1.5174930555555555 production=[0.0, 0.1388888888888889, 0.0, 0.0, 0.1388888888888889] bankRates=[4, 4, 4, 4, 4]
H6H10 seat=3 publicVP=0 standing=0.0 production=[0.0, 0.0, 0.0, 0.0, 0.0] bankRates=[4, 4, 4, 4, 4]
H6H10 candidate=moveRobber(CatanEngine.HexCoordinate(q: -1, r: 1), stealFrom: nil) deltaVsEnd=-0.20548577222222164 cardsDelta=0 roadLengthDelta=0 linearRoadCredit=0.0 sites=0 approaches=0
H6H10 candidate=moveRobber(CatanEngine.HexCoordinate(q: 2, r: 0), stealFrom: nil) deltaVsEnd=0.0 cardsDelta=0 roadLengthDelta=0 linearRoadCredit=0.0 sites=0 approaches=0
H6H10 H6 collateral=true steal=false policy=evaluation-v1 chosen=moveRobber(CatanEngine.HexCoordinate(q: 2, r: -1), stealFrom: nil) score=-1.4512292727777778
H6H10 seat=0 publicVP=2 standing=2.4546930555555555 production=[0.0, 0.0, 0.0, 0.2777777777777778, 0.0] bankRates=[3, 3, 3, 3, 3]
H6H10 seat=1 publicVP=4 standing=5.071625 production=[0.16666666666666666, 0.16666666666666666, 0.0, 0.6666666666666667, 0.0] bankRates=[4, 4, 4, 4, 2]
H6H10 seat=2 publicVP=1 standing=1.5174930555555555 production=[0.0, 0.1388888888888889, 0.0, 0.0, 0.1388888888888889] bankRates=[4, 4, 4, 4, 4]
H6H10 seat=3 publicVP=0 standing=0.0 production=[0.0, 0.0, 0.0, 0.0, 0.0] bankRates=[4, 4, 4, 4, 4]
H6H10 candidate=moveRobber(CatanEngine.HexCoordinate(q: -1, r: 1), stealFrom: nil) deltaVsEnd=-0.17115700916666654 cardsDelta=0 roadLengthDelta=0 linearRoadCredit=0.0 sites=0 approaches=6
H6H10 candidate=moveRobber(CatanEngine.HexCoordinate(q: 2, r: 0), stealFrom: nil) deltaVsEnd=-0.2215767925000005 cardsDelta=0 roadLengthDelta=0 linearRoadCredit=0.0 sites=0 approaches=6
H6H10 candidate=moveRobber(CatanEngine.HexCoordinate(q: 2, r: -1), stealFrom: nil) deltaVsEnd=0.0 cardsDelta=0 roadLengthDelta=0 linearRoadCredit=0.0 sites=0 approaches=6
H6H10 H6 collateral=true steal=true policy=evaluation-v1 chosen=moveRobber(CatanEngine.HexCoordinate(q: 2, r: -1), stealFrom: Optional(CatanEngine.PlayerID(index: 1))) score=-1.3658667727777778
H6H10 seat=0 publicVP=2 standing=2.4546930555555555 production=[0.0, 0.0, 0.0, 0.2777777777777778, 0.0] bankRates=[3, 3, 3, 3, 3]
H6H10 seat=1 publicVP=4 standing=5.159755 production=[0.16666666666666666, 0.16666666666666666, 0.0, 0.6666666666666667, 0.0] bankRates=[4, 4, 4, 4, 2]
H6H10 seat=2 publicVP=1 standing=1.6056230555555555 production=[0.0, 0.1388888888888889, 0.0, 0.0, 0.1388888888888889] bankRates=[4, 4, 4, 4, 4]
H6H10 seat=3 publicVP=0 standing=0.0 production=[0.0, 0.0, 0.0, 0.0, 0.0] bankRates=[4, 4, 4, 4, 4]
H6H10 candidate=moveRobber(CatanEngine.HexCoordinate(q: -1, r: 1), stealFrom: Optional(CatanEngine.PlayerID(index: 2))) deltaVsEnd=-0.24200471616666608 cardsDelta=1 roadLengthDelta=0 linearRoadCredit=0.0 sites=0 approaches=6
H6H10 candidate=moveRobber(CatanEngine.HexCoordinate(q: 2, r: 0), stealFrom: Optional(CatanEngine.PlayerID(index: 1))) deltaVsEnd=-0.2215767925000005 cardsDelta=1 roadLengthDelta=0 linearRoadCredit=0.0 sites=0 approaches=6
H6H10 candidate=moveRobber(CatanEngine.HexCoordinate(q: 2, r: -1), stealFrom: Optional(CatanEngine.PlayerID(index: 1))) deltaVsEnd=0.0 cardsDelta=1 roadLengthDelta=0 linearRoadCredit=0.0 sites=0 approaches=6
H6H10 H6 collateral=true steal=false policy=evaluation-city-production-v1 chosen=moveRobber(CatanEngine.HexCoordinate(q: 2, r: -1), stealFrom: nil) score=-1.4512292727777778
H6H10 seat=0 publicVP=2 standing=2.4546930555555555 production=[0.0, 0.0, 0.0, 0.2777777777777778, 0.0] bankRates=[3, 3, 3, 3, 3]
H6H10 seat=1 publicVP=4 standing=5.071625 production=[0.16666666666666666, 0.16666666666666666, 0.0, 0.6666666666666667, 0.0] bankRates=[4, 4, 4, 4, 2]
H6H10 seat=2 publicVP=1 standing=1.5174930555555555 production=[0.0, 0.1388888888888889, 0.0, 0.0, 0.1388888888888889] bankRates=[4, 4, 4, 4, 4]
H6H10 seat=3 publicVP=0 standing=0.0 production=[0.0, 0.0, 0.0, 0.0, 0.0] bankRates=[4, 4, 4, 4, 4]
H6H10 candidate=moveRobber(CatanEngine.HexCoordinate(q: -1, r: 1), stealFrom: nil) deltaVsEnd=-0.17115700916666654 cardsDelta=0 roadLengthDelta=0 linearRoadCredit=0.0 sites=0 approaches=6
H6H10 candidate=moveRobber(CatanEngine.HexCoordinate(q: 2, r: 0), stealFrom: nil) deltaVsEnd=-0.2215767925000005 cardsDelta=0 roadLengthDelta=0 linearRoadCredit=0.0 sites=0 approaches=6
H6H10 candidate=moveRobber(CatanEngine.HexCoordinate(q: 2, r: -1), stealFrom: nil) deltaVsEnd=0.0 cardsDelta=0 roadLengthDelta=0 linearRoadCredit=0.0 sites=0 approaches=6
◇ Test case passing 1 argument handSize → 7 to roadAndSpendDownTraceUsesActualExpertChoice(handSize:) started.
H6H10 H6 collateral=true steal=true policy=evaluation-city-production-v1 chosen=moveRobber(CatanEngine.HexCoordinate(q: 2, r: -1), stealFrom: Optional(CatanEngine.PlayerID(index: 1))) score=-1.3658667727777778
H6H10 seat=0 publicVP=2 standing=2.4546930555555555 production=[0.0, 0.0, 0.0, 0.2777777777777778, 0.0] bankRates=[3, 3, 3, 3, 3]
H6H10 seat=1 publicVP=4 standing=5.159755 production=[0.16666666666666666, 0.16666666666666666, 0.0, 0.6666666666666667, 0.0] bankRates=[4, 4, 4, 4, 2]
H6H10 seat=2 publicVP=1 standing=1.6056230555555555 production=[0.0, 0.1388888888888889, 0.0, 0.0, 0.1388888888888889] bankRates=[4, 4, 4, 4, 4]
H6H10 seat=3 publicVP=0 standing=0.0 production=[0.0, 0.0, 0.0, 0.0, 0.0] bankRates=[4, 4, 4, 4, 4]
H6H10 candidate=moveRobber(CatanEngine.HexCoordinate(q: -1, r: 1), stealFrom: Optional(CatanEngine.PlayerID(index: 2))) deltaVsEnd=-0.24200471616666608 cardsDelta=1 roadLengthDelta=0 linearRoadCredit=0.0 sites=0 approaches=6
H6H10 candidate=moveRobber(CatanEngine.HexCoordinate(q: 2, r: 0), stealFrom: Optional(CatanEngine.PlayerID(index: 1))) deltaVsEnd=-0.2215767925000005 cardsDelta=1 roadLengthDelta=0 linearRoadCredit=0.0 sites=0 approaches=6
H6H10 candidate=moveRobber(CatanEngine.HexCoordinate(q: 2, r: -1), stealFrom: Optional(CatanEngine.PlayerID(index: 1))) deltaVsEnd=0.0 cardsDelta=1 roadLengthDelta=0 linearRoadCredit=0.0 sites=0 approaches=6
◇ Test case passing 1 argument handSize → 8 to roadAndSpendDownTraceUsesActualExpertChoice(handSize:) started.
◇ Test case passing 1 argument blockWithCity → false to blockedPathsAgreeWithEngineAndKeepLegalDetours(blockWithCity:) started.
H6H10 H10 hand=8 discipline=off policy=evaluation-v1 chosen=buildRoad(CatanEngine.EdgeID(a: CatanEngine.VertexID(touchingTiles: [CatanEngine.HexCoordinate(q: -3, r: 2), CatanEngine.HexCoordinate(q: -3, r: 3), CatanEngine.HexCoordinate(q: -2, r: 2)]), b: CatanEngine.VertexID(touchingTiles: [CatanEngine.HexCoordinate(q: -3, r: 3), CatanEngine.HexCoordinate(q: -2, r: 2), CatanEngine.HexCoordinate(q: -2, r: 3)]))) score=2.3512838350000003
H6H10 seat=0 publicVP=5 standing=6.692351388888889 production=[0.0, 0.3055555555555556, 0.08333333333333333, 0.2222222222222222, 0.08333333333333333] bankRates=[3, 3, 2, 3, 3]
H6H10 seat=1 publicVP=3 standing=5.501794444444444 production=[0.0, 0.0, 0.05555555555555555, 0.0, 0.0] bankRates=[2, 4, 4, 4, 4]
H6H10 seat=2 publicVP=0 standing=0.0 production=[0.0, 0.0, 0.0, 0.0, 0.0] bankRates=[4, 4, 4, 4, 4]
H6H10 seat=3 publicVP=0 standing=0.0 production=[0.0, 0.0, 0.0, 0.0, 0.0] bankRates=[4, 4, 4, 4, 4]
H6H10 candidate=endTurn deltaVsEnd=0.0 cardsDelta=0 roadLengthDelta=0 linearRoadCredit=0.0 sites=0 approaches=0
H6H10 candidate=buildRoad(CatanEngine.EdgeID(a: CatanEngine.VertexID(touchingTiles: [CatanEngine.HexCoordinate(q: -3, r: 2), CatanEngine.HexCoordinate(q: -3, r: 3), CatanEngine.HexCoordinate(q: -2, r: 2)]), b: CatanEngine.VertexID(touchingTiles: [CatanEngine.HexCoordinate(q: -3, r: 3), CatanEngine.HexCoordinate(q: -2, r: 2), CatanEngine.HexCoordinate(q: -2, r: 3)]))) deltaVsEnd=0.08182500000000026 cardsDelta=-2 roadLengthDelta=2 linearRoadCredit=0.1776 sites=0 approaches=0
H6H10 candidate=buildRoad(CatanEngine.EdgeID(a: CatanEngine.VertexID(touchingTiles: [CatanEngine.HexCoordinate(q: -2, r: 1), CatanEngine.HexCoordinate(q: -2, r: 2), CatanEngine.HexCoordinate(q: -1, r: 1)]), b: CatanEngine.VertexID(touchingTiles: [CatanEngine.HexCoordinate(q: -2, r: 1), CatanEngine.HexCoordinate(q: -1, r: 0), CatanEngine.HexCoordinate(q: -1, r: 1)]))) deltaVsEnd=0.08182500000000026 cardsDelta=-2 roadLengthDelta=2 linearRoadCredit=0.1776 sites=0 approaches=0
H6H10 candidate=buildRoad(CatanEngine.EdgeID(a: CatanEngine.VertexID(touchingTiles: [CatanEngine.HexCoordinate(q: -2, r: 1), CatanEngine.HexCoordinate(q: -2, r: 2), CatanEngine.HexCoordinate(q: -1, r: 1)]), b: CatanEngine.VertexID(touchingTiles: [CatanEngine.HexCoordinate(q: -2, r: 2), CatanEngine.HexCoordinate(q: -1, r: 1), CatanEngine.HexCoordinate(q: -1, r: 2)]))) deltaVsEnd=0.08182500000000026 cardsDelta=-2 roadLengthDelta=2 linearRoadCredit=0.1776 sites=0 approaches=0
H6H10 H10 hand=7 discipline=off policy=evaluation-v1 chosen=buildRoad(CatanEngine.EdgeID(a: CatanEngine.VertexID(touchingTiles: [CatanEngine.HexCoordinate(q: -3, r: 2), CatanEngine.HexCoordinate(q: -3, r: 3), CatanEngine.HexCoordinate(q: -2, r: 2)]), b: CatanEngine.VertexID(touchingTiles: [CatanEngine.HexCoordinate(q: -3, r: 3), CatanEngine.HexCoordinate(q: -2, r: 2), CatanEngine.HexCoordinate(q: -2, r: 3)]))) score=2.2943838349999996
H6H10 seat=0 publicVP=5 standing=6.699601388888889 production=[0.0, 0.3055555555555556, 0.08333333333333333, 0.2222222222222222, 0.08333333333333333] bankRates=[3, 3, 2, 3, 3]
H6H10 seat=1 publicVP=3 standing=5.501794444444444 production=[0.0, 0.0, 0.05555555555555555, 0.0, 0.0] bankRates=[2, 4, 4, 4, 4]
H6H10 seat=2 publicVP=0 standing=0.0 production=[0.0, 0.0, 0.0, 0.0, 0.0] bankRates=[4, 4, 4, 4, 4]
H6H10 seat=3 publicVP=0 standing=0.0 production=[0.0, 0.0, 0.0, 0.0, 0.0] bankRates=[4, 4, 4, 4, 4]
H6H10 candidate=endTurn deltaVsEnd=0.0 cardsDelta=0 roadLengthDelta=0 linearRoadCredit=0.0 sites=0 approaches=0
H6H10 candidate=buildRoad(CatanEngine.EdgeID(a: CatanEngine.VertexID(touchingTiles: [CatanEngine.HexCoordinate(q: -3, r: 2), CatanEngine.HexCoordinate(q: -3, r: 3), CatanEngine.HexCoordinate(q: -2, r: 2)]), b: CatanEngine.VertexID(touchingTiles: [CatanEngine.HexCoordinate(q: -3, r: 3), CatanEngine.HexCoordinate(q: -2, r: 2), CatanEngine.HexCoordinate(q: -2, r: 3)]))) deltaVsEnd=0.017674999999999663 cardsDelta=-2 roadLengthDelta=2 linearRoadCredit=0.1776 sites=0 approaches=0
H6H10 candidate=buildRoad(CatanEngine.EdgeID(a: CatanEngine.VertexID(touchingTiles: [CatanEngine.HexCoordinate(q: -2, r: 1), CatanEngine.HexCoordinate(q: -2, r: 2), CatanEngine.HexCoordinate(q: -1, r: 1)]), b: CatanEngine.VertexID(touchingTiles: [CatanEngine.HexCoordinate(q: -2, r: 1), CatanEngine.HexCoordinate(q: -1, r: 0), CatanEngine.HexCoordinate(q: -1, r: 1)]))) deltaVsEnd=0.017674999999999663 cardsDelta=-2 roadLengthDelta=2 linearRoadCredit=0.1776 sites=0 approaches=0
H6H10 candidate=buildRoad(CatanEngine.EdgeID(a: CatanEngine.VertexID(touchingTiles: [CatanEngine.HexCoordinate(q: -2, r: 1), CatanEngine.HexCoordinate(q: -2, r: 2), CatanEngine.HexCoordinate(q: -1, r: 1)]), b: CatanEngine.VertexID(touchingTiles: [CatanEngine.HexCoordinate(q: -2, r: 2), CatanEngine.HexCoordinate(q: -1, r: 1), CatanEngine.HexCoordinate(q: -1, r: 2)]))) deltaVsEnd=0.017674999999999663 cardsDelta=-2 roadLengthDelta=2 linearRoadCredit=0.1776 sites=0 approaches=0
H6H10 H10 hand=8 discipline=on policy=evaluation-v1 chosen=buildRoad(CatanEngine.EdgeID(a: CatanEngine.VertexID(touchingTiles: [CatanEngine.HexCoordinate(q: -3, r: 2), CatanEngine.HexCoordinate(q: -3, r: 3), CatanEngine.HexCoordinate(q: -2, r: 2)]), b: CatanEngine.VertexID(touchingTiles: [CatanEngine.HexCoordinate(q: -3, r: 3), CatanEngine.HexCoordinate(q: -2, r: 2), CatanEngine.HexCoordinate(q: -2, r: 3)]))) score=2.3512838350000003
H6H10 seat=0 publicVP=5 standing=6.692351388888889 production=[0.0, 0.3055555555555556, 0.08333333333333333, 0.2222222222222222, 0.08333333333333333] bankRates=[3, 3, 2, 3, 3]
H6H10 seat=1 publicVP=3 standing=5.501794444444444 production=[0.0, 0.0, 0.05555555555555555, 0.0, 0.0] bankRates=[2, 4, 4, 4, 4]
H6H10 seat=2 publicVP=0 standing=0.0 production=[0.0, 0.0, 0.0, 0.0, 0.0] bankRates=[4, 4, 4, 4, 4]
H6H10 seat=3 publicVP=0 standing=0.0 production=[0.0, 0.0, 0.0, 0.0, 0.0] bankRates=[4, 4, 4, 4, 4]
H6H10 candidate=endTurn deltaVsEnd=0.0 cardsDelta=0 roadLengthDelta=0 linearRoadCredit=0.0 sites=0 approaches=0
H6H10 candidate=buildRoad(CatanEngine.EdgeID(a: CatanEngine.VertexID(touchingTiles: [CatanEngine.HexCoordinate(q: -3, r: 2), CatanEngine.HexCoordinate(q: -3, r: 3), CatanEngine.HexCoordinate(q: -2, r: 2)]), b: CatanEngine.VertexID(touchingTiles: [CatanEngine.HexCoordinate(q: -3, r: 3), CatanEngine.HexCoordinate(q: -2, r: 2), CatanEngine.HexCoordinate(q: -2, r: 3)]))) deltaVsEnd=0.08182500000000026 cardsDelta=-2 roadLengthDelta=2 linearRoadCredit=0.1776 sites=0 approaches=0
H6H10 candidate=buildRoad(CatanEngine.EdgeID(a: CatanEngine.VertexID(touchingTiles: [CatanEngine.HexCoordinate(q: -2, r: 1), CatanEngine.HexCoordinate(q: -2, r: 2), CatanEngine.HexCoordinate(q: -1, r: 1)]), b: CatanEngine.VertexID(touchingTiles: [CatanEngine.HexCoordinate(q: -2, r: 1), CatanEngine.HexCoordinate(q: -1, r: 0), CatanEngine.HexCoordinate(q: -1, r: 1)]))) deltaVsEnd=0.08182500000000026 cardsDelta=-2 roadLengthDelta=2 linearRoadCredit=0.1776 sites=0 approaches=0
H6H10 candidate=buildRoad(CatanEngine.EdgeID(a: CatanEngine.VertexID(touchingTiles: [CatanEngine.HexCoordinate(q: -2, r: 1), CatanEngine.HexCoordinate(q: -2, r: 2), CatanEngine.HexCoordinate(q: -1, r: 1)]), b: CatanEngine.VertexID(touchingTiles: [CatanEngine.HexCoordinate(q: -2, r: 2), CatanEngine.HexCoordinate(q: -1, r: 1), CatanEngine.HexCoordinate(q: -1, r: 2)]))) deltaVsEnd=0.08182500000000026 cardsDelta=-2 roadLengthDelta=2 linearRoadCredit=0.1776 sites=0 approaches=0
H6H10 override=false revision=legacy hand=8
H6H10 H10 hand=7 discipline=on policy=evaluation-v1 chosen=buildRoad(CatanEngine.EdgeID(a: CatanEngine.VertexID(touchingTiles: [CatanEngine.HexCoordinate(q: -3, r: 2), CatanEngine.HexCoordinate(q: -3, r: 3), CatanEngine.HexCoordinate(q: -2, r: 2)]), b: CatanEngine.VertexID(touchingTiles: [CatanEngine.HexCoordinate(q: -3, r: 3), CatanEngine.HexCoordinate(q: -2, r: 2), CatanEngine.HexCoordinate(q: -2, r: 3)]))) score=2.2943838349999996
H6H10 seat=0 publicVP=5 standing=6.699601388888889 production=[0.0, 0.3055555555555556, 0.08333333333333333, 0.2222222222222222, 0.08333333333333333] bankRates=[3, 3, 2, 3, 3]
H6H10 seat=1 publicVP=3 standing=5.501794444444444 production=[0.0, 0.0, 0.05555555555555555, 0.0, 0.0] bankRates=[2, 4, 4, 4, 4]
H6H10 seat=2 publicVP=0 standing=0.0 production=[0.0, 0.0, 0.0, 0.0, 0.0] bankRates=[4, 4, 4, 4, 4]
H6H10 seat=3 publicVP=0 standing=0.0 production=[0.0, 0.0, 0.0, 0.0, 0.0] bankRates=[4, 4, 4, 4, 4]
H6H10 candidate=endTurn deltaVsEnd=0.0 cardsDelta=0 roadLengthDelta=0 linearRoadCredit=0.0 sites=0 approaches=0
H6H10 candidate=buildRoad(CatanEngine.EdgeID(a: CatanEngine.VertexID(touchingTiles: [CatanEngine.HexCoordinate(q: -3, r: 2), CatanEngine.HexCoordinate(q: -3, r: 3), CatanEngine.HexCoordinate(q: -2, r: 2)]), b: CatanEngine.VertexID(touchingTiles: [CatanEngine.HexCoordinate(q: -3, r: 3), CatanEngine.HexCoordinate(q: -2, r: 2), CatanEngine.HexCoordinate(q: -2, r: 3)]))) deltaVsEnd=0.017674999999999663 cardsDelta=-2 roadLengthDelta=2 linearRoadCredit=0.1776 sites=0 approaches=0
H6H10 candidate=buildRoad(CatanEngine.EdgeID(a: CatanEngine.VertexID(touchingTiles: [CatanEngine.HexCoordinate(q: -2, r: 1), CatanEngine.HexCoordinate(q: -2, r: 2), CatanEngine.HexCoordinate(q: -1, r: 1)]), b: CatanEngine.VertexID(touchingTiles: [CatanEngine.HexCoordinate(q: -2, r: 1), CatanEngine.HexCoordinate(q: -1, r: 0), CatanEngine.HexCoordinate(q: -1, r: 1)]))) deltaVsEnd=0.017674999999999663 cardsDelta=-2 roadLengthDelta=2 linearRoadCredit=0.1776 sites=0 approaches=0
H6H10 candidate=buildRoad(CatanEngine.EdgeID(a: CatanEngine.VertexID(touchingTiles: [CatanEngine.HexCoordinate(q: -2, r: 1), CatanEngine.HexCoordinate(q: -2, r: 2), CatanEngine.HexCoordinate(q: -1, r: 1)]), b: CatanEngine.VertexID(touchingTiles: [CatanEngine.HexCoordinate(q: -2, r: 2), CatanEngine.HexCoordinate(q: -1, r: 1), CatanEngine.HexCoordinate(q: -1, r: 2)]))) deltaVsEnd=0.017674999999999663 cardsDelta=-2 roadLengthDelta=2 linearRoadCredit=0.1776 sites=0 approaches=0
H6H10 override=false revision=legacy hand=7
◇ Test case passing 1 argument blockWithCity → true to blockedPathsAgreeWithEngineAndKeepLegalDetours(blockWithCity:) started.
H6H10 H10 hand=8 discipline=off policy=evaluation-city-production-v1 chosen=buildRoad(CatanEngine.EdgeID(a: CatanEngine.VertexID(touchingTiles: [CatanEngine.HexCoordinate(q: -3, r: 2), CatanEngine.HexCoordinate(q: -3, r: 3), CatanEngine.HexCoordinate(q: -2, r: 2)]), b: CatanEngine.VertexID(touchingTiles: [CatanEngine.HexCoordinate(q: -3, r: 3), CatanEngine.HexCoordinate(q: -2, r: 2), CatanEngine.HexCoordinate(q: -2, r: 3)]))) score=2.370728279444445
H6H10 seat=0 publicVP=5 standing=6.711795833333333 production=[0.0, 0.3055555555555556, 0.08333333333333333, 0.2222222222222222, 0.08333333333333333] bankRates=[3, 3, 2, 3, 3]
H6H10 seat=1 publicVP=3 standing=5.501794444444444 production=[0.0, 0.0, 0.05555555555555555, 0.0, 0.0] bankRates=[2, 4, 4, 4, 4]
H6H10 seat=2 publicVP=0 standing=0.0 production=[0.0, 0.0, 0.0, 0.0, 0.0] bankRates=[4, 4, 4, 4, 4]
H6H10 seat=3 publicVP=0 standing=0.0 production=[0.0, 0.0, 0.0, 0.0, 0.0] bankRates=[4, 4, 4, 4, 4]
H6H10 candidate=endTurn deltaVsEnd=0.0 cardsDelta=0 roadLengthDelta=0 linearRoadCredit=0.0 sites=0 approaches=0
H6H10 candidate=buildRoad(CatanEngine.EdgeID(a: CatanEngine.VertexID(touchingTiles: [CatanEngine.HexCoordinate(q: -3, r: 2), CatanEngine.HexCoordinate(q: -3, r: 3), CatanEngine.HexCoordinate(q: -2, r: 2)]), b: CatanEngine.VertexID(touchingTiles: [CatanEngine.HexCoordinate(q: -3, r: 3), CatanEngine.HexCoordinate(q: -2, r: 2), CatanEngine.HexCoordinate(q: -2, r: 3)]))) deltaVsEnd=0.08182500000000026 cardsDelta=-2 roadLengthDelta=2 linearRoadCredit=0.1776 sites=0 approaches=0
H6H10 candidate=buildRoad(CatanEngine.EdgeID(a: CatanEngine.VertexID(touchingTiles: [CatanEngine.HexCoordinate(q: -2, r: 1), CatanEngine.HexCoordinate(q: -2, r: 2), CatanEngine.HexCoordinate(q: -1, r: 1)]), b: CatanEngine.VertexID(touchingTiles: [CatanEngine.HexCoordinate(q: -2, r: 1), CatanEngine.HexCoordinate(q: -1, r: 0), CatanEngine.HexCoordinate(q: -1, r: 1)]))) deltaVsEnd=0.08182500000000026 cardsDelta=-2 roadLengthDelta=2 linearRoadCredit=0.1776 sites=0 approaches=0
H6H10 candidate=buildRoad(CatanEngine.EdgeID(a: CatanEngine.VertexID(touchingTiles: [CatanEngine.HexCoordinate(q: -2, r: 1), CatanEngine.HexCoordinate(q: -2, r: 2), CatanEngine.HexCoordinate(q: -1, r: 1)]), b: CatanEngine.VertexID(touchingTiles: [CatanEngine.HexCoordinate(q: -2, r: 2), CatanEngine.HexCoordinate(q: -1, r: 1), CatanEngine.HexCoordinate(q: -1, r: 2)]))) deltaVsEnd=0.08182500000000026 cardsDelta=-2 roadLengthDelta=2 linearRoadCredit=0.1776 sites=0 approaches=0
H6H10 H10 hand=7 discipline=off policy=evaluation-city-production-v1 chosen=buildRoad(CatanEngine.EdgeID(a: CatanEngine.VertexID(touchingTiles: [CatanEngine.HexCoordinate(q: -3, r: 2), CatanEngine.HexCoordinate(q: -3, r: 3), CatanEngine.HexCoordinate(q: -2, r: 2)]), b: CatanEngine.VertexID(touchingTiles: [CatanEngine.HexCoordinate(q: -3, r: 3), CatanEngine.HexCoordinate(q: -2, r: 2), CatanEngine.HexCoordinate(q: -2, r: 3)]))) score=2.3138282794444445
H6H10 seat=0 publicVP=5 standing=6.719045833333333 production=[0.0, 0.3055555555555556, 0.08333333333333333, 0.2222222222222222, 0.08333333333333333] bankRates=[3, 3, 2, 3, 3]
H6H10 seat=1 publicVP=3 standing=5.501794444444444 production=[0.0, 0.0, 0.05555555555555555, 0.0, 0.0] bankRates=[2, 4, 4, 4, 4]
H6H10 seat=2 publicVP=0 standing=0.0 production=[0.0, 0.0, 0.0, 0.0, 0.0] bankRates=[4, 4, 4, 4, 4]
H6H10 seat=3 publicVP=0 standing=0.0 production=[0.0, 0.0, 0.0, 0.0, 0.0] bankRates=[4, 4, 4, 4, 4]
H6H10 candidate=endTurn deltaVsEnd=0.0 cardsDelta=0 roadLengthDelta=0 linearRoadCredit=0.0 sites=0 approaches=0
H6H10 candidate=buildRoad(CatanEngine.EdgeID(a: CatanEngine.VertexID(touchingTiles: [CatanEngine.HexCoordinate(q: -3, r: 2), CatanEngine.HexCoordinate(q: -3, r: 3), CatanEngine.HexCoordinate(q: -2, r: 2)]), b: CatanEngine.VertexID(touchingTiles: [CatanEngine.HexCoordinate(q: -3, r: 3), CatanEngine.HexCoordinate(q: -2, r: 2), CatanEngine.HexCoordinate(q: -2, r: 3)]))) deltaVsEnd=0.017674999999999663 cardsDelta=-2 roadLengthDelta=2 linearRoadCredit=0.1776 sites=0 approaches=0
H6H10 candidate=buildRoad(CatanEngine.EdgeID(a: CatanEngine.VertexID(touchingTiles: [CatanEngine.HexCoordinate(q: -2, r: 1), CatanEngine.HexCoordinate(q: -2, r: 2), CatanEngine.HexCoordinate(q: -1, r: 1)]), b: CatanEngine.VertexID(touchingTiles: [CatanEngine.HexCoordinate(q: -2, r: 1), CatanEngine.HexCoordinate(q: -1, r: 0), CatanEngine.HexCoordinate(q: -1, r: 1)]))) deltaVsEnd=0.017674999999999663 cardsDelta=-2 roadLengthDelta=2 linearRoadCredit=0.1776 sites=0 approaches=0
H6H10 candidate=buildRoad(CatanEngine.EdgeID(a: CatanEngine.VertexID(touchingTiles: [CatanEngine.HexCoordinate(q: -2, r: 1), CatanEngine.HexCoordinate(q: -2, r: 2), CatanEngine.HexCoordinate(q: -1, r: 1)]), b: CatanEngine.VertexID(touchingTiles: [CatanEngine.HexCoordinate(q: -2, r: 2), CatanEngine.HexCoordinate(q: -1, r: 1), CatanEngine.HexCoordinate(q: -1, r: 2)]))) deltaVsEnd=0.017674999999999663 cardsDelta=-2 roadLengthDelta=2 linearRoadCredit=0.1776 sites=0 approaches=0
H6H10 H10 hand=8 discipline=on policy=evaluation-city-production-v1 chosen=buildRoad(CatanEngine.EdgeID(a: CatanEngine.VertexID(touchingTiles: [CatanEngine.HexCoordinate(q: -3, r: 2), CatanEngine.HexCoordinate(q: -3, r: 3), CatanEngine.HexCoordinate(q: -2, r: 2)]), b: CatanEngine.VertexID(touchingTiles: [CatanEngine.HexCoordinate(q: -3, r: 3), CatanEngine.HexCoordinate(q: -2, r: 2), CatanEngine.HexCoordinate(q: -2, r: 3)]))) score=2.370728279444445
H6H10 seat=0 publicVP=5 standing=6.711795833333333 production=[0.0, 0.3055555555555556, 0.08333333333333333, 0.2222222222222222, 0.08333333333333333] bankRates=[3, 3, 2, 3, 3]
H6H10 seat=1 publicVP=3 standing=5.501794444444444 production=[0.0, 0.0, 0.05555555555555555, 0.0, 0.0] bankRates=[2, 4, 4, 4, 4]
H6H10 seat=2 publicVP=0 standing=0.0 production=[0.0, 0.0, 0.0, 0.0, 0.0] bankRates=[4, 4, 4, 4, 4]
H6H10 seat=3 publicVP=0 standing=0.0 production=[0.0, 0.0, 0.0, 0.0, 0.0] bankRates=[4, 4, 4, 4, 4]
H6H10 candidate=endTurn deltaVsEnd=0.0 cardsDelta=0 roadLengthDelta=0 linearRoadCredit=0.0 sites=0 approaches=0
H6H10 candidate=buildRoad(CatanEngine.EdgeID(a: CatanEngine.VertexID(touchingTiles: [CatanEngine.HexCoordinate(q: -3, r: 2), CatanEngine.HexCoordinate(q: -3, r: 3), CatanEngine.HexCoordinate(q: -2, r: 2)]), b: CatanEngine.VertexID(touchingTiles: [CatanEngine.HexCoordinate(q: -3, r: 3), CatanEngine.HexCoordinate(q: -2, r: 2), CatanEngine.HexCoordinate(q: -2, r: 3)]))) deltaVsEnd=0.08182500000000026 cardsDelta=-2 roadLengthDelta=2 linearRoadCredit=0.1776 sites=0 approaches=0
H6H10 candidate=buildRoad(CatanEngine.EdgeID(a: CatanEngine.VertexID(touchingTiles: [CatanEngine.HexCoordinate(q: -2, r: 1), CatanEngine.HexCoordinate(q: -2, r: 2), CatanEngine.HexCoordinate(q: -1, r: 1)]), b: CatanEngine.VertexID(touchingTiles: [CatanEngine.HexCoordinate(q: -2, r: 1), CatanEngine.HexCoordinate(q: -1, r: 0), CatanEngine.HexCoordinate(q: -1, r: 1)]))) deltaVsEnd=0.08182500000000026 cardsDelta=-2 roadLengthDelta=2 linearRoadCredit=0.1776 sites=0 approaches=0
H6H10 candidate=buildRoad(CatanEngine.EdgeID(a: CatanEngine.VertexID(touchingTiles: [CatanEngine.HexCoordinate(q: -2, r: 1), CatanEngine.HexCoordinate(q: -2, r: 2), CatanEngine.HexCoordinate(q: -1, r: 1)]), b: CatanEngine.VertexID(touchingTiles: [CatanEngine.HexCoordinate(q: -2, r: 2), CatanEngine.HexCoordinate(q: -1, r: 1), CatanEngine.HexCoordinate(q: -1, r: 2)]))) deltaVsEnd=0.08182500000000026 cardsDelta=-2 roadLengthDelta=2 linearRoadCredit=0.1776 sites=0 approaches=0
H6H10 override=false revision=cityProductionV1 hand=8
H6H10 H6 alternate public army holder policy=evaluation-v1 chosen=moveRobber(CatanEngine.HexCoordinate(q: 2, r: 0), stealFrom: nil) score=-3.871593565277778
H6H10 seat=0 publicVP=0 standing=0.0 production=[0.0, 0.0, 0.0, 0.0, 0.0] bankRates=[4, 4, 4, 4, 4]
H6H10 seat=1 publicVP=4 standing=5.071625 production=[0.16666666666666666, 0.16666666666666666, 0.0, 0.6666666666666667, 0.0] bankRates=[4, 4, 4, 4, 2]
H6H10 seat=2 publicVP=3 standing=4.300793055555555 production=[0.0, 0.1388888888888889, 0.0, 0.0, 0.1388888888888889] bankRates=[4, 4, 4, 4, 4]
H6H10 seat=3 publicVP=0 standing=0.0 production=[0.0, 0.0, 0.0, 0.0, 0.0] bankRates=[4, 4, 4, 4, 4]
H6H10 candidate=moveRobber(CatanEngine.HexCoordinate(q: 2, r: 0), stealFrom: nil) deltaVsEnd=0.0 cardsDelta=0 roadLengthDelta=0 linearRoadCredit=0.0 sites=0 approaches=0
H6H10 H10 hand=7 discipline=on policy=evaluation-city-production-v1 chosen=buildRoad(CatanEngine.EdgeID(a: CatanEngine.VertexID(touchingTiles: [CatanEngine.HexCoordinate(q: -3, r: 2), CatanEngine.HexCoordinate(q: -3, r: 3), CatanEngine.HexCoordinate(q: -2, r: 2)]), b: CatanEngine.VertexID(touchingTiles: [CatanEngine.HexCoordinate(q: -3, r: 3), CatanEngine.HexCoordinate(q: -2, r: 2), CatanEngine.HexCoordinate(q: -2, r: 3)]))) score=2.3138282794444445
H6H10 seat=0 publicVP=5 standing=6.719045833333333 production=[0.0, 0.3055555555555556, 0.08333333333333333, 0.2222222222222222, 0.08333333333333333] bankRates=[3, 3, 2, 3, 3]
H6H10 seat=1 publicVP=3 standing=5.501794444444444 production=[0.0, 0.0, 0.05555555555555555, 0.0, 0.0] bankRates=[2, 4, 4, 4, 4]
H6H10 seat=2 publicVP=0 standing=0.0 production=[0.0, 0.0, 0.0, 0.0, 0.0] bankRates=[4, 4, 4, 4, 4]
H6H10 seat=3 publicVP=0 standing=0.0 production=[0.0, 0.0, 0.0, 0.0, 0.0] bankRates=[4, 4, 4, 4, 4]
H6H10 candidate=endTurn deltaVsEnd=0.0 cardsDelta=0 roadLengthDelta=0 linearRoadCredit=0.0 sites=0 approaches=0
H6H10 candidate=buildRoad(CatanEngine.EdgeID(a: CatanEngine.VertexID(touchingTiles: [CatanEngine.HexCoordinate(q: -3, r: 2), CatanEngine.HexCoordinate(q: -3, r: 3), CatanEngine.HexCoordinate(q: -2, r: 2)]), b: CatanEngine.VertexID(touchingTiles: [CatanEngine.HexCoordinate(q: -3, r: 3), CatanEngine.HexCoordinate(q: -2, r: 2), CatanEngine.HexCoordinate(q: -2, r: 3)]))) deltaVsEnd=0.017674999999999663 cardsDelta=-2 roadLengthDelta=2 linearRoadCredit=0.1776 sites=0 approaches=0
H6H10 candidate=buildRoad(CatanEngine.EdgeID(a: CatanEngine.VertexID(touchingTiles: [CatanEngine.HexCoordinate(q: -2, r: 1), CatanEngine.HexCoordinate(q: -2, r: 2), CatanEngine.HexCoordinate(q: -1, r: 1)]), b: CatanEngine.VertexID(touchingTiles: [CatanEngine.HexCoordinate(q: -2, r: 1), CatanEngine.HexCoordinate(q: -1, r: 0), CatanEngine.HexCoordinate(q: -1, r: 1)]))) deltaVsEnd=0.017674999999999663 cardsDelta=-2 roadLengthDelta=2 linearRoadCredit=0.1776 sites=0 approaches=0
H6H10 candidate=buildRoad(CatanEngine.EdgeID(a: CatanEngine.VertexID(touchingTiles: [CatanEngine.HexCoordinate(q: -2, r: 1), CatanEngine.HexCoordinate(q: -2, r: 2), CatanEngine.HexCoordinate(q: -1, r: 1)]), b: CatanEngine.VertexID(touchingTiles: [CatanEngine.HexCoordinate(q: -2, r: 2), CatanEngine.HexCoordinate(q: -1, r: 1), CatanEngine.HexCoordinate(q: -1, r: 2)]))) deltaVsEnd=0.017674999999999663 cardsDelta=-2 roadLengthDelta=2 linearRoadCredit=0.1776 sites=0 approaches=0
H6H10 override=false revision=cityProductionV1 hand=7
H6H10 H10 affordable real site policy=evaluation-v1 chosen=buildSettlement(CatanEngine.VertexID(touchingTiles: [CatanEngine.HexCoordinate(q: -1, r: 0), CatanEngine.HexCoordinate(q: 0, r: -1), CatanEngine.HexCoordinate(q: 0, r: 0)])) score=3.0158597222222223
H6H10 seat=0 publicVP=1 standing=2.1448416666666668 production=[0.1388888888888889, 0.0, 0.0, 0.16666666666666666, 0.0] bankRates=[4, 4, 4, 4, 4]
H6H10 seat=1 publicVP=0 standing=0.0 production=[0.0, 0.0, 0.0, 0.0, 0.0] bankRates=[4, 4, 4, 4, 4]
H6H10 seat=2 publicVP=0 standing=0.0 production=[0.0, 0.0, 0.0, 0.0, 0.0] bankRates=[4, 4, 4, 4, 4]
H6H10 seat=3 publicVP=0 standing=0.0 production=[0.0, 0.0, 0.0, 0.0, 0.0] bankRates=[4, 4, 4, 4, 4]
H6H10 candidate=buildRoad(CatanEngine.EdgeID(a: CatanEngine.VertexID(touchingTiles: [CatanEngine.HexCoordinate(q: -1, r: -1), CatanEngine.HexCoordinate(q: -1, r: 0), CatanEngine.HexCoordinate(q: 0, r: -1)]), b: CatanEngine.VertexID(touchingTiles: [CatanEngine.HexCoordinate(q: -1, r: 0), CatanEngine.HexCoordinate(q: 0, r: -1), CatanEngine.HexCoordinate(q: 0, r: 0)]))) deltaVsEnd=-0.0053972222222222754 cardsDelta=-2 roadLengthDelta=1 linearRoadCredit=0.0888 sites=2 approaches=39
H6H10 candidate=buildRoad(CatanEngine.EdgeID(a: CatanEngine.VertexID(touchingTiles: [CatanEngine.HexCoordinate(q: -1, r: 0), CatanEngine.HexCoordinate(q: -1, r: 1), CatanEngine.HexCoordinate(q: 0, r: 0)]), b: CatanEngine.VertexID(touchingTiles: [CatanEngine.HexCoordinate(q: -1, r: 0), CatanEngine.HexCoordinate(q: 0, r: -1), CatanEngine.HexCoordinate(q: 0, r: 0)]))) deltaVsEnd=-0.013924999999999965 cardsDelta=-2 roadLengthDelta=1 linearRoadCredit=0.0888 sites=2 approaches=42
H6H10 candidate=buildSettlement(CatanEngine.VertexID(touchingTiles: [CatanEngine.HexCoordinate(q: -1, r: 0), CatanEngine.HexCoordinate(q: 0, r: -1), CatanEngine.HexCoordinate(q: 0, r: 0)])) deltaVsEnd=0.8710180555555556 cardsDelta=-4 roadLengthDelta=0 linearRoadCredit=0.0 sites=0 approaches=36
H6H10 H10 affordable real site policy=evaluation-city-production-v1 chosen=buildSettlement(CatanEngine.VertexID(touchingTiles: [CatanEngine.HexCoordinate(q: -1, r: 0), CatanEngine.HexCoordinate(q: 0, r: -1), CatanEngine.HexCoordinate(q: 0, r: 0)])) score=3.0158597222222223
H6H10 seat=0 publicVP=1 standing=2.1448416666666668 production=[0.1388888888888889, 0.0, 0.0, 0.16666666666666666, 0.0] bankRates=[4, 4, 4, 4, 4]
H6H10 seat=1 publicVP=0 standing=0.0 production=[0.0, 0.0, 0.0, 0.0, 0.0] bankRates=[4, 4, 4, 4, 4]
H6H10 seat=2 publicVP=0 standing=0.0 production=[0.0, 0.0, 0.0, 0.0, 0.0] bankRates=[4, 4, 4, 4, 4]
H6H10 seat=3 publicVP=0 standing=0.0 production=[0.0, 0.0, 0.0, 0.0, 0.0] bankRates=[4, 4, 4, 4, 4]
H6H10 candidate=buildRoad(CatanEngine.EdgeID(a: CatanEngine.VertexID(touchingTiles: [CatanEngine.HexCoordinate(q: -1, r: -1), CatanEngine.HexCoordinate(q: -1, r: 0), CatanEngine.HexCoordinate(q: 0, r: -1)]), b: CatanEngine.VertexID(touchingTiles: [CatanEngine.HexCoordinate(q: -1, r: 0), CatanEngine.HexCoordinate(q: 0, r: -1), CatanEngine.HexCoordinate(q: 0, r: 0)]))) deltaVsEnd=-0.0053972222222222754 cardsDelta=-2 roadLengthDelta=1 linearRoadCredit=0.0888 sites=2 approaches=39
H6H10 candidate=buildRoad(CatanEngine.EdgeID(a: CatanEngine.VertexID(touchingTiles: [CatanEngine.HexCoordinate(q: -1, r: 0), CatanEngine.HexCoordinate(q: -1, r: 1), CatanEngine.HexCoordinate(q: 0, r: 0)]), b: CatanEngine.VertexID(touchingTiles: [CatanEngine.HexCoordinate(q: -1, r: 0), CatanEngine.HexCoordinate(q: 0, r: -1), CatanEngine.HexCoordinate(q: 0, r: 0)]))) deltaVsEnd=-0.013924999999999965 cardsDelta=-2 roadLengthDelta=1 linearRoadCredit=0.0888 sites=2 approaches=42
H6H10 candidate=buildSettlement(CatanEngine.VertexID(touchingTiles: [CatanEngine.HexCoordinate(q: -1, r: 0), CatanEngine.HexCoordinate(q: 0, r: -1), CatanEngine.HexCoordinate(q: 0, r: 0)])) deltaVsEnd=0.8710180555555556 cardsDelta=-4 roadLengthDelta=0 linearRoadCredit=0.0 sites=0 approaches=36
H6H10 H6 alternate public army holder policy=evaluation-city-production-v1 chosen=moveRobber(CatanEngine.HexCoordinate(q: 2, r: 0), stealFrom: nil) score=-3.871593565277778
H6H10 seat=0 publicVP=0 standing=0.0 production=[0.0, 0.0, 0.0, 0.0, 0.0] bankRates=[4, 4, 4, 4, 4]
H6H10 seat=1 publicVP=4 standing=5.071625 production=[0.16666666666666666, 0.16666666666666666, 0.0, 0.6666666666666667, 0.0] bankRates=[4, 4, 4, 4, 2]
H6H10 seat=2 publicVP=3 standing=4.300793055555555 production=[0.0, 0.1388888888888889, 0.0, 0.0, 0.1388888888888889] bankRates=[4, 4, 4, 4, 4]
H6H10 seat=3 publicVP=0 standing=0.0 production=[0.0, 0.0, 0.0, 0.0, 0.0] bankRates=[4, 4, 4, 4, 4]
H6H10 candidate=moveRobber(CatanEngine.HexCoordinate(q: 2, r: 0), stealFrom: nil) deltaVsEnd=0.0 cardsDelta=0 roadLengthDelta=0 linearRoadCredit=0.0 sites=0 approaches=0
✔ Test componentsReconstructTheActualReductions() passed after 95.006 seconds.
✔ Test acceptsFundingButPreservesAnAlreadyFundedRecipe(tier:) with 2 test cases passed after 95.007 seconds.
✔ Test aBankTradeThatUnlocksNothingIsRefused() passed after 94.978 seconds.
✔ Test aCertainSailingWinBeatsEvenANinetyOnePercentFinishingDraw() passed after 95.013 seconds.
✔ Test aBankTradeThatUnlocksACityIsTaken() passed after 94.978 seconds.
✔ Test flexibleProductionIsAllocatedOnceAcrossRecipeDeficits() passed after 95.007 seconds.
✔ Test roadsCannotPromiseASiteWhoseCoastIsStillHidden() passed after 94.978 seconds.
✔ Test anUnfundedVoyageCanImproveAPoorLandingWithoutGivingUpAccess(tier:) with 2 test cases passed after 94.957 seconds.
✔ Test fundedInlandOpeningMakesUsefulRoadProgress(tier:) with 2 test cases passed after 93.547 seconds.
✔ Test expertReplacementHullDoesNotRenewTheFirstExpeditionPremium() passed after 94.957 seconds.
✔ Test aPermanentWinningUpgradeBeatsAnotherExpedition(tier:) with 2 test cases passed after 94.957 seconds.
✔ Test hiddenWorldHandsDeckAndFutureRNGCannotChangeDecision(tier:) with 2 test cases passed after 93.511 seconds.
✔ Test expertLaunchPlansAProvableWinningColonyWithinThisTurn() passed after 95.007 seconds.
✔ Test aWinningLargestArmyKnightClosesTheGame(tier:) with 2 test cases passed after 92.281 seconds.
✔ Test yearOfPlentyFundsTheMissingExpeditionIngredients(tier:) with 2 test cases passed after 92.280 seconds.
✔ Test expertDoesNotBuyDuplicateAccessWhileAnExistingHullCanDoTheJob() passed after 92.619 seconds.
✔ Test expertFundsAWinnableRoadEvenWithNoSettlementSupplyOrApproach() passed after 93.511 seconds.
✔ Test exchangesOnlyTheSurplusToCompleteAShip(tier:) with 2 test cases passed after 92.094 seconds.
✔ Test unknownComponentConnectionsCannotPromiseAColonyPoint() passed after 92.134 seconds.
✔ Test owningEveryVictoryCardRemovesTheFalseImmediateDrawPremium(tier:) with 2 test cases passed after 92.095 seconds.
✔ Test frozenWeightsHaveZeroGradient() passed after 95.018 seconds.
✔ Test responseOnlyMasksPreservePolicyRNG(tier:) with 2 test cases passed after 91.528 seconds.
✔ Test aPayersRealHandDoesNotDecideWhetherATradeIsProjected() passed after 90.903 seconds.
✔ Test handingTheLeaderWhatItNeedsCostsMoreThanHandingItToATrailingSeat() passed after 90.900 seconds.
✔ Test probabilitiesSumToOne() passed after 90.882 seconds.
✔ Test fittingNothingReturnsTheAnchor() passed after 90.882 seconds.
✔ Test aPubliclyCertainColonyWinBeatsAProductiveNonwinningCity(tier:) with 2 test cases passed after 92.096 seconds.
✔ Test theGradientMatchesTheLikelihoodOnRelinearisedRecords() passed after 90.885 seconds.
✔ Test theGreedyAnchorSitsBetweenRandomAndTheHeuristic() passed after 95.026 seconds.
✔ Test aFitResumesFromItsStartingPoint() passed after 90.887 seconds.
✔ Test seededSelfPlayReproducesExactly() passed after 92.035 seconds.
✔ Test affordableCityWithNoSettlementIsNotBuildable() passed after 90.883 seconds.
✔ Test productionReflectsNativeBankShortageWithoutChangingState() passed after 90.880 seconds.
✔ Test givingAwayOwnedOreCanDestroyExistingDevCardOption() passed after 90.880 seconds.
✔ Test woolForOreCompletesPurchaseOnlyWhenPaymentLeavesOre(oreHeld:) with 2 test cases passed after 90.880 seconds.
✔ Test unaffordableAcceptanceHasNoFabricatedAfterState() passed after 90.875 seconds.
✔ Test theSameSeedProducesTheSameGame() passed after 95.025 seconds.
✔ Test anAvailableSettlementBeatsEndingTheTurn() passed after 90.855 seconds.
✔ Test aDevelopmentCardInHandIsWorthSomething() passed after 90.855 seconds.
✔ Test weightsRoundTripThroughTheirVector() passed after 90.855 seconds.
✔ Test frozenSlotsNeverMove() passed after 90.888 seconds.
✔ Test reachingTheTargetOutweighsEveryOtherTerm() passed after 90.854 seconds.
✔ Test aPointOnTheBoardRaisesTheStanding() passed after 90.853 seconds.
✔ Test aPointTheLeaderAlsoGainsIsWorthLessThanAPointWeGainAlone() passed after 90.854 seconds.
✔ Test atomicPaymentDoesNotInventDevelopmentCardAffordability() passed after 90.883 seconds.
✔ Test atSevenAGhostMayEndItsTurn() passed after 90.211 seconds.
✔ Test expertSpendsDownAHoardedHand() passed after 90.202 seconds.
✔ Test onlyAnOwnTurnOverTheThresholdMustSpend() passed after 90.194 seconds.
✔ Test invalidAutomaticMoveStillFailsExtractionWithItsIndex() passed after 90.000 seconds.
✔ Test manualResponsesTrainButTheSameAutomaticMoveDoesNot(accept:) with 2 test cases passed after 89.961 seconds.
✔ Test automaticRejectionStillAppliesBeforeTheNextProposalAndHumanChoice() passed after 89.961 seconds.
✔ Test actualDiscoveryIsIndependentDestinationProgress() passed after 88.132 seconds.
✔ Test aHomeCoastIsNotAnOverseasColony() passed after 88.132 seconds.
✔ Test aCityUpgradeDoesNotInventNewExpeditionAccess() passed after 87.467 seconds.
✔ Test aHoardedTurnPlaysDownAndEnds() passed after 90.546 seconds.
✔ Test foundingAColonyJustifiesProductiveBacktracking() passed after 87.467 seconds.
✔ Test anIdleReturnCannotHideBehindResourceStepOrCounterChanges() passed after 87.332 seconds.
✔ Test aTradeThatCompletesACityIsAccepted() passed after 85.933 seconds.
✔ Test mainTurnTraceAppendsActualEvaluationsIncludingFallbackPass() passed after 79.512 seconds.
✔ Test missingReceiverHasNoArithmeticAndEvaluatesFalse() passed after 79.512 seconds.
✔ Test exactThresholdTieRejectsButNextLowerThresholdAccepts() passed after 79.512 seconds.
✔ Test reportsAllThresholdShiftsAndCostOnlyUnlock() passed after 79.467 seconds.
✔ Test buildPathPreservesRNGConsumptionAndOmitsUnvisitedFallback() passed after 79.466 seconds.
✔ Test negativeShiftClampsThresholdWithoutAcceptingBreakEven() passed after 79.466 seconds.
✔ Test scopedRejectionRecordsTheActualFailedAssessment() passed after 79.466 seconds.
✔ Test anAcceptanceThatDoesNotClearTheMarginIsRefused() passed after 85.933 seconds.
✔ Test nonTradePhaseLeavesTraceEmpty() passed after 79.434 seconds.
✔ Test reportsWorkedResourceArithmetic() passed after 79.434 seconds.
✔ Test scopedRejectionOnlyAndAbsentOfferDoNotInventAssessments() passed after 79.434 seconds.
✔ Test scopedTradeStopsAfterFirstAcceptanceAcrossPersonalities() passed after 79.434 seconds.
✔ Test oldRevisionsPreRollAndDiscardRemainUnchanged() passed after 59.392 seconds.
✔ Test plentyCompletesACityInsteadOfKeepingTheCardOrTakingAMixedPair() passed after 59.392 seconds.
✔ Test winningReadinessClosesTheExistingTerminalGap() passed after 59.392 seconds.
✔ Test anAlreadyAffordablePurchaseOrExhaustedCitySupplyEarnsNoNewCredit() passed after 59.392 seconds.
✔ Test freeRoadsOpenOnlyAnAffordableLegalSettlement() passed after 59.392 seconds.
✔ Test hiddenHandsCardFacesDeckOrderAndRNGDoNotChangeCredit() passed after 59.392 seconds.
✔ Test lambdaZeroPlaysExactlyLikeExpert() passed after 95.027 seconds.
✔ Test robberPolicyTraceUsesItsCompleteLegalMask(selfCollateral:steal:) with 4 test cases passed after 57.558 seconds.
✔ Test anOpponentsRoadCannotBecomeAnApproachShortcut() passed after 57.558 seconds.
✔ Test roadProgressFindsARealDistanceLegalSettlement() passed after 57.558 seconds.
✔ Test sharedTileChargesTheRobberMoverForItsOwnCity() passed after 57.558 seconds.
✔ Test blockedPathsAgreeWithEngineAndKeepLegalDetours(blockWithCity:) with 2 test cases passed after 57.558 seconds.
✔ Test gradientPredictsARescore() passed after 95.025 seconds.
✔ Test roadAndSpendDownTraceUsesActualExpertChoice(handSize:) with 2 test cases passed after 57.558 seconds.
✔ Test publicRivalStandingAndHiddenVictoryPointsStaySeparate() passed after 57.558 seconds.
✔ Test robberBlocksProbabilityTimesBuildingYield() passed after 57.557 seconds.
✔ Test expertConvertsAnAffordableReachableSiteIntoAPoint() passed after 57.558 seconds.
✔ Suite ExpertRevisionTests passed after 95.032 seconds.
✔ Suite TradeCascadeTests passed after 95.032 seconds.
✔ Suite TradeRefusingPolicyTests passed after 95.032 seconds.
✔ Suite GhostCandidateScoringTests passed after 95.032 seconds.
✔ Suite TradeAccountingBoundaryTests passed after 95.032 seconds.
✔ Suite GhostProfileTests passed after 95.032 seconds.
✔ Suite JointTradeResponsePolicyTests passed after 95.032 seconds.
✔ Suite PlannerTradeTests passed after 95.033 seconds.
✔ Suite GhostStyleFeaturesTests passed after 95.033 seconds.
✔ Suite NavalPolicyTests passed after 95.033 seconds.
✔ Suite EvaluationTradeRepeatTests passed after 95.033 seconds.
✔ Suite TradeContributionTests passed after 95.033 seconds.
✔ Suite EvaluationBankTradeTests passed after 95.033 seconds.
✔ Suite EvaluationCounterpartyTests passed after 95.033 seconds.
✔ Suite TradeReviewContextTests passed after 95.033 seconds.
✔ Suite GhostTrainingProvenanceTests passed after 95.033 seconds.
✔ Suite NavalNavigationDiagnosticsTests passed after 95.033 seconds.
✔ Suite EvaluationTradeGainTests passed after 95.033 seconds.
✔ Suite TradeAssessmentTests passed after 95.033 seconds.
✔ Suite PointCompletingCardsTests passed after 95.033 seconds.
◇ Test replayingTheSameSeedInThisProcessAlsoMatches() started.
✔ Test aGhostSpendsDownEvenWhenItsHabitsSayEndTheTurn() passed after 90.202 seconds.
✔ Suite HandDisciplineTests passed after 95.035 seconds.
✔ Test approachDistanceCannotExceedRemainingRoadPieces() passed after 57.626 seconds.
✔ Test settlementSupplyFiltersSitesAndACityReturnsAPiece() passed after 58.220 seconds.
✔ Suite HumanReviewStrategyDiagnosticsTests passed after 95.693 seconds.
✔ Test anIncrementalFitKeepsBetaNearThePreviousGhost() passed after 93.298 seconds.
✔ Test anIncrementalFitStaysNearThePreviousGhost() passed after 96.898 seconds.
✔ Test replayingTheSameSeedInThisProcessAlsoMatches() passed after 6.012 seconds.
◇ Test conquestSeededSelfPlayReproducesExactly() started.
✔ Test conquestSeededSelfPlayReproducesExactly() passed after 8.475 seconds.
◇ Test expandedSeededSelfPlayReproducesExactly() started.
✔ Test weightsKeepTheirSignAndStayInTheTrustRegion() passed after 106.579 seconds.
✔ Test countsAgreeWithTheFinalBoard() passed after 113.728 seconds.
✔ Suite GhostSeatStatsTests passed after 113.731 seconds.
✔ Test everyRecordNamesAChosenCandidateAndHasFullVectors() passed after 114.832 seconds.
✔ Suite GhostDecisionExtractorTests passed after 114.839 seconds.
✔ Test concurrentHumanAndBotDiscardTurnsNeverCrash() passed after 116.616 seconds.
✔ Test everyMoveComesFromTheSuppliedMask() passed after 118.451 seconds.
✔ Test expandedSeededSelfPlayReproducesExactly() passed after 43.798 seconds.
✔ Suite SelfPlayReproducibility passed after 153.320 seconds.
✔ Test theEvaluatorBuysDevelopmentCardsOverAGame() passed after 150.249 seconds.
✔ Suite PositionEvaluatorTests passed after 154.425 seconds.
✔ Test aGhostFinishesAGame() passed after 157.417 seconds.
✔ Suite GhostPolicyTests passed after 157.422 seconds.
✔ Test aFewAbsurdlyScoredOptionsDoNotCollapseBeta() passed after 170.456 seconds.
✔ Test aCompleteExternalSeatMatchStaysReloadable(players:) with 2 test cases passed after 193.122 seconds.
✔ Suite NavalMixedSessionTests passed after 193.125 seconds.
✔ Test theFitRecoversAKnownPerson() passed after 192.395 seconds.
✔ Suite GhostPersonModelTests passed after 196.537 seconds.
✔ Test aFullGameReachesAWinner(mode:) with 2 test cases passed after 606.111 seconds.
✔ Suite EvaluationPolicyTests passed after 606.115 seconds.
✔ Test run with 303 tests in 30 suites passed after 606.115 seconds.

[1m▸ coverage floors[0m
coverage Packages/CatanEngine          96.72%  (floor 95%)
coverage Packages/CatanAI              96.01%  (floor 95%)

[1m▸ gitleaks[0m
11:53PM INF 872 commits scanned.
11:53PM INF scanned ~70306824 bytes (70.31 MB) in 5.93s
11:53PM INF no leaks found

[1m▸ app tests[0m
  QA simulator: 937692FF-BFBF-4683-80E5-2590F5288D56 (1 parallel workers)
** TEST SUCCEEDED **
2026-10-07 00:00:45.829026-0400 Settlers[22199:1693620] [ShareSheet] Failed to request default share mode for fileURL:file:///tmp/replay-share-controller-test.mp4 error:Error Domain=NSOSStatusErrorDomain Code=-10814 "(null)" UserInfo={_LSFile=LSBindingEvaluator.mm, _LSLine=1973, _LSFunction=runEvaluator}
2026-10-07 00:00:45.990344-0400 Settlers[22199:1693620] [ShareSheet] Failed to request default share mode for fileURL:file:///tmp/replay-share-controller-test.mp4 error:Error Domain=NSOSStatusErrorDomain Code=-10814 "(null)" UserInfo={_LSFile=LSBindingEvaluator.mm, _LSLine=1973, _LSFunction=runEvaluator}
2026-10-07 00:00:46.002933-0400 Settlers[22199:1693620] [ShareSheet] Failed to request default share mode for fileURL:file:///tmp/replay-share-controller-test.mp4 error:Error Domain=NSOSStatusErrorDomain Code=-10814 "(null)" UserInfo={_LSFile=LSBindingEvaluator.mm, _LSLine=1973, _LSFunction=runEvaluator}
2026-10-07 00:00:46.013961-0400 Settlers[22199:1693620] [ShareSheet] Failed to request default share mode for fileURL:file:///tmp/replay-share-controller-test.mp4 error:Error Domain=NSOSStatusErrorDomain Code=-10814 "(null)" UserInfo={_LSFile=LSBindingEvaluator.mm, _LSLine=1973, _LSFunction=runEvaluator}
✔ Test run with 549 tests in 77 suites passed after 381.374 seconds.

[1m▸ app build (Release)[0m
** BUILD SUCCEEDED **

[1m▸ app build (Debug)[0m
** BUILD SUCCEEDED **

[1m─── summary ───[0m
[32mPASS  xcodegen drift  (0s)[0m
[32mPASS  swiftlint --strict  (1s)[0m
[32mPASS  evaluation tooling  (9s)[0m
[32mPASS  packages build (W=E)  (20s)[0m
[32mPASS  CatanEngine tests  (35s)[0m
[32mPASS  CatanAI tests  (622s)[0m
[32mPASS  coverage floors  (1s)[0m
[32mPASS  gitleaks  (6s)[0m
[32mPASS  app tests  (3260s)[0m
[32mPASS  app build (Release)  (47s)[0m
[32mPASS  app build (Debug)  (2s)[0m

[32mgate: passed[0m
