Command line invocation:
    /Applications/Xcode.app/Contents/Developer/usr/bin/xcodebuild -project /Users/alex/.codex/worktrees/naval-exploration/Settlers/Settlers.xcodeproj -scheme Settlers -configuration Release -destination generic/platform=iOS -archivePath /Users/alex/.codex/artifacts/naval-exploration/build23-sprites-build-trade-safety/Empires-23.xcarchive -derivedDataPath /Users/alex/.codex/artifacts/naval-exploration/build23-sprites-build-trade-safety/archive-derived -jobs 2 "OTHER_SWIFT_FLAGS=$(inherited) -driver-batch-count 2" CODE_SIGN_STYLE=Manual DEVELOPMENT_TEAM=HXB9F28LHR "PROVISIONING_PROFILE_SPECIFIER=Empires App Store 20261004" CODE_SIGN_IDENTITY=76465B06C2E157D857641F5B3D25CF5A3110C4A9 "OTHER_CODE_SIGN_FLAGS=--keychain /Users/alex/Library/Keychains/login.keychain-db" SETTLERS_CLOUDKIT_CONTAINER=iCloud.com.alexchandler.empires SETTLERS_ENTITLEMENTS=Settlers/LiveSync.entitlements archive

Build settings from command line:
    CODE_SIGN_IDENTITY = 76465B06C2E157D857641F5B3D25CF5A3110C4A9
    CODE_SIGN_STYLE = Manual
    DEVELOPMENT_TEAM = HXB9F28LHR
    OTHER_CODE_SIGN_FLAGS = --keychain /Users/alex/Library/Keychains/login.keychain-db
    OTHER_SWIFT_FLAGS = $(inherited) -driver-batch-count 2
    PROVISIONING_PROFILE_SPECIFIER = Empires App Store 20261004
    SETTLERS_CLOUDKIT_CONTAINER = iCloud.com.alexchandler.empires
    SETTLERS_ENTITLEMENTS = Settlers/LiveSync.entitlements

Resolve Package Graph


Resolved source packages:
  CatanEngine: /Users/alex/.codex/worktrees/naval-exploration/Settlers/Packages/CatanEngine
  CatanAI: /Users/alex/.codex/worktrees/naval-exploration/Settlers/Packages/CatanAI

Build Preparation
Build task concurrency set to 2 via user default IDEBuildOperationMaxNumberOfConcurrentCompileTasks

note: Using codesigning identity override: 76465B06C2E157D857641F5B3D25CF5A3110C4A9
ComputePackagePrebuildTargetDependencyGraph

Prepare packages

CreateBuildRequest

SendProjectDescription

CreateBuildOperation

ComputeTargetDependencyGraph
note: Building targets in dependency order
note: Target dependency graph (5 targets)
    Target 'Settlers' in project 'Settlers'
        ➜ Explicit dependency on target 'CatanEngine' in project 'CatanEngine'
        ➜ Explicit dependency on target 'CatanAI' in project 'CatanAI'
    Target 'CatanAI' in project 'CatanAI'
        ➜ Explicit dependency on target 'CatanAI' in project 'CatanAI'
        ➜ Explicit dependency on target 'CatanEngine' in project 'CatanEngine'
    Target 'CatanAI' in project 'CatanAI'
        ➜ Explicit dependency on target 'CatanEngine' in project 'CatanEngine'
    Target 'CatanEngine' in project 'CatanEngine'
        ➜ Explicit dependency on target 'CatanEngine' in project 'CatanEngine'
    Target 'CatanEngine' in project 'CatanEngine' (no dependencies)

GatherProvisioningInputs

CreateBuildDescription

ExecuteExternalTool /Applications/Xcode.app/Contents/Developer/Toolchains/XcodeDefault.xctoolchain/usr/bin/clang -v -E -dM -isysroot /Applications/Xcode.app/Contents/Developer/Platforms/iPhoneOS.platform/Developer/SDKs/iPhoneOS26.5.sdk -x c -c /dev/null

ExecuteExternalTool /Applications/Xcode.app/Contents/Developer/Toolchains/XcodeDefault.xctoolchain/usr/bin/swiftc --version

ExecuteExternalTool /Applications/Xcode.app/Contents/Developer/usr/bin/actool --print-asset-tag-combinations --output-format xml1 /Users/alex/.codex/worktrees/naval-exploration/Settlers/Settlers/Assets.xcassets

ExecuteExternalTool /Applications/Xcode.app/Contents/Developer/Toolchains/XcodeDefault.xctoolchain/usr/bin/ld -version_details

ExecuteExternalTool /Applications/Xcode.app/Contents/Developer/usr/bin/actool --version --output-format xml1

Build description signature: 87f079219c3808578a4df35edab79a3a
Build description path: /Users/alex/.codex/artifacts/naval-exploration/build23-sprites-build-trade-safety/archive-derived/Build/Intermediates.noindex/ArchiveIntermediates/Settlers/IntermediateBuildFilesPath/XCBuildData/87f079219c3808578a4df35edab79a3a.xcbuilddata
CreateBuildDirectory /Users/alex/.codex/artifacts/naval-exploration/build23-sprites-build-trade-safety/archive-derived/Build/Intermediates.noindex/ArchiveIntermediates/Settlers/InstallationBuildProductsLocation
    cd /Users/alex/.codex/worktrees/naval-exploration/Settlers/Settlers.xcodeproj
    builtin-create-build-directory /Users/alex/.codex/artifacts/naval-exploration/build23-sprites-build-trade-safety/archive-derived/Build/Intermediates.noindex/ArchiveIntermediates/Settlers/InstallationBuildProductsLocation

ClangStatCache /Applications/Xcode.app/Contents/Developer/Toolchains/XcodeDefault.xctoolchain/usr/bin/clang-stat-cache /Applications/Xcode.app/Contents/Developer/Platforms/iPhoneOS.platform/Developer/SDKs/iPhoneOS26.5.sdk /Users/alex/.codex/artifacts/naval-exploration/build23-sprites-build-trade-safety/archive-derived/SDKStatCaches.noindex/iphoneos26.5-23F73-32daed1954a7d5dd0789fcaf2a9bb78b.sdkstatcache
    cd /Users/alex/.codex/worktrees/naval-exploration/Settlers/Settlers.xcodeproj
    /Applications/Xcode.app/Contents/Developer/Toolchains/XcodeDefault.xctoolchain/usr/bin/clang-stat-cache /Applications/Xcode.app/Contents/Developer/Platforms/iPhoneOS.platform/Developer/SDKs/iPhoneOS26.5.sdk -o /Users/alex/.codex/artifacts/naval-exploration/build23-sprites-build-trade-safety/archive-derived/SDKStatCaches.noindex/iphoneos26.5-23F73-32daed1954a7d5dd0789fcaf2a9bb78b.sdkstatcache

CreateBuildDirectory /Users/alex/.codex/artifacts/naval-exploration/build23-sprites-build-trade-safety/archive-derived/Build/Intermediates.noindex/ArchiveIntermediates/Settlers/IntermediateBuildFilesPath
    cd /Users/alex/.codex/worktrees/naval-exploration/Settlers/Settlers.xcodeproj
    builtin-create-build-directory /Users/alex/.codex/artifacts/naval-exploration/build23-sprites-build-trade-safety/archive-derived/Build/Intermediates.noindex/ArchiveIntermediates/Settlers/IntermediateBuildFilesPath

CreateBuildDirectory /Users/alex/.codex/artifacts/naval-exploration/build23-sprites-build-trade-safety/archive-derived/Build/Intermediates.noindex/ArchiveIntermediates/Settlers/BuildProductsPath
    cd /Users/alex/.codex/worktrees/naval-exploration/Settlers/Settlers.xcodeproj
    builtin-create-build-directory /Users/alex/.codex/artifacts/naval-exploration/build23-sprites-build-trade-safety/archive-derived/Build/Intermediates.noindex/ArchiveIntermediates/Settlers/BuildProductsPath

CreateBuildDirectory /Users/alex/.codex/artifacts/naval-exploration/build23-sprites-build-trade-safety/archive-derived/Build/Intermediates.noindex/ArchiveIntermediates/Settlers/BuildProductsPath/Release-iphoneos
    cd /Users/alex/.codex/worktrees/naval-exploration/Settlers/Settlers.xcodeproj
    builtin-create-build-directory /Users/alex/.codex/artifacts/naval-exploration/build23-sprites-build-trade-safety/archive-derived/Build/Intermediates.noindex/ArchiveIntermediates/Settlers/BuildProductsPath/Release-iphoneos

WriteAuxiliaryFile /Users/alex/.codex/artifacts/naval-exploration/build23-sprites-build-trade-safety/archive-derived/Build/Intermediates.noindex/ArchiveIntermediates/Settlers/IntermediateBuildFilesPath/Settlers.build/Release-iphoneos/Settlers-9ad65172c434931f4eb5300f50bbe1d2-VFS-iphoneos/all-product-headers.yaml
    cd /Users/alex/.codex/worktrees/naval-exploration/Settlers/Settlers.xcodeproj
    write-file /Users/alex/.codex/artifacts/naval-exploration/build23-sprites-build-trade-safety/archive-derived/Build/Intermediates.noindex/ArchiveIntermediates/Settlers/IntermediateBuildFilesPath/Settlers.build/Release-iphoneos/Settlers-9ad65172c434931f4eb5300f50bbe1d2-VFS-iphoneos/all-product-headers.yaml

CreateBuildDirectory /Users/alex/.codex/artifacts/naval-exploration/build23-sprites-build-trade-safety/archive-derived/Build/Intermediates.noindex/ArchiveIntermediates/Settlers/IntermediateBuildFilesPath/SwiftExplicitPrecompiledModules
    cd /Users/alex/.codex/worktrees/naval-exploration/Settlers/Settlers.xcodeproj
    builtin-create-build-directory /Users/alex/.codex/artifacts/naval-exploration/build23-sprites-build-trade-safety/archive-derived/Build/Intermediates.noindex/ArchiveIntermediates/Settlers/IntermediateBuildFilesPath/SwiftExplicitPrecompiledModules

CreateBuildDirectory /Users/alex/.codex/artifacts/naval-exploration/build23-sprites-build-trade-safety/archive-derived/Build/Intermediates.noindex/ArchiveIntermediates/Settlers/IntermediateBuildFilesPath/ExplicitPrecompiledModules
    cd /Users/alex/.codex/worktrees/naval-exploration/Settlers/Settlers.xcodeproj
    builtin-create-build-directory /Users/alex/.codex/artifacts/naval-exploration/build23-sprites-build-trade-safety/archive-derived/Build/Intermediates.noindex/ArchiveIntermediates/Settlers/IntermediateBuildFilesPath/ExplicitPrecompiledModules

CreateBuildDirectory /Users/alex/.codex/artifacts/naval-exploration/build23-sprites-build-trade-safety/archive-derived/Build/Intermediates.noindex/ArchiveIntermediates/Settlers/IntermediateBuildFilesPath/EagerLinkingTBDs/Release-iphoneos
    cd /Users/alex/.codex/worktrees/naval-exploration/Settlers/Settlers.xcodeproj
    builtin-create-build-directory /Users/alex/.codex/artifacts/naval-exploration/build23-sprites-build-trade-safety/archive-derived/Build/Intermediates.noindex/ArchiveIntermediates/Settlers/IntermediateBuildFilesPath/EagerLinkingTBDs/Release-iphoneos

CreateBuildDirectory /Users/alex/.codex/artifacts/naval-exploration/build23-sprites-build-trade-safety/archive-derived/Build/Intermediates.noindex/ArchiveIntermediates/Settlers/BuildProductsPath/Release-iphoneos/PackageFrameworks
    cd /Users/alex/.codex/worktrees/naval-exploration/Settlers/Settlers.xcodeproj
    builtin-create-build-directory /Users/alex/.codex/artifacts/naval-exploration/build23-sprites-build-trade-safety/archive-derived/Build/Intermediates.noindex/ArchiveIntermediates/Settlers/BuildProductsPath/Release-iphoneos/PackageFrameworks

WriteAuxiliaryFile /Users/alex/.codex/artifacts/naval-exploration/build23-sprites-build-trade-safety/archive-derived/Build/Intermediates.noindex/ArchiveIntermediates/Settlers/IntermediateBuildFilesPath/Settlers.build/Release-iphoneos/Settlers.build/Settlers.hmap (in target 'Settlers' from project 'Settlers')
    cd /Users/alex/.codex/worktrees/naval-exploration/Settlers
    write-file /Users/alex/.codex/artifacts/naval-exploration/build23-sprites-build-trade-safety/archive-derived/Build/Intermediates.noindex/ArchiveIntermediates/Settlers/IntermediateBuildFilesPath/Settlers.build/Release-iphoneos/Settlers.build/Settlers.hmap

WriteAuxiliaryFile /Users/alex/.codex/artifacts/naval-exploration/build23-sprites-build-trade-safety/archive-derived/Build/Intermediates.noindex/ArchiveIntermediates/Settlers/IntermediateBuildFilesPath/Settlers.build/Release-iphoneos/Settlers.build/Settlers.DependencyStaticMetadataFileList (in target 'Settlers' from project 'Settlers')
    cd /Users/alex/.codex/worktrees/naval-exploration/Settlers
    write-file /Users/alex/.codex/artifacts/naval-exploration/build23-sprites-build-trade-safety/archive-derived/Build/Intermediates.noindex/ArchiveIntermediates/Settlers/IntermediateBuildFilesPath/Settlers.build/Release-iphoneos/Settlers.build/Settlers.DependencyStaticMetadataFileList

WriteAuxiliaryFile /Users/alex/.codex/artifacts/naval-exploration/build23-sprites-build-trade-safety/archive-derived/Build/Intermediates.noindex/ArchiveIntermediates/Settlers/IntermediateBuildFilesPath/Settlers.build/Release-iphoneos/Settlers.build/Settlers.DependencyMetadataFileList (in target 'Settlers' from project 'Settlers')
    cd /Users/alex/.codex/worktrees/naval-exploration/Settlers
    write-file /Users/alex/.codex/artifacts/naval-exploration/build23-sprites-build-trade-safety/archive-derived/Build/Intermediates.noindex/ArchiveIntermediates/Settlers/IntermediateBuildFilesPath/Settlers.build/Release-iphoneos/Settlers.build/Settlers.DependencyMetadataFileList

WriteAuxiliaryFile /Users/alex/.codex/artifacts/naval-exploration/build23-sprites-build-trade-safety/archive-derived/Build/Intermediates.noindex/ArchiveIntermediates/Settlers/IntermediateBuildFilesPath/Settlers.build/Release-iphoneos/Settlers.build/Settlers-project-headers.hmap (in target 'Settlers' from project 'Settlers')
    cd /Users/alex/.codex/worktrees/naval-exploration/Settlers
    write-file /Users/alex/.codex/artifacts/naval-exploration/build23-sprites-build-trade-safety/archive-derived/Build/Intermediates.noindex/ArchiveIntermediates/Settlers/IntermediateBuildFilesPath/Settlers.build/Release-iphoneos/Settlers.build/Settlers-project-headers.hmap

WriteAuxiliaryFile /Users/alex/.codex/artifacts/naval-exploration/build23-sprites-build-trade-safety/archive-derived/Build/Intermediates.noindex/ArchiveIntermediates/Settlers/IntermediateBuildFilesPath/Settlers.build/Release-iphoneos/Settlers.build/Settlers-own-target-headers.hmap (in target 'Settlers' from project 'Settlers')
    cd /Users/alex/.codex/worktrees/naval-exploration/Settlers
    write-file /Users/alex/.codex/artifacts/naval-exploration/build23-sprites-build-trade-safety/archive-derived/Build/Intermediates.noindex/ArchiveIntermediates/Settlers/IntermediateBuildFilesPath/Settlers.build/Release-iphoneos/Settlers.build/Settlers-own-target-headers.hmap

WriteAuxiliaryFile /Users/alex/.codex/artifacts/naval-exploration/build23-sprites-build-trade-safety/archive-derived/Build/Intermediates.noindex/ArchiveIntermediates/Settlers/IntermediateBuildFilesPath/Settlers.build/Release-iphoneos/Settlers.build/Settlers-generated-files.hmap (in target 'Settlers' from project 'Settlers')
    cd /Users/alex/.codex/worktrees/naval-exploration/Settlers
    write-file /Users/alex/.codex/artifacts/naval-exploration/build23-sprites-build-trade-safety/archive-derived/Build/Intermediates.noindex/ArchiveIntermediates/Settlers/IntermediateBuildFilesPath/Settlers.build/Release-iphoneos/Settlers.build/Settlers-generated-files.hmap

WriteAuxiliaryFile /Users/alex/.codex/artifacts/naval-exploration/build23-sprites-build-trade-safety/archive-derived/Build/Intermediates.noindex/ArchiveIntermediates/Settlers/IntermediateBuildFilesPath/Settlers.build/Release-iphoneos/Settlers.build/Settlers-all-target-headers.hmap (in target 'Settlers' from project 'Settlers')
    cd /Users/alex/.codex/worktrees/naval-exploration/Settlers
    write-file /Users/alex/.codex/artifacts/naval-exploration/build23-sprites-build-trade-safety/archive-derived/Build/Intermediates.noindex/ArchiveIntermediates/Settlers/IntermediateBuildFilesPath/Settlers.build/Release-iphoneos/Settlers.build/Settlers-all-target-headers.hmap

WriteAuxiliaryFile /Users/alex/.codex/artifacts/naval-exploration/build23-sprites-build-trade-safety/archive-derived/Build/Intermediates.noindex/ArchiveIntermediates/Settlers/IntermediateBuildFilesPath/Settlers.build/Release-iphoneos/Settlers.build/Settlers-all-non-framework-target-headers.hmap (in target 'Settlers' from project 'Settlers')
    cd /Users/alex/.codex/worktrees/naval-exploration/Settlers
    write-file /Users/alex/.codex/artifacts/naval-exploration/build23-sprites-build-trade-safety/archive-derived/Build/Intermediates.noindex/ArchiveIntermediates/Settlers/IntermediateBuildFilesPath/Settlers.build/Release-iphoneos/Settlers.build/Settlers-all-non-framework-target-headers.hmap

WriteAuxiliaryFile /Users/alex/.codex/artifacts/naval-exploration/build23-sprites-build-trade-safety/archive-derived/Build/Intermediates.noindex/ArchiveIntermediates/Settlers/IntermediateBuildFilesPath/Settlers.build/Release-iphoneos/Settlers.build/Objects-normal/arm64/Settlers_const_extract_protocols.json (in target 'Settlers' from project 'Settlers')
    cd /Users/alex/.codex/worktrees/naval-exploration/Settlers
    write-file /Users/alex/.codex/artifacts/naval-exploration/build23-sprites-build-trade-safety/archive-derived/Build/Intermediates.noindex/ArchiveIntermediates/Settlers/IntermediateBuildFilesPath/Settlers.build/Release-iphoneos/Settlers.build/Objects-normal/arm64/Settlers_const_extract_protocols.json

WriteAuxiliaryFile /Users/alex/.codex/artifacts/naval-exploration/build23-sprites-build-trade-safety/archive-derived/Build/Intermediates.noindex/ArchiveIntermediates/Settlers/IntermediateBuildFilesPath/Settlers.build/Release-iphoneos/Settlers.build/Objects-normal/arm64/Settlers.SwiftFileList (in target 'Settlers' from project 'Settlers')
    cd /Users/alex/.codex/worktrees/naval-exploration/Settlers
    write-file /Users/alex/.codex/artifacts/naval-exploration/build23-sprites-build-trade-safety/archive-derived/Build/Intermediates.noindex/ArchiveIntermediates/Settlers/IntermediateBuildFilesPath/Settlers.build/Release-iphoneos/Settlers.build/Objects-normal/arm64/Settlers.SwiftFileList

WriteAuxiliaryFile /Users/alex/.codex/artifacts/naval-exploration/build23-sprites-build-trade-safety/archive-derived/Build/Intermediates.noindex/ArchiveIntermediates/Settlers/IntermediateBuildFilesPath/Settlers.build/Release-iphoneos/Settlers.build/Objects-normal/arm64/Settlers.SwiftConstValuesFileList (in target 'Settlers' from project 'Settlers')
    cd /Users/alex/.codex/worktrees/naval-exploration/Settlers
    write-file /Users/alex/.codex/artifacts/naval-exploration/build23-sprites-build-trade-safety/archive-derived/Build/Intermediates.noindex/ArchiveIntermediates/Settlers/IntermediateBuildFilesPath/Settlers.build/Release-iphoneos/Settlers.build/Objects-normal/arm64/Settlers.SwiftConstValuesFileList

WriteAuxiliaryFile /Users/alex/.codex/artifacts/naval-exploration/build23-sprites-build-trade-safety/archive-derived/Build/Intermediates.noindex/ArchiveIntermediates/Settlers/IntermediateBuildFilesPath/Settlers.build/Release-iphoneos/Settlers.build/Objects-normal/arm64/Settlers.LinkFileList (in target 'Settlers' from project 'Settlers')
    cd /Users/alex/.codex/worktrees/naval-exploration/Settlers
    write-file /Users/alex/.codex/artifacts/naval-exploration/build23-sprites-build-trade-safety/archive-derived/Build/Intermediates.noindex/ArchiveIntermediates/Settlers/IntermediateBuildFilesPath/Settlers.build/Release-iphoneos/Settlers.build/Objects-normal/arm64/Settlers.LinkFileList

WriteAuxiliaryFile /Users/alex/.codex/artifacts/naval-exploration/build23-sprites-build-trade-safety/archive-derived/Build/Intermediates.noindex/ArchiveIntermediates/Settlers/IntermediateBuildFilesPath/Settlers.build/Release-iphoneos/Settlers.build/Objects-normal/arm64/Settlers-OutputFileMap.json (in target 'Settlers' from project 'Settlers')
    cd /Users/alex/.codex/worktrees/naval-exploration/Settlers
    write-file /Users/alex/.codex/artifacts/naval-exploration/build23-sprites-build-trade-safety/archive-derived/Build/Intermediates.noindex/ArchiveIntermediates/Settlers/IntermediateBuildFilesPath/Settlers.build/Release-iphoneos/Settlers.build/Objects-normal/arm64/Settlers-OutputFileMap.json

WriteAuxiliaryFile /Users/alex/.codex/artifacts/naval-exploration/build23-sprites-build-trade-safety/archive-derived/Build/Intermediates.noindex/ArchiveIntermediates/Settlers/IntermediateBuildFilesPath/Settlers.build/Release-iphoneos/Settlers.build/DerivedSources/Entitlements.plist (in target 'Settlers' from project 'Settlers')
    cd /Users/alex/.codex/worktrees/naval-exploration/Settlers
    write-file /Users/alex/.codex/artifacts/naval-exploration/build23-sprites-build-trade-safety/archive-derived/Build/Intermediates.noindex/ArchiveIntermediates/Settlers/IntermediateBuildFilesPath/Settlers.build/Release-iphoneos/Settlers.build/DerivedSources/Entitlements.plist

WriteAuxiliaryFile /Users/alex/.codex/artifacts/naval-exploration/build23-sprites-build-trade-safety/archive-derived/Build/Intermediates.noindex/ArchiveIntermediates/Settlers/IntermediateBuildFilesPath/CatanEngine.build/Release-iphoneos/CatanEngine.build/Objects-normal/arm64/CatanEngine_const_extract_protocols.json (in target 'CatanEngine' from project 'CatanEngine')
    cd /Users/alex/.codex/worktrees/naval-exploration/Settlers/Packages/CatanEngine
    write-file /Users/alex/.codex/artifacts/naval-exploration/build23-sprites-build-trade-safety/archive-derived/Build/Intermediates.noindex/ArchiveIntermediates/Settlers/IntermediateBuildFilesPath/CatanEngine.build/Release-iphoneos/CatanEngine.build/Objects-normal/arm64/CatanEngine_const_extract_protocols.json

WriteAuxiliaryFile /Users/alex/.codex/artifacts/naval-exploration/build23-sprites-build-trade-safety/archive-derived/Build/Intermediates.noindex/ArchiveIntermediates/Settlers/IntermediateBuildFilesPath/CatanEngine.build/Release-iphoneos/CatanEngine.build/Objects-normal/arm64/CatanEngine.SwiftFileList (in target 'CatanEngine' from project 'CatanEngine')
    cd /Users/alex/.codex/worktrees/naval-exploration/Settlers/Packages/CatanEngine
    write-file /Users/alex/.codex/artifacts/naval-exploration/build23-sprites-build-trade-safety/archive-derived/Build/Intermediates.noindex/ArchiveIntermediates/Settlers/IntermediateBuildFilesPath/CatanEngine.build/Release-iphoneos/CatanEngine.build/Objects-normal/arm64/CatanEngine.SwiftFileList

WriteAuxiliaryFile /Users/alex/.codex/artifacts/naval-exploration/build23-sprites-build-trade-safety/archive-derived/Build/Intermediates.noindex/ArchiveIntermediates/Settlers/IntermediateBuildFilesPath/CatanEngine.build/Release-iphoneos/CatanEngine.build/Objects-normal/arm64/CatanEngine.SwiftConstValuesFileList (in target 'CatanEngine' from project 'CatanEngine')
    cd /Users/alex/.codex/worktrees/naval-exploration/Settlers/Packages/CatanEngine
    write-file /Users/alex/.codex/artifacts/naval-exploration/build23-sprites-build-trade-safety/archive-derived/Build/Intermediates.noindex/ArchiveIntermediates/Settlers/IntermediateBuildFilesPath/CatanEngine.build/Release-iphoneos/CatanEngine.build/Objects-normal/arm64/CatanEngine.SwiftConstValuesFileList

WriteAuxiliaryFile /Users/alex/.codex/artifacts/naval-exploration/build23-sprites-build-trade-safety/archive-derived/Build/Intermediates.noindex/ArchiveIntermediates/Settlers/IntermediateBuildFilesPath/CatanEngine.build/Release-iphoneos/CatanEngine.build/Objects-normal/arm64/CatanEngine.LinkFileList (in target 'CatanEngine' from project 'CatanEngine')
    cd /Users/alex/.codex/worktrees/naval-exploration/Settlers/Packages/CatanEngine
    write-file /Users/alex/.codex/artifacts/naval-exploration/build23-sprites-build-trade-safety/archive-derived/Build/Intermediates.noindex/ArchiveIntermediates/Settlers/IntermediateBuildFilesPath/CatanEngine.build/Release-iphoneos/CatanEngine.build/Objects-normal/arm64/CatanEngine.LinkFileList

WriteAuxiliaryFile /Users/alex/.codex/artifacts/naval-exploration/build23-sprites-build-trade-safety/archive-derived/Build/Intermediates.noindex/ArchiveIntermediates/Settlers/IntermediateBuildFilesPath/CatanEngine.build/Release-iphoneos/CatanEngine.build/Objects-normal/arm64/CatanEngine-OutputFileMap.json (in target 'CatanEngine' from project 'CatanEngine')
    cd /Users/alex/.codex/worktrees/naval-exploration/Settlers/Packages/CatanEngine
    write-file /Users/alex/.codex/artifacts/naval-exploration/build23-sprites-build-trade-safety/archive-derived/Build/Intermediates.noindex/ArchiveIntermediates/Settlers/IntermediateBuildFilesPath/CatanEngine.build/Release-iphoneos/CatanEngine.build/Objects-normal/arm64/CatanEngine-OutputFileMap.json

WriteAuxiliaryFile /Users/alex/.codex/artifacts/naval-exploration/build23-sprites-build-trade-safety/archive-derived/Build/Intermediates.noindex/ArchiveIntermediates/Settlers/IntermediateBuildFilesPath/CatanEngine.build/Release-iphoneos/CatanEngine.build/CatanEngine.modulemap (in target 'CatanEngine' from project 'CatanEngine')
    cd /Users/alex/.codex/worktrees/naval-exploration/Settlers/Packages/CatanEngine
    write-file /Users/alex/.codex/artifacts/naval-exploration/build23-sprites-build-trade-safety/archive-derived/Build/Intermediates.noindex/ArchiveIntermediates/Settlers/IntermediateBuildFilesPath/CatanEngine.build/Release-iphoneos/CatanEngine.build/CatanEngine.modulemap

WriteAuxiliaryFile /Users/alex/.codex/artifacts/naval-exploration/build23-sprites-build-trade-safety/archive-derived/Build/Intermediates.noindex/ArchiveIntermediates/Settlers/IntermediateBuildFilesPath/CatanEngine.build/Release-iphoneos/CatanEngine.build/CatanEngine.DependencyStaticMetadataFileList (in target 'CatanEngine' from project 'CatanEngine')
    cd /Users/alex/.codex/worktrees/naval-exploration/Settlers/Packages/CatanEngine
    write-file /Users/alex/.codex/artifacts/naval-exploration/build23-sprites-build-trade-safety/archive-derived/Build/Intermediates.noindex/ArchiveIntermediates/Settlers/IntermediateBuildFilesPath/CatanEngine.build/Release-iphoneos/CatanEngine.build/CatanEngine.DependencyStaticMetadataFileList

WriteAuxiliaryFile /Users/alex/.codex/artifacts/naval-exploration/build23-sprites-build-trade-safety/archive-derived/Build/Intermediates.noindex/ArchiveIntermediates/Settlers/IntermediateBuildFilesPath/CatanEngine.build/Release-iphoneos/CatanEngine.build/CatanEngine.DependencyMetadataFileList (in target 'CatanEngine' from project 'CatanEngine')
    cd /Users/alex/.codex/worktrees/naval-exploration/Settlers/Packages/CatanEngine
    write-file /Users/alex/.codex/artifacts/naval-exploration/build23-sprites-build-trade-safety/archive-derived/Build/Intermediates.noindex/ArchiveIntermediates/Settlers/IntermediateBuildFilesPath/CatanEngine.build/Release-iphoneos/CatanEngine.build/CatanEngine.DependencyMetadataFileList

Copy /Users/alex/.codex/artifacts/naval-exploration/build23-sprites-build-trade-safety/archive-derived/Build/Intermediates.noindex/ArchiveIntermediates/Settlers/IntermediateBuildFilesPath/GeneratedModuleMaps-iphoneos/CatanEngine.modulemap /Users/alex/.codex/artifacts/naval-exploration/build23-sprites-build-trade-safety/archive-derived/Build/Intermediates.noindex/ArchiveIntermediates/Settlers/IntermediateBuildFilesPath/CatanEngine.build/Release-iphoneos/CatanEngine.build/CatanEngine.modulemap (in target 'CatanEngine' from project 'CatanEngine')
    cd /Users/alex/.codex/worktrees/naval-exploration/Settlers/Packages/CatanEngine
    builtin-copy -exclude .DS_Store -exclude CVS -exclude .svn -exclude .git -exclude .hg -strip-unsigned-binaries -strip-deterministic -strip-tool /Applications/Xcode.app/Contents/Developer/Toolchains/XcodeDefault.xctoolchain/usr/bin/strip -resolve-src-symlinks /Users/alex/.codex/artifacts/naval-exploration/build23-sprites-build-trade-safety/archive-derived/Build/Intermediates.noindex/ArchiveIntermediates/Settlers/IntermediateBuildFilesPath/CatanEngine.build/Release-iphoneos/CatanEngine.build/CatanEngine.modulemap /Users/alex/.codex/artifacts/naval-exploration/build23-sprites-build-trade-safety/archive-derived/Build/Intermediates.noindex/ArchiveIntermediates/Settlers/IntermediateBuildFilesPath/GeneratedModuleMaps-iphoneos

WriteAuxiliaryFile /Users/alex/.codex/artifacts/naval-exploration/build23-sprites-build-trade-safety/archive-derived/Build/Intermediates.noindex/ArchiveIntermediates/Settlers/IntermediateBuildFilesPath/CatanAI.build/Release-iphoneos/CatanAI.build/Objects-normal/arm64/CatanAI_const_extract_protocols.json (in target 'CatanAI' from project 'CatanAI')
    cd /Users/alex/.codex/worktrees/naval-exploration/Settlers/Packages/CatanAI
    write-file /Users/alex/.codex/artifacts/naval-exploration/build23-sprites-build-trade-safety/archive-derived/Build/Intermediates.noindex/ArchiveIntermediates/Settlers/IntermediateBuildFilesPath/CatanAI.build/Release-iphoneos/CatanAI.build/Objects-normal/arm64/CatanAI_const_extract_protocols.json

WriteAuxiliaryFile /Users/alex/.codex/artifacts/naval-exploration/build23-sprites-build-trade-safety/archive-derived/Build/Intermediates.noindex/ArchiveIntermediates/Settlers/IntermediateBuildFilesPath/CatanAI.build/Release-iphoneos/CatanAI.build/Objects-normal/arm64/CatanAI.SwiftFileList (in target 'CatanAI' from project 'CatanAI')
    cd /Users/alex/.codex/worktrees/naval-exploration/Settlers/Packages/CatanAI
    write-file /Users/alex/.codex/artifacts/naval-exploration/build23-sprites-build-trade-safety/archive-derived/Build/Intermediates.noindex/ArchiveIntermediates/Settlers/IntermediateBuildFilesPath/CatanAI.build/Release-iphoneos/CatanAI.build/Objects-normal/arm64/CatanAI.SwiftFileList

WriteAuxiliaryFile /Users/alex/.codex/artifacts/naval-exploration/build23-sprites-build-trade-safety/archive-derived/Build/Intermediates.noindex/ArchiveIntermediates/Settlers/IntermediateBuildFilesPath/CatanAI.build/Release-iphoneos/CatanAI.build/Objects-normal/arm64/CatanAI.SwiftConstValuesFileList (in target 'CatanAI' from project 'CatanAI')
    cd /Users/alex/.codex/worktrees/naval-exploration/Settlers/Packages/CatanAI
    write-file /Users/alex/.codex/artifacts/naval-exploration/build23-sprites-build-trade-safety/archive-derived/Build/Intermediates.noindex/ArchiveIntermediates/Settlers/IntermediateBuildFilesPath/CatanAI.build/Release-iphoneos/CatanAI.build/Objects-normal/arm64/CatanAI.SwiftConstValuesFileList

WriteAuxiliaryFile /Users/alex/.codex/artifacts/naval-exploration/build23-sprites-build-trade-safety/archive-derived/Build/Intermediates.noindex/ArchiveIntermediates/Settlers/IntermediateBuildFilesPath/CatanAI.build/Release-iphoneos/CatanAI.build/Objects-normal/arm64/CatanAI.LinkFileList (in target 'CatanAI' from project 'CatanAI')
    cd /Users/alex/.codex/worktrees/naval-exploration/Settlers/Packages/CatanAI
    write-file /Users/alex/.codex/artifacts/naval-exploration/build23-sprites-build-trade-safety/archive-derived/Build/Intermediates.noindex/ArchiveIntermediates/Settlers/IntermediateBuildFilesPath/CatanAI.build/Release-iphoneos/CatanAI.build/Objects-normal/arm64/CatanAI.LinkFileList

WriteAuxiliaryFile /Users/alex/.codex/artifacts/naval-exploration/build23-sprites-build-trade-safety/archive-derived/Build/Intermediates.noindex/ArchiveIntermediates/Settlers/IntermediateBuildFilesPath/CatanAI.build/Release-iphoneos/CatanAI.build/Objects-normal/arm64/CatanAI-OutputFileMap.json (in target 'CatanAI' from project 'CatanAI')
    cd /Users/alex/.codex/worktrees/naval-exploration/Settlers/Packages/CatanAI
    write-file /Users/alex/.codex/artifacts/naval-exploration/build23-sprites-build-trade-safety/archive-derived/Build/Intermediates.noindex/ArchiveIntermediates/Settlers/IntermediateBuildFilesPath/CatanAI.build/Release-iphoneos/CatanAI.build/Objects-normal/arm64/CatanAI-OutputFileMap.json

WriteAuxiliaryFile /Users/alex/.codex/artifacts/naval-exploration/build23-sprites-build-trade-safety/archive-derived/Build/Intermediates.noindex/ArchiveIntermediates/Settlers/IntermediateBuildFilesPath/CatanAI.build/Release-iphoneos/CatanAI.build/CatanAI.modulemap (in target 'CatanAI' from project 'CatanAI')
    cd /Users/alex/.codex/worktrees/naval-exploration/Settlers/Packages/CatanAI
    write-file /Users/alex/.codex/artifacts/naval-exploration/build23-sprites-build-trade-safety/archive-derived/Build/Intermediates.noindex/ArchiveIntermediates/Settlers/IntermediateBuildFilesPath/CatanAI.build/Release-iphoneos/CatanAI.build/CatanAI.modulemap

WriteAuxiliaryFile /Users/alex/.codex/artifacts/naval-exploration/build23-sprites-build-trade-safety/archive-derived/Build/Intermediates.noindex/ArchiveIntermediates/Settlers/IntermediateBuildFilesPath/CatanAI.build/Release-iphoneos/CatanAI.build/CatanAI.DependencyStaticMetadataFileList (in target 'CatanAI' from project 'CatanAI')
    cd /Users/alex/.codex/worktrees/naval-exploration/Settlers/Packages/CatanAI
    write-file /Users/alex/.codex/artifacts/naval-exploration/build23-sprites-build-trade-safety/archive-derived/Build/Intermediates.noindex/ArchiveIntermediates/Settlers/IntermediateBuildFilesPath/CatanAI.build/Release-iphoneos/CatanAI.build/CatanAI.DependencyStaticMetadataFileList

WriteAuxiliaryFile /Users/alex/.codex/artifacts/naval-exploration/build23-sprites-build-trade-safety/archive-derived/Build/Intermediates.noindex/ArchiveIntermediates/Settlers/IntermediateBuildFilesPath/CatanAI.build/Release-iphoneos/CatanAI.build/CatanAI.DependencyMetadataFileList (in target 'CatanAI' from project 'CatanAI')
    cd /Users/alex/.codex/worktrees/naval-exploration/Settlers/Packages/CatanAI
    write-file /Users/alex/.codex/artifacts/naval-exploration/build23-sprites-build-trade-safety/archive-derived/Build/Intermediates.noindex/ArchiveIntermediates/Settlers/IntermediateBuildFilesPath/CatanAI.build/Release-iphoneos/CatanAI.build/CatanAI.DependencyMetadataFileList

Copy /Users/alex/.codex/artifacts/naval-exploration/build23-sprites-build-trade-safety/archive-derived/Build/Intermediates.noindex/ArchiveIntermediates/Settlers/IntermediateBuildFilesPath/GeneratedModuleMaps-iphoneos/CatanAI.modulemap /Users/alex/.codex/artifacts/naval-exploration/build23-sprites-build-trade-safety/archive-derived/Build/Intermediates.noindex/ArchiveIntermediates/Settlers/IntermediateBuildFilesPath/CatanAI.build/Release-iphoneos/CatanAI.build/CatanAI.modulemap (in target 'CatanAI' from project 'CatanAI')
    cd /Users/alex/.codex/worktrees/naval-exploration/Settlers/Packages/CatanAI
    builtin-copy -exclude .DS_Store -exclude CVS -exclude .svn -exclude .git -exclude .hg -strip-unsigned-binaries -strip-deterministic -strip-tool /Applications/Xcode.app/Contents/Developer/Toolchains/XcodeDefault.xctoolchain/usr/bin/strip -resolve-src-symlinks /Users/alex/.codex/artifacts/naval-exploration/build23-sprites-build-trade-safety/archive-derived/Build/Intermediates.noindex/ArchiveIntermediates/Settlers/IntermediateBuildFilesPath/CatanAI.build/Release-iphoneos/CatanAI.build/CatanAI.modulemap /Users/alex/.codex/artifacts/naval-exploration/build23-sprites-build-trade-safety/archive-derived/Build/Intermediates.noindex/ArchiveIntermediates/Settlers/IntermediateBuildFilesPath/GeneratedModuleMaps-iphoneos

SymLink /Users/alex/.codex/artifacts/naval-exploration/build23-sprites-build-trade-safety/archive-derived/Build/Intermediates.noindex/ArchiveIntermediates/Settlers/BuildProductsPath/Release-iphoneos/Settlers.app ../../InstallationBuildProductsLocation/Applications/Settlers.app (in target 'Settlers' from project 'Settlers')
    cd /Users/alex/.codex/worktrees/naval-exploration/Settlers
    /bin/ln -sfh ../../InstallationBuildProductsLocation/Applications/Settlers.app /Users/alex/.codex/artifacts/naval-exploration/build23-sprites-build-trade-safety/archive-derived/Build/Intermediates.noindex/ArchiveIntermediates/Settlers/BuildProductsPath/Release-iphoneos/Settlers.app

MkDir /Users/alex/.codex/artifacts/naval-exploration/build23-sprites-build-trade-safety/archive-derived/Build/Intermediates.noindex/ArchiveIntermediates/Settlers/InstallationBuildProductsLocation/Applications/Settlers.app (in target 'Settlers' from project 'Settlers')
    cd /Users/alex/.codex/worktrees/naval-exploration/Settlers
    /bin/mkdir -p /Users/alex/.codex/artifacts/naval-exploration/build23-sprites-build-trade-safety/archive-derived/Build/Intermediates.noindex/ArchiveIntermediates/Settlers/InstallationBuildProductsLocation/Applications/Settlers.app

SymLink /Users/alex/.codex/artifacts/naval-exploration/build23-sprites-build-trade-safety/archive-derived/Build/Intermediates.noindex/ArchiveIntermediates/Settlers/BuildProductsPath/Release-iphoneos/CatanEngine.o ../../IntermediateBuildFilesPath/UninstalledProducts/iphoneos/CatanEngine.o (in target 'CatanEngine' from project 'CatanEngine')
    cd /Users/alex/.codex/worktrees/naval-exploration/Settlers/Packages/CatanEngine
    /bin/ln -sfh ../../IntermediateBuildFilesPath/UninstalledProducts/iphoneos/CatanEngine.o /Users/alex/.codex/artifacts/naval-exploration/build23-sprites-build-trade-safety/archive-derived/Build/Intermediates.noindex/ArchiveIntermediates/Settlers/BuildProductsPath/Release-iphoneos/CatanEngine.o

SymLink /Users/alex/.codex/artifacts/naval-exploration/build23-sprites-build-trade-safety/archive-derived/Build/Intermediates.noindex/ArchiveIntermediates/Settlers/BuildProductsPath/Release-iphoneos/CatanAI.o ../../IntermediateBuildFilesPath/UninstalledProducts/iphoneos/CatanAI.o (in target 'CatanAI' from project 'CatanAI')
    cd /Users/alex/.codex/worktrees/naval-exploration/Settlers/Packages/CatanAI
    /bin/ln -sfh ../../IntermediateBuildFilesPath/UninstalledProducts/iphoneos/CatanAI.o /Users/alex/.codex/artifacts/naval-exploration/build23-sprites-build-trade-safety/archive-derived/Build/Intermediates.noindex/ArchiveIntermediates/Settlers/BuildProductsPath/Release-iphoneos/CatanAI.o

SwiftDriver CatanEngine normal arm64 com.apple.xcode.tools.swift.compiler (in target 'CatanEngine' from project 'CatanEngine')
    cd /Users/alex/.codex/worktrees/naval-exploration/Settlers/Settlers.xcodeproj
    builtin-SwiftDriver -- /Applications/Xcode.app/Contents/Developer/Toolchains/XcodeDefault.xctoolchain/usr/bin/swiftc -module-name CatanEngine -O -whole-module-optimization @/Users/alex/.codex/artifacts/naval-exploration/build23-sprites-build-trade-safety/archive-derived/Build/Intermediates.noindex/ArchiveIntermediates/Settlers/IntermediateBuildFilesPath/CatanEngine.build/Release-iphoneos/CatanEngine.build/Objects-normal/arm64/CatanEngine.SwiftFileList -DSWIFT_PACKAGE -DSWIFT_MODULE_RESOURCE_BUNDLE_UNAVAILABLE -DXcode -driver-batch-count 2 -plugin-path /Applications/Xcode.app/Contents/Developer/Toolchains/XcodeDefault.xctoolchain/usr/lib/swift/host/plugins/testing -enable-experimental-feature DebugDescriptionMacro -sdk /Applications/Xcode.app/Contents/Developer/Platforms/iPhoneOS.platform/Developer/SDKs/iPhoneOS26.5.sdk -target arm64-apple-ios17.0 -g -module-cache-path /Users/alex/.codex/artifacts/naval-exploration/build23-sprites-build-trade-safety/archive-derived/ModuleCache.noindex -Xfrontend -serialize-debugging-options -swift-version 6 -I /Users/alex/.codex/artifacts/naval-exploration/build23-sprites-build-trade-safety/archive-derived/Build/Intermediates.noindex/ArchiveIntermediates/Settlers/BuildProductsPath/Release-iphoneos -Isystem /Applications/Xcode.app/Contents/Developer/Platforms/iPhoneOS.platform/Developer/usr/lib -F /Users/alex/.codex/artifacts/naval-exploration/build23-sprites-build-trade-safety/archive-derived/Build/Intermediates.noindex/ArchiveIntermediates/Settlers/BuildProductsPath/Release-iphoneos -F /Applications/Xcode.app/Contents/Developer/Platforms/iPhoneOS.platform/Developer/Library/Frameworks -F /Applications/Xcode.app/Contents/Developer/Platforms/iPhoneOS.platform/Developer/SDKs/iPhoneOS26.5.sdk/Developer/Library/Frameworks -c -num-threads 18 -Xcc -ivfsstatcache -Xcc /Users/alex/.codex/artifacts/naval-exploration/build23-sprites-build-trade-safety/archive-derived/SDKStatCaches.noindex/iphoneos26.5-23F73-32daed1954a7d5dd0789fcaf2a9bb78b.sdkstatcache -output-file-map /Users/alex/.codex/artifacts/naval-exploration/build23-sprites-build-trade-safety/archive-derived/Build/Intermediates.noindex/ArchiveIntermediates/Settlers/IntermediateBuildFilesPath/CatanEngine.build/Release-iphoneos/CatanEngine.build/Objects-normal/arm64/CatanEngine-OutputFileMap.json -use-frontend-parseable-output -save-temps -no-color-diagnostics -explicit-module-build -module-cache-path /Users/alex/.codex/artifacts/naval-exploration/build23-sprites-build-trade-safety/archive-derived/Build/Intermediates.noindex/ArchiveIntermediates/Settlers/IntermediateBuildFilesPath/SwiftExplicitPrecompiledModules -clang-scanner-module-cache-path /Users/alex/.codex/artifacts/naval-exploration/build23-sprites-build-trade-safety/archive-derived/ModuleCache.noindex -sdk-module-cache-path /Users/alex/.codex/artifacts/naval-exploration/build23-sprites-build-trade-safety/archive-derived/ModuleCache.noindex -serialize-diagnostics -emit-dependencies -emit-module -emit-module-path /Users/alex/.codex/artifacts/naval-exploration/build23-sprites-build-trade-safety/archive-derived/Build/Intermediates.noindex/ArchiveIntermediates/Settlers/IntermediateBuildFilesPath/CatanEngine.build/Release-iphoneos/CatanEngine.build/Objects-normal/arm64/CatanEngine.swiftmodule -validate-clang-modules-once -clang-build-session-file /Users/alex/.codex/artifacts/naval-exploration/build23-sprites-build-trade-safety/archive-derived/ModuleCache.noindex/Session.modulevalidation -package-name catanengine -Xcc -I/Users/alex/.codex/artifacts/naval-exploration/build23-sprites-build-trade-safety/archive-derived/Build/Intermediates.noindex/ArchiveIntermediates/Settlers/IntermediateBuildFilesPath/CatanEngine.build/Release-iphoneos/CatanEngine.build/swift-overrides.hmap -emit-const-values -Xfrontend -const-gather-protocols-file -Xfrontend /Users/alex/.codex/artifacts/naval-exploration/build23-sprites-build-trade-safety/archive-derived/Build/Intermediates.noindex/ArchiveIntermediates/Settlers/IntermediateBuildFilesPath/CatanEngine.build/Release-iphoneos/CatanEngine.build/Objects-normal/arm64/CatanEngine_const_extract_protocols.json -Xcc -I/Users/alex/.codex/artifacts/naval-exploration/build23-sprites-build-trade-safety/archive-derived/Build/Intermediates.noindex/ArchiveIntermediates/Settlers/BuildProductsPath/Release-iphoneos/include -Xcc -I/Users/alex/.codex/artifacts/naval-exploration/build23-sprites-build-trade-safety/archive-derived/Build/Intermediates.noindex/ArchiveIntermediates/Settlers/IntermediateBuildFilesPath/CatanEngine.build/Release-iphoneos/CatanEngine.build/DerivedSources-normal/arm64 -Xcc -I/Users/alex/.codex/artifacts/naval-exploration/build23-sprites-build-trade-safety/archive-derived/Build/Intermediates.noindex/ArchiveIntermediates/Settlers/IntermediateBuildFilesPath/CatanEngine.build/Release-iphoneos/CatanEngine.build/DerivedSources/arm64 -Xcc -I/Users/alex/.codex/artifacts/naval-exploration/build23-sprites-build-trade-safety/archive-derived/Build/Intermediates.noindex/ArchiveIntermediates/Settlers/IntermediateBuildFilesPath/CatanEngine.build/Release-iphoneos/CatanEngine.build/DerivedSources -Xcc -DSWIFT_PACKAGE -emit-objc-header -emit-objc-header-path /Users/alex/.codex/artifacts/naval-exploration/build23-sprites-build-trade-safety/archive-derived/Build/Intermediates.noindex/ArchiveIntermediates/Settlers/IntermediateBuildFilesPath/CatanEngine.build/Release-iphoneos/CatanEngine.build/Objects-normal/arm64/CatanEngine-Swift.h -working-directory /Users/alex/.codex/worktrees/naval-exploration/Settlers/Settlers.xcodeproj -no-emit-module-separately-wmo

SwiftDriver\ Compilation CatanEngine normal arm64 com.apple.xcode.tools.swift.compiler (in target 'CatanEngine' from project 'CatanEngine')
    cd /Users/alex/.codex/worktrees/naval-exploration/Settlers/Settlers.xcodeproj
    builtin-Swift-Compilation -- /Applications/Xcode.app/Contents/Developer/Toolchains/XcodeDefault.xctoolchain/usr/bin/swiftc -module-name CatanEngine -O -whole-module-optimization @/Users/alex/.codex/artifacts/naval-exploration/build23-sprites-build-trade-safety/archive-derived/Build/Intermediates.noindex/ArchiveIntermediates/Settlers/IntermediateBuildFilesPath/CatanEngine.build/Release-iphoneos/CatanEngine.build/Objects-normal/arm64/CatanEngine.SwiftFileList -DSWIFT_PACKAGE -DSWIFT_MODULE_RESOURCE_BUNDLE_UNAVAILABLE -DXcode -driver-batch-count 2 -plugin-path /Applications/Xcode.app/Contents/Developer/Toolchains/XcodeDefault.xctoolchain/usr/lib/swift/host/plugins/testing -enable-experimental-feature DebugDescriptionMacro -sdk /Applications/Xcode.app/Contents/Developer/Platforms/iPhoneOS.platform/Developer/SDKs/iPhoneOS26.5.sdk -target arm64-apple-ios17.0 -g -module-cache-path /Users/alex/.codex/artifacts/naval-exploration/build23-sprites-build-trade-safety/archive-derived/ModuleCache.noindex -Xfrontend -serialize-debugging-options -swift-version 6 -I /Users/alex/.codex/artifacts/naval-exploration/build23-sprites-build-trade-safety/archive-derived/Build/Intermediates.noindex/ArchiveIntermediates/Settlers/BuildProductsPath/Release-iphoneos -Isystem /Applications/Xcode.app/Contents/Developer/Platforms/iPhoneOS.platform/Developer/usr/lib -F /Users/alex/.codex/artifacts/naval-exploration/build23-sprites-build-trade-safety/archive-derived/Build/Intermediates.noindex/ArchiveIntermediates/Settlers/BuildProductsPath/Release-iphoneos -F /Applications/Xcode.app/Contents/Developer/Platforms/iPhoneOS.platform/Developer/Library/Frameworks -F /Applications/Xcode.app/Contents/Developer/Platforms/iPhoneOS.platform/Developer/SDKs/iPhoneOS26.5.sdk/Developer/Library/Frameworks -c -num-threads 18 -Xcc -ivfsstatcache -Xcc /Users/alex/.codex/artifacts/naval-exploration/build23-sprites-build-trade-safety/archive-derived/SDKStatCaches.noindex/iphoneos26.5-23F73-32daed1954a7d5dd0789fcaf2a9bb78b.sdkstatcache -output-file-map /Users/alex/.codex/artifacts/naval-exploration/build23-sprites-build-trade-safety/archive-derived/Build/Intermediates.noindex/ArchiveIntermediates/Settlers/IntermediateBuildFilesPath/CatanEngine.build/Release-iphoneos/CatanEngine.build/Objects-normal/arm64/CatanEngine-OutputFileMap.json -use-frontend-parseable-output -save-temps -no-color-diagnostics -explicit-module-build -module-cache-path /Users/alex/.codex/artifacts/naval-exploration/build23-sprites-build-trade-safety/archive-derived/Build/Intermediates.noindex/ArchiveIntermediates/Settlers/IntermediateBuildFilesPath/SwiftExplicitPrecompiledModules -clang-scanner-module-cache-path /Users/alex/.codex/artifacts/naval-exploration/build23-sprites-build-trade-safety/archive-derived/ModuleCache.noindex -sdk-module-cache-path /Users/alex/.codex/artifacts/naval-exploration/build23-sprites-build-trade-safety/archive-derived/ModuleCache.noindex -serialize-diagnostics -emit-dependencies -emit-module -emit-module-path /Users/alex/.codex/artifacts/naval-exploration/build23-sprites-build-trade-safety/archive-derived/Build/Intermediates.noindex/ArchiveIntermediates/Settlers/IntermediateBuildFilesPath/CatanEngine.build/Release-iphoneos/CatanEngine.build/Objects-normal/arm64/CatanEngine.swiftmodule -validate-clang-modules-once -clang-build-session-file /Users/alex/.codex/artifacts/naval-exploration/build23-sprites-build-trade-safety/archive-derived/ModuleCache.noindex/Session.modulevalidation -package-name catanengine -Xcc -I/Users/alex/.codex/artifacts/naval-exploration/build23-sprites-build-trade-safety/archive-derived/Build/Intermediates.noindex/ArchiveIntermediates/Settlers/IntermediateBuildFilesPath/CatanEngine.build/Release-iphoneos/CatanEngine.build/swift-overrides.hmap -emit-const-values -Xfrontend -const-gather-protocols-file -Xfrontend /Users/alex/.codex/artifacts/naval-exploration/build23-sprites-build-trade-safety/archive-derived/Build/Intermediates.noindex/ArchiveIntermediates/Settlers/IntermediateBuildFilesPath/CatanEngine.build/Release-iphoneos/CatanEngine.build/Objects-normal/arm64/CatanEngine_const_extract_protocols.json -Xcc -I/Users/alex/.codex/artifacts/naval-exploration/build23-sprites-build-trade-safety/archive-derived/Build/Intermediates.noindex/ArchiveIntermediates/Settlers/BuildProductsPath/Release-iphoneos/include -Xcc -I/Users/alex/.codex/artifacts/naval-exploration/build23-sprites-build-trade-safety/archive-derived/Build/Intermediates.noindex/ArchiveIntermediates/Settlers/IntermediateBuildFilesPath/CatanEngine.build/Release-iphoneos/CatanEngine.build/DerivedSources-normal/arm64 -Xcc -I/Users/alex/.codex/artifacts/naval-exploration/build23-sprites-build-trade-safety/archive-derived/Build/Intermediates.noindex/ArchiveIntermediates/Settlers/IntermediateBuildFilesPath/CatanEngine.build/Release-iphoneos/CatanEngine.build/DerivedSources/arm64 -Xcc -I/Users/alex/.codex/artifacts/naval-exploration/build23-sprites-build-trade-safety/archive-derived/Build/Intermediates.noindex/ArchiveIntermediates/Settlers/IntermediateBuildFilesPath/CatanEngine.build/Release-iphoneos/CatanEngine.build/DerivedSources -Xcc -DSWIFT_PACKAGE -emit-objc-header -emit-objc-header-path /Users/alex/.codex/artifacts/naval-exploration/build23-sprites-build-trade-safety/archive-derived/Build/Intermediates.noindex/ArchiveIntermediates/Settlers/IntermediateBuildFilesPath/CatanEngine.build/Release-iphoneos/CatanEngine.build/Objects-normal/arm64/CatanEngine-Swift.h -working-directory /Users/alex/.codex/worktrees/naval-exploration/Settlers/Settlers.xcodeproj -no-emit-module-separately-wmo

SwiftExplicitDependencyGeneratePcm arm64 /Users/alex/.codex/artifacts/naval-exploration/build23-sprites-build-trade-safety/archive-derived/ModuleCache.noindex/_Builtin_stdbool-20ZKHFY11U57CI7F227HN49D2.pcm

SwiftExplicitDependencyGeneratePcm arm64 /Users/alex/.codex/artifacts/naval-exploration/build23-sprites-build-trade-safety/archive-derived/ModuleCache.noindex/SwiftShims-7WXSKDNKHL7ZHBX0QOPX02X28.pcm

SwiftExplicitDependencyGeneratePcm arm64 /Users/alex/.codex/artifacts/naval-exploration/build23-sprites-build-trade-safety/archive-derived/ModuleCache.noindex/ptrauth-BTADCEKFO6ZOEE64EM7G56I6J.pcm

SwiftExplicitDependencyGeneratePcm arm64 /Users/alex/.codex/artifacts/naval-exploration/build23-sprites-build-trade-safety/archive-derived/ModuleCache.noindex/_SwiftConcurrencyShims-7JXV2NX5R9M0BQEOI7Q8T2X3W.pcm

SwiftExplicitDependencyGeneratePcm arm64 /Users/alex/.codex/artifacts/naval-exploration/build23-sprites-build-trade-safety/archive-derived/ModuleCache.noindex/_Builtin_stddef-74RNTFE1DY1GQ7N5OM4MM98GW.pcm

SwiftExplicitDependencyGeneratePcm arm64 /Users/alex/.codex/artifacts/naval-exploration/build23-sprites-build-trade-safety/archive-derived/ModuleCache.noindex/_Builtin_stdarg-8CRAWTWK79LPDPGW5H1EX2395.pcm

SwiftExplicitDependencyGeneratePcm arm64 /Users/alex/.codex/artifacts/naval-exploration/build23-sprites-build-trade-safety/archive-derived/ModuleCache.noindex/ptrcheck-ALLMXD29AEN9GKZJFF3DRXH22.pcm

SwiftExplicitDependencyGeneratePcm arm64 /Users/alex/.codex/artifacts/naval-exploration/build23-sprites-build-trade-safety/archive-derived/ModuleCache.noindex/_AvailabilityInternal-EKTZHAGRBJ9DQHGSD0G1VW5ZP.pcm

SwiftExplicitDependencyGeneratePcm arm64 /Users/alex/.codex/artifacts/naval-exploration/build23-sprites-build-trade-safety/archive-derived/ModuleCache.noindex/_Builtin_float-3F6BX1FUKZSMMP686KQ6WCMSB.pcm

SwiftExplicitDependencyGeneratePcm arm64 /Users/alex/.codex/artifacts/naval-exploration/build23-sprites-build-trade-safety/archive-derived/ModuleCache.noindex/_DarwinFoundation1-9T59N9A0UMF8UIQ1Y0A6J1TVA.pcm

SwiftExplicitDependencyGeneratePcm arm64 /Users/alex/.codex/artifacts/naval-exploration/build23-sprites-build-trade-safety/archive-derived/ModuleCache.noindex/_DarwinFoundation2-864JKTWF7JF390P1NT1DZLIUS.pcm

SwiftExplicitDependencyGeneratePcm arm64 /Users/alex/.codex/artifacts/naval-exploration/build23-sprites-build-trade-safety/archive-derived/ModuleCache.noindex/_Builtin_limits-BYHMVBSEEYTPEA2W0Y3TLVMNK.pcm

SwiftExplicitDependencyGeneratePcm arm64 /Users/alex/.codex/artifacts/naval-exploration/build23-sprites-build-trade-safety/archive-derived/ModuleCache.noindex/sys_types-37BG40F9RAT5TO71YATDISJDB.pcm

SwiftExplicitDependencyGeneratePcm arm64 /Users/alex/.codex/artifacts/naval-exploration/build23-sprites-build-trade-safety/archive-derived/ModuleCache.noindex/_Builtin_stdint-CF5D8EUJSG2Y2TWY8SJWLKS5H.pcm

SwiftExplicitDependencyGeneratePcm arm64 /Users/alex/.codex/artifacts/naval-exploration/build23-sprites-build-trade-safety/archive-derived/ModuleCache.noindex/_DarwinFoundation3-XTMGONM1YN3RJ0KDL324KMNB.pcm

SwiftExplicitDependencyGeneratePcm arm64 /Users/alex/.codex/artifacts/naval-exploration/build23-sprites-build-trade-safety/archive-derived/ModuleCache.noindex/_Builtin_inttypes-4WQBXP6ZP320WHBBR3PUARGK7.pcm

SwiftExplicitDependencyGeneratePcm arm64 /Users/alex/.codex/artifacts/naval-exploration/build23-sprites-build-trade-safety/archive-derived/ModuleCache.noindex/Darwin-3NUXLE1YXF1GO3EATCUA311Z2.pcm

SwiftExplicitDependencyGeneratePcm arm64 /Users/alex/.codex/artifacts/naval-exploration/build23-sprites-build-trade-safety/archive-derived/ModuleCache.noindex/ObjectiveC-2DW2F2IJFU4TRK8LXBTJEJ0WZ.pcm

SwiftExplicitDependencyGeneratePcm arm64 /Users/alex/.codex/artifacts/naval-exploration/build23-sprites-build-trade-safety/archive-derived/ModuleCache.noindex/os_object-1RGPGR4SMYSBXFOCHBU0CGX27.pcm

SwiftExplicitDependencyGeneratePcm arm64 /Users/alex/.codex/artifacts/naval-exploration/build23-sprites-build-trade-safety/archive-derived/ModuleCache.noindex/os_workgroup-1RIMZHF7GN6TTF51LAFL0OD5C.pcm

SwiftExplicitDependencyGeneratePcm arm64 /Users/alex/.codex/artifacts/naval-exploration/build23-sprites-build-trade-safety/archive-derived/ModuleCache.noindex/Dispatch-3YNWHXGUEMBCQWWF13PQRTXEB.pcm

SwiftExplicitDependencyGeneratePcm arm64 /Users/alex/.codex/artifacts/naval-exploration/build23-sprites-build-trade-safety/archive-derived/ModuleCache.noindex/XPC-DX95YTN47PS6LNXA8PMPHG5VU.pcm

SwiftExplicitDependencyGeneratePcm arm64 /Users/alex/.codex/artifacts/naval-exploration/build23-sprites-build-trade-safety/archive-derived/ModuleCache.noindex/CoreFoundation-89UXH8G036BHCGQBCUNOV8WA6.pcm

SwiftExplicitDependencyGeneratePcm arm64 /Users/alex/.codex/artifacts/naval-exploration/build23-sprites-build-trade-safety/archive-derived/ModuleCache.noindex/CFNetwork-50A5EYUJ6QXKGNF73HRZQBSO3.pcm

SwiftExplicitDependencyGeneratePcm arm64 /Users/alex/.codex/artifacts/naval-exploration/build23-sprites-build-trade-safety/archive-derived/ModuleCache.noindex/Security-13MGV4NUHUP97MTL5YQVXOYP6.pcm

SwiftExplicitDependencyGeneratePcm arm64 /Users/alex/.codex/artifacts/naval-exploration/build23-sprites-build-trade-safety/archive-derived/ModuleCache.noindex/Foundation-B17O91VT5G4OGKBQ28EW094V6.pcm

SwiftCompile normal arm64 Compiling\ Board.swift,\ BoardGeneration.swift,\ BoardShape.swift,\ Building.swift,\ CatanEngine.swift,\ Conquest.swift,\ DevCards.swift,\ DiceOdds.swift,\ GameSession.swift,\ LongestRoad.swift,\ MainPhase.swift,\ DevCardPlayStatus.swift,\ DevCardType.swift,\ EdgeID.swift,\ GameEvent.swift,\ GameMode.swift,\ GamePhase.swift,\ GameState.swift,\ GameVariant.swift,\ HexCoordinate.swift,\ Move.swift,\ Player.swift,\ PlayerID.swift,\ Port.swift,\ RandomSource.swift,\ Resource.swift,\ Tile.swift,\ VertexID.swift,\ Naval.swift,\ NavalFallback.swift,\ NavalMapGenerator.swift,\ NavalMapValidation.swift,\ NavalModels.swift,\ NavalMoves.swift,\ NavalPorts.swift,\ NavalProduction.swift,\ NavalSightGeometry.swift,\ NavalStateValidation.swift,\ NavalTerrain.swift,\ NavalVisibility.swift,\ PublicLedger.swift,\ Robber.swift,\ RulesEngine.swift,\ Ruleset.swift,\ SetupPhase.swift,\ Trading.swift,\ WinCondition.swift /Users/alex/.codex/worktrees/naval-exploration/Settlers/Packages/CatanEngine/Sources/CatanEngine/Board.swift /Users/alex/.codex/worktrees/naval-exploration/Settlers/Packages/CatanEngine/Sources/CatanEngine/BoardGeneration.swift /Users/alex/.codex/worktrees/naval-exploration/Settlers/Packages/CatanEngine/Sources/CatanEngine/BoardShape.swift /Users/alex/.codex/worktrees/naval-exploration/Settlers/Packages/CatanEngine/Sources/CatanEngine/Building.swift /Users/alex/.codex/worktrees/naval-exploration/Settlers/Packages/CatanEngine/Sources/CatanEngine/CatanEngine.swift /Users/alex/.codex/worktrees/naval-exploration/Settlers/Packages/CatanEngine/Sources/CatanEngine/Conquest.swift /Users/alex/.codex/worktrees/naval-exploration/Settlers/Packages/CatanEngine/Sources/CatanEngine/DevCards.swift /Users/alex/.codex/worktrees/naval-exploration/Settlers/Packages/CatanEngine/Sources/CatanEngine/DiceOdds.swift /Users/alex/.codex/worktrees/naval-exploration/Settlers/Packages/CatanEngine/Sources/CatanEngine/GameSession.swift /Users/alex/.codex/worktrees/naval-exploration/Settlers/Packages/CatanEngine/Sources/CatanEngine/LongestRoad.swift /Users/alex/.codex/worktrees/naval-exploration/Settlers/Packages/CatanEngine/Sources/CatanEngine/MainPhase.swift /Users/alex/.codex/worktrees/naval-exploration/Settlers/Packages/CatanEngine/Sources/CatanEngine/Models/DevCardPlayStatus.swift /Users/alex/.codex/worktrees/naval-exploration/Settlers/Packages/CatanEngine/Sources/CatanEngine/Models/DevCardType.swift /Users/alex/.codex/worktrees/naval-exploration/Settlers/Packages/CatanEngine/Sources/CatanEngine/Models/EdgeID.swift /Users/alex/.codex/worktrees/naval-exploration/Settlers/Packages/CatanEngine/Sources/CatanEngine/Models/GameEvent.swift /Users/alex/.codex/worktrees/naval-exploration/Settlers/Packages/CatanEngine/Sources/CatanEngine/Models/GameMode.swift /Users/alex/.codex/worktrees/naval-exploration/Settlers/Packages/CatanEngine/Sources/CatanEngine/Models/GamePhase.swift /Users/alex/.codex/worktrees/naval-exploration/Settlers/Packages/CatanEngine/Sources/CatanEngine/Models/GameState.swift /Users/alex/.codex/worktrees/naval-exploration/Settlers/Packages/CatanEngine/Sources/CatanEngine/Models/GameVariant.swift /Users/alex/.codex/worktrees/naval-exploration/Settlers/Packages/CatanEngine/Sources/CatanEngine/Models/HexCoordinate.swift /Users/alex/.codex/worktrees/naval-exploration/Settlers/Packages/CatanEngine/Sources/CatanEngine/Models/Move.swift /Users/alex/.codex/worktrees/naval-exploration/Settlers/Packages/CatanEngine/Sources/CatanEngine/Models/Player.swift /Users/alex/.codex/worktrees/naval-exploration/Settlers/Packages/CatanEngine/Sources/CatanEngine/Models/PlayerID.swift /Users/alex/.codex/worktrees/naval-exploration/Settlers/Packages/CatanEngine/Sources/CatanEngine/Models/Port.swift /Users/alex/.codex/worktrees/naval-exploration/Settlers/Packages/CatanEngine/Sources/CatanEngine/Models/RandomSource.swift /Users/alex/.codex/worktrees/naval-exploration/Settlers/Packages/CatanEngine/Sources/CatanEngine/Models/Resource.swift /Users/alex/.codex/worktrees/naval-exploration/Settlers/Packages/CatanEngine/Sources/CatanEngine/Models/Tile.swift /Users/alex/.codex/worktrees/naval-exploration/Settlers/Packages/CatanEngine/Sources/CatanEngine/Models/VertexID.swift /Users/alex/.codex/worktrees/naval-exploration/Settlers/Packages/CatanEngine/Sources/CatanEngine/Naval/Naval.swift /Users/alex/.codex/worktrees/naval-exploration/Settlers/Packages/CatanEngine/Sources/CatanEngine/Naval/NavalFallback.swift /Users/alex/.codex/worktrees/naval-exploration/Settlers/Packages/CatanEngine/Sources/CatanEngine/Naval/NavalMapGenerator.swift /Users/alex/.codex/worktrees/naval-exploration/Settlers/Packages/CatanEngine/Sources/CatanEngine/Naval/NavalMapValidation.swift /Users/alex/.codex/worktrees/naval-exploration/Settlers/Packages/CatanEngine/Sources/CatanEngine/Naval/NavalModels.swift /Users/alex/.codex/worktrees/naval-exploration/Settlers/Packages/CatanEngine/Sources/CatanEngine/Naval/NavalMoves.swift /Users/alex/.codex/worktrees/naval-exploration/Settlers/Packages/CatanEngine/Sources/CatanEngine/Naval/NavalPorts.swift /Users/alex/.codex/worktrees/naval-exploration/Settlers/Packages/CatanEngine/Sources/CatanEngine/Naval/NavalProduction.swift /Users/alex/.codex/worktrees/naval-exploration/Settlers/Packages/CatanEngine/Sources/CatanEngine/Naval/NavalSightGeometry.swift /Users/alex/.codex/worktrees/naval-exploration/Settlers/Packages/CatanEngine/Sources/CatanEngine/Naval/NavalStateValidation.swift /Users/alex/.codex/worktrees/naval-exploration/Settlers/Packages/CatanEngine/Sources/CatanEngine/Naval/NavalTerrain.swift /Users/alex/.codex/worktrees/naval-exploration/Settlers/Packages/CatanEngine/Sources/CatanEngine/Naval/NavalVisibility.swift /Users/alex/.codex/worktrees/naval-exploration/Settlers/Packages/CatanEngine/Sources/CatanEngine/PublicLedger.swift /Users/alex/.codex/worktrees/naval-exploration/Settlers/Packages/CatanEngine/Sources/CatanEngine/Robber.swift /Users/alex/.codex/worktrees/naval-exploration/Settlers/Packages/CatanEngine/Sources/CatanEngine/RulesEngine.swift /Users/alex/.codex/worktrees/naval-exploration/Settlers/Packages/CatanEngine/Sources/CatanEngine/Ruleset.swift /Users/alex/.codex/worktrees/naval-exploration/Settlers/Packages/CatanEngine/Sources/CatanEngine/SetupPhase.swift /Users/alex/.codex/worktrees/naval-exploration/Settlers/Packages/CatanEngine/Sources/CatanEngine/Trading.swift /Users/alex/.codex/worktrees/naval-exploration/Settlers/Packages/CatanEngine/Sources/CatanEngine/WinCondition.swift /Applications/Xcode.app/Contents/Developer/Toolchains/XcodeDefault.xctoolchain/usr/lib/swift/iphoneos/prebuilt-modules/26.5/Combine.swiftmodule/arm64e-apple-ios.swiftmodule /Applications/Xcode.app/Contents/Developer/Toolchains/XcodeDefault.xctoolchain/usr/lib/swift/iphoneos/prebuilt-modules/26.5/_Concurrency.swiftmodule/arm64e-apple-ios.swiftmodule /Applications/Xcode.app/Contents/Developer/Toolchains/XcodeDefault.xctoolchain/usr/lib/swift/iphoneos/prebuilt-modules/26.5/Dispatch.swiftmodule/arm64e-apple-ios.swiftmodule /Applications/Xcode.app/Contents/Developer/Toolchains/XcodeDefault.xctoolchain/usr/lib/swift/iphoneos/prebuilt-modules/26.5/Swift.swiftmodule/arm64e-apple-ios.swiftmodule /Applications/Xcode.app/Contents/Developer/Toolchains/XcodeDefault.xctoolchain/usr/lib/swift/iphoneos/prebuilt-modules/26.5/_StringProcessing.swiftmodule/arm64e-apple-ios.swiftmodule /Applications/Xcode.app/Contents/Developer/Toolchains/XcodeDefault.xctoolchain/usr/lib/swift/iphoneos/prebuilt-modules/26.5/Foundation.swiftmodule/arm64e-apple-ios.swiftmodule /Applications/Xcode.app/Contents/Developer/Toolchains/XcodeDefault.xctoolchain/usr/lib/swift/iphoneos/prebuilt-modules/26.5/ObjectiveC.swiftmodule/arm64e-apple-ios.swiftmodule /Applications/Xcode.app/Contents/Developer/Toolchains/XcodeDefault.xctoolchain/usr/lib/swift/iphoneos/prebuilt-modules/26.5/Observation.swiftmodule/arm64e-apple-ios.swiftmodule /Applications/Xcode.app/Contents/Developer/Toolchains/XcodeDefault.xctoolchain/usr/lib/swift/iphoneos/prebuilt-modules/26.5/_DarwinFoundation3.swiftmodule/arm64e-apple-ios.swiftmodule /Applications/Xcode.app/Contents/Developer/Toolchains/XcodeDefault.xctoolchain/usr/lib/swift/iphoneos/prebuilt-modules/26.5/_DarwinFoundation2.swiftmodule/arm64e-apple-ios.swiftmodule /Applications/Xcode.app/Contents/Developer/Toolchains/XcodeDefault.xctoolchain/usr/lib/swift/iphoneos/prebuilt-modules/26.5/Darwin.swiftmodule/arm64e-apple-ios.swiftmodule /Applications/Xcode.app/Contents/Developer/Toolchains/XcodeDefault.xctoolchain/usr/lib/swift/iphoneos/prebuilt-modules/26.5/System.swiftmodule/arm64e-apple-ios.swiftmodule /Applications/Xcode.app/Contents/Developer/Toolchains/XcodeDefault.xctoolchain/usr/lib/swift/iphoneos/prebuilt-modules/26.5/XPC.swiftmodule/arm64e-apple-ios.swiftmodule /Applications/Xcode.app/Contents/Developer/Toolchains/XcodeDefault.xctoolchain/usr/lib/swift/iphoneos/prebuilt-modules/26.5/_Builtin_float.swiftmodule/arm64e-apple-ios.swiftmodule /Applications/Xcode.app/Contents/Developer/Toolchains/XcodeDefault.xctoolchain/usr/lib/swift/iphoneos/prebuilt-modules/26.5/_DarwinFoundation1.swiftmodule/arm64e-apple-ios.swiftmodule /Applications/Xcode.app/Contents/Developer/Toolchains/XcodeDefault.xctoolchain/usr/lib/swift/iphoneos/prebuilt-modules/26.5/CoreFoundation.swiftmodule/arm64e-apple-ios.swiftmodule /Users/alex/.codex/artifacts/naval-exploration/build23-sprites-build-trade-safety/archive-derived/ModuleCache.noindex/_Builtin_stdint-CF5D8EUJSG2Y2TWY8SJWLKS5H.pcm /Users/alex/.codex/artifacts/naval-exploration/build23-sprites-build-trade-safety/archive-derived/ModuleCache.noindex/Dispatch-3YNWHXGUEMBCQWWF13PQRTXEB.pcm /Users/alex/.codex/artifacts/naval-exploration/build23-sprites-build-trade-safety/archive-derived/ModuleCache.noindex/_DarwinFoundation2-864JKTWF7JF390P1NT1DZLIUS.pcm /Users/alex/.codex/artifacts/naval-exploration/build23-sprites-build-trade-safety/archive-derived/ModuleCache.noindex/_DarwinFoundation3-XTMGONM1YN3RJ0KDL324KMNB.pcm /Users/alex/.codex/artifacts/naval-exploration/build23-sprites-build-trade-safety/archive-derived/ModuleCache.noindex/sys_types-37BG40F9RAT5TO71YATDISJDB.pcm /Users/alex/.codex/artifacts/naval-exploration/build23-sprites-build-trade-safety/archive-derived/ModuleCache.noindex/os_workgroup-1RIMZHF7GN6TTF51LAFL0OD5C.pcm /Users/alex/.codex/artifacts/naval-exploration/build23-sprites-build-trade-safety/archive-derived/ModuleCache.noindex/CFNetwork-50A5EYUJ6QXKGNF73HRZQBSO3.pcm /Users/alex/.codex/artifacts/naval-exploration/build23-sprites-build-trade-safety/archive-derived/ModuleCache.noindex/ptrauth-BTADCEKFO6ZOEE64EM7G56I6J.pcm /Users/alex/.codex/artifacts/naval-exploration/build23-sprites-build-trade-safety/archive-derived/ModuleCache.noindex/Security-13MGV4NUHUP97MTL5YQVXOYP6.pcm /Users/alex/.codex/artifacts/naval-exploration/build23-sprites-build-trade-safety/archive-derived/ModuleCache.noindex/XPC-DX95YTN47PS6LNXA8PMPHG5VU.pcm /Users/alex/.codex/artifacts/naval-exploration/build23-sprites-build-trade-safety/archive-derived/ModuleCache.noindex/ObjectiveC-2DW2F2IJFU4TRK8LXBTJEJ0WZ.pcm /Users/alex/.codex/artifacts/naval-exploration/build23-sprites-build-trade-safety/archive-derived/ModuleCache.noindex/_Builtin_stdarg-8CRAWTWK79LPDPGW5H1EX2395.pcm /Users/alex/.codex/artifacts/naval-exploration/build23-sprites-build-trade-safety/archive-derived/ModuleCache.noindex/Darwin-3NUXLE1YXF1GO3EATCUA311Z2.pcm /Users/alex/.codex/artifacts/naval-exploration/build23-sprites-build-trade-safety/archive-derived/ModuleCache.noindex/_DarwinFoundation1-9T59N9A0UMF8UIQ1Y0A6J1TVA.pcm /Users/alex/.codex/artifacts/naval-exploration/build23-sprites-build-trade-safety/archive-derived/ModuleCache.noindex/_AvailabilityInternal-EKTZHAGRBJ9DQHGSD0G1VW5ZP.pcm /Users/alex/.codex/artifacts/naval-exploration/build23-sprites-build-trade-safety/archive-derived/ModuleCache.noindex/ptrcheck-ALLMXD29AEN9GKZJFF3DRXH22.pcm /Users/alex/.codex/artifacts/naval-exploration/build23-sprites-build-trade-safety/archive-derived/ModuleCache.noindex/_SwiftConcurrencyShims-7JXV2NX5R9M0BQEOI7Q8T2X3W.pcm /Users/alex/.codex/artifacts/naval-exploration/build23-sprites-build-trade-safety/archive-derived/ModuleCache.noindex/os_object-1RGPGR4SMYSBXFOCHBU0CGX27.pcm /Users/alex/.codex/artifacts/naval-exploration/build23-sprites-build-trade-safety/archive-derived/ModuleCache.noindex/_Builtin_limits-BYHMVBSEEYTPEA2W0Y3TLVMNK.pcm /Users/alex/.codex/artifacts/naval-exploration/build23-sprites-build-trade-safety/archive-derived/ModuleCache.noindex/SwiftShims-7WXSKDNKHL7ZHBX0QOPX02X28.pcm /Users/alex/.codex/artifacts/naval-exploration/build23-sprites-build-trade-safety/archive-derived/ModuleCache.noindex/Foundation-B17O91VT5G4OGKBQ28EW094V6.pcm /Users/alex/.codex/artifacts/naval-exploration/build23-sprites-build-trade-safety/archive-derived/ModuleCache.noindex/CoreFoundation-89UXH8G036BHCGQBCUNOV8WA6.pcm /Users/alex/.codex/artifacts/naval-exploration/build23-sprites-build-trade-safety/archive-derived/ModuleCache.noindex/_Builtin_stddef-74RNTFE1DY1GQ7N5OM4MM98GW.pcm /Users/alex/.codex/artifacts/naval-exploration/build23-sprites-build-trade-safety/archive-derived/ModuleCache.noindex/_Builtin_stdbool-20ZKHFY11U57CI7F227HN49D2.pcm /Users/alex/.codex/artifacts/naval-exploration/build23-sprites-build-trade-safety/archive-derived/ModuleCache.noindex/_Builtin_inttypes-4WQBXP6ZP320WHBBR3PUARGK7.pcm /Users/alex/.codex/artifacts/naval-exploration/build23-sprites-build-trade-safety/archive-derived/ModuleCache.noindex/_Builtin_float-3F6BX1FUKZSMMP686KQ6WCMSB.pcm /Users/alex/.codex/artifacts/naval-exploration/build23-sprites-build-trade-safety/archive-derived/Build/Intermediates.noindex/ArchiveIntermediates/Settlers/IntermediateBuildFilesPath/CatanEngine.build/Release-iphoneos/CatanEngine.build/Objects-normal/arm64/CatanEngine-dependencies-1.json (in target 'CatanEngine' from project 'CatanEngine')

CompileSwift normal arm64 (in target 'CatanEngine' from project 'CatanEngine')
    cd /Users/alex/.codex/worktrees/naval-exploration/Settlers/Settlers.xcodeproj
    

SwiftDriverJobDiscovery normal arm64 Compiling Board.swift, BoardGeneration.swift, BoardShape.swift, Building.swift, CatanEngine.swift, Conquest.swift, DevCards.swift, DiceOdds.swift, GameSession.swift, LongestRoad.swift, MainPhase.swift, DevCardPlayStatus.swift, DevCardType.swift, EdgeID.swift, GameEvent.swift, GameMode.swift, GamePhase.swift, GameState.swift, GameVariant.swift, HexCoordinate.swift, Move.swift, Player.swift, PlayerID.swift, Port.swift, RandomSource.swift, Resource.swift, Tile.swift, VertexID.swift, Naval.swift, NavalFallback.swift, NavalMapGenerator.swift, NavalMapValidation.swift, NavalModels.swift, NavalMoves.swift, NavalPorts.swift, NavalProduction.swift, NavalSightGeometry.swift, NavalStateValidation.swift, NavalTerrain.swift, NavalVisibility.swift, PublicLedger.swift, Robber.swift, RulesEngine.swift, Ruleset.swift, SetupPhase.swift, Trading.swift, WinCondition.swift (in target 'CatanEngine' from project 'CatanEngine')

SwiftDriver\ Compilation\ Requirements CatanEngine normal arm64 com.apple.xcode.tools.swift.compiler (in target 'CatanEngine' from project 'CatanEngine')
    cd /Users/alex/.codex/worktrees/naval-exploration/Settlers/Settlers.xcodeproj
    builtin-Swift-Compilation-Requirements -- /Applications/Xcode.app/Contents/Developer/Toolchains/XcodeDefault.xctoolchain/usr/bin/swiftc -module-name CatanEngine -O -whole-module-optimization @/Users/alex/.codex/artifacts/naval-exploration/build23-sprites-build-trade-safety/archive-derived/Build/Intermediates.noindex/ArchiveIntermediates/Settlers/IntermediateBuildFilesPath/CatanEngine.build/Release-iphoneos/CatanEngine.build/Objects-normal/arm64/CatanEngine.SwiftFileList -DSWIFT_PACKAGE -DSWIFT_MODULE_RESOURCE_BUNDLE_UNAVAILABLE -DXcode -driver-batch-count 2 -plugin-path /Applications/Xcode.app/Contents/Developer/Toolchains/XcodeDefault.xctoolchain/usr/lib/swift/host/plugins/testing -enable-experimental-feature DebugDescriptionMacro -sdk /Applications/Xcode.app/Contents/Developer/Platforms/iPhoneOS.platform/Developer/SDKs/iPhoneOS26.5.sdk -target arm64-apple-ios17.0 -g -module-cache-path /Users/alex/.codex/artifacts/naval-exploration/build23-sprites-build-trade-safety/archive-derived/ModuleCache.noindex -Xfrontend -serialize-debugging-options -swift-version 6 -I /Users/alex/.codex/artifacts/naval-exploration/build23-sprites-build-trade-safety/archive-derived/Build/Intermediates.noindex/ArchiveIntermediates/Settlers/BuildProductsPath/Release-iphoneos -Isystem /Applications/Xcode.app/Contents/Developer/Platforms/iPhoneOS.platform/Developer/usr/lib -F /Users/alex/.codex/artifacts/naval-exploration/build23-sprites-build-trade-safety/archive-derived/Build/Intermediates.noindex/ArchiveIntermediates/Settlers/BuildProductsPath/Release-iphoneos -F /Applications/Xcode.app/Contents/Developer/Platforms/iPhoneOS.platform/Developer/Library/Frameworks -F /Applications/Xcode.app/Contents/Developer/Platforms/iPhoneOS.platform/Developer/SDKs/iPhoneOS26.5.sdk/Developer/Library/Frameworks -c -num-threads 18 -Xcc -ivfsstatcache -Xcc /Users/alex/.codex/artifacts/naval-exploration/build23-sprites-build-trade-safety/archive-derived/SDKStatCaches.noindex/iphoneos26.5-23F73-32daed1954a7d5dd0789fcaf2a9bb78b.sdkstatcache -output-file-map /Users/alex/.codex/artifacts/naval-exploration/build23-sprites-build-trade-safety/archive-derived/Build/Intermediates.noindex/ArchiveIntermediates/Settlers/IntermediateBuildFilesPath/CatanEngine.build/Release-iphoneos/CatanEngine.build/Objects-normal/arm64/CatanEngine-OutputFileMap.json -use-frontend-parseable-output -save-temps -no-color-diagnostics -explicit-module-build -module-cache-path /Users/alex/.codex/artifacts/naval-exploration/build23-sprites-build-trade-safety/archive-derived/Build/Intermediates.noindex/ArchiveIntermediates/Settlers/IntermediateBuildFilesPath/SwiftExplicitPrecompiledModules -clang-scanner-module-cache-path /Users/alex/.codex/artifacts/naval-exploration/build23-sprites-build-trade-safety/archive-derived/ModuleCache.noindex -sdk-module-cache-path /Users/alex/.codex/artifacts/naval-exploration/build23-sprites-build-trade-safety/archive-derived/ModuleCache.noindex -serialize-diagnostics -emit-dependencies -emit-module -emit-module-path /Users/alex/.codex/artifacts/naval-exploration/build23-sprites-build-trade-safety/archive-derived/Build/Intermediates.noindex/ArchiveIntermediates/Settlers/IntermediateBuildFilesPath/CatanEngine.build/Release-iphoneos/CatanEngine.build/Objects-normal/arm64/CatanEngine.swiftmodule -validate-clang-modules-once -clang-build-session-file /Users/alex/.codex/artifacts/naval-exploration/build23-sprites-build-trade-safety/archive-derived/ModuleCache.noindex/Session.modulevalidation -package-name catanengine -Xcc -I/Users/alex/.codex/artifacts/naval-exploration/build23-sprites-build-trade-safety/archive-derived/Build/Intermediates.noindex/ArchiveIntermediates/Settlers/IntermediateBuildFilesPath/CatanEngine.build/Release-iphoneos/CatanEngine.build/swift-overrides.hmap -emit-const-values -Xfrontend -const-gather-protocols-file -Xfrontend /Users/alex/.codex/artifacts/naval-exploration/build23-sprites-build-trade-safety/archive-derived/Build/Intermediates.noindex/ArchiveIntermediates/Settlers/IntermediateBuildFilesPath/CatanEngine.build/Release-iphoneos/CatanEngine.build/Objects-normal/arm64/CatanEngine_const_extract_protocols.json -Xcc -I/Users/alex/.codex/artifacts/naval-exploration/build23-sprites-build-trade-safety/archive-derived/Build/Intermediates.noindex/ArchiveIntermediates/Settlers/BuildProductsPath/Release-iphoneos/include -Xcc -I/Users/alex/.codex/artifacts/naval-exploration/build23-sprites-build-trade-safety/archive-derived/Build/Intermediates.noindex/ArchiveIntermediates/Settlers/IntermediateBuildFilesPath/CatanEngine.build/Release-iphoneos/CatanEngine.build/DerivedSources-normal/arm64 -Xcc -I/Users/alex/.codex/artifacts/naval-exploration/build23-sprites-build-trade-safety/archive-derived/Build/Intermediates.noindex/ArchiveIntermediates/Settlers/IntermediateBuildFilesPath/CatanEngine.build/Release-iphoneos/CatanEngine.build/DerivedSources/arm64 -Xcc -I/Users/alex/.codex/artifacts/naval-exploration/build23-sprites-build-trade-safety/archive-derived/Build/Intermediates.noindex/ArchiveIntermediates/Settlers/IntermediateBuildFilesPath/CatanEngine.build/Release-iphoneos/CatanEngine.build/DerivedSources -Xcc -DSWIFT_PACKAGE -emit-objc-header -emit-objc-header-path /Users/alex/.codex/artifacts/naval-exploration/build23-sprites-build-trade-safety/archive-derived/Build/Intermediates.noindex/ArchiveIntermediates/Settlers/IntermediateBuildFilesPath/CatanEngine.build/Release-iphoneos/CatanEngine.build/Objects-normal/arm64/CatanEngine-Swift.h -working-directory /Users/alex/.codex/worktrees/naval-exploration/Settlers/Settlers.xcodeproj -no-emit-module-separately-wmo

SwiftMergeGeneratedHeaders /Users/alex/.codex/artifacts/naval-exploration/build23-sprites-build-trade-safety/archive-derived/Build/Intermediates.noindex/ArchiveIntermediates/Settlers/IntermediateBuildFilesPath/GeneratedModuleMaps-iphoneos/CatanEngine-Swift.h /Users/alex/.codex/artifacts/naval-exploration/build23-sprites-build-trade-safety/archive-derived/Build/Intermediates.noindex/ArchiveIntermediates/Settlers/IntermediateBuildFilesPath/CatanEngine.build/Release-iphoneos/CatanEngine.build/Objects-normal/arm64/CatanEngine-Swift.h (in target 'CatanEngine' from project 'CatanEngine')
    cd /Users/alex/.codex/worktrees/naval-exploration/Settlers/Packages/CatanEngine
    builtin-swiftHeaderTool -arch arm64 /Users/alex/.codex/artifacts/naval-exploration/build23-sprites-build-trade-safety/archive-derived/Build/Intermediates.noindex/ArchiveIntermediates/Settlers/IntermediateBuildFilesPath/CatanEngine.build/Release-iphoneos/CatanEngine.build/Objects-normal/arm64/CatanEngine-Swift.h -o /Users/alex/.codex/artifacts/naval-exploration/build23-sprites-build-trade-safety/archive-derived/Build/Intermediates.noindex/ArchiveIntermediates/Settlers/IntermediateBuildFilesPath/GeneratedModuleMaps-iphoneos/CatanEngine-Swift.h

Copy /Users/alex/.codex/artifacts/naval-exploration/build23-sprites-build-trade-safety/archive-derived/Build/Intermediates.noindex/ArchiveIntermediates/Settlers/BuildProductsPath/Release-iphoneos/CatanEngine.swiftmodule/arm64-apple-ios.swiftmodule /Users/alex/.codex/artifacts/naval-exploration/build23-sprites-build-trade-safety/archive-derived/Build/Intermediates.noindex/ArchiveIntermediates/Settlers/IntermediateBuildFilesPath/CatanEngine.build/Release-iphoneos/CatanEngine.build/Objects-normal/arm64/CatanEngine.swiftmodule (in target 'CatanEngine' from project 'CatanEngine')
    cd /Users/alex/.codex/worktrees/naval-exploration/Settlers/Packages/CatanEngine
    builtin-copy -exclude .DS_Store -exclude CVS -exclude .svn -exclude .git -exclude .hg -strip-unsigned-binaries -strip-deterministic -strip-tool /Applications/Xcode.app/Contents/Developer/Toolchains/XcodeDefault.xctoolchain/usr/bin/strip -resolve-src-symlinks -rename /Users/alex/.codex/artifacts/naval-exploration/build23-sprites-build-trade-safety/archive-derived/Build/Intermediates.noindex/ArchiveIntermediates/Settlers/IntermediateBuildFilesPath/CatanEngine.build/Release-iphoneos/CatanEngine.build/Objects-normal/arm64/CatanEngine.swiftmodule /Users/alex/.codex/artifacts/naval-exploration/build23-sprites-build-trade-safety/archive-derived/Build/Intermediates.noindex/ArchiveIntermediates/Settlers/BuildProductsPath/Release-iphoneos/CatanEngine.swiftmodule/arm64-apple-ios.swiftmodule

Copy /Users/alex/.codex/artifacts/naval-exploration/build23-sprites-build-trade-safety/archive-derived/Build/Intermediates.noindex/ArchiveIntermediates/Settlers/BuildProductsPath/Release-iphoneos/CatanEngine.swiftmodule/arm64-apple-ios.swiftdoc /Users/alex/.codex/artifacts/naval-exploration/build23-sprites-build-trade-safety/archive-derived/Build/Intermediates.noindex/ArchiveIntermediates/Settlers/IntermediateBuildFilesPath/CatanEngine.build/Release-iphoneos/CatanEngine.build/Objects-normal/arm64/CatanEngine.swiftdoc (in target 'CatanEngine' from project 'CatanEngine')
    cd /Users/alex/.codex/worktrees/naval-exploration/Settlers/Packages/CatanEngine
    builtin-copy -exclude .DS_Store -exclude CVS -exclude .svn -exclude .git -exclude .hg -strip-unsigned-binaries -strip-deterministic -strip-tool /Applications/Xcode.app/Contents/Developer/Toolchains/XcodeDefault.xctoolchain/usr/bin/strip -resolve-src-symlinks -rename /Users/alex/.codex/artifacts/naval-exploration/build23-sprites-build-trade-safety/archive-derived/Build/Intermediates.noindex/ArchiveIntermediates/Settlers/IntermediateBuildFilesPath/CatanEngine.build/Release-iphoneos/CatanEngine.build/Objects-normal/arm64/CatanEngine.swiftdoc /Users/alex/.codex/artifacts/naval-exploration/build23-sprites-build-trade-safety/archive-derived/Build/Intermediates.noindex/ArchiveIntermediates/Settlers/BuildProductsPath/Release-iphoneos/CatanEngine.swiftmodule/arm64-apple-ios.swiftdoc

Copy /Users/alex/.codex/artifacts/naval-exploration/build23-sprites-build-trade-safety/archive-derived/Build/Intermediates.noindex/ArchiveIntermediates/Settlers/BuildProductsPath/Release-iphoneos/CatanEngine.swiftmodule/arm64-apple-ios.abi.json /Users/alex/.codex/artifacts/naval-exploration/build23-sprites-build-trade-safety/archive-derived/Build/Intermediates.noindex/ArchiveIntermediates/Settlers/IntermediateBuildFilesPath/CatanEngine.build/Release-iphoneos/CatanEngine.build/Objects-normal/arm64/CatanEngine.abi.json (in target 'CatanEngine' from project 'CatanEngine')
    cd /Users/alex/.codex/worktrees/naval-exploration/Settlers/Packages/CatanEngine
    builtin-copy -exclude .DS_Store -exclude CVS -exclude .svn -exclude .git -exclude .hg -strip-unsigned-binaries -strip-deterministic -strip-tool /Applications/Xcode.app/Contents/Developer/Toolchains/XcodeDefault.xctoolchain/usr/bin/strip -resolve-src-symlinks -rename /Users/alex/.codex/artifacts/naval-exploration/build23-sprites-build-trade-safety/archive-derived/Build/Intermediates.noindex/ArchiveIntermediates/Settlers/IntermediateBuildFilesPath/CatanEngine.build/Release-iphoneos/CatanEngine.build/Objects-normal/arm64/CatanEngine.abi.json /Users/alex/.codex/artifacts/naval-exploration/build23-sprites-build-trade-safety/archive-derived/Build/Intermediates.noindex/ArchiveIntermediates/Settlers/BuildProductsPath/Release-iphoneos/CatanEngine.swiftmodule/arm64-apple-ios.abi.json

Ld /Users/alex/.codex/artifacts/naval-exploration/build23-sprites-build-trade-safety/archive-derived/Build/Intermediates.noindex/ArchiveIntermediates/Settlers/IntermediateBuildFilesPath/UninstalledProducts/iphoneos/CatanEngine.o normal (in target 'CatanEngine' from project 'CatanEngine')
    cd /Users/alex/.codex/worktrees/naval-exploration/Settlers/Packages/CatanEngine
    /Applications/Xcode.app/Contents/Developer/Toolchains/XcodeDefault.xctoolchain/usr/bin/clang -Xlinker -reproducible -target arm64-apple-ios17.0 -r -isysroot /Applications/Xcode.app/Contents/Developer/Platforms/iPhoneOS.platform/Developer/SDKs/iPhoneOS26.5.sdk -Os -F/Users/alex/.codex/artifacts/naval-exploration/build23-sprites-build-trade-safety/archive-derived/Build/Intermediates.noindex/ArchiveIntermediates/Settlers/IntermediateBuildFilesPath/EagerLinkingTBDs/Release-iphoneos -F/Users/alex/.codex/artifacts/naval-exploration/build23-sprites-build-trade-safety/archive-derived/Build/Intermediates.noindex/ArchiveIntermediates/Settlers/BuildProductsPath/Release-iphoneos -iframework /Applications/Xcode.app/Contents/Developer/Platforms/iPhoneOS.platform/Developer/Library/Frameworks -iframework /Applications/Xcode.app/Contents/Developer/Platforms/iPhoneOS.platform/Developer/SDKs/iPhoneOS26.5.sdk/Developer/Library/Frameworks -filelist /Users/alex/.codex/artifacts/naval-exploration/build23-sprites-build-trade-safety/archive-derived/Build/Intermediates.noindex/ArchiveIntermediates/Settlers/IntermediateBuildFilesPath/CatanEngine.build/Release-iphoneos/CatanEngine.build/Objects-normal/arm64/CatanEngine.LinkFileList -nostdlib -Xlinker -object_path_lto -Xlinker /Users/alex/.codex/artifacts/naval-exploration/build23-sprites-build-trade-safety/archive-derived/Build/Intermediates.noindex/ArchiveIntermediates/Settlers/IntermediateBuildFilesPath/CatanEngine.build/Release-iphoneos/CatanEngine.build/Objects-normal/arm64/CatanEngine_lto.o -Xlinker -dependency_info -Xlinker /Users/alex/.codex/artifacts/naval-exploration/build23-sprites-build-trade-safety/archive-derived/Build/Intermediates.noindex/ArchiveIntermediates/Settlers/IntermediateBuildFilesPath/CatanEngine.build/Release-iphoneos/CatanEngine.build/Objects-normal/arm64/CatanEngine_dependency_info.dat -fobjc-link-runtime -L/Applications/Xcode.app/Contents/Developer/Toolchains/XcodeDefault.xctoolchain/usr/lib/swift/iphoneos -L/usr/lib/swift -Xlinker -add_ast_path -Xlinker /Users/alex/.codex/artifacts/naval-exploration/build23-sprites-build-trade-safety/archive-derived/Build/Intermediates.noindex/ArchiveIntermediates/Settlers/IntermediateBuildFilesPath/CatanEngine.build/Release-iphoneos/CatanEngine.build/Objects-normal/arm64/CatanEngine.swiftmodule @/Users/alex/.codex/artifacts/naval-exploration/build23-sprites-build-trade-safety/archive-derived/Build/Intermediates.noindex/ArchiveIntermediates/Settlers/IntermediateBuildFilesPath/CatanEngine.build/Release-iphoneos/CatanEngine.build/Objects-normal/arm64/CatanEngine-linker-args.resp -o /Users/alex/.codex/artifacts/naval-exploration/build23-sprites-build-trade-safety/archive-derived/Build/Intermediates.noindex/ArchiveIntermediates/Settlers/IntermediateBuildFilesPath/UninstalledProducts/iphoneos/CatanEngine.o

SwiftDriver CatanAI normal arm64 com.apple.xcode.tools.swift.compiler (in target 'CatanAI' from project 'CatanAI')
    cd /Users/alex/.codex/worktrees/naval-exploration/Settlers/Settlers.xcodeproj
    builtin-SwiftDriver -- /Applications/Xcode.app/Contents/Developer/Toolchains/XcodeDefault.xctoolchain/usr/bin/swiftc -module-name CatanAI -O -whole-module-optimization @/Users/alex/.codex/artifacts/naval-exploration/build23-sprites-build-trade-safety/archive-derived/Build/Intermediates.noindex/ArchiveIntermediates/Settlers/IntermediateBuildFilesPath/CatanAI.build/Release-iphoneos/CatanAI.build/Objects-normal/arm64/CatanAI.SwiftFileList -DSWIFT_PACKAGE -DSWIFT_MODULE_RESOURCE_BUNDLE_UNAVAILABLE -DXcode -driver-batch-count 2 -plugin-path /Applications/Xcode.app/Contents/Developer/Toolchains/XcodeDefault.xctoolchain/usr/lib/swift/host/plugins/testing -enable-experimental-feature DebugDescriptionMacro -sdk /Applications/Xcode.app/Contents/Developer/Platforms/iPhoneOS.platform/Developer/SDKs/iPhoneOS26.5.sdk -target arm64-apple-ios17.0 -g -module-cache-path /Users/alex/.codex/artifacts/naval-exploration/build23-sprites-build-trade-safety/archive-derived/ModuleCache.noindex -Xfrontend -serialize-debugging-options -swift-version 6 -I /Users/alex/.codex/artifacts/naval-exploration/build23-sprites-build-trade-safety/archive-derived/Build/Intermediates.noindex/ArchiveIntermediates/Settlers/BuildProductsPath/Release-iphoneos -Isystem /Applications/Xcode.app/Contents/Developer/Platforms/iPhoneOS.platform/Developer/usr/lib -F /Users/alex/.codex/artifacts/naval-exploration/build23-sprites-build-trade-safety/archive-derived/Build/Intermediates.noindex/ArchiveIntermediates/Settlers/BuildProductsPath/Release-iphoneos/PackageFrameworks -F /Users/alex/.codex/artifacts/naval-exploration/build23-sprites-build-trade-safety/archive-derived/Build/Intermediates.noindex/ArchiveIntermediates/Settlers/BuildProductsPath/Release-iphoneos -F /Applications/Xcode.app/Contents/Developer/Platforms/iPhoneOS.platform/Developer/Library/Frameworks -F /Applications/Xcode.app/Contents/Developer/Platforms/iPhoneOS.platform/Developer/SDKs/iPhoneOS26.5.sdk/Developer/Library/Frameworks -c -num-threads 18 -Xcc -ivfsstatcache -Xcc /Users/alex/.codex/artifacts/naval-exploration/build23-sprites-build-trade-safety/archive-derived/SDKStatCaches.noindex/iphoneos26.5-23F73-32daed1954a7d5dd0789fcaf2a9bb78b.sdkstatcache -output-file-map /Users/alex/.codex/artifacts/naval-exploration/build23-sprites-build-trade-safety/archive-derived/Build/Intermediates.noindex/ArchiveIntermediates/Settlers/IntermediateBuildFilesPath/CatanAI.build/Release-iphoneos/CatanAI.build/Objects-normal/arm64/CatanAI-OutputFileMap.json -use-frontend-parseable-output -save-temps -no-color-diagnostics -explicit-module-build -module-cache-path /Users/alex/.codex/artifacts/naval-exploration/build23-sprites-build-trade-safety/archive-derived/Build/Intermediates.noindex/ArchiveIntermediates/Settlers/IntermediateBuildFilesPath/SwiftExplicitPrecompiledModules -clang-scanner-module-cache-path /Users/alex/.codex/artifacts/naval-exploration/build23-sprites-build-trade-safety/archive-derived/ModuleCache.noindex -sdk-module-cache-path /Users/alex/.codex/artifacts/naval-exploration/build23-sprites-build-trade-safety/archive-derived/ModuleCache.noindex -serialize-diagnostics -emit-dependencies -emit-module -emit-module-path /Users/alex/.codex/artifacts/naval-exploration/build23-sprites-build-trade-safety/archive-derived/Build/Intermediates.noindex/ArchiveIntermediates/Settlers/IntermediateBuildFilesPath/CatanAI.build/Release-iphoneos/CatanAI.build/Objects-normal/arm64/CatanAI.swiftmodule -validate-clang-modules-once -clang-build-session-file /Users/alex/.codex/artifacts/naval-exploration/build23-sprites-build-trade-safety/archive-derived/ModuleCache.noindex/Session.modulevalidation -package-name catanai -Xcc -I/Users/alex/.codex/artifacts/naval-exploration/build23-sprites-build-trade-safety/archive-derived/Build/Intermediates.noindex/ArchiveIntermediates/Settlers/IntermediateBuildFilesPath/CatanAI.build/Release-iphoneos/CatanAI.build/swift-overrides.hmap -emit-const-values -Xfrontend -const-gather-protocols-file -Xfrontend /Users/alex/.codex/artifacts/naval-exploration/build23-sprites-build-trade-safety/archive-derived/Build/Intermediates.noindex/ArchiveIntermediates/Settlers/IntermediateBuildFilesPath/CatanAI.build/Release-iphoneos/CatanAI.build/Objects-normal/arm64/CatanAI_const_extract_protocols.json -Xcc -I/Users/alex/.codex/artifacts/naval-exploration/build23-sprites-build-trade-safety/archive-derived/Build/Intermediates.noindex/ArchiveIntermediates/Settlers/BuildProductsPath/Release-iphoneos/include -Xcc -I/Users/alex/.codex/artifacts/naval-exploration/build23-sprites-build-trade-safety/archive-derived/Build/Intermediates.noindex/ArchiveIntermediates/Settlers/IntermediateBuildFilesPath/CatanAI.build/Release-iphoneos/CatanAI.build/DerivedSources-normal/arm64 -Xcc -I/Users/alex/.codex/artifacts/naval-exploration/build23-sprites-build-trade-safety/archive-derived/Build/Intermediates.noindex/ArchiveIntermediates/Settlers/IntermediateBuildFilesPath/CatanAI.build/Release-iphoneos/CatanAI.build/DerivedSources/arm64 -Xcc -I/Users/alex/.codex/artifacts/naval-exploration/build23-sprites-build-trade-safety/archive-derived/Build/Intermediates.noindex/ArchiveIntermediates/Settlers/IntermediateBuildFilesPath/CatanAI.build/Release-iphoneos/CatanAI.build/DerivedSources -Xcc -DSWIFT_PACKAGE -emit-objc-header -emit-objc-header-path /Users/alex/.codex/artifacts/naval-exploration/build23-sprites-build-trade-safety/archive-derived/Build/Intermediates.noindex/ArchiveIntermediates/Settlers/IntermediateBuildFilesPath/CatanAI.build/Release-iphoneos/CatanAI.build/Objects-normal/arm64/CatanAI-Swift.h -working-directory /Users/alex/.codex/worktrees/naval-exploration/Settlers/Settlers.xcodeproj -no-emit-module-separately-wmo

ExtractAppIntentsMetadata (in target 'CatanEngine' from project 'CatanEngine')
    cd /Users/alex/.codex/worktrees/naval-exploration/Settlers/Packages/CatanEngine
    /Applications/Xcode.app/Contents/Developer/Toolchains/XcodeDefault.xctoolchain/usr/bin/appintentsmetadataprocessor --toolchain-dir /Applications/Xcode.app/Contents/Developer/Toolchains/XcodeDefault.xctoolchain --module-name CatanEngine --sdk-root /Applications/Xcode.app/Contents/Developer/Platforms/iPhoneOS.platform/Developer/SDKs/iPhoneOS26.5.sdk --xcode-version 17F42 --platform-family iOS --deployment-target 17.0 --bundle-identifier catanengine.CatanEngine --output /Users/alex/.codex/artifacts/naval-exploration/build23-sprites-build-trade-safety/archive-derived/Build/Intermediates.noindex/ArchiveIntermediates/Settlers/IntermediateBuildFilesPath/UninstalledProducts/iphoneos/CatanEngine.appintents --target-triple arm64-apple-ios17.0 --binary-file /Users/alex/.codex/artifacts/naval-exploration/build23-sprites-build-trade-safety/archive-derived/Build/Intermediates.noindex/ArchiveIntermediates/Settlers/IntermediateBuildFilesPath/UninstalledProducts/iphoneos/CatanEngine.o --dependency-file /Users/alex/.codex/artifacts/naval-exploration/build23-sprites-build-trade-safety/archive-derived/Build/Intermediates.noindex/ArchiveIntermediates/Settlers/IntermediateBuildFilesPath/CatanEngine.build/Release-iphoneos/CatanEngine.build/Objects-normal/arm64/CatanEngine_dependency_info.dat --stringsdata-file /Users/alex/.codex/artifacts/naval-exploration/build23-sprites-build-trade-safety/archive-derived/Build/Intermediates.noindex/ArchiveIntermediates/Settlers/IntermediateBuildFilesPath/CatanEngine.build/Release-iphoneos/CatanEngine.build/Objects-normal/arm64/ExtractedAppShortcutsMetadata.stringsdata --source-file-list /Users/alex/.codex/artifacts/naval-exploration/build23-sprites-build-trade-safety/archive-derived/Build/Intermediates.noindex/ArchiveIntermediates/Settlers/IntermediateBuildFilesPath/CatanEngine.build/Release-iphoneos/CatanEngine.build/Objects-normal/arm64/CatanEngine.SwiftFileList --metadata-file-list /Users/alex/.codex/artifacts/naval-exploration/build23-sprites-build-trade-safety/archive-derived/Build/Intermediates.noindex/ArchiveIntermediates/Settlers/IntermediateBuildFilesPath/CatanEngine.build/Release-iphoneos/CatanEngine.build/CatanEngine.DependencyMetadataFileList --static-metadata-file-list /Users/alex/.codex/artifacts/naval-exploration/build23-sprites-build-trade-safety/archive-derived/Build/Intermediates.noindex/ArchiveIntermediates/Settlers/IntermediateBuildFilesPath/CatanEngine.build/Release-iphoneos/CatanEngine.build/CatanEngine.DependencyStaticMetadataFileList --swift-const-vals-list /Users/alex/.codex/artifacts/naval-exploration/build23-sprites-build-trade-safety/archive-derived/Build/Intermediates.noindex/ArchiveIntermediates/Settlers/IntermediateBuildFilesPath/CatanEngine.build/Release-iphoneos/CatanEngine.build/Objects-normal/arm64/CatanEngine.SwiftConstValuesFileList --force --compile-time-extraction --deployment-aware-processing --validate-assistant-intents --no-app-shortcuts-localization
2026-10-07 04:09:50.793 appintentsmetadataprocessor[54977:2687662] Starting appintentsmetadataprocessor export
2026-10-07 04:09:50.808 appintentsmetadataprocessor[54977:2687662] Extracted no relevant App Intents symbols, skipping writing output

SetOwnerAndGroup alex:staff /Users/alex/.codex/artifacts/naval-exploration/build23-sprites-build-trade-safety/archive-derived/Build/Intermediates.noindex/ArchiveIntermediates/Settlers/IntermediateBuildFilesPath/UninstalledProducts/iphoneos/CatanEngine.o (in target 'CatanEngine' from project 'CatanEngine')
    cd /Users/alex/.codex/worktrees/naval-exploration/Settlers/Packages/CatanEngine
    /usr/sbin/chown -RH alex:staff /Users/alex/.codex/artifacts/naval-exploration/build23-sprites-build-trade-safety/archive-derived/Build/Intermediates.noindex/ArchiveIntermediates/Settlers/IntermediateBuildFilesPath/UninstalledProducts/iphoneos/CatanEngine.o

SetMode u+w,go-w,a+rX /Users/alex/.codex/artifacts/naval-exploration/build23-sprites-build-trade-safety/archive-derived/Build/Intermediates.noindex/ArchiveIntermediates/Settlers/IntermediateBuildFilesPath/UninstalledProducts/iphoneos/CatanEngine.o (in target 'CatanEngine' from project 'CatanEngine')
    cd /Users/alex/.codex/worktrees/naval-exploration/Settlers/Packages/CatanEngine
    /bin/chmod -RH u+w,go-w,a+rX /Users/alex/.codex/artifacts/naval-exploration/build23-sprites-build-trade-safety/archive-derived/Build/Intermediates.noindex/ArchiveIntermediates/Settlers/IntermediateBuildFilesPath/UninstalledProducts/iphoneos/CatanEngine.o

RegisterExecutionPolicyException /Users/alex/.codex/artifacts/naval-exploration/build23-sprites-build-trade-safety/archive-derived/Build/Intermediates.noindex/ArchiveIntermediates/Settlers/IntermediateBuildFilesPath/UninstalledProducts/iphoneos/CatanEngine.o (in target 'CatanEngine' from project 'CatanEngine')
    cd /Users/alex/.codex/worktrees/naval-exploration/Settlers/Packages/CatanEngine
    builtin-RegisterExecutionPolicyException /Users/alex/.codex/artifacts/naval-exploration/build23-sprites-build-trade-safety/archive-derived/Build/Intermediates.noindex/ArchiveIntermediates/Settlers/IntermediateBuildFilesPath/UninstalledProducts/iphoneos/CatanEngine.o

SwiftCompile normal arm64 Compiling\ Bot.swift,\ BotPersonality.swift,\ BotWeights.swift,\ BuildPlanner.swift,\ CatanAI.swift,\ ConquestHeuristics.swift,\ DevCardHeuristics.swift,\ BoardIndex.swift,\ EvaluationPolicy.swift,\ EvaluationProjections.swift,\ EvaluationWeights.swift,\ ExpertRevision.swift,\ HandDiscipline.swift,\ PointCompletingCards.swift,\ PositionEvaluator.swift,\ TradeCascade.swift,\ TradeValuation.swift,\ CandidateScoring.swift,\ DecisionExtractor.swift,\ DecisionRecord.swift,\ GhostPolicy.swift,\ GhostProfile.swift,\ PersonFitter.swift,\ PersonModel.swift,\ SeatStats.swift,\ StyleFeatures.swift,\ GreedyPolicy.swift,\ HeuristicPolicy.swift,\ JointTradeResponsePolicy.swift,\ NavalCards.swift,\ NavalDecisionContext.swift,\ NavalEconomy.swift,\ NavalLandControl.swift,\ NavalNavigation.swift,\ NavalNavigationDiagnostics.swift,\ NavalPolicy.swift,\ NavalTrading.swift,\ PlacementHeuristics.swift,\ PlannerTradeEvaluator.swift,\ ProductionModel.swift,\ PlanningContext.swift,\ PolicyBehaviorMetrics.swift,\ RobberHeuristics.swift,\ ThreatAssessment.swift,\ TradeAssessment.swift,\ TradeHeuristics.swift,\ TradeMessages.swift,\ TradeRefusingPolicy.swift,\ TradeReviewContext.swift /Users/alex/.codex/worktrees/naval-exploration/Settlers/Packages/CatanAI/Sources/CatanAI/Bot.swift /Users/alex/.codex/worktrees/naval-exploration/Settlers/Packages/CatanAI/Sources/CatanAI/BotPersonality.swift /Users/alex/.codex/worktrees/naval-exploration/Settlers/Packages/CatanAI/Sources/CatanAI/BotWeights.swift /Users/alex/.codex/worktrees/naval-exploration/Settlers/Packages/CatanAI/Sources/CatanAI/BuildPlanner.swift /Users/alex/.codex/worktrees/naval-exploration/Settlers/Packages/CatanAI/Sources/CatanAI/CatanAI.swift /Users/alex/.codex/worktrees/naval-exploration/Settlers/Packages/CatanAI/Sources/CatanAI/ConquestHeuristics.swift /Users/alex/.codex/worktrees/naval-exploration/Settlers/Packages/CatanAI/Sources/CatanAI/DevCardHeuristics.swift /Users/alex/.codex/worktrees/naval-exploration/Settlers/Packages/CatanAI/Sources/CatanAI/Evaluation/BoardIndex.swift /Users/alex/.codex/worktrees/naval-exploration/Settlers/Packages/CatanAI/Sources/CatanAI/Evaluation/EvaluationPolicy.swift /Users/alex/.codex/worktrees/naval-exploration/Settlers/Packages/CatanAI/Sources/CatanAI/Evaluation/EvaluationProjections.swift /Users/alex/.codex/worktrees/naval-exploration/Settlers/Packages/CatanAI/Sources/CatanAI/Evaluation/EvaluationWeights.swift /Users/alex/.codex/worktrees/naval-exploration/Settlers/Packages/CatanAI/Sources/CatanAI/Evaluation/ExpertRevision.swift /Users/alex/.codex/worktrees/naval-exploration/Settlers/Packages/CatanAI/Sources/CatanAI/Evaluation/HandDiscipline.swift /Users/alex/.codex/worktrees/naval-exploration/Settlers/Packages/CatanAI/Sources/CatanAI/Evaluation/PointCompletingCards.swift /Users/alex/.codex/worktrees/naval-exploration/Settlers/Packages/CatanAI/Sources/CatanAI/Evaluation/PositionEvaluator.swift /Users/alex/.codex/worktrees/naval-exploration/Settlers/Packages/CatanAI/Sources/CatanAI/Evaluation/TradeCascade.swift /Users/alex/.codex/worktrees/naval-exploration/Settlers/Packages/CatanAI/Sources/CatanAI/Evaluation/TradeValuation.swift /Users/alex/.codex/worktrees/naval-exploration/Settlers/Packages/CatanAI/Sources/CatanAI/Ghost/CandidateScoring.swift /Users/alex/.codex/worktrees/naval-exploration/Settlers/Packages/CatanAI/Sources/CatanAI/Ghost/DecisionExtractor.swift /Users/alex/.codex/worktrees/naval-exploration/Settlers/Packages/CatanAI/Sources/CatanAI/Ghost/DecisionRecord.swift /Users/alex/.codex/worktrees/naval-exploration/Settlers/Packages/CatanAI/Sources/CatanAI/Ghost/GhostPolicy.swift /Users/alex/.codex/worktrees/naval-exploration/Settlers/Packages/CatanAI/Sources/CatanAI/Ghost/GhostProfile.swift /Users/alex/.codex/worktrees/naval-exploration/Settlers/Packages/CatanAI/Sources/CatanAI/Ghost/PersonFitter.swift /Users/alex/.codex/worktrees/naval-exploration/Settlers/Packages/CatanAI/Sources/CatanAI/Ghost/PersonModel.swift /Users/alex/.codex/worktrees/naval-exploration/Settlers/Packages/CatanAI/Sources/CatanAI/Ghost/SeatStats.swift /Users/alex/.codex/worktrees/naval-exploration/Settlers/Packages/CatanAI/Sources/CatanAI/Ghost/StyleFeatures.swift /Users/alex/.codex/worktrees/naval-exploration/Settlers/Packages/CatanAI/Sources/CatanAI/GreedyPolicy.swift /Users/alex/.codex/worktrees/naval-exploration/Settlers/Packages/CatanAI/Sources/CatanAI/HeuristicPolicy.swift /Users/alex/.codex/worktrees/naval-exploration/Settlers/Packages/CatanAI/Sources/CatanAI/JointTradeResponsePolicy.swift /Users/alex/.codex/worktrees/naval-exploration/Settlers/Packages/CatanAI/Sources/CatanAI/Naval/NavalCards.swift /Users/alex/.codex/worktrees/naval-exploration/Settlers/Packages/CatanAI/Sources/CatanAI/Naval/NavalDecisionContext.swift /Users/alex/.codex/worktrees/naval-exploration/Settlers/Packages/CatanAI/Sources/CatanAI/Naval/NavalEconomy.swift /Users/alex/.codex/worktrees/naval-exploration/Settlers/Packages/CatanAI/Sources/CatanAI/Naval/NavalLandControl.swift /Users/alex/.codex/worktrees/naval-exploration/Settlers/Packages/CatanAI/Sources/CatanAI/Naval/NavalNavigation.swift /Users/alex/.codex/worktrees/naval-exploration/Settlers/Packages/CatanAI/Sources/CatanAI/Naval/NavalNavigationDiagnostics.swift /Users/alex/.codex/worktrees/naval-exploration/Settlers/Packages/CatanAI/Sources/CatanAI/Naval/NavalPolicy.swift /Users/alex/.codex/worktrees/naval-exploration/Settlers/Packages/CatanAI/Sources/CatanAI/Naval/NavalTrading.swift /Users/alex/.codex/worktrees/naval-exploration/Settlers/Packages/CatanAI/Sources/CatanAI/PlacementHeuristics.swift /Users/alex/.codex/worktrees/naval-exploration/Settlers/Packages/CatanAI/Sources/CatanAI/Planner/PlannerTradeEvaluator.swift /Users/alex/.codex/worktrees/naval-exploration/Settlers/Packages/CatanAI/Sources/CatanAI/Planner/ProductionModel.swift /Users/alex/.codex/worktrees/naval-exploration/Settlers/Packages/CatanAI/Sources/CatanAI/PlanningContext.swift /Users/alex/.codex/worktrees/naval-exploration/Settlers/Packages/CatanAI/Sources/CatanAI/PolicyBehaviorMetrics.swift /Users/alex/.codex/worktrees/naval-exploration/Settlers/Packages/CatanAI/Sources/CatanAI/RobberHeuristics.swift /Users/alex/.codex/worktrees/naval-exploration/Settlers/Packages/CatanAI/Sources/CatanAI/ThreatAssessment.swift /Users/alex/.codex/worktrees/naval-exploration/Settlers/Packages/CatanAI/Sources/CatanAI/TradeAssessment.swift /Users/alex/.codex/worktrees/naval-exploration/Settlers/Packages/CatanAI/Sources/CatanAI/TradeHeuristics.swift /Users/alex/.codex/worktrees/naval-exploration/Settlers/Packages/CatanAI/Sources/CatanAI/TradeMessages.swift /Users/alex/.codex/worktrees/naval-exploration/Settlers/Packages/CatanAI/Sources/CatanAI/TradeRefusingPolicy.swift /Users/alex/.codex/worktrees/naval-exploration/Settlers/Packages/CatanAI/Sources/CatanAI/TradeReviewContext.swift /Applications/Xcode.app/Contents/Developer/Toolchains/XcodeDefault.xctoolchain/usr/lib/swift/iphoneos/prebuilt-modules/26.5/_Concurrency.swiftmodule/arm64e-apple-ios.swiftmodule /Applications/Xcode.app/Contents/Developer/Toolchains/XcodeDefault.xctoolchain/usr/lib/swift/iphoneos/prebuilt-modules/26.5/Combine.swiftmodule/arm64e-apple-ios.swiftmodule /Applications/Xcode.app/Contents/Developer/Toolchains/XcodeDefault.xctoolchain/usr/lib/swift/iphoneos/prebuilt-modules/26.5/Dispatch.swiftmodule/arm64e-apple-ios.swiftmodule /Applications/Xcode.app/Contents/Developer/Toolchains/XcodeDefault.xctoolchain/usr/lib/swift/iphoneos/prebuilt-modules/26.5/Swift.swiftmodule/arm64e-apple-ios.swiftmodule /Users/alex/.codex/artifacts/naval-exploration/build23-sprites-build-trade-safety/archive-derived/Build/Intermediates.noindex/ArchiveIntermediates/Settlers/BuildProductsPath/Release-iphoneos/CatanEngine.swiftmodule/arm64-apple-ios.swiftmodule /Applications/Xcode.app/Contents/Developer/Toolchains/XcodeDefault.xctoolchain/usr/lib/swift/iphoneos/prebuilt-modules/26.5/_StringProcessing.swiftmodule/arm64e-apple-ios.swiftmodule /Applications/Xcode.app/Contents/Developer/Toolchains/XcodeDefault.xctoolchain/usr/lib/swift/iphoneos/prebuilt-modules/26.5/System.swiftmodule/arm64e-apple-ios.swiftmodule /Applications/Xcode.app/Contents/Developer/Toolchains/XcodeDefault.xctoolchain/usr/lib/swift/iphoneos/prebuilt-modules/26.5/Foundation.swiftmodule/arm64e-apple-ios.swiftmodule /Applications/Xcode.app/Contents/Developer/Toolchains/XcodeDefault.xctoolchain/usr/lib/swift/iphoneos/prebuilt-modules/26.5/Observation.swiftmodule/arm64e-apple-ios.swiftmodule /Applications/Xcode.app/Contents/Developer/Toolchains/XcodeDefault.xctoolchain/usr/lib/swift/iphoneos/prebuilt-modules/26.5/_DarwinFoundation2.swiftmodule/arm64e-apple-ios.swiftmodule /Applications/Xcode.app/Contents/Developer/Toolchains/XcodeDefault.xctoolchain/usr/lib/swift/iphoneos/prebuilt-modules/26.5/_DarwinFoundation3.swiftmodule/arm64e-apple-ios.swiftmodule /Applications/Xcode.app/Contents/Developer/Toolchains/XcodeDefault.xctoolchain/usr/lib/swift/iphoneos/prebuilt-modules/26.5/Darwin.swiftmodule/arm64e-apple-ios.swiftmodule /Applications/Xcode.app/Contents/Developer/Toolchains/XcodeDefault.xctoolchain/usr/lib/swift/iphoneos/prebuilt-modules/26.5/XPC.swiftmodule/arm64e-apple-ios.swiftmodule /Applications/Xcode.app/Contents/Developer/Toolchains/XcodeDefault.xctoolchain/usr/lib/swift/iphoneos/prebuilt-modules/26.5/ObjectiveC.swiftmodule/arm64e-apple-ios.swiftmodule /Applications/Xcode.app/Contents/Developer/Toolchains/XcodeDefault.xctoolchain/usr/lib/swift/iphoneos/prebuilt-modules/26.5/_Builtin_float.swiftmodule/arm64e-apple-ios.swiftmodule /Applications/Xcode.app/Contents/Developer/Toolchains/XcodeDefault.xctoolchain/usr/lib/swift/iphoneos/prebuilt-modules/26.5/_DarwinFoundation1.swiftmodule/arm64e-apple-ios.swiftmodule /Applications/Xcode.app/Contents/Developer/Toolchains/XcodeDefault.xctoolchain/usr/lib/swift/iphoneos/prebuilt-modules/26.5/CoreFoundation.swiftmodule/arm64e-apple-ios.swiftmodule /Users/alex/.codex/artifacts/naval-exploration/build23-sprites-build-trade-safety/archive-derived/ModuleCache.noindex/_Builtin_stdint-CF5D8EUJSG2Y2TWY8SJWLKS5H.pcm /Users/alex/.codex/artifacts/naval-exploration/build23-sprites-build-trade-safety/archive-derived/ModuleCache.noindex/Dispatch-3YNWHXGUEMBCQWWF13PQRTXEB.pcm /Users/alex/.codex/artifacts/naval-exploration/build23-sprites-build-trade-safety/archive-derived/ModuleCache.noindex/_DarwinFoundation2-864JKTWF7JF390P1NT1DZLIUS.pcm /Users/alex/.codex/artifacts/naval-exploration/build23-sprites-build-trade-safety/archive-derived/ModuleCache.noindex/_DarwinFoundation3-XTMGONM1YN3RJ0KDL324KMNB.pcm /Users/alex/.codex/artifacts/naval-exploration/build23-sprites-build-trade-safety/archive-derived/ModuleCache.noindex/sys_types-37BG40F9RAT5TO71YATDISJDB.pcm /Users/alex/.codex/artifacts/naval-exploration/build23-sprites-build-trade-safety/archive-derived/ModuleCache.noindex/os_workgroup-1RIMZHF7GN6TTF51LAFL0OD5C.pcm /Users/alex/.codex/artifacts/naval-exploration/build23-sprites-build-trade-safety/archive-derived/ModuleCache.noindex/CFNetwork-50A5EYUJ6QXKGNF73HRZQBSO3.pcm /Users/alex/.codex/artifacts/naval-exploration/build23-sprites-build-trade-safety/archive-derived/ModuleCache.noindex/Security-13MGV4NUHUP97MTL5YQVXOYP6.pcm /Users/alex/.codex/artifacts/naval-exploration/build23-sprites-build-trade-safety/archive-derived/ModuleCache.noindex/XPC-DX95YTN47PS6LNXA8PMPHG5VU.pcm /Users/alex/.codex/artifacts/naval-exploration/build23-sprites-build-trade-safety/archive-derived/ModuleCache.noindex/_Builtin_stdarg-8CRAWTWK79LPDPGW5H1EX2395.pcm /Users/alex/.codex/artifacts/naval-exploration/build23-sprites-build-trade-safety/archive-derived/ModuleCache.noindex/ptrauth-BTADCEKFO6ZOEE64EM7G56I6J.pcm /Users/alex/.codex/artifacts/naval-exploration/build23-sprites-build-trade-safety/archive-derived/ModuleCache.noindex/ObjectiveC-2DW2F2IJFU4TRK8LXBTJEJ0WZ.pcm /Users/alex/.codex/artifacts/naval-exploration/build23-sprites-build-trade-safety/archive-derived/ModuleCache.noindex/Darwin-3NUXLE1YXF1GO3EATCUA311Z2.pcm /Users/alex/.codex/artifacts/naval-exploration/build23-sprites-build-trade-safety/archive-derived/ModuleCache.noindex/_DarwinFoundation1-9T59N9A0UMF8UIQ1Y0A6J1TVA.pcm /Users/alex/.codex/artifacts/naval-exploration/build23-sprites-build-trade-safety/archive-derived/ModuleCache.noindex/_AvailabilityInternal-EKTZHAGRBJ9DQHGSD0G1VW5ZP.pcm /Users/alex/.codex/artifacts/naval-exploration/build23-sprites-build-trade-safety/archive-derived/ModuleCache.noindex/ptrcheck-ALLMXD29AEN9GKZJFF3DRXH22.pcm /Users/alex/.codex/artifacts/naval-exploration/build23-sprites-build-trade-safety/archive-derived/ModuleCache.noindex/_SwiftConcurrencyShims-7JXV2NX5R9M0BQEOI7Q8T2X3W.pcm /Users/alex/.codex/artifacts/naval-exploration/build23-sprites-build-trade-safety/archive-derived/ModuleCache.noindex/os_object-1RGPGR4SMYSBXFOCHBU0CGX27.pcm /Users/alex/.codex/artifacts/naval-exploration/build23-sprites-build-trade-safety/archive-derived/ModuleCache.noindex/_Builtin_limits-BYHMVBSEEYTPEA2W0Y3TLVMNK.pcm /Users/alex/.codex/artifacts/naval-exploration/build23-sprites-build-trade-safety/archive-derived/ModuleCache.noindex/CoreFoundation-89UXH8G036BHCGQBCUNOV8WA6.pcm /Users/alex/.codex/artifacts/naval-exploration/build23-sprites-build-trade-safety/archive-derived/ModuleCache.noindex/Foundation-B17O91VT5G4OGKBQ28EW094V6.pcm /Users/alex/.codex/artifacts/naval-exploration/build23-sprites-build-trade-safety/archive-derived/ModuleCache.noindex/SwiftShims-7WXSKDNKHL7ZHBX0QOPX02X28.pcm /Users/alex/.codex/artifacts/naval-exploration/build23-sprites-build-trade-safety/archive-derived/ModuleCache.noindex/_Builtin_stddef-74RNTFE1DY1GQ7N5OM4MM98GW.pcm /Users/alex/.codex/artifacts/naval-exploration/build23-sprites-build-trade-safety/archive-derived/ModuleCache.noindex/_Builtin_stdbool-20ZKHFY11U57CI7F227HN49D2.pcm /Users/alex/.codex/artifacts/naval-exploration/build23-sprites-build-trade-safety/archive-derived/ModuleCache.noindex/_Builtin_inttypes-4WQBXP6ZP320WHBBR3PUARGK7.pcm /Users/alex/.codex/artifacts/naval-exploration/build23-sprites-build-trade-safety/archive-derived/ModuleCache.noindex/_Builtin_float-3F6BX1FUKZSMMP686KQ6WCMSB.pcm /Users/alex/.codex/artifacts/naval-exploration/build23-sprites-build-trade-safety/archive-derived/Build/Intermediates.noindex/ArchiveIntermediates/Settlers/IntermediateBuildFilesPath/CatanAI.build/Release-iphoneos/CatanAI.build/Objects-normal/arm64/CatanAI-dependencies-1.json (in target 'CatanAI' from project 'CatanAI')

CompileSwift normal arm64 (in target 'CatanAI' from project 'CatanAI')
    cd /Users/alex/.codex/worktrees/naval-exploration/Settlers/Settlers.xcodeproj
    

SwiftDriver\ Compilation CatanAI normal arm64 com.apple.xcode.tools.swift.compiler (in target 'CatanAI' from project 'CatanAI')
    cd /Users/alex/.codex/worktrees/naval-exploration/Settlers/Settlers.xcodeproj
    builtin-Swift-Compilation -- /Applications/Xcode.app/Contents/Developer/Toolchains/XcodeDefault.xctoolchain/usr/bin/swiftc -module-name CatanAI -O -whole-module-optimization @/Users/alex/.codex/artifacts/naval-exploration/build23-sprites-build-trade-safety/archive-derived/Build/Intermediates.noindex/ArchiveIntermediates/Settlers/IntermediateBuildFilesPath/CatanAI.build/Release-iphoneos/CatanAI.build/Objects-normal/arm64/CatanAI.SwiftFileList -DSWIFT_PACKAGE -DSWIFT_MODULE_RESOURCE_BUNDLE_UNAVAILABLE -DXcode -driver-batch-count 2 -plugin-path /Applications/Xcode.app/Contents/Developer/Toolchains/XcodeDefault.xctoolchain/usr/lib/swift/host/plugins/testing -enable-experimental-feature DebugDescriptionMacro -sdk /Applications/Xcode.app/Contents/Developer/Platforms/iPhoneOS.platform/Developer/SDKs/iPhoneOS26.5.sdk -target arm64-apple-ios17.0 -g -module-cache-path /Users/alex/.codex/artifacts/naval-exploration/build23-sprites-build-trade-safety/archive-derived/ModuleCache.noindex -Xfrontend -serialize-debugging-options -swift-version 6 -I /Users/alex/.codex/artifacts/naval-exploration/build23-sprites-build-trade-safety/archive-derived/Build/Intermediates.noindex/ArchiveIntermediates/Settlers/BuildProductsPath/Release-iphoneos -Isystem /Applications/Xcode.app/Contents/Developer/Platforms/iPhoneOS.platform/Developer/usr/lib -F /Users/alex/.codex/artifacts/naval-exploration/build23-sprites-build-trade-safety/archive-derived/Build/Intermediates.noindex/ArchiveIntermediates/Settlers/BuildProductsPath/Release-iphoneos/PackageFrameworks -F /Users/alex/.codex/artifacts/naval-exploration/build23-sprites-build-trade-safety/archive-derived/Build/Intermediates.noindex/ArchiveIntermediates/Settlers/BuildProductsPath/Release-iphoneos -F /Applications/Xcode.app/Contents/Developer/Platforms/iPhoneOS.platform/Developer/Library/Frameworks -F /Applications/Xcode.app/Contents/Developer/Platforms/iPhoneOS.platform/Developer/SDKs/iPhoneOS26.5.sdk/Developer/Library/Frameworks -c -num-threads 18 -Xcc -ivfsstatcache -Xcc /Users/alex/.codex/artifacts/naval-exploration/build23-sprites-build-trade-safety/archive-derived/SDKStatCaches.noindex/iphoneos26.5-23F73-32daed1954a7d5dd0789fcaf2a9bb78b.sdkstatcache -output-file-map /Users/alex/.codex/artifacts/naval-exploration/build23-sprites-build-trade-safety/archive-derived/Build/Intermediates.noindex/ArchiveIntermediates/Settlers/IntermediateBuildFilesPath/CatanAI.build/Release-iphoneos/CatanAI.build/Objects-normal/arm64/CatanAI-OutputFileMap.json -use-frontend-parseable-output -save-temps -no-color-diagnostics -explicit-module-build -module-cache-path /Users/alex/.codex/artifacts/naval-exploration/build23-sprites-build-trade-safety/archive-derived/Build/Intermediates.noindex/ArchiveIntermediates/Settlers/IntermediateBuildFilesPath/SwiftExplicitPrecompiledModules -clang-scanner-module-cache-path /Users/alex/.codex/artifacts/naval-exploration/build23-sprites-build-trade-safety/archive-derived/ModuleCache.noindex -sdk-module-cache-path /Users/alex/.codex/artifacts/naval-exploration/build23-sprites-build-trade-safety/archive-derived/ModuleCache.noindex -serialize-diagnostics -emit-dependencies -emit-module -emit-module-path /Users/alex/.codex/artifacts/naval-exploration/build23-sprites-build-trade-safety/archive-derived/Build/Intermediates.noindex/ArchiveIntermediates/Settlers/IntermediateBuildFilesPath/CatanAI.build/Release-iphoneos/CatanAI.build/Objects-normal/arm64/CatanAI.swiftmodule -validate-clang-modules-once -clang-build-session-file /Users/alex/.codex/artifacts/naval-exploration/build23-sprites-build-trade-safety/archive-derived/ModuleCache.noindex/Session.modulevalidation -package-name catanai -Xcc -I/Users/alex/.codex/artifacts/naval-exploration/build23-sprites-build-trade-safety/archive-derived/Build/Intermediates.noindex/ArchiveIntermediates/Settlers/IntermediateBuildFilesPath/CatanAI.build/Release-iphoneos/CatanAI.build/swift-overrides.hmap -emit-const-values -Xfrontend -const-gather-protocols-file -Xfrontend /Users/alex/.codex/artifacts/naval-exploration/build23-sprites-build-trade-safety/archive-derived/Build/Intermediates.noindex/ArchiveIntermediates/Settlers/IntermediateBuildFilesPath/CatanAI.build/Release-iphoneos/CatanAI.build/Objects-normal/arm64/CatanAI_const_extract_protocols.json -Xcc -I/Users/alex/.codex/artifacts/naval-exploration/build23-sprites-build-trade-safety/archive-derived/Build/Intermediates.noindex/ArchiveIntermediates/Settlers/BuildProductsPath/Release-iphoneos/include -Xcc -I/Users/alex/.codex/artifacts/naval-exploration/build23-sprites-build-trade-safety/archive-derived/Build/Intermediates.noindex/ArchiveIntermediates/Settlers/IntermediateBuildFilesPath/CatanAI.build/Release-iphoneos/CatanAI.build/DerivedSources-normal/arm64 -Xcc -I/Users/alex/.codex/artifacts/naval-exploration/build23-sprites-build-trade-safety/archive-derived/Build/Intermediates.noindex/ArchiveIntermediates/Settlers/IntermediateBuildFilesPath/CatanAI.build/Release-iphoneos/CatanAI.build/DerivedSources/arm64 -Xcc -I/Users/alex/.codex/artifacts/naval-exploration/build23-sprites-build-trade-safety/archive-derived/Build/Intermediates.noindex/ArchiveIntermediates/Settlers/IntermediateBuildFilesPath/CatanAI.build/Release-iphoneos/CatanAI.build/DerivedSources -Xcc -DSWIFT_PACKAGE -emit-objc-header -emit-objc-header-path /Users/alex/.codex/artifacts/naval-exploration/build23-sprites-build-trade-safety/archive-derived/Build/Intermediates.noindex/ArchiveIntermediates/Settlers/IntermediateBuildFilesPath/CatanAI.build/Release-iphoneos/CatanAI.build/Objects-normal/arm64/CatanAI-Swift.h -working-directory /Users/alex/.codex/worktrees/naval-exploration/Settlers/Settlers.xcodeproj -no-emit-module-separately-wmo

SwiftDriverJobDiscovery normal arm64 Compiling Bot.swift, BotPersonality.swift, BotWeights.swift, BuildPlanner.swift, CatanAI.swift, ConquestHeuristics.swift, DevCardHeuristics.swift, BoardIndex.swift, EvaluationPolicy.swift, EvaluationProjections.swift, EvaluationWeights.swift, ExpertRevision.swift, HandDiscipline.swift, PointCompletingCards.swift, PositionEvaluator.swift, TradeCascade.swift, TradeValuation.swift, CandidateScoring.swift, DecisionExtractor.swift, DecisionRecord.swift, GhostPolicy.swift, GhostProfile.swift, PersonFitter.swift, PersonModel.swift, SeatStats.swift, StyleFeatures.swift, GreedyPolicy.swift, HeuristicPolicy.swift, JointTradeResponsePolicy.swift, NavalCards.swift, NavalDecisionContext.swift, NavalEconomy.swift, NavalLandControl.swift, NavalNavigation.swift, NavalNavigationDiagnostics.swift, NavalPolicy.swift, NavalTrading.swift, PlacementHeuristics.swift, PlannerTradeEvaluator.swift, ProductionModel.swift, PlanningContext.swift, PolicyBehaviorMetrics.swift, RobberHeuristics.swift, ThreatAssessment.swift, TradeAssessment.swift, TradeHeuristics.swift, TradeMessages.swift, TradeRefusingPolicy.swift, TradeReviewContext.swift (in target 'CatanAI' from project 'CatanAI')

SwiftDriver\ Compilation\ Requirements CatanAI normal arm64 com.apple.xcode.tools.swift.compiler (in target 'CatanAI' from project 'CatanAI')
    cd /Users/alex/.codex/worktrees/naval-exploration/Settlers/Settlers.xcodeproj
    builtin-Swift-Compilation-Requirements -- /Applications/Xcode.app/Contents/Developer/Toolchains/XcodeDefault.xctoolchain/usr/bin/swiftc -module-name CatanAI -O -whole-module-optimization @/Users/alex/.codex/artifacts/naval-exploration/build23-sprites-build-trade-safety/archive-derived/Build/Intermediates.noindex/ArchiveIntermediates/Settlers/IntermediateBuildFilesPath/CatanAI.build/Release-iphoneos/CatanAI.build/Objects-normal/arm64/CatanAI.SwiftFileList -DSWIFT_PACKAGE -DSWIFT_MODULE_RESOURCE_BUNDLE_UNAVAILABLE -DXcode -driver-batch-count 2 -plugin-path /Applications/Xcode.app/Contents/Developer/Toolchains/XcodeDefault.xctoolchain/usr/lib/swift/host/plugins/testing -enable-experimental-feature DebugDescriptionMacro -sdk /Applications/Xcode.app/Contents/Developer/Platforms/iPhoneOS.platform/Developer/SDKs/iPhoneOS26.5.sdk -target arm64-apple-ios17.0 -g -module-cache-path /Users/alex/.codex/artifacts/naval-exploration/build23-sprites-build-trade-safety/archive-derived/ModuleCache.noindex -Xfrontend -serialize-debugging-options -swift-version 6 -I /Users/alex/.codex/artifacts/naval-exploration/build23-sprites-build-trade-safety/archive-derived/Build/Intermediates.noindex/ArchiveIntermediates/Settlers/BuildProductsPath/Release-iphoneos -Isystem /Applications/Xcode.app/Contents/Developer/Platforms/iPhoneOS.platform/Developer/usr/lib -F /Users/alex/.codex/artifacts/naval-exploration/build23-sprites-build-trade-safety/archive-derived/Build/Intermediates.noindex/ArchiveIntermediates/Settlers/BuildProductsPath/Release-iphoneos/PackageFrameworks -F /Users/alex/.codex/artifacts/naval-exploration/build23-sprites-build-trade-safety/archive-derived/Build/Intermediates.noindex/ArchiveIntermediates/Settlers/BuildProductsPath/Release-iphoneos -F /Applications/Xcode.app/Contents/Developer/Platforms/iPhoneOS.platform/Developer/Library/Frameworks -F /Applications/Xcode.app/Contents/Developer/Platforms/iPhoneOS.platform/Developer/SDKs/iPhoneOS26.5.sdk/Developer/Library/Frameworks -c -num-threads 18 -Xcc -ivfsstatcache -Xcc /Users/alex/.codex/artifacts/naval-exploration/build23-sprites-build-trade-safety/archive-derived/SDKStatCaches.noindex/iphoneos26.5-23F73-32daed1954a7d5dd0789fcaf2a9bb78b.sdkstatcache -output-file-map /Users/alex/.codex/artifacts/naval-exploration/build23-sprites-build-trade-safety/archive-derived/Build/Intermediates.noindex/ArchiveIntermediates/Settlers/IntermediateBuildFilesPath/CatanAI.build/Release-iphoneos/CatanAI.build/Objects-normal/arm64/CatanAI-OutputFileMap.json -use-frontend-parseable-output -save-temps -no-color-diagnostics -explicit-module-build -module-cache-path /Users/alex/.codex/artifacts/naval-exploration/build23-sprites-build-trade-safety/archive-derived/Build/Intermediates.noindex/ArchiveIntermediates/Settlers/IntermediateBuildFilesPath/SwiftExplicitPrecompiledModules -clang-scanner-module-cache-path /Users/alex/.codex/artifacts/naval-exploration/build23-sprites-build-trade-safety/archive-derived/ModuleCache.noindex -sdk-module-cache-path /Users/alex/.codex/artifacts/naval-exploration/build23-sprites-build-trade-safety/archive-derived/ModuleCache.noindex -serialize-diagnostics -emit-dependencies -emit-module -emit-module-path /Users/alex/.codex/artifacts/naval-exploration/build23-sprites-build-trade-safety/archive-derived/Build/Intermediates.noindex/ArchiveIntermediates/Settlers/IntermediateBuildFilesPath/CatanAI.build/Release-iphoneos/CatanAI.build/Objects-normal/arm64/CatanAI.swiftmodule -validate-clang-modules-once -clang-build-session-file /Users/alex/.codex/artifacts/naval-exploration/build23-sprites-build-trade-safety/archive-derived/ModuleCache.noindex/Session.modulevalidation -package-name catanai -Xcc -I/Users/alex/.codex/artifacts/naval-exploration/build23-sprites-build-trade-safety/archive-derived/Build/Intermediates.noindex/ArchiveIntermediates/Settlers/IntermediateBuildFilesPath/CatanAI.build/Release-iphoneos/CatanAI.build/swift-overrides.hmap -emit-const-values -Xfrontend -const-gather-protocols-file -Xfrontend /Users/alex/.codex/artifacts/naval-exploration/build23-sprites-build-trade-safety/archive-derived/Build/Intermediates.noindex/ArchiveIntermediates/Settlers/IntermediateBuildFilesPath/CatanAI.build/Release-iphoneos/CatanAI.build/Objects-normal/arm64/CatanAI_const_extract_protocols.json -Xcc -I/Users/alex/.codex/artifacts/naval-exploration/build23-sprites-build-trade-safety/archive-derived/Build/Intermediates.noindex/ArchiveIntermediates/Settlers/BuildProductsPath/Release-iphoneos/include -Xcc -I/Users/alex/.codex/artifacts/naval-exploration/build23-sprites-build-trade-safety/archive-derived/Build/Intermediates.noindex/ArchiveIntermediates/Settlers/IntermediateBuildFilesPath/CatanAI.build/Release-iphoneos/CatanAI.build/DerivedSources-normal/arm64 -Xcc -I/Users/alex/.codex/artifacts/naval-exploration/build23-sprites-build-trade-safety/archive-derived/Build/Intermediates.noindex/ArchiveIntermediates/Settlers/IntermediateBuildFilesPath/CatanAI.build/Release-iphoneos/CatanAI.build/DerivedSources/arm64 -Xcc -I/Users/alex/.codex/artifacts/naval-exploration/build23-sprites-build-trade-safety/archive-derived/Build/Intermediates.noindex/ArchiveIntermediates/Settlers/IntermediateBuildFilesPath/CatanAI.build/Release-iphoneos/CatanAI.build/DerivedSources -Xcc -DSWIFT_PACKAGE -emit-objc-header -emit-objc-header-path /Users/alex/.codex/artifacts/naval-exploration/build23-sprites-build-trade-safety/archive-derived/Build/Intermediates.noindex/ArchiveIntermediates/Settlers/IntermediateBuildFilesPath/CatanAI.build/Release-iphoneos/CatanAI.build/Objects-normal/arm64/CatanAI-Swift.h -working-directory /Users/alex/.codex/worktrees/naval-exploration/Settlers/Settlers.xcodeproj -no-emit-module-separately-wmo

SwiftMergeGeneratedHeaders /Users/alex/.codex/artifacts/naval-exploration/build23-sprites-build-trade-safety/archive-derived/Build/Intermediates.noindex/ArchiveIntermediates/Settlers/IntermediateBuildFilesPath/GeneratedModuleMaps-iphoneos/CatanAI-Swift.h /Users/alex/.codex/artifacts/naval-exploration/build23-sprites-build-trade-safety/archive-derived/Build/Intermediates.noindex/ArchiveIntermediates/Settlers/IntermediateBuildFilesPath/CatanAI.build/Release-iphoneos/CatanAI.build/Objects-normal/arm64/CatanAI-Swift.h (in target 'CatanAI' from project 'CatanAI')
    cd /Users/alex/.codex/worktrees/naval-exploration/Settlers/Packages/CatanAI
    builtin-swiftHeaderTool -arch arm64 /Users/alex/.codex/artifacts/naval-exploration/build23-sprites-build-trade-safety/archive-derived/Build/Intermediates.noindex/ArchiveIntermediates/Settlers/IntermediateBuildFilesPath/CatanAI.build/Release-iphoneos/CatanAI.build/Objects-normal/arm64/CatanAI-Swift.h -o /Users/alex/.codex/artifacts/naval-exploration/build23-sprites-build-trade-safety/archive-derived/Build/Intermediates.noindex/ArchiveIntermediates/Settlers/IntermediateBuildFilesPath/GeneratedModuleMaps-iphoneos/CatanAI-Swift.h

Copy /Users/alex/.codex/artifacts/naval-exploration/build23-sprites-build-trade-safety/archive-derived/Build/Intermediates.noindex/ArchiveIntermediates/Settlers/BuildProductsPath/Release-iphoneos/CatanAI.swiftmodule/arm64-apple-ios.swiftmodule /Users/alex/.codex/artifacts/naval-exploration/build23-sprites-build-trade-safety/archive-derived/Build/Intermediates.noindex/ArchiveIntermediates/Settlers/IntermediateBuildFilesPath/CatanAI.build/Release-iphoneos/CatanAI.build/Objects-normal/arm64/CatanAI.swiftmodule (in target 'CatanAI' from project 'CatanAI')
    cd /Users/alex/.codex/worktrees/naval-exploration/Settlers/Packages/CatanAI
    builtin-copy -exclude .DS_Store -exclude CVS -exclude .svn -exclude .git -exclude .hg -strip-unsigned-binaries -strip-deterministic -strip-tool /Applications/Xcode.app/Contents/Developer/Toolchains/XcodeDefault.xctoolchain/usr/bin/strip -resolve-src-symlinks -rename /Users/alex/.codex/artifacts/naval-exploration/build23-sprites-build-trade-safety/archive-derived/Build/Intermediates.noindex/ArchiveIntermediates/Settlers/IntermediateBuildFilesPath/CatanAI.build/Release-iphoneos/CatanAI.build/Objects-normal/arm64/CatanAI.swiftmodule /Users/alex/.codex/artifacts/naval-exploration/build23-sprites-build-trade-safety/archive-derived/Build/Intermediates.noindex/ArchiveIntermediates/Settlers/BuildProductsPath/Release-iphoneos/CatanAI.swiftmodule/arm64-apple-ios.swiftmodule

Copy /Users/alex/.codex/artifacts/naval-exploration/build23-sprites-build-trade-safety/archive-derived/Build/Intermediates.noindex/ArchiveIntermediates/Settlers/BuildProductsPath/Release-iphoneos/CatanAI.swiftmodule/arm64-apple-ios.swiftdoc /Users/alex/.codex/artifacts/naval-exploration/build23-sprites-build-trade-safety/archive-derived/Build/Intermediates.noindex/ArchiveIntermediates/Settlers/IntermediateBuildFilesPath/CatanAI.build/Release-iphoneos/CatanAI.build/Objects-normal/arm64/CatanAI.swiftdoc (in target 'CatanAI' from project 'CatanAI')
    cd /Users/alex/.codex/worktrees/naval-exploration/Settlers/Packages/CatanAI
    builtin-copy -exclude .DS_Store -exclude CVS -exclude .svn -exclude .git -exclude .hg -strip-unsigned-binaries -strip-deterministic -strip-tool /Applications/Xcode.app/Contents/Developer/Toolchains/XcodeDefault.xctoolchain/usr/bin/strip -resolve-src-symlinks -rename /Users/alex/.codex/artifacts/naval-exploration/build23-sprites-build-trade-safety/archive-derived/Build/Intermediates.noindex/ArchiveIntermediates/Settlers/IntermediateBuildFilesPath/CatanAI.build/Release-iphoneos/CatanAI.build/Objects-normal/arm64/CatanAI.swiftdoc /Users/alex/.codex/artifacts/naval-exploration/build23-sprites-build-trade-safety/archive-derived/Build/Intermediates.noindex/ArchiveIntermediates/Settlers/BuildProductsPath/Release-iphoneos/CatanAI.swiftmodule/arm64-apple-ios.swiftdoc

Copy /Users/alex/.codex/artifacts/naval-exploration/build23-sprites-build-trade-safety/archive-derived/Build/Intermediates.noindex/ArchiveIntermediates/Settlers/BuildProductsPath/Release-iphoneos/CatanAI.swiftmodule/arm64-apple-ios.abi.json /Users/alex/.codex/artifacts/naval-exploration/build23-sprites-build-trade-safety/archive-derived/Build/Intermediates.noindex/ArchiveIntermediates/Settlers/IntermediateBuildFilesPath/CatanAI.build/Release-iphoneos/CatanAI.build/Objects-normal/arm64/CatanAI.abi.json (in target 'CatanAI' from project 'CatanAI')
    cd /Users/alex/.codex/worktrees/naval-exploration/Settlers/Packages/CatanAI
    builtin-copy -exclude .DS_Store -exclude CVS -exclude .svn -exclude .git -exclude .hg -strip-unsigned-binaries -strip-deterministic -strip-tool /Applications/Xcode.app/Contents/Developer/Toolchains/XcodeDefault.xctoolchain/usr/bin/strip -resolve-src-symlinks -rename /Users/alex/.codex/artifacts/naval-exploration/build23-sprites-build-trade-safety/archive-derived/Build/Intermediates.noindex/ArchiveIntermediates/Settlers/IntermediateBuildFilesPath/CatanAI.build/Release-iphoneos/CatanAI.build/Objects-normal/arm64/CatanAI.abi.json /Users/alex/.codex/artifacts/naval-exploration/build23-sprites-build-trade-safety/archive-derived/Build/Intermediates.noindex/ArchiveIntermediates/Settlers/BuildProductsPath/Release-iphoneos/CatanAI.swiftmodule/arm64-apple-ios.abi.json

Ld /Users/alex/.codex/artifacts/naval-exploration/build23-sprites-build-trade-safety/archive-derived/Build/Intermediates.noindex/ArchiveIntermediates/Settlers/IntermediateBuildFilesPath/UninstalledProducts/iphoneos/CatanAI.o normal (in target 'CatanAI' from project 'CatanAI')
    cd /Users/alex/.codex/worktrees/naval-exploration/Settlers/Packages/CatanAI
    /Applications/Xcode.app/Contents/Developer/Toolchains/XcodeDefault.xctoolchain/usr/bin/clang -Xlinker -reproducible -target arm64-apple-ios17.0 -r -isysroot /Applications/Xcode.app/Contents/Developer/Platforms/iPhoneOS.platform/Developer/SDKs/iPhoneOS26.5.sdk -Os -F/Users/alex/.codex/artifacts/naval-exploration/build23-sprites-build-trade-safety/archive-derived/Build/Intermediates.noindex/ArchiveIntermediates/Settlers/IntermediateBuildFilesPath/EagerLinkingTBDs/Release-iphoneos -F/Users/alex/.codex/artifacts/naval-exploration/build23-sprites-build-trade-safety/archive-derived/Build/Intermediates.noindex/ArchiveIntermediates/Settlers/BuildProductsPath/Release-iphoneos/PackageFrameworks -F/Users/alex/.codex/artifacts/naval-exploration/build23-sprites-build-trade-safety/archive-derived/Build/Intermediates.noindex/ArchiveIntermediates/Settlers/BuildProductsPath/Release-iphoneos -iframework /Applications/Xcode.app/Contents/Developer/Platforms/iPhoneOS.platform/Developer/Library/Frameworks -iframework /Applications/Xcode.app/Contents/Developer/Platforms/iPhoneOS.platform/Developer/SDKs/iPhoneOS26.5.sdk/Developer/Library/Frameworks -filelist /Users/alex/.codex/artifacts/naval-exploration/build23-sprites-build-trade-safety/archive-derived/Build/Intermediates.noindex/ArchiveIntermediates/Settlers/IntermediateBuildFilesPath/CatanAI.build/Release-iphoneos/CatanAI.build/Objects-normal/arm64/CatanAI.LinkFileList -nostdlib -Xlinker -object_path_lto -Xlinker /Users/alex/.codex/artifacts/naval-exploration/build23-sprites-build-trade-safety/archive-derived/Build/Intermediates.noindex/ArchiveIntermediates/Settlers/IntermediateBuildFilesPath/CatanAI.build/Release-iphoneos/CatanAI.build/Objects-normal/arm64/CatanAI_lto.o -Xlinker -dependency_info -Xlinker /Users/alex/.codex/artifacts/naval-exploration/build23-sprites-build-trade-safety/archive-derived/Build/Intermediates.noindex/ArchiveIntermediates/Settlers/IntermediateBuildFilesPath/CatanAI.build/Release-iphoneos/CatanAI.build/Objects-normal/arm64/CatanAI_dependency_info.dat -fobjc-link-runtime -L/Applications/Xcode.app/Contents/Developer/Toolchains/XcodeDefault.xctoolchain/usr/lib/swift/iphoneos -L/usr/lib/swift -Xlinker -add_ast_path -Xlinker /Users/alex/.codex/artifacts/naval-exploration/build23-sprites-build-trade-safety/archive-derived/Build/Intermediates.noindex/ArchiveIntermediates/Settlers/IntermediateBuildFilesPath/CatanAI.build/Release-iphoneos/CatanAI.build/Objects-normal/arm64/CatanAI.swiftmodule @/Users/alex/.codex/artifacts/naval-exploration/build23-sprites-build-trade-safety/archive-derived/Build/Intermediates.noindex/ArchiveIntermediates/Settlers/IntermediateBuildFilesPath/CatanAI.build/Release-iphoneos/CatanAI.build/Objects-normal/arm64/CatanAI-linker-args.resp -o /Users/alex/.codex/artifacts/naval-exploration/build23-sprites-build-trade-safety/archive-derived/Build/Intermediates.noindex/ArchiveIntermediates/Settlers/IntermediateBuildFilesPath/UninstalledProducts/iphoneos/CatanAI.o

ProcessProductPackaging /Users/alex/Library/Developer/Xcode/UserData/Provisioning\ Profiles/Empires-App-Store-20261004.mobileprovision /Users/alex/.codex/artifacts/naval-exploration/build23-sprites-build-trade-safety/archive-derived/Build/Intermediates.noindex/ArchiveIntermediates/Settlers/InstallationBuildProductsLocation/Applications/Settlers.app/embedded.mobileprovision (in target 'Settlers' from project 'Settlers')
    cd /Users/alex/.codex/worktrees/naval-exploration/Settlers
    builtin-productPackagingUtility /Users/alex/Library/Developer/Xcode/UserData/Provisioning\ Profiles/Empires-App-Store-20261004.mobileprovision -o /Users/alex/.codex/artifacts/naval-exploration/build23-sprites-build-trade-safety/archive-derived/Build/Intermediates.noindex/ArchiveIntermediates/Settlers/InstallationBuildProductsLocation/Applications/Settlers.app/embedded.mobileprovision

ProcessProductPackaging /Users/alex/.codex/worktrees/naval-exploration/Settlers/Settlers/LiveSync.entitlements /Users/alex/.codex/artifacts/naval-exploration/build23-sprites-build-trade-safety/archive-derived/Build/Intermediates.noindex/ArchiveIntermediates/Settlers/IntermediateBuildFilesPath/Settlers.build/Release-iphoneos/Settlers.build/Settlers.app.xcent (in target 'Settlers' from project 'Settlers')
    cd /Users/alex/.codex/worktrees/naval-exploration/Settlers
    
    Entitlements:
    
    {
    "application-identifier" = "HXB9F28LHR.com.alexchandler.empires";
    "beta-reports-active" = 1;
    "com.apple.developer.icloud-container-identifiers" =     (
        "iCloud.com.alexchandler.empires"
    );
    "com.apple.developer.icloud-services" =     (
        CloudKit
    );
    "com.apple.developer.team-identifier" = HXB9F28LHR;
    "get-task-allow" = 0;
}
    
    builtin-productPackagingUtility /Users/alex/.codex/worktrees/naval-exploration/Settlers/Settlers/LiveSync.entitlements -entitlements -format xml -o /Users/alex/.codex/artifacts/naval-exploration/build23-sprites-build-trade-safety/archive-derived/Build/Intermediates.noindex/ArchiveIntermediates/Settlers/IntermediateBuildFilesPath/Settlers.build/Release-iphoneos/Settlers.build/Settlers.app.xcent

ProcessProductPackagingDER /Users/alex/.codex/artifacts/naval-exploration/build23-sprites-build-trade-safety/archive-derived/Build/Intermediates.noindex/ArchiveIntermediates/Settlers/IntermediateBuildFilesPath/Settlers.build/Release-iphoneos/Settlers.build/Settlers.app.xcent /Users/alex/.codex/artifacts/naval-exploration/build23-sprites-build-trade-safety/archive-derived/Build/Intermediates.noindex/ArchiveIntermediates/Settlers/IntermediateBuildFilesPath/Settlers.build/Release-iphoneos/Settlers.build/Settlers.app.xcent.der (in target 'Settlers' from project 'Settlers')
    cd /Users/alex/.codex/worktrees/naval-exploration/Settlers
    /usr/bin/derq query -f xml -i /Users/alex/.codex/artifacts/naval-exploration/build23-sprites-build-trade-safety/archive-derived/Build/Intermediates.noindex/ArchiveIntermediates/Settlers/IntermediateBuildFilesPath/Settlers.build/Release-iphoneos/Settlers.build/Settlers.app.xcent -o /Users/alex/.codex/artifacts/naval-exploration/build23-sprites-build-trade-safety/archive-derived/Build/Intermediates.noindex/ArchiveIntermediates/Settlers/IntermediateBuildFilesPath/Settlers.build/Release-iphoneos/Settlers.build/Settlers.app.xcent.der --raw

MkDir /Users/alex/.codex/artifacts/naval-exploration/build23-sprites-build-trade-safety/archive-derived/Build/Intermediates.noindex/ArchiveIntermediates/Settlers/IntermediateBuildFilesPath/Settlers.build/Release-iphoneos/Settlers.build/assetcatalog_output/unthinned (in target 'Settlers' from project 'Settlers')
    cd /Users/alex/.codex/worktrees/naval-exploration/Settlers
    /bin/mkdir -p /Users/alex/.codex/artifacts/naval-exploration/build23-sprites-build-trade-safety/archive-derived/Build/Intermediates.noindex/ArchiveIntermediates/Settlers/IntermediateBuildFilesPath/Settlers.build/Release-iphoneos/Settlers.build/assetcatalog_output/unthinned

MkDir /Users/alex/.codex/artifacts/naval-exploration/build23-sprites-build-trade-safety/archive-derived/Build/Intermediates.noindex/ArchiveIntermediates/Settlers/IntermediateBuildFilesPath/Settlers.build/Release-iphoneos/Settlers.build/assetcatalog_output/thinned (in target 'Settlers' from project 'Settlers')
    cd /Users/alex/.codex/worktrees/naval-exploration/Settlers
    /bin/mkdir -p /Users/alex/.codex/artifacts/naval-exploration/build23-sprites-build-trade-safety/archive-derived/Build/Intermediates.noindex/ArchiveIntermediates/Settlers/IntermediateBuildFilesPath/Settlers.build/Release-iphoneos/Settlers.build/assetcatalog_output/thinned

GenerateAssetSymbols /Users/alex/.codex/worktrees/naval-exploration/Settlers/Settlers/Assets.xcassets (in target 'Settlers' from project 'Settlers')
    cd /Users/alex/.codex/worktrees/naval-exploration/Settlers
    /Applications/Xcode.app/Contents/Developer/usr/bin/actool /Users/alex/.codex/worktrees/naval-exploration/Settlers/Settlers/Assets.xcassets --compile /Users/alex/.codex/artifacts/naval-exploration/build23-sprites-build-trade-safety/archive-derived/Build/Intermediates.noindex/ArchiveIntermediates/Settlers/InstallationBuildProductsLocation/Applications/Settlers.app --output-format human-readable-text --notices --warnings --export-dependency-info /Users/alex/.codex/artifacts/naval-exploration/build23-sprites-build-trade-safety/archive-derived/Build/Intermediates.noindex/ArchiveIntermediates/Settlers/IntermediateBuildFilesPath/Settlers.build/Release-iphoneos/Settlers.build/assetcatalog_dependencies --output-partial-info-plist /Users/alex/.codex/artifacts/naval-exploration/build23-sprites-build-trade-safety/archive-derived/Build/Intermediates.noindex/ArchiveIntermediates/Settlers/IntermediateBuildFilesPath/Settlers.build/Release-iphoneos/Settlers.build/assetcatalog_generated_info.plist --app-icon AppIcon --compress-pngs --enable-on-demand-resources YES --development-region en --target-device iphone --minimum-deployment-target 17.0 --platform iphoneos --bundle-identifier com.alexchandler.empires --generate-swift-asset-symbol-extensions NO --generate-swift-asset-symbols /Users/alex/.codex/artifacts/naval-exploration/build23-sprites-build-trade-safety/archive-derived/Build/Intermediates.noindex/ArchiveIntermediates/Settlers/IntermediateBuildFilesPath/Settlers.build/Release-iphoneos/Settlers.build/DerivedSources/GeneratedAssetSymbols.swift --generate-objc-asset-symbols /Users/alex/.codex/artifacts/naval-exploration/build23-sprites-build-trade-safety/archive-derived/Build/Intermediates.noindex/ArchiveIntermediates/Settlers/IntermediateBuildFilesPath/Settlers.build/Release-iphoneos/Settlers.build/DerivedSources/GeneratedAssetSymbols.h --generate-asset-symbol-index /Users/alex/.codex/artifacts/naval-exploration/build23-sprites-build-trade-safety/archive-derived/Build/Intermediates.noindex/ArchiveIntermediates/Settlers/IntermediateBuildFilesPath/Settlers.build/Release-iphoneos/Settlers.build/DerivedSources/GeneratedAssetSymbols-Index.plist
/* com.apple.actool.compilation-results */
/Users/alex/.codex/artifacts/naval-exploration/build23-sprites-build-trade-safety/archive-derived/Build/Intermediates.noindex/ArchiveIntermediates/Settlers/IntermediateBuildFilesPath/Settlers.build/Release-iphoneos/Settlers.build/DerivedSources/GeneratedAssetSymbols-Index.plist
/Users/alex/.codex/artifacts/naval-exploration/build23-sprites-build-trade-safety/archive-derived/Build/Intermediates.noindex/ArchiveIntermediates/Settlers/IntermediateBuildFilesPath/Settlers.build/Release-iphoneos/Settlers.build/DerivedSources/GeneratedAssetSymbols.h
/Users/alex/.codex/artifacts/naval-exploration/build23-sprites-build-trade-safety/archive-derived/Build/Intermediates.noindex/ArchiveIntermediates/Settlers/IntermediateBuildFilesPath/Settlers.build/Release-iphoneos/Settlers.build/DerivedSources/GeneratedAssetSymbols.swift


CompileAssetCatalogVariant thinned /Users/alex/.codex/artifacts/naval-exploration/build23-sprites-build-trade-safety/archive-derived/Build/Intermediates.noindex/ArchiveIntermediates/Settlers/InstallationBuildProductsLocation/Applications/Settlers.app /Users/alex/.codex/worktrees/naval-exploration/Settlers/Settlers/Assets.xcassets (in target 'Settlers' from project 'Settlers')
    cd /Users/alex/.codex/worktrees/naval-exploration/Settlers
    /Applications/Xcode.app/Contents/Developer/usr/bin/actool /Users/alex/.codex/worktrees/naval-exploration/Settlers/Settlers/Assets.xcassets --compile /Users/alex/.codex/artifacts/naval-exploration/build23-sprites-build-trade-safety/archive-derived/Build/Intermediates.noindex/ArchiveIntermediates/Settlers/IntermediateBuildFilesPath/Settlers.build/Release-iphoneos/Settlers.build/assetcatalog_output/thinned --output-format human-readable-text --notices --warnings --export-dependency-info /Users/alex/.codex/artifacts/naval-exploration/build23-sprites-build-trade-safety/archive-derived/Build/Intermediates.noindex/ArchiveIntermediates/Settlers/IntermediateBuildFilesPath/Settlers.build/Release-iphoneos/Settlers.build/assetcatalog_dependencies_thinned --output-partial-info-plist /Users/alex/.codex/artifacts/naval-exploration/build23-sprites-build-trade-safety/archive-derived/Build/Intermediates.noindex/ArchiveIntermediates/Settlers/IntermediateBuildFilesPath/Settlers.build/Release-iphoneos/Settlers.build/assetcatalog_generated_info.plist_thinned --app-icon AppIcon --compress-pngs --enable-on-demand-resources YES --development-region en --target-device iphone --minimum-deployment-target 17.0 --platform iphoneos
/* com.apple.actool.compilation-results */
/Users/alex/.codex/artifacts/naval-exploration/build23-sprites-build-trade-safety/archive-derived/Build/Intermediates.noindex/ArchiveIntermediates/Settlers/IntermediateBuildFilesPath/Settlers.build/Release-iphoneos/Settlers.build/assetcatalog_generated_info.plist_thinned
/Users/alex/.codex/artifacts/naval-exploration/build23-sprites-build-trade-safety/archive-derived/Build/Intermediates.noindex/ArchiveIntermediates/Settlers/IntermediateBuildFilesPath/Settlers.build/Release-iphoneos/Settlers.build/assetcatalog_output/thinned/AppIcon60x60@2x.png
/Users/alex/.codex/artifacts/naval-exploration/build23-sprites-build-trade-safety/archive-derived/Build/Intermediates.noindex/ArchiveIntermediates/Settlers/IntermediateBuildFilesPath/Settlers.build/Release-iphoneos/Settlers.build/assetcatalog_output/thinned/AppIcon76x76@2x~ipad.png
/Users/alex/.codex/artifacts/naval-exploration/build23-sprites-build-trade-safety/archive-derived/Build/Intermediates.noindex/ArchiveIntermediates/Settlers/IntermediateBuildFilesPath/Settlers.build/Release-iphoneos/Settlers.build/assetcatalog_output/thinned/Assets.car


SwiftDriver Settlers normal arm64 com.apple.xcode.tools.swift.compiler (in target 'Settlers' from project 'Settlers')
    cd /Users/alex/.codex/worktrees/naval-exploration/Settlers
    builtin-SwiftDriver -- /Applications/Xcode.app/Contents/Developer/Toolchains/XcodeDefault.xctoolchain/usr/bin/swiftc -module-name Settlers -O -whole-module-optimization @/Users/alex/.codex/artifacts/naval-exploration/build23-sprites-build-trade-safety/archive-derived/Build/Intermediates.noindex/ArchiveIntermediates/Settlers/IntermediateBuildFilesPath/Settlers.build/Release-iphoneos/Settlers.build/Objects-normal/arm64/Settlers.SwiftFileList -driver-batch-count 2 -enable-experimental-feature DebugDescriptionMacro -sdk /Applications/Xcode.app/Contents/Developer/Platforms/iPhoneOS.platform/Developer/SDKs/iPhoneOS26.5.sdk -target arm64-apple-ios17.0 -g -module-cache-path /Users/alex/.codex/artifacts/naval-exploration/build23-sprites-build-trade-safety/archive-derived/ModuleCache.noindex -Xfrontend -serialize-debugging-options -warnings-as-errors -swift-version 6 -I /Users/alex/.codex/artifacts/naval-exploration/build23-sprites-build-trade-safety/archive-derived/Build/Intermediates.noindex/ArchiveIntermediates/Settlers/BuildProductsPath/Release-iphoneos -F /Users/alex/.codex/artifacts/naval-exploration/build23-sprites-build-trade-safety/archive-derived/Build/Intermediates.noindex/ArchiveIntermediates/Settlers/BuildProductsPath/Release-iphoneos/PackageFrameworks -F /Users/alex/.codex/artifacts/naval-exploration/build23-sprites-build-trade-safety/archive-derived/Build/Intermediates.noindex/ArchiveIntermediates/Settlers/BuildProductsPath/Release-iphoneos/PackageFrameworks -F /Users/alex/.codex/artifacts/naval-exploration/build23-sprites-build-trade-safety/archive-derived/Build/Intermediates.noindex/ArchiveIntermediates/Settlers/BuildProductsPath/Release-iphoneos -c -num-threads 18 -Xcc -ivfsstatcache -Xcc /Users/alex/.codex/artifacts/naval-exploration/build23-sprites-build-trade-safety/archive-derived/SDKStatCaches.noindex/iphoneos26.5-23F73-32daed1954a7d5dd0789fcaf2a9bb78b.sdkstatcache -output-file-map /Users/alex/.codex/artifacts/naval-exploration/build23-sprites-build-trade-safety/archive-derived/Build/Intermediates.noindex/ArchiveIntermediates/Settlers/IntermediateBuildFilesPath/Settlers.build/Release-iphoneos/Settlers.build/Objects-normal/arm64/Settlers-OutputFileMap.json -use-frontend-parseable-output -save-temps -no-color-diagnostics -explicit-module-build -module-cache-path /Users/alex/.codex/artifacts/naval-exploration/build23-sprites-build-trade-safety/archive-derived/Build/Intermediates.noindex/ArchiveIntermediates/Settlers/IntermediateBuildFilesPath/SwiftExplicitPrecompiledModules -clang-scanner-module-cache-path /Users/alex/.codex/artifacts/naval-exploration/build23-sprites-build-trade-safety/archive-derived/ModuleCache.noindex -sdk-module-cache-path /Users/alex/.codex/artifacts/naval-exploration/build23-sprites-build-trade-safety/archive-derived/ModuleCache.noindex -serialize-diagnostics -emit-dependencies -emit-module -emit-module-path /Users/alex/.codex/artifacts/naval-exploration/build23-sprites-build-trade-safety/archive-derived/Build/Intermediates.noindex/ArchiveIntermediates/Settlers/IntermediateBuildFilesPath/Settlers.build/Release-iphoneos/Settlers.build/Objects-normal/arm64/Settlers.swiftmodule -validate-clang-modules-once -clang-build-session-file /Users/alex/.codex/artifacts/naval-exploration/build23-sprites-build-trade-safety/archive-derived/ModuleCache.noindex/Session.modulevalidation -Xcc -I/Users/alex/.codex/artifacts/naval-exploration/build23-sprites-build-trade-safety/archive-derived/Build/Intermediates.noindex/ArchiveIntermediates/Settlers/IntermediateBuildFilesPath/Settlers.build/Release-iphoneos/Settlers.build/swift-overrides.hmap -emit-const-values -Xfrontend -const-gather-protocols-file -Xfrontend /Users/alex/.codex/artifacts/naval-exploration/build23-sprites-build-trade-safety/archive-derived/Build/Intermediates.noindex/ArchiveIntermediates/Settlers/IntermediateBuildFilesPath/Settlers.build/Release-iphoneos/Settlers.build/Objects-normal/arm64/Settlers_const_extract_protocols.json -Xcc -iquote -Xcc /Users/alex/.codex/artifacts/naval-exploration/build23-sprites-build-trade-safety/archive-derived/Build/Intermediates.noindex/ArchiveIntermediates/Settlers/IntermediateBuildFilesPath/Settlers.build/Release-iphoneos/Settlers.build/Settlers-generated-files.hmap -Xcc -I/Users/alex/.codex/artifacts/naval-exploration/build23-sprites-build-trade-safety/archive-derived/Build/Intermediates.noindex/ArchiveIntermediates/Settlers/IntermediateBuildFilesPath/Settlers.build/Release-iphoneos/Settlers.build/Settlers-own-target-headers.hmap -Xcc -I/Users/alex/.codex/artifacts/naval-exploration/build23-sprites-build-trade-safety/archive-derived/Build/Intermediates.noindex/ArchiveIntermediates/Settlers/IntermediateBuildFilesPath/Settlers.build/Release-iphoneos/Settlers.build/Settlers-all-non-framework-target-headers.hmap -Xcc -ivfsoverlay -Xcc /Users/alex/.codex/artifacts/naval-exploration/build23-sprites-build-trade-safety/archive-derived/Build/Intermediates.noindex/ArchiveIntermediates/Settlers/IntermediateBuildFilesPath/Settlers.build/Release-iphoneos/Settlers-9ad65172c434931f4eb5300f50bbe1d2-VFS-iphoneos/all-product-headers.yaml -Xcc -iquote -Xcc /Users/alex/.codex/artifacts/naval-exploration/build23-sprites-build-trade-safety/archive-derived/Build/Intermediates.noindex/ArchiveIntermediates/Settlers/IntermediateBuildFilesPath/Settlers.build/Release-iphoneos/Settlers.build/Settlers-project-headers.hmap -Xcc -I/Users/alex/.codex/artifacts/naval-exploration/build23-sprites-build-trade-safety/archive-derived/Build/Intermediates.noindex/ArchiveIntermediates/Settlers/BuildProductsPath/Release-iphoneos/include -Xcc -I/Users/alex/.codex/artifacts/naval-exploration/build23-sprites-build-trade-safety/archive-derived/Build/Intermediates.noindex/ArchiveIntermediates/Settlers/IntermediateBuildFilesPath/Settlers.build/Release-iphoneos/Settlers.build/DerivedSources-normal/arm64 -Xcc -I/Users/alex/.codex/artifacts/naval-exploration/build23-sprites-build-trade-safety/archive-derived/Build/Intermediates.noindex/ArchiveIntermediates/Settlers/IntermediateBuildFilesPath/Settlers.build/Release-iphoneos/Settlers.build/DerivedSources/arm64 -Xcc -I/Users/alex/.codex/artifacts/naval-exploration/build23-sprites-build-trade-safety/archive-derived/Build/Intermediates.noindex/ArchiveIntermediates/Settlers/IntermediateBuildFilesPath/Settlers.build/Release-iphoneos/Settlers.build/DerivedSources -emit-objc-header -emit-objc-header-path /Users/alex/.codex/artifacts/naval-exploration/build23-sprites-build-trade-safety/archive-derived/Build/Intermediates.noindex/ArchiveIntermediates/Settlers/IntermediateBuildFilesPath/Settlers.build/Release-iphoneos/Settlers.build/Objects-normal/arm64/Settlers-Swift.h -working-directory /Users/alex/.codex/worktrees/naval-exploration/Settlers -no-emit-module-separately-wmo

ExtractAppIntentsMetadata (in target 'CatanAI' from project 'CatanAI')
    cd /Users/alex/.codex/worktrees/naval-exploration/Settlers/Packages/CatanAI
    /Applications/Xcode.app/Contents/Developer/Toolchains/XcodeDefault.xctoolchain/usr/bin/appintentsmetadataprocessor --toolchain-dir /Applications/Xcode.app/Contents/Developer/Toolchains/XcodeDefault.xctoolchain --module-name CatanAI --sdk-root /Applications/Xcode.app/Contents/Developer/Platforms/iPhoneOS.platform/Developer/SDKs/iPhoneOS26.5.sdk --xcode-version 17F42 --platform-family iOS --deployment-target 17.0 --bundle-identifier catanai.CatanAI --output /Users/alex/.codex/artifacts/naval-exploration/build23-sprites-build-trade-safety/archive-derived/Build/Intermediates.noindex/ArchiveIntermediates/Settlers/IntermediateBuildFilesPath/UninstalledProducts/iphoneos/CatanAI.appintents --target-triple arm64-apple-ios17.0 --binary-file /Users/alex/.codex/artifacts/naval-exploration/build23-sprites-build-trade-safety/archive-derived/Build/Intermediates.noindex/ArchiveIntermediates/Settlers/IntermediateBuildFilesPath/UninstalledProducts/iphoneos/CatanAI.o --dependency-file /Users/alex/.codex/artifacts/naval-exploration/build23-sprites-build-trade-safety/archive-derived/Build/Intermediates.noindex/ArchiveIntermediates/Settlers/IntermediateBuildFilesPath/CatanAI.build/Release-iphoneos/CatanAI.build/Objects-normal/arm64/CatanAI_dependency_info.dat --stringsdata-file /Users/alex/.codex/artifacts/naval-exploration/build23-sprites-build-trade-safety/archive-derived/Build/Intermediates.noindex/ArchiveIntermediates/Settlers/IntermediateBuildFilesPath/CatanAI.build/Release-iphoneos/CatanAI.build/Objects-normal/arm64/ExtractedAppShortcutsMetadata.stringsdata --source-file-list /Users/alex/.codex/artifacts/naval-exploration/build23-sprites-build-trade-safety/archive-derived/Build/Intermediates.noindex/ArchiveIntermediates/Settlers/IntermediateBuildFilesPath/CatanAI.build/Release-iphoneos/CatanAI.build/Objects-normal/arm64/CatanAI.SwiftFileList --metadata-file-list /Users/alex/.codex/artifacts/naval-exploration/build23-sprites-build-trade-safety/archive-derived/Build/Intermediates.noindex/ArchiveIntermediates/Settlers/IntermediateBuildFilesPath/CatanAI.build/Release-iphoneos/CatanAI.build/CatanAI.DependencyMetadataFileList --static-metadata-file-list /Users/alex/.codex/artifacts/naval-exploration/build23-sprites-build-trade-safety/archive-derived/Build/Intermediates.noindex/ArchiveIntermediates/Settlers/IntermediateBuildFilesPath/CatanAI.build/Release-iphoneos/CatanAI.build/CatanAI.DependencyStaticMetadataFileList --swift-const-vals-list /Users/alex/.codex/artifacts/naval-exploration/build23-sprites-build-trade-safety/archive-derived/Build/Intermediates.noindex/ArchiveIntermediates/Settlers/IntermediateBuildFilesPath/CatanAI.build/Release-iphoneos/CatanAI.build/Objects-normal/arm64/CatanAI.SwiftConstValuesFileList --force --compile-time-extraction --deployment-aware-processing --validate-assistant-intents --no-app-shortcuts-localization
2026-10-07 04:10:00.286 appintentsmetadataprocessor[55029:2688238] Starting appintentsmetadataprocessor export
2026-10-07 04:10:00.291 appintentsmetadataprocessor[55029:2688238] Extracted no relevant App Intents symbols, skipping writing output

SwiftDriver\ Compilation Settlers normal arm64 com.apple.xcode.tools.swift.compiler (in target 'Settlers' from project 'Settlers')
    cd /Users/alex/.codex/worktrees/naval-exploration/Settlers
    builtin-Swift-Compilation -- /Applications/Xcode.app/Contents/Developer/Toolchains/XcodeDefault.xctoolchain/usr/bin/swiftc -module-name Settlers -O -whole-module-optimization @/Users/alex/.codex/artifacts/naval-exploration/build23-sprites-build-trade-safety/archive-derived/Build/Intermediates.noindex/ArchiveIntermediates/Settlers/IntermediateBuildFilesPath/Settlers.build/Release-iphoneos/Settlers.build/Objects-normal/arm64/Settlers.SwiftFileList -driver-batch-count 2 -enable-experimental-feature DebugDescriptionMacro -sdk /Applications/Xcode.app/Contents/Developer/Platforms/iPhoneOS.platform/Developer/SDKs/iPhoneOS26.5.sdk -target arm64-apple-ios17.0 -g -module-cache-path /Users/alex/.codex/artifacts/naval-exploration/build23-sprites-build-trade-safety/archive-derived/ModuleCache.noindex -Xfrontend -serialize-debugging-options -warnings-as-errors -swift-version 6 -I /Users/alex/.codex/artifacts/naval-exploration/build23-sprites-build-trade-safety/archive-derived/Build/Intermediates.noindex/ArchiveIntermediates/Settlers/BuildProductsPath/Release-iphoneos -F /Users/alex/.codex/artifacts/naval-exploration/build23-sprites-build-trade-safety/archive-derived/Build/Intermediates.noindex/ArchiveIntermediates/Settlers/BuildProductsPath/Release-iphoneos/PackageFrameworks -F /Users/alex/.codex/artifacts/naval-exploration/build23-sprites-build-trade-safety/archive-derived/Build/Intermediates.noindex/ArchiveIntermediates/Settlers/BuildProductsPath/Release-iphoneos/PackageFrameworks -F /Users/alex/.codex/artifacts/naval-exploration/build23-sprites-build-trade-safety/archive-derived/Build/Intermediates.noindex/ArchiveIntermediates/Settlers/BuildProductsPath/Release-iphoneos -c -num-threads 18 -Xcc -ivfsstatcache -Xcc /Users/alex/.codex/artifacts/naval-exploration/build23-sprites-build-trade-safety/archive-derived/SDKStatCaches.noindex/iphoneos26.5-23F73-32daed1954a7d5dd0789fcaf2a9bb78b.sdkstatcache -output-file-map /Users/alex/.codex/artifacts/naval-exploration/build23-sprites-build-trade-safety/archive-derived/Build/Intermediates.noindex/ArchiveIntermediates/Settlers/IntermediateBuildFilesPath/Settlers.build/Release-iphoneos/Settlers.build/Objects-normal/arm64/Settlers-OutputFileMap.json -use-frontend-parseable-output -save-temps -no-color-diagnostics -explicit-module-build -module-cache-path /Users/alex/.codex/artifacts/naval-exploration/build23-sprites-build-trade-safety/archive-derived/Build/Intermediates.noindex/ArchiveIntermediates/Settlers/IntermediateBuildFilesPath/SwiftExplicitPrecompiledModules -clang-scanner-module-cache-path /Users/alex/.codex/artifacts/naval-exploration/build23-sprites-build-trade-safety/archive-derived/ModuleCache.noindex -sdk-module-cache-path /Users/alex/.codex/artifacts/naval-exploration/build23-sprites-build-trade-safety/archive-derived/ModuleCache.noindex -serialize-diagnostics -emit-dependencies -emit-module -emit-module-path /Users/alex/.codex/artifacts/naval-exploration/build23-sprites-build-trade-safety/archive-derived/Build/Intermediates.noindex/ArchiveIntermediates/Settlers/IntermediateBuildFilesPath/Settlers.build/Release-iphoneos/Settlers.build/Objects-normal/arm64/Settlers.swiftmodule -validate-clang-modules-once -clang-build-session-file /Users/alex/.codex/artifacts/naval-exploration/build23-sprites-build-trade-safety/archive-derived/ModuleCache.noindex/Session.modulevalidation -Xcc -I/Users/alex/.codex/artifacts/naval-exploration/build23-sprites-build-trade-safety/archive-derived/Build/Intermediates.noindex/ArchiveIntermediates/Settlers/IntermediateBuildFilesPath/Settlers.build/Release-iphoneos/Settlers.build/swift-overrides.hmap -emit-const-values -Xfrontend -const-gather-protocols-file -Xfrontend /Users/alex/.codex/artifacts/naval-exploration/build23-sprites-build-trade-safety/archive-derived/Build/Intermediates.noindex/ArchiveIntermediates/Settlers/IntermediateBuildFilesPath/Settlers.build/Release-iphoneos/Settlers.build/Objects-normal/arm64/Settlers_const_extract_protocols.json -Xcc -iquote -Xcc /Users/alex/.codex/artifacts/naval-exploration/build23-sprites-build-trade-safety/archive-derived/Build/Intermediates.noindex/ArchiveIntermediates/Settlers/IntermediateBuildFilesPath/Settlers.build/Release-iphoneos/Settlers.build/Settlers-generated-files.hmap -Xcc -I/Users/alex/.codex/artifacts/naval-exploration/build23-sprites-build-trade-safety/archive-derived/Build/Intermediates.noindex/ArchiveIntermediates/Settlers/IntermediateBuildFilesPath/Settlers.build/Release-iphoneos/Settlers.build/Settlers-own-target-headers.hmap -Xcc -I/Users/alex/.codex/artifacts/naval-exploration/build23-sprites-build-trade-safety/archive-derived/Build/Intermediates.noindex/ArchiveIntermediates/Settlers/IntermediateBuildFilesPath/Settlers.build/Release-iphoneos/Settlers.build/Settlers-all-non-framework-target-headers.hmap -Xcc -ivfsoverlay -Xcc /Users/alex/.codex/artifacts/naval-exploration/build23-sprites-build-trade-safety/archive-derived/Build/Intermediates.noindex/ArchiveIntermediates/Settlers/IntermediateBuildFilesPath/Settlers.build/Release-iphoneos/Settlers-9ad65172c434931f4eb5300f50bbe1d2-VFS-iphoneos/all-product-headers.yaml -Xcc -iquote -Xcc /Users/alex/.codex/artifacts/naval-exploration/build23-sprites-build-trade-safety/archive-derived/Build/Intermediates.noindex/ArchiveIntermediates/Settlers/IntermediateBuildFilesPath/Settlers.build/Release-iphoneos/Settlers.build/Settlers-project-headers.hmap -Xcc -I/Users/alex/.codex/artifacts/naval-exploration/build23-sprites-build-trade-safety/archive-derived/Build/Intermediates.noindex/ArchiveIntermediates/Settlers/BuildProductsPath/Release-iphoneos/include -Xcc -I/Users/alex/.codex/artifacts/naval-exploration/build23-sprites-build-trade-safety/archive-derived/Build/Intermediates.noindex/ArchiveIntermediates/Settlers/IntermediateBuildFilesPath/Settlers.build/Release-iphoneos/Settlers.build/DerivedSources-normal/arm64 -Xcc -I/Users/alex/.codex/artifacts/naval-exploration/build23-sprites-build-trade-safety/archive-derived/Build/Intermediates.noindex/ArchiveIntermediates/Settlers/IntermediateBuildFilesPath/Settlers.build/Release-iphoneos/Settlers.build/DerivedSources/arm64 -Xcc -I/Users/alex/.codex/artifacts/naval-exploration/build23-sprites-build-trade-safety/archive-derived/Build/Intermediates.noindex/ArchiveIntermediates/Settlers/IntermediateBuildFilesPath/Settlers.build/Release-iphoneos/Settlers.build/DerivedSources -emit-objc-header -emit-objc-header-path /Users/alex/.codex/artifacts/naval-exploration/build23-sprites-build-trade-safety/archive-derived/Build/Intermediates.noindex/ArchiveIntermediates/Settlers/IntermediateBuildFilesPath/Settlers.build/Release-iphoneos/Settlers.build/Objects-normal/arm64/Settlers-Swift.h -working-directory /Users/alex/.codex/worktrees/naval-exploration/Settlers -no-emit-module-separately-wmo

SwiftExplicitDependencyGeneratePcm arm64 /Users/alex/.codex/artifacts/naval-exploration/build23-sprites-build-trade-safety/archive-derived/ModuleCache.noindex/_Builtin_float-RLUTBPDBO78C7D68YBJPLE4W.pcm

SwiftExplicitDependencyGeneratePcm arm64 /Users/alex/.codex/artifacts/naval-exploration/build23-sprites-build-trade-safety/archive-derived/ModuleCache.noindex/_Builtin_stdbool-3QJXCS8BA21KRA38EXVR8A2V1.pcm

SwiftExplicitDependencyGeneratePcm arm64 /Users/alex/.codex/artifacts/naval-exploration/build23-sprites-build-trade-safety/archive-derived/ModuleCache.noindex/DeveloperToolsSupport-EE3Z8IRFP46WK3LBOLQWSASZ8.pcm

SwiftExplicitDependencyGeneratePcm arm64 /Users/alex/.codex/artifacts/naval-exploration/build23-sprites-build-trade-safety/archive-derived/ModuleCache.noindex/_AvailabilityInternal-93MJEJ8ROB5CDGOUGVOV4C4V6.pcm

SwiftExplicitDependencyGeneratePcm arm64 /Users/alex/.codex/artifacts/naval-exploration/build23-sprites-build-trade-safety/archive-derived/ModuleCache.noindex/_Builtin_stdarg-7Q6OTNDPYHMMOZ3ETA1VR0XQN.pcm

SwiftExplicitDependencyGeneratePcm arm64 /Users/alex/.codex/artifacts/naval-exploration/build23-sprites-build-trade-safety/archive-derived/ModuleCache.noindex/ptrauth-7KH9LX1JRC5PP545OUB1N0H66.pcm

SwiftExplicitDependencyGeneratePcm arm64 /Users/alex/.codex/artifacts/naval-exploration/build23-sprites-build-trade-safety/archive-derived/ModuleCache.noindex/SwiftShims-4IR845I1OS0NBYNVBHV7VBGFI.pcm

SwiftExplicitDependencyGeneratePcm arm64 /Users/alex/.codex/artifacts/naval-exploration/build23-sprites-build-trade-safety/archive-derived/ModuleCache.noindex/_Builtin_stddef-1AYH1R1TE8HG0KU8D5388ZEGF.pcm

SwiftExplicitDependencyGeneratePcm arm64 /Users/alex/.codex/artifacts/naval-exploration/build23-sprites-build-trade-safety/archive-derived/ModuleCache.noindex/ptrcheck-AS9I5LGVD4S2I6DJS6F9QHZPK.pcm

SwiftExplicitDependencyGeneratePcm arm64 /Users/alex/.codex/artifacts/naval-exploration/build23-sprites-build-trade-safety/archive-derived/ModuleCache.noindex/_SwiftConcurrencyShims-DYLOU0BWSS7HYOR16DDS3E5MQ.pcm

SwiftExplicitDependencyGeneratePcm arm64 /Users/alex/.codex/artifacts/naval-exploration/build23-sprites-build-trade-safety/archive-derived/ModuleCache.noindex/_DarwinFoundation1-ETAK3UOHB1WTTD00K8XDO142Y.pcm

SwiftExplicitDependencyGeneratePcm arm64 /Users/alex/.codex/artifacts/naval-exploration/build23-sprites-build-trade-safety/archive-derived/ModuleCache.noindex/_DarwinFoundation2-58Q58G7RGA6DH9FDA5C0IT0JA.pcm

SwiftExplicitDependencyGeneratePcm arm64 /Users/alex/.codex/artifacts/naval-exploration/build23-sprites-build-trade-safety/archive-derived/ModuleCache.noindex/_Builtin_limits-DE759K24OPJO3IQCR2RQVN99N.pcm

SwiftExplicitDependencyGeneratePcm arm64 /Users/alex/.codex/artifacts/naval-exploration/build23-sprites-build-trade-safety/archive-derived/ModuleCache.noindex/sys_types-6WP5QGD866ESZGBA98Y834D2P.pcm

SwiftExplicitDependencyGeneratePcm arm64 /Users/alex/.codex/artifacts/naval-exploration/build23-sprites-build-trade-safety/archive-derived/ModuleCache.noindex/_Builtin_tgmath-7RPV8SSKYYHDZSGRC08XSRIQU.pcm

SwiftExplicitDependencyGeneratePcm arm64 /Users/alex/.codex/artifacts/naval-exploration/build23-sprites-build-trade-safety/archive-derived/ModuleCache.noindex/_Builtin_stdint-1YFJHSJGF8GYQWGARTW17SQHU.pcm

SwiftExplicitDependencyGeneratePcm arm64 /Users/alex/.codex/artifacts/naval-exploration/build23-sprites-build-trade-safety/archive-derived/ModuleCache.noindex/_Builtin_stdatomic-8SX1SJZYI9NXHOTI1QBG5EQIW.pcm

SwiftExplicitDependencyGeneratePcm arm64 /Users/alex/.codex/artifacts/naval-exploration/build23-sprites-build-trade-safety/archive-derived/ModuleCache.noindex/_Builtin_intrinsics-8ETJM2JG04G1UFM5HPTPT7UPJ.pcm

SwiftExplicitDependencyGeneratePcm arm64 /Users/alex/.codex/artifacts/naval-exploration/build23-sprites-build-trade-safety/archive-derived/ModuleCache.noindex/_DarwinFoundation3-794JR3YTJGPP009R7UZGDR08M.pcm

SwiftExplicitDependencyGeneratePcm arm64 /Users/alex/.codex/artifacts/naval-exploration/build23-sprites-build-trade-safety/archive-derived/ModuleCache.noindex/simd-2UV8O9OVLIQWG61Y1BJATLD93.pcm

SwiftExplicitDependencyGeneratePcm arm64 /Users/alex/.codex/artifacts/naval-exploration/build23-sprites-build-trade-safety/archive-derived/ModuleCache.noindex/_Builtin_inttypes-1DFIRP3INR1ASN6YB7WWQV7CS.pcm

SwiftExplicitDependencyGeneratePcm arm64 /Users/alex/.codex/artifacts/naval-exploration/build23-sprites-build-trade-safety/archive-derived/ModuleCache.noindex/Spatial-5935LW79ERNLKWCI5MCV0NGK3.pcm

SwiftExplicitDependencyGeneratePcm arm64 /Users/alex/.codex/artifacts/naval-exploration/build23-sprites-build-trade-safety/archive-derived/ModuleCache.noindex/Darwin-16KSTH6FRUECCNJLPICZJ19ZK.pcm

SwiftExplicitDependencyGeneratePcm arm64 /Users/alex/.codex/artifacts/naval-exploration/build23-sprites-build-trade-safety/archive-derived/ModuleCache.noindex/ObjectiveC-1UDI229SFTXJCD303HZHPPSZV.pcm

SwiftExplicitDependencyGeneratePcm arm64 /Users/alex/.codex/artifacts/naval-exploration/build23-sprites-build-trade-safety/archive-derived/ModuleCache.noindex/MachO-B3A6SK2BXRN1ORCC0D6TKCJ7U.pcm

SwiftExplicitDependencyGeneratePcm arm64 /Users/alex/.codex/artifacts/naval-exploration/build23-sprites-build-trade-safety/archive-derived/ModuleCache.noindex/os_object-BAZ5AOM0R553EOPG9U4TSF5YC.pcm

SwiftExplicitDependencyGeneratePcm arm64 /Users/alex/.codex/artifacts/naval-exploration/build23-sprites-build-trade-safety/archive-derived/ModuleCache.noindex/os_workgroup-ALO2NVKMAJTGL3GJE0EZNEXH7.pcm

SwiftExplicitDependencyGeneratePcm arm64 /Users/alex/.codex/artifacts/naval-exploration/build23-sprites-build-trade-safety/archive-derived/ModuleCache.noindex/Dispatch-9NN6QTOVE49K8EOB7OPB2EMWV.pcm

SwiftExplicitDependencyGeneratePcm arm64 /Users/alex/.codex/artifacts/naval-exploration/build23-sprites-build-trade-safety/archive-derived/ModuleCache.noindex/dnssd-2G78X4FLV7GMCZ4OKG4XXN8LV.pcm

SwiftExplicitDependencyGeneratePcm arm64 /Users/alex/.codex/artifacts/naval-exploration/build23-sprites-build-trade-safety/archive-derived/ModuleCache.noindex/XPC-2WWQMYJMEAPV8NFQU75S9KT6U.pcm

SwiftExplicitDependencyGeneratePcm arm64 /Users/alex/.codex/artifacts/naval-exploration/build23-sprites-build-trade-safety/archive-derived/ModuleCache.noindex/CoreFoundation-4LBZKGR34NXOMZRAX15QQGBKF.pcm

SwiftExplicitDependencyGeneratePcm arm64 /Users/alex/.codex/artifacts/naval-exploration/build23-sprites-build-trade-safety/archive-derived/ModuleCache.noindex/os-8T8XPLEINKEXS52ZLG1YBWBLS.pcm

SwiftExplicitDependencyGeneratePcm arm64 /Users/alex/.codex/artifacts/naval-exploration/build23-sprites-build-trade-safety/archive-derived/ModuleCache.noindex/CFNetwork-3I5JRLKQNYYV3VB73Z3P405HC.pcm

SwiftExplicitDependencyGeneratePcm arm64 /Users/alex/.codex/artifacts/naval-exploration/build23-sprites-build-trade-safety/archive-derived/ModuleCache.noindex/Security-CK95QIHTZ4E2CS7BTTZIG3UIV.pcm

SwiftExplicitDependencyGeneratePcm arm64 /Users/alex/.codex/artifacts/naval-exploration/build23-sprites-build-trade-safety/archive-derived/ModuleCache.noindex/CoreGraphics-24GYSR01VVZ7AZTYYHD7L75EM.pcm

SwiftExplicitDependencyGeneratePcm arm64 /Users/alex/.codex/artifacts/naval-exploration/build23-sprites-build-trade-safety/archive-derived/ModuleCache.noindex/Foundation-7DFOT4CBAS2HRVNJK0QJ2Z8DJ.pcm

SwiftExplicitDependencyGeneratePcm arm64 /Users/alex/.codex/artifacts/naval-exploration/build23-sprites-build-trade-safety/archive-derived/ModuleCache.noindex/CoreText-AKAJBR1NL29MKQU67HQ277ABJ.pcm

SwiftExplicitDependencyGeneratePcm arm64 /Users/alex/.codex/artifacts/naval-exploration/build23-sprites-build-trade-safety/archive-derived/ModuleCache.noindex/UniformTypeIdentifiers-8AVYFHQ770KSCLC5N4KGB0TJV.pcm

SwiftExplicitDependencyGeneratePcm arm64 /Users/alex/.codex/artifacts/naval-exploration/build23-sprites-build-trade-safety/archive-derived/ModuleCache.noindex/ImageIO-5UBYZNN6HMCVAJA5RY7X6Q4GF.pcm

SwiftExplicitDependencyGeneratePcm arm64 /Users/alex/.codex/artifacts/naval-exploration/build23-sprites-build-trade-safety/archive-derived/ModuleCache.noindex/_LocationEssentials-8K7FIF9YGIV98UJI3KLOFZU9O.pcm

SwiftExplicitDependencyGeneratePcm arm64 /Users/alex/.codex/artifacts/naval-exploration/build23-sprites-build-trade-safety/archive-derived/ModuleCache.noindex/IOSurface-MQESNYJMMQMV25PZ9XPNAHVE.pcm

SwiftExplicitDependencyGeneratePcm arm64 /Users/alex/.codex/artifacts/naval-exploration/build23-sprites-build-trade-safety/archive-derived/ModuleCache.noindex/FileProvider-7WBHBGTLBWN88DP1F2YD0JHHX.pcm

SwiftExplicitDependencyGeneratePcm arm64 /Users/alex/.codex/artifacts/naval-exploration/build23-sprites-build-trade-safety/archive-derived/ModuleCache.noindex/OpenGLES-CZXVDAQM6U8VBSN4LP7OA7Q63.pcm

SwiftExplicitDependencyGeneratePcm arm64 /Users/alex/.codex/artifacts/naval-exploration/build23-sprites-build-trade-safety/archive-derived/ModuleCache.noindex/Metal-4AUZHR6C6VN1HLK54E43457S2.pcm

SwiftExplicitDependencyGeneratePcm arm64 /Users/alex/.codex/artifacts/naval-exploration/build23-sprites-build-trade-safety/archive-derived/ModuleCache.noindex/UserNotifications-C8KHSJ806R4QWBRH8P9T6C6A9.pcm

SwiftExplicitDependencyGeneratePcm arm64 /Users/alex/.codex/artifacts/naval-exploration/build23-sprites-build-trade-safety/archive-derived/ModuleCache.noindex/Network-BLPIF9R3E2R5S8LITXDQAOW59.pcm

SwiftExplicitDependencyGeneratePcm arm64 /Users/alex/.codex/artifacts/naval-exploration/build23-sprites-build-trade-safety/archive-derived/ModuleCache.noindex/MediaAccessibility-9Z184UE9QUGQ9JUUL5YR5WWBE.pcm

SwiftExplicitDependencyGeneratePcm arm64 /Users/alex/.codex/artifacts/naval-exploration/build23-sprites-build-trade-safety/archive-derived/ModuleCache.noindex/Symbols-1WHTY13TZIQ0F5LE5ALQS7W1J.pcm

SwiftExplicitDependencyGeneratePcm arm64 /Users/alex/.codex/artifacts/naval-exploration/build23-sprites-build-trade-safety/archive-derived/ModuleCache.noindex/CoreVideo-12Y8DPIYKZ0TNQKQWT93MMMCR.pcm

SwiftExplicitDependencyGeneratePcm arm64 /Users/alex/.codex/artifacts/naval-exploration/build23-sprites-build-trade-safety/archive-derived/ModuleCache.noindex/UIUtilities-BMQ0WR7QLH5OFM3FNZE11EY1H.pcm

SwiftExplicitDependencyGeneratePcm arm64 /Users/alex/.codex/artifacts/naval-exploration/build23-sprites-build-trade-safety/archive-derived/ModuleCache.noindex/QuartzCore-7CU1P8U51K7LDMZI38NWBGXA0.pcm

SwiftExplicitDependencyGeneratePcm arm64 /Users/alex/.codex/artifacts/naval-exploration/build23-sprites-build-trade-safety/archive-derived/ModuleCache.noindex/OSLog-9JO3YVRZENXFKGIL3FBPWWPG6.pcm

SwiftExplicitDependencyGeneratePcm arm64 /Users/alex/.codex/artifacts/naval-exploration/build23-sprites-build-trade-safety/archive-derived/ModuleCache.noindex/CoreData-CQNSK2R7ZGBQ94FVXL4HUDU3N.pcm

SwiftExplicitDependencyGeneratePcm arm64 /Users/alex/.codex/artifacts/naval-exploration/build23-sprites-build-trade-safety/archive-derived/ModuleCache.noindex/CoreTransferable-SG1NG00KXE1EK0XHYFUK412A.pcm

SwiftExplicitDependencyGeneratePcm arm64 /Users/alex/.codex/artifacts/naval-exploration/build23-sprites-build-trade-safety/archive-derived/ModuleCache.noindex/CoreMIDI-7C32TT51UTF50DTJBF1GQ4D3D.pcm

SwiftExplicitDependencyGeneratePcm arm64 /Users/alex/.codex/artifacts/naval-exploration/build23-sprites-build-trade-safety/archive-derived/ModuleCache.noindex/CoreImage-70YQ7CWC8OOZQIMHM9JAS3VAE.pcm

SwiftExplicitDependencyGeneratePcm arm64 /Users/alex/.codex/artifacts/naval-exploration/build23-sprites-build-trade-safety/archive-derived/ModuleCache.noindex/AVRouting-902XKMYF9DS1WTF327GX7WDHE.pcm

SwiftExplicitDependencyGeneratePcm arm64 /Users/alex/.codex/artifacts/naval-exploration/build23-sprites-build-trade-safety/archive-derived/ModuleCache.noindex/UIKit-7XF433FJK9MI7813QKH34C3AF.pcm

SwiftExplicitDependencyGeneratePcm arm64 /Users/alex/.codex/artifacts/naval-exploration/build23-sprites-build-trade-safety/archive-derived/ModuleCache.noindex/CoreAudioTypes-2MQHHSW7DLPA7WN24ULD7QJIQ.pcm

SwiftExplicitDependencyGeneratePcm arm64 /Users/alex/.codex/artifacts/naval-exploration/build23-sprites-build-trade-safety/archive-derived/ModuleCache.noindex/SwiftUI-EOSCVI1W1DT926GOZUKU4GJ4O.pcm

SwiftExplicitDependencyGeneratePcm arm64 /Users/alex/.codex/artifacts/naval-exploration/build23-sprites-build-trade-safety/archive-derived/ModuleCache.noindex/CoreAudio-4GPRILN62O500KPEJPW08XCN6.pcm

SwiftExplicitDependencyGeneratePcm arm64 /Users/alex/.codex/artifacts/naval-exploration/build23-sprites-build-trade-safety/archive-derived/ModuleCache.noindex/AudioToolbox-7UXQYCDDKPY5CC0DM4OIP1DUN.pcm

SwiftExplicitDependencyGeneratePcm arm64 /Users/alex/.codex/artifacts/naval-exploration/build23-sprites-build-trade-safety/archive-derived/ModuleCache.noindex/CoreMedia-E60A7F3LL7YD8J1LWZ3O86E2M.pcm

SwiftExplicitDependencyGeneratePcm arm64 /Users/alex/.codex/artifacts/naval-exploration/build23-sprites-build-trade-safety/archive-derived/ModuleCache.noindex/DataDetection-1RI4TYT9IIOP9V9FYHR1GEVOH.pcm

SwiftExplicitDependencyGeneratePcm arm64 /Users/alex/.codex/artifacts/naval-exploration/build23-sprites-build-trade-safety/archive-derived/ModuleCache.noindex/MediaToolbox-7GVLI01ZU55EJAG20400OX0UC.pcm

SwiftExplicitDependencyGeneratePcm arm64 /Users/alex/.codex/artifacts/naval-exploration/build23-sprites-build-trade-safety/archive-derived/ModuleCache.noindex/Accessibility-9T99EE96Q0SC83JYOZ6TJZKUW.pcm

SwiftExplicitDependencyGeneratePcm arm64 /Users/alex/.codex/artifacts/naval-exploration/build23-sprites-build-trade-safety/archive-derived/ModuleCache.noindex/CoreLocation-5GA24LASZVJ985128M1BP8QD2.pcm

SwiftExplicitDependencyGeneratePcm arm64 /Users/alex/.codex/artifacts/naval-exploration/build23-sprites-build-trade-safety/archive-derived/ModuleCache.noindex/SwiftUICore-8JUY1090P78BKLZX0ADKYBJTN.pcm

SwiftExplicitDependencyGeneratePcm arm64 /Users/alex/.codex/artifacts/naval-exploration/build23-sprites-build-trade-safety/archive-derived/ModuleCache.noindex/AVFAudio-394LMS375Y3AKEBJHHLBDUJMG.pcm

SwiftExplicitDependencyGeneratePcm arm64 /Users/alex/.codex/artifacts/naval-exploration/build23-sprites-build-trade-safety/archive-derived/ModuleCache.noindex/CloudKit-5H1S3S48BDRH5PGZIEBODDX6R.pcm

LinkAssetCatalog /Users/alex/.codex/worktrees/naval-exploration/Settlers/Settlers/Assets.xcassets (in target 'Settlers' from project 'Settlers')
    cd /Users/alex/.codex/worktrees/naval-exploration/Settlers
    builtin-linkAssetCatalog --thinned /Users/alex/.codex/artifacts/naval-exploration/build23-sprites-build-trade-safety/archive-derived/Build/Intermediates.noindex/ArchiveIntermediates/Settlers/IntermediateBuildFilesPath/Settlers.build/Release-iphoneos/Settlers.build/assetcatalog_output/thinned --thinned-dependencies /Users/alex/.codex/artifacts/naval-exploration/build23-sprites-build-trade-safety/archive-derived/Build/Intermediates.noindex/ArchiveIntermediates/Settlers/IntermediateBuildFilesPath/Settlers.build/Release-iphoneos/Settlers.build/assetcatalog_dependencies_thinned --thinned-info-plist-content /Users/alex/.codex/artifacts/naval-exploration/build23-sprites-build-trade-safety/archive-derived/Build/Intermediates.noindex/ArchiveIntermediates/Settlers/IntermediateBuildFilesPath/Settlers.build/Release-iphoneos/Settlers.build/assetcatalog_generated_info.plist_thinned --unthinned /Users/alex/.codex/artifacts/naval-exploration/build23-sprites-build-trade-safety/archive-derived/Build/Intermediates.noindex/ArchiveIntermediates/Settlers/IntermediateBuildFilesPath/Settlers.build/Release-iphoneos/Settlers.build/assetcatalog_output/unthinned --unthinned-dependencies /Users/alex/.codex/artifacts/naval-exploration/build23-sprites-build-trade-safety/archive-derived/Build/Intermediates.noindex/ArchiveIntermediates/Settlers/IntermediateBuildFilesPath/Settlers.build/Release-iphoneos/Settlers.build/assetcatalog_dependencies_unthinned --unthinned-info-plist-content /Users/alex/.codex/artifacts/naval-exploration/build23-sprites-build-trade-safety/archive-derived/Build/Intermediates.noindex/ArchiveIntermediates/Settlers/IntermediateBuildFilesPath/Settlers.build/Release-iphoneos/Settlers.build/assetcatalog_generated_info.plist_unthinned --output /Users/alex/.codex/artifacts/naval-exploration/build23-sprites-build-trade-safety/archive-derived/Build/Intermediates.noindex/ArchiveIntermediates/Settlers/InstallationBuildProductsLocation/Applications/Settlers.app --plist-output /Users/alex/.codex/artifacts/naval-exploration/build23-sprites-build-trade-safety/archive-derived/Build/Intermediates.noindex/ArchiveIntermediates/Settlers/IntermediateBuildFilesPath/Settlers.build/Release-iphoneos/Settlers.build/assetcatalog_generated_info.plist
note: Emplaced /Users/alex/.codex/artifacts/naval-exploration/build23-sprites-build-trade-safety/archive-derived/Build/Intermediates.noindex/ArchiveIntermediates/Settlers/InstallationBuildProductsLocation/Applications/Settlers.app/AppIcon76x76@2x~ipad.png (in target 'Settlers' from project 'Settlers')
note: Emplaced /Users/alex/.codex/artifacts/naval-exploration/build23-sprites-build-trade-safety/archive-derived/Build/Intermediates.noindex/ArchiveIntermediates/Settlers/InstallationBuildProductsLocation/Applications/Settlers.app/Assets.car (in target 'Settlers' from project 'Settlers')
note: Emplaced /Users/alex/.codex/artifacts/naval-exploration/build23-sprites-build-trade-safety/archive-derived/Build/Intermediates.noindex/ArchiveIntermediates/Settlers/InstallationBuildProductsLocation/Applications/Settlers.app/AppIcon60x60@2x.png (in target 'Settlers' from project 'Settlers')

SetOwnerAndGroup alex:staff /Users/alex/.codex/artifacts/naval-exploration/build23-sprites-build-trade-safety/archive-derived/Build/Intermediates.noindex/ArchiveIntermediates/Settlers/IntermediateBuildFilesPath/UninstalledProducts/iphoneos/CatanAI.o (in target 'CatanAI' from project 'CatanAI')
    cd /Users/alex/.codex/worktrees/naval-exploration/Settlers/Packages/CatanAI
    /usr/sbin/chown -RH alex:staff /Users/alex/.codex/artifacts/naval-exploration/build23-sprites-build-trade-safety/archive-derived/Build/Intermediates.noindex/ArchiveIntermediates/Settlers/IntermediateBuildFilesPath/UninstalledProducts/iphoneos/CatanAI.o

SetMode u+w,go-w,a+rX /Users/alex/.codex/artifacts/naval-exploration/build23-sprites-build-trade-safety/archive-derived/Build/Intermediates.noindex/ArchiveIntermediates/Settlers/IntermediateBuildFilesPath/UninstalledProducts/iphoneos/CatanAI.o (in target 'CatanAI' from project 'CatanAI')
    cd /Users/alex/.codex/worktrees/naval-exploration/Settlers/Packages/CatanAI
    /bin/chmod -RH u+w,go-w,a+rX /Users/alex/.codex/artifacts/naval-exploration/build23-sprites-build-trade-safety/archive-derived/Build/Intermediates.noindex/ArchiveIntermediates/Settlers/IntermediateBuildFilesPath/UninstalledProducts/iphoneos/CatanAI.o

RegisterExecutionPolicyException /Users/alex/.codex/artifacts/naval-exploration/build23-sprites-build-trade-safety/archive-derived/Build/Intermediates.noindex/ArchiveIntermediates/Settlers/IntermediateBuildFilesPath/UninstalledProducts/iphoneos/CatanAI.o (in target 'CatanAI' from project 'CatanAI')
    cd /Users/alex/.codex/worktrees/naval-exploration/Settlers/Packages/CatanAI
    builtin-RegisterExecutionPolicyException /Users/alex/.codex/artifacts/naval-exploration/build23-sprites-build-trade-safety/archive-derived/Build/Intermediates.noindex/ArchiveIntermediates/Settlers/IntermediateBuildFilesPath/UninstalledProducts/iphoneos/CatanAI.o

SwiftExplicitDependencyGeneratePcm arm64 /Users/alex/.codex/artifacts/naval-exploration/build23-sprites-build-trade-safety/archive-derived/ModuleCache.noindex/AVFoundation-BQFPNVD525PMOPU2ZXM5Z3TOP.pcm

ProcessInfoPlistFile /Users/alex/.codex/artifacts/naval-exploration/build23-sprites-build-trade-safety/archive-derived/Build/Intermediates.noindex/ArchiveIntermediates/Settlers/InstallationBuildProductsLocation/Applications/Settlers.app/Info.plist /Users/alex/.codex/worktrees/naval-exploration/Settlers/Settlers/Info.plist (in target 'Settlers' from project 'Settlers')
    cd /Users/alex/.codex/worktrees/naval-exploration/Settlers
    builtin-infoPlistUtility /Users/alex/.codex/worktrees/naval-exploration/Settlers/Settlers/Info.plist -producttype com.apple.product-type.application -genpkginfo /Users/alex/.codex/artifacts/naval-exploration/build23-sprites-build-trade-safety/archive-derived/Build/Intermediates.noindex/ArchiveIntermediates/Settlers/InstallationBuildProductsLocation/Applications/Settlers.app/PkgInfo -expandbuildsettings -format binary -platform iphoneos -additionalcontentfile /Users/alex/.codex/artifacts/naval-exploration/build23-sprites-build-trade-safety/archive-derived/Build/Intermediates.noindex/ArchiveIntermediates/Settlers/IntermediateBuildFilesPath/Settlers.build/Release-iphoneos/Settlers.build/assetcatalog_generated_info.plist -requiredArchitecture arm64 -o /Users/alex/.codex/artifacts/naval-exploration/build23-sprites-build-trade-safety/archive-derived/Build/Intermediates.noindex/ArchiveIntermediates/Settlers/InstallationBuildProductsLocation/Applications/Settlers.app/Info.plist

CpResource /Users/alex/.codex/artifacts/naval-exploration/build23-sprites-build-trade-safety/archive-derived/Build/Intermediates.noindex/ArchiveIntermediates/Settlers/InstallationBuildProductsLocation/Applications/Settlers.app/jake.ghost /Users/alex/.codex/worktrees/naval-exploration/Settlers/Settlers/Resources/Ghosts/jake.ghost (in target 'Settlers' from project 'Settlers')
    cd /Users/alex/.codex/worktrees/naval-exploration/Settlers
    builtin-copy -exclude .DS_Store -exclude CVS -exclude .svn -exclude .git -exclude .hg -resolve-src-symlinks /Users/alex/.codex/worktrees/naval-exploration/Settlers/Settlers/Resources/Ghosts/jake.ghost /Users/alex/.codex/artifacts/naval-exploration/build23-sprites-build-trade-safety/archive-derived/Build/Intermediates.noindex/ArchiveIntermediates/Settlers/InstallationBuildProductsLocation/Applications/Settlers.app

SwiftExplicitDependencyGeneratePcm arm64 /Users/alex/.codex/artifacts/naval-exploration/build23-sprites-build-trade-safety/archive-derived/ModuleCache.noindex/AVKit-CUVDD7PRP4JQYVBPJ6GZH51XD.pcm

SwiftCompile normal arm64 Compiling\ AccessibilityID.swift,\ ArmyHandViews.swift,\ ArmyPurchasePopupView.swift,\ BoardCamera.swift,\ BoardChips.swift,\ BoardDecisionBoardChrome.swift,\ BoardDecisionCoordinator.swift,\ BoardDecisionInteractionLayer.swift,\ BoardGestureRouter.swift,\ BoardInspectionSemantics.swift,\ BoardView.swift,\ BoardViewCamera.swift,\ BoardViewNaval.swift,\ BotDifficulty.swift,\ BotTurnProgress.swift,\ BotTurnStatusView.swift,\ BottomSafeInsetKey.swift,\ BuildActionPresentation.swift,\ BuildChoiceRow.swift,\ BuildPopupMeasurement.swift,\ BuildPopupView.swift,\ CatanTheme.swift,\ CheckpointProcessProbe.swift,\ Civilization+NavalArtwork.swift,\ Civilization.swift,\ CivilizationAssignmentStore.swift,\ CivilizationBadge.swift,\ CivilizationPickerPopup.swift,\ CivilizationPieceShapes.swift,\ CivilizationSettingsStore.swift,\ CloudBackend.swift,\ CloudKitBackend.swift,\ ContentView.swift,\ CornerAccent.swift,\ DevCardArt.swift,\ DevCardDisplay.swift,\ DevCardInventoryView.swift,\ DevCardPopupView.swift,\ DevCardResourceChoice.swift,\ DevCardStyle.swift,\ DevelopmentCardPresentationState.swift,\ DiscardPopupView.swift,\ DiscardPresentationState.swift,\ Elo.swift,\ EndGameView.swift,\ GameActionPanels.swift,\ GameHistoryView.swift,\ GameLogStore.swift,\ GameReplayNarrator.swift,\ GameReplayTimeline.swift,\ GameReplayView.swift,\ GameStatsStore.swift,\ GameStore.swift,\ GameView+QA.swift,\ GameView.swift,\ GameViewLayoutSupport.swift,\ GameViewModel+BoardDecision.swift,\ GameViewModel+BotPacing.swift,\ GameViewModel+BotTurns.swift,\ GameViewModel+Checkpoints.swift,\ GameViewModel+Conquest.swift,\ GameViewModel+GameOver.swift,\ GameViewModel+Ghosts.swift,\ GameViewModel+HumanTradeOffers.swift,\ GameViewModel+OpponentProfiles.swift,\ GameViewModel+Policies.swift,\ GameViewModel+QABoardDecision.swift,\ GameViewModel+QACompleteMatch.swift,\ GameViewModel+QAConquest.swift,\ GameViewModel+QADevCards.swift,\ GameViewModel+QADiscard.swift,\ GameViewModel+QAFeedback.swift,\ GameViewModel+QANaval.swift,\ GameViewModel+QAProduction.swift,\ GameViewModel+QATrade.swift,\ GameViewModel+QATradeTapSafety.swift,\ GameViewModel+QAVast.swift,\ GameViewModel+Recovery.swift,\ GameViewModel.swift,\ GameplayFeedback.swift,\ GameplayFeedbackView.swift,\ GhostPickerPopup.swift,\ GhostStore.swift,\ GhostTrainer.swift,\ GoldRowButton.swift,\ HexGeometry.swift,\ HowToPlayContent.swift,\ HowToPlayIllustration.swift,\ HowToPlayView.swift,\ HumanSeatStore.swift,\ HumanTradeOfferPolicy.swift,\ InGameSettingsView.swift,\ IncomingTradeCardView.swift,\ LadderNameEntry.swift,\ Leaderboard.swift,\ LeaderboardView.swift,\ LiveSync.swift,\ MainMenuView.swift,\ MatchCheckpointMigration.swift,\ MatchCheckpointStore.swift,\ MatchPersistenceTransaction.swift,\ MatchSettingHelpView.swift,\ MatchSetup.swift,\ NavalAdvancedSettingsView.swift,\ NavalArtwork.swift,\ NavalBoardInteractions.swift,\ NavalHarborLayer.swift,\ NavalMistDrawing.swift,\ NavalQAFixture.swift,\ NavalResourceChoiceView.swift,\ NavalSeaDrawing.swift,\ NavalSetupOptionsView.swift,\ NavalShipBadge.swift,\ NavalVisualNoise.swift,\ NewGameSetupView.swift,\ OpponentProfile.swift,\ PacingPreferences.swift,\ PaintedChromeBackground.swift,\ PlayerDirectory.swift,\ PlayerHUDView.swift,\ PlayerIdentity.swift,\ PlayerNameStore.swift,\ QAGameHistoryFixture.swift,\ QALaunchFlag.swift,\ RadarChartView.swift,\ RatedEntityDetailView.swift,\ RatingStore.swift,\ ReplayExportModel.swift,\ ReplayExportPresentation.swift,\ ReplayExportSequence.swift,\ ReplayExportSheet.swift,\ ReplayMovieWriter.swift,\ ReplayVideoExport.swift,\ ReplayVideoExporter.swift,\ ReplayVideoFrameView.swift,\ ResourceChip.swift,\ ResourceProductionFeedback.swift,\ ResourceProductionFeedbackView.swift,\ SavedGameAvailability.swift,\ SeatCardView.swift,\ SeatNumberPickerPopup.swift,\ SeatStatsStore.swift,\ SettingsChrome.swift,\ SettlersApp.swift,\ SharedMatch.swift,\ TileView.swift,\ TopChipHeightKey.swift,\ TradeDraftFeedback.swift,\ TradePopupView.swift,\ TradePresentationState.swift,\ TradeReceiptView.swift,\ TradeResourceRow.swift,\ TradeTermsView.swift,\ UITestBootstrap.swift,\ UniformActionButton.swift,\ VictoryPointBreakdown.swift,\ GeneratedAssetSymbols.swift /Users/alex/.codex/worktrees/naval-exploration/Settlers/Settlers/Testing/AccessibilityID.swift /Users/alex/.codex/worktrees/naval-exploration/Settlers/Settlers/Views/ArmyHandViews.swift /Users/alex/.codex/worktrees/naval-exploration/Settlers/Settlers/Views/ArmyPurchasePopupView.swift /Users/alex/.codex/worktrees/naval-exploration/Settlers/Settlers/Views/Board/BoardCamera.swift /Users/alex/.codex/worktrees/naval-exploration/Settlers/Settlers/Views/BoardChips.swift /Users/alex/.codex/worktrees/naval-exploration/Settlers/Settlers/Views/Board/BoardDecisionBoardChrome.swift /Users/alex/.codex/worktrees/naval-exploration/Settlers/Settlers/ViewModels/BoardDecisionCoordinator.swift /Users/alex/.codex/worktrees/naval-exploration/Settlers/Settlers/Views/Board/BoardDecisionInteractionLayer.swift /Users/alex/.codex/worktrees/naval-exploration/Settlers/Settlers/Views/Board/BoardGestureRouter.swift /Users/alex/.codex/worktrees/naval-exploration/Settlers/Settlers/Views/Board/BoardInspectionSemantics.swift /Users/alex/.codex/worktrees/naval-exploration/Settlers/Settlers/Views/Board/BoardView.swift /Users/alex/.codex/worktrees/naval-exploration/Settlers/Settlers/Views/Board/BoardViewCamera.swift /Users/alex/.codex/worktrees/naval-exploration/Settlers/Settlers/Views/Board/BoardViewNaval.swift /Users/alex/.codex/worktrees/naval-exploration/Settlers/Settlers/Models/BotDifficulty.swift /Users/alex/.codex/worktrees/naval-exploration/Settlers/Settlers/Models/BotTurnProgress.swift /Users/alex/.codex/worktrees/naval-exploration/Settlers/Settlers/Views/BotTurnStatusView.swift /Users/alex/.codex/worktrees/naval-exploration/Settlers/Settlers/Views/BottomSafeInsetKey.swift /Users/alex/.codex/worktrees/naval-exploration/Settlers/Settlers/ViewModels/BuildActionPresentation.swift /Users/alex/.codex/worktrees/naval-exploration/Settlers/Settlers/Views/BuildChoiceRow.swift /Users/alex/.codex/worktrees/naval-exploration/Settlers/Settlers/Views/BuildPopupMeasurement.swift /Users/alex/.codex/worktrees/naval-exploration/Settlers/Settlers/Views/BuildPopupView.swift /Users/alex/.codex/worktrees/naval-exploration/Settlers/Settlers/Theme/CatanTheme.swift /Users/alex/.codex/worktrees/naval-exploration/Settlers/Settlers/Testing/CheckpointProcessProbe.swift /Users/alex/.codex/worktrees/naval-exploration/Settlers/Settlers/Theme/Civilization+NavalArtwork.swift /Users/alex/.codex/worktrees/naval-exploration/Settlers/Settlers/Theme/Civilization.swift /Users/alex/.codex/worktrees/naval-exploration/Settlers/Settlers/Persistence/CivilizationAssignmentStore.swift /Users/alex/.codex/worktrees/naval-exploration/Settlers/Settlers/Views/Board/CivilizationBadge.swift /Users/alex/.codex/worktrees/naval-exploration/Settlers/Settlers/Views/CivilizationPickerPopup.swift /Users/alex/.codex/worktrees/naval-exploration/Settlers/Settlers/Views/Board/CivilizationPieceShapes.swift /Users/alex/.codex/worktrees/naval-exploration/Settlers/Settlers/Persistence/CivilizationSettingsStore.swift /Users/alex/.codex/worktrees/naval-exploration/Settlers/Settlers/Sync/CloudBackend.swift /Users/alex/.codex/worktrees/naval-exploration/Settlers/Settlers/Sync/CloudKitBackend.swift /Users/alex/.codex/worktrees/naval-exploration/Settlers/Settlers/ContentView.swift /Users/alex/.codex/worktrees/naval-exploration/Settlers/Settlers/Views/CornerAccent.swift /Users/alex/.codex/worktrees/naval-exploration/Settlers/Settlers/Views/DevCardArt.swift /Users/alex/.codex/worktrees/naval-exploration/Settlers/Settlers/Theme/DevCardDisplay.swift /Users/alex/.codex/worktrees/naval-exploration/Settlers/Settlers/Views/DevCardInventoryView.swift /Users/alex/.codex/worktrees/naval-exploration/Settlers/Settlers/Views/DevCardPopupView.swift /Users/alex/.codex/worktrees/naval-exploration/Settlers/Settlers/Views/DevCardResourceChoice.swift /Users/alex/.codex/worktrees/naval-exploration/Settlers/Settlers/Theme/DevCardStyle.swift /Users/alex/.codex/worktrees/naval-exploration/Settlers/Settlers/ViewModels/DevelopmentCardPresentationState.swift /Users/alex/.codex/worktrees/naval-exploration/Settlers/Settlers/Views/DiscardPopupView.swift /Users/alex/.codex/worktrees/naval-exploration/Settlers/Settlers/ViewModels/DiscardPresentationState.swift /Users/alex/.codex/worktrees/naval-exploration/Settlers/Settlers/Models/Elo.swift /Users/alex/.codex/worktrees/naval-exploration/Settlers/Settlers/Views/EndGameView.swift /Users/alex/.codex/worktrees/naval-exploration/Settlers/Settlers/Views/GameActionPanels.swift /Users/alex/.codex/worktrees/naval-exploration/Settlers/Settlers/Views/GameHistoryView.swift /Users/alex/.codex/worktrees/naval-exploration/Settlers/Settlers/Persistence/GameLogStore.swift /Users/alex/.codex/worktrees/naval-exploration/Settlers/Settlers/Models/GameReplayNarrator.swift /Users/alex/.codex/worktrees/naval-exploration/Settlers/Settlers/Models/GameReplayTimeline.swift /Users/alex/.codex/worktrees/naval-exploration/Settlers/Settlers/Views/GameReplayView.swift /Users/alex/.codex/worktrees/naval-exploration/Settlers/Settlers/Persistence/GameStatsStore.swift /Users/alex/.codex/worktrees/naval-exploration/Settlers/Settlers/Persistence/GameStore.swift /Users/alex/.codex/worktrees/naval-exploration/Settlers/Settlers/Testing/GameView+QA.swift /Users/alex/.codex/worktrees/naval-exploration/Settlers/Settlers/Views/GameView.swift /Users/alex/.codex/worktrees/naval-exploration/Settlers/Settlers/Views/GameViewLayoutSupport.swift /Users/alex/.codex/worktrees/naval-exploration/Settlers/Settlers/ViewModels/GameViewModel+BoardDecision.swift /Users/alex/.codex/worktrees/naval-exploration/Settlers/Settlers/ViewModels/GameViewModel+BotPacing.swift /Users/alex/.codex/worktrees/naval-exploration/Settlers/Settlers/ViewModels/GameViewModel+BotTurns.swift /Users/alex/.codex/worktrees/naval-exploration/Settlers/Settlers/ViewModels/GameViewModel+Checkpoints.swift /Users/alex/.codex/worktrees/naval-exploration/Settlers/Settlers/ViewModels/GameViewModel+Conquest.swift /Users/alex/.codex/worktrees/naval-exploration/Settlers/Settlers/ViewModels/GameViewModel+GameOver.swift /Users/alex/.codex/worktrees/naval-exploration/Settlers/Settlers/ViewModels/GameViewModel+Ghosts.swift /Users/alex/.codex/worktrees/naval-exploration/Settlers/Settlers/ViewModels/GameViewModel+HumanTradeOffers.swift /Users/alex/.codex/worktrees/naval-exploration/Settlers/Settlers/ViewModels/GameViewModel+OpponentProfiles.swift /Users/alex/.codex/worktrees/naval-exploration/Settlers/Settlers/ViewModels/GameViewModel+Policies.swift /Users/alex/.codex/worktrees/naval-exploration/Settlers/Settlers/Testing/GameViewModel+QABoardDecision.swift /Users/alex/.codex/worktrees/naval-exploration/Settlers/Settlers/Testing/GameViewModel+QACompleteMatch.swift /Users/alex/.codex/worktrees/naval-exploration/Settlers/Settlers/Testing/GameViewModel+QAConquest.swift /Users/alex/.codex/worktrees/naval-exploration/Settlers/Settlers/Testing/GameViewModel+QADevCards.swift /Users/alex/.codex/worktrees/naval-exploration/Settlers/Settlers/Testing/GameViewModel+QADiscard.swift /Users/alex/.codex/worktrees/naval-exploration/Settlers/Settlers/Testing/GameViewModel+QAFeedback.swift /Users/alex/.codex/worktrees/naval-exploration/Settlers/Settlers/Testing/GameViewModel+QANaval.swift /Users/alex/.codex/worktrees/naval-exploration/Settlers/Settlers/Testing/GameViewModel+QAProduction.swift /Users/alex/.codex/worktrees/naval-exploration/Settlers/Settlers/Testing/GameViewModel+QATrade.swift /Users/alex/.codex/worktrees/naval-exploration/Settlers/Settlers/Testing/GameViewModel+QATradeTapSafety.swift /Users/alex/.codex/worktrees/naval-exploration/Settlers/Settlers/Testing/GameViewModel+QAVast.swift /Users/alex/.codex/worktrees/naval-exploration/Settlers/Settlers/ViewModels/GameViewModel+Recovery.swift /Users/alex/.codex/worktrees/naval-exploration/Settlers/Settlers/ViewModels/GameViewModel.swift /Users/alex/.codex/worktrees/naval-exploration/Settlers/Settlers/Models/GameplayFeedback.swift /Users/alex/.codex/worktrees/naval-exploration/Settlers/Settlers/Views/GameplayFeedbackView.swift /Users/alex/.codex/worktrees/naval-exploration/Settlers/Settlers/Views/GhostPickerPopup.swift /Users/alex/.codex/worktrees/naval-exploration/Settlers/Settlers/Persistence/GhostStore.swift /Users/alex/.codex/worktrees/naval-exploration/Settlers/Settlers/ViewModels/GhostTrainer.swift /Users/alex/.codex/worktrees/naval-exploration/Settlers/Settlers/Views/GoldRowButton.swift /Users/alex/.codex/worktrees/naval-exploration/Settlers/Settlers/Views/Board/HexGeometry.swift /Users/alex/.codex/worktrees/naval-exploration/Settlers/Settlers/Views/HowToPlayContent.swift /Users/alex/.codex/worktrees/naval-exploration/Settlers/Settlers/Views/HowToPlayIllustration.swift /Users/alex/.codex/worktrees/naval-exploration/Settlers/Settlers/Views/HowToPlayView.swift /Users/alex/.codex/worktrees/naval-exploration/Settlers/Settlers/Persistence/HumanSeatStore.swift /Users/alex/.codex/worktrees/naval-exploration/Settlers/Settlers/Models/HumanTradeOfferPolicy.swift /Users/alex/.codex/worktrees/naval-exploration/Settlers/Settlers/Views/InGameSettingsView.swift /Users/alex/.codex/worktrees/naval-exploration/Settlers/Settlers/Views/IncomingTradeCardView.swift /Users/alex/.codex/worktrees/naval-exploration/Settlers/Settlers/Views/LadderNameEntry.swift /Users/alex/.codex/worktrees/naval-exploration/Settlers/Settlers/Models/Leaderboard.swift /Users/alex/.codex/worktrees/naval-exploration/Settlers/Settlers/Views/LeaderboardView.swift /Users/alex/.codex/worktrees/naval-exploration/Settlers/Settlers/Sync/LiveSync.swift /Users/alex/.codex/worktrees/naval-exploration/Settlers/Settlers/Views/MainMenuView.swift /Users/alex/.codex/worktrees/naval-exploration/Settlers/Settlers/Persistence/MatchCheckpointMigration.swift /Users/alex/.codex/worktrees/naval-exploration/Settlers/Settlers/Persistence/MatchCheckpointStore.swift /Users/alex/.codex/worktrees/naval-exploration/Settlers/Settlers/ViewModels/MatchPersistenceTransaction.swift /Users/alex/.codex/worktrees/naval-exploration/Settlers/Settlers/Views/MatchSettingHelpView.swift /Users/alex/.codex/worktrees/naval-exploration/Settlers/Settlers/Persistence/MatchSetup.swift /Users/alex/.codex/worktrees/naval-exploration/Settlers/Settlers/Views/NavalAdvancedSettingsView.swift /Users/alex/.codex/worktrees/naval-exploration/Settlers/Settlers/Views/Board/NavalArtwork.swift /Users/alex/.codex/worktrees/naval-exploration/Settlers/Settlers/Views/Board/NavalBoardInteractions.swift /Users/alex/.codex/worktrees/naval-exploration/Settlers/Settlers/Views/Board/NavalHarborLayer.swift /Users/alex/.codex/worktrees/naval-exploration/Settlers/Settlers/Views/Board/NavalMistDrawing.swift /Users/alex/.codex/worktrees/naval-exploration/Settlers/Settlers/Testing/NavalQAFixture.swift /Users/alex/.codex/worktrees/naval-exploration/Settlers/Settlers/Views/NavalResourceChoiceView.swift /Users/alex/.codex/worktrees/naval-exploration/Settlers/Settlers/Views/Board/NavalSeaDrawing.swift /Users/alex/.codex/worktrees/naval-exploration/Settlers/Settlers/Views/NavalSetupOptionsView.swift /Users/alex/.codex/worktrees/naval-exploration/Settlers/Settlers/Views/Board/NavalShipBadge.swift /Users/alex/.codex/worktrees/naval-exploration/Settlers/Settlers/Views/Board/NavalVisualNoise.swift /Users/alex/.codex/worktrees/naval-exploration/Settlers/Settlers/Views/NewGameSetupView.swift /Users/alex/.codex/worktrees/naval-exploration/Settlers/Settlers/Models/OpponentProfile.swift /Users/alex/.codex/worktrees/naval-exploration/Settlers/Settlers/Persistence/PacingPreferences.swift /Users/alex/.codex/worktrees/naval-exploration/Settlers/Settlers/Views/PaintedChromeBackground.swift /Users/alex/.codex/worktrees/naval-exploration/Settlers/Settlers/Persistence/PlayerDirectory.swift /Users/alex/.codex/worktrees/naval-exploration/Settlers/Settlers/Views/PlayerHUDView.swift /Users/alex/.codex/worktrees/naval-exploration/Settlers/Settlers/Theme/PlayerIdentity.swift /Users/alex/.codex/worktrees/naval-exploration/Settlers/Settlers/Persistence/PlayerNameStore.swift /Users/alex/.codex/worktrees/naval-exploration/Settlers/Settlers/Testing/QAGameHistoryFixture.swift /Users/alex/.codex/worktrees/naval-exploration/Settlers/Settlers/QALaunchFlag.swift /Users/alex/.codex/worktrees/naval-exploration/Settlers/Settlers/Views/RadarChartView.swift /Users/alex/.codex/worktrees/naval-exploration/Settlers/Settlers/Views/RatedEntityDetailView.swift /Users/alex/.codex/worktrees/naval-exploration/Settlers/Settlers/Persistence/RatingStore.swift /Users/alex/.codex/worktrees/naval-exploration/Settlers/Settlers/ViewModels/ReplayExportModel.swift /Users/alex/.codex/worktrees/naval-exploration/Settlers/Settlers/Models/ReplayExportPresentation.swift /Users/alex/.codex/worktrees/naval-exploration/Settlers/Settlers/Models/ReplayExportSequence.swift /Users/alex/.codex/worktrees/naval-exploration/Settlers/Settlers/Views/ReplayExportSheet.swift /Users/alex/.codex/worktrees/naval-exploration/Settlers/Settlers/Services/ReplayMovieWriter.swift /Users/alex/.codex/worktrees/naval-exploration/Settlers/Settlers/Models/ReplayVideoExport.swift /Users/alex/.codex/worktrees/naval-exploration/Settlers/Settlers/Services/ReplayVideoExporter.swift /Users/alex/.codex/worktrees/naval-exploration/Settlers/Settlers/Views/ReplayVideoFrameView.swift /Users/alex/.codex/worktrees/naval-exploration/Settlers/Settlers/Views/ResourceChip.swift /Users/alex/.codex/worktrees/naval-exploration/Settlers/Settlers/Models/ResourceProductionFeedback.swift /Users/alex/.codex/worktrees/naval-exploration/Settlers/Settlers/Views/ResourceProductionFeedbackView.swift /Users/alex/.codex/worktrees/naval-exploration/Settlers/Settlers/Persistence/SavedGameAvailability.swift /Users/alex/.codex/worktrees/naval-exploration/Settlers/Settlers/Views/SeatCardView.swift /Users/alex/.codex/worktrees/naval-exploration/Settlers/Settlers/Views/SeatNumberPickerPopup.swift /Users/alex/.codex/worktrees/naval-exploration/Settlers/Settlers/Persistence/SeatStatsStore.swift /Users/alex/.codex/worktrees/naval-exploration/Settlers/Settlers/Views/SettingsChrome.swift /Users/alex/.codex/worktrees/naval-exploration/Settlers/Settlers/SettlersApp.swift /Users/alex/.codex/worktrees/naval-exploration/Settlers/Settlers/Sync/SharedMatch.swift /Users/alex/.codex/worktrees/naval-exploration/Settlers/Settlers/Views/Board/TileView.swift /Users/alex/.codex/worktrees/naval-exploration/Settlers/Settlers/Views/TopChipHeightKey.swift /Users/alex/.codex/worktrees/naval-exploration/Settlers/Settlers/Views/TradeDraftFeedback.swift /Users/alex/.codex/worktrees/naval-exploration/Settlers/Settlers/Views/TradePopupView.swift /Users/alex/.codex/worktrees/naval-exploration/Settlers/Settlers/ViewModels/TradePresentationState.swift /Users/alex/.codex/worktrees/naval-exploration/Settlers/Settlers/Views/TradeReceiptView.swift /Users/alex/.codex/worktrees/naval-exploration/Settlers/Settlers/Views/TradeResourceRow.swift /Users/alex/.codex/worktrees/naval-exploration/Settlers/Settlers/Views/TradeTermsView.swift /Users/alex/.codex/worktrees/naval-exploration/Settlers/Settlers/Testing/UITestBootstrap.swift /Users/alex/.codex/worktrees/naval-exploration/Settlers/Settlers/Views/UniformActionButton.swift /Users/alex/.codex/worktrees/naval-exploration/Settlers/Settlers/Models/VictoryPointBreakdown.swift /Users/alex/.codex/artifacts/naval-exploration/build23-sprites-build-trade-safety/archive-derived/Build/Intermediates.noindex/ArchiveIntermediates/Settlers/IntermediateBuildFilesPath/Settlers.build/Release-iphoneos/Settlers.build/DerivedSources/GeneratedAssetSymbols.swift /Applications/Xcode.app/Contents/Developer/Toolchains/XcodeDefault.xctoolchain/usr/lib/swift/iphoneos/prebuilt-modules/26.5/Synchronization.swiftmodule/arm64e-apple-ios.swiftmodule /Applications/Xcode.app/Contents/Developer/Toolchains/XcodeDefault.xctoolchain/usr/lib/swift/iphoneos/prebuilt-modules/26.5/_Builtin_float.swiftmodule/arm64e-apple-ios.swiftmodule /Users/alex/.codex/artifacts/naval-exploration/build23-sprites-build-trade-safety/archive-derived/Build/Intermediates.noindex/ArchiveIntermediates/Settlers/BuildProductsPath/Release-iphoneos/CatanEngine.swiftmodule/arm64-apple-ios.swiftmodule /Applications/Xcode.app/Contents/Developer/Toolchains/XcodeDefault.xctoolchain/usr/lib/swift/iphoneos/prebuilt-modules/26.5/FileProvider.swiftmodule/arm64e-apple-ios.swiftmodule /Applications/Xcode.app/Contents/Developer/Toolchains/XcodeDefault.xctoolchain/usr/lib/swift/iphoneos/prebuilt-modules/26.5/MediaAccessibility.swiftmodule/arm64e-apple-ios.swiftmodule /Applications/Xcode.app/Contents/Developer/Toolchains/XcodeDefault.xctoolchain/usr/lib/swift/iphoneos/prebuilt-modules/26.5/AVFAudio.swiftmodule/arm64e-apple-ios.swiftmodule /Applications/Xcode.app/Contents/Developer/Toolchains/XcodeDefault.xctoolchain/usr/lib/swift/iphoneos/prebuilt-modules/26.5/Spatial.swiftmodule/arm64e-apple-ios.swiftmodule /Applications/Xcode.app/Contents/Developer/Toolchains/XcodeDefault.xctoolchain/usr/lib/swift/iphoneos/prebuilt-modules/26.5/CoreAudio.swiftmodule/arm64e-apple-ios.swiftmodule /Applications/Xcode.app/Contents/Developer/Toolchains/XcodeDefault.xctoolchain/usr/lib/swift/iphoneos/prebuilt-modules/26.5/CoreData.swiftmodule/arm64e-apple-ios.swiftmodule /Applications/Xcode.app/Contents/Developer/Toolchains/XcodeDefault.xctoolchain/usr/lib/swift/iphoneos/prebuilt-modules/26.5/Dispatch.swiftmodule/arm64e-apple-ios.swiftmodule /Applications/Xcode.app/Contents/Developer/Toolchains/XcodeDefault.xctoolchain/usr/lib/swift/iphoneos/prebuilt-modules/26.5/CoreLocation.swiftmodule/arm64e-apple-ios.swiftmodule /Applications/Xcode.app/Contents/Developer/Toolchains/XcodeDefault.xctoolchain/usr/lib/swift/iphoneos/prebuilt-modules/26.5/Darwin.swiftmodule/arm64e-apple-ios.swiftmodule /Applications/Xcode.app/Contents/Developer/Toolchains/XcodeDefault.xctoolchain/usr/lib/swift/iphoneos/prebuilt-modules/26.5/simd.swiftmodule/arm64e-apple-ios.swiftmodule /Applications/Xcode.app/Contents/Developer/Toolchains/XcodeDefault.xctoolchain/usr/lib/swift/iphoneos/prebuilt-modules/26.5/Swift.swiftmodule/arm64e-apple-ios.swiftmodule /Applications/Xcode.app/Contents/Developer/Toolchains/XcodeDefault.xctoolchain/usr/lib/swift/iphoneos/prebuilt-modules/26.5/OSLog.swiftmodule/arm64e-apple-ios.swiftmodule /Applications/Xcode.app/Contents/Developer/Toolchains/XcodeDefault.xctoolchain/usr/lib/swift/iphoneos/prebuilt-modules/26.5/CoreText.swiftmodule/arm64e-apple-ios.swiftmodule /Applications/Xcode.app/Contents/Developer/Toolchains/XcodeDefault.xctoolchain/usr/lib/swift/iphoneos/prebuilt-modules/26.5/_DarwinFoundation2.swiftmodule/arm64e-apple-ios.swiftmodule /Applications/Xcode.app/Contents/Developer/Toolchains/XcodeDefault.xctoolchain/usr/lib/swift/iphoneos/prebuilt-modules/26.5/CoreFoundation.swiftmodule/arm64e-apple-ios.swiftmodule /Applications/Xcode.app/Contents/Developer/Toolchains/XcodeDefault.xctoolchain/usr/lib/swift/iphoneos/prebuilt-modules/26.5/CoreTransferable.swiftmodule/arm64e-apple-ios.swiftmodule /Applications/Xcode.app/Contents/Developer/Toolchains/XcodeDefault.xctoolchain/usr/lib/swift/iphoneos/prebuilt-modules/26.5/System.swiftmodule/arm64e-apple-ios.swiftmodule /Applications/Xcode.app/Contents/Developer/Toolchains/XcodeDefault.xctoolchain/usr/lib/swift/iphoneos/prebuilt-modules/26.5/CloudKit.swiftmodule/arm64e-apple-ios.swiftmodule /Applications/Xcode.app/Contents/Developer/Toolchains/XcodeDefault.xctoolchain/usr/lib/swift/iphoneos/prebuilt-modules/26.5/_AVKit_SwiftUI.swiftmodule/arm64e-apple-ios.swiftmodule /Applications/Xcode.app/Contents/Developer/Toolchains/XcodeDefault.xctoolchain/usr/lib/swift/iphoneos/prebuilt-modules/26.5/Observation.swiftmodule/arm64e-apple-ios.swiftmodule /Applications/Xcode.app/Contents/Developer/Toolchains/XcodeDefault.xctoolchain/usr/lib/swift/iphoneos/prebuilt-modules/26.5/Metal.swiftmodule/arm64e-apple-ios.swiftmodule /Applications/Xcode.app/Contents/Developer/Toolchains/XcodeDefault.xctoolchain/usr/lib/swift/iphoneos/prebuilt-modules/26.5/Accessibility.swiftmodule/arm64e-apple-ios.swiftmodule /Applications/Xcode.app/Contents/Developer/Toolchains/XcodeDefault.xctoolchain/usr/lib/swift/iphoneos/prebuilt-modules/26.5/Combine.swiftmodule/arm64e-apple-ios.swiftmodule /Applications/Xcode.app/Contents/Developer/Toolchains/XcodeDefault.xctoolchain/usr/lib/swift/iphoneos/prebuilt-modules/26.5/_Concurrency.swiftmodule/arm64e-apple-ios.swiftmodule /Users/alex/.codex/artifacts/naval-exploration/build23-sprites-build-trade-safety/archive-derived/Build/Intermediates.noindex/ArchiveIntermediates/Settlers/BuildProductsPath/Release-iphoneos/CatanAI.swiftmodule/arm64-apple-ios.swiftmodule /Applications/Xcode.app/Contents/Developer/Toolchains/XcodeDefault.xctoolchain/usr/lib/swift/iphoneos/prebuilt-modules/26.5/CoreMIDI.swiftmodule/arm64e-apple-ios.swiftmodule /Applications/Xcode.app/Contents/Developer/Toolchains/XcodeDefault.xctoolchain/usr/lib/swift/iphoneos/prebuilt-modules/26.5/Network.swiftmodule/arm64e-apple-ios.swiftmodule /Applications/Xcode.app/Contents/Developer/Toolchains/XcodeDefault.xctoolchain/usr/lib/swift/iphoneos/prebuilt-modules/26.5/CoreVideo.swiftmodule/arm64e-apple-ios.swiftmodule /Applications/Xcode.app/Contents/Developer/Toolchains/XcodeDefault.xctoolchain/usr/lib/swift/iphoneos/prebuilt-modules/26.5/_DarwinFoundation3.swiftmodule/arm64e-apple-ios.swiftmodule /Applications/Xcode.app/Contents/Developer/Toolchains/XcodeDefault.xctoolchain/usr/lib/swift/iphoneos/prebuilt-modules/26.5/UIKit.swiftmodule/arm64e-apple-ios.swiftmodule /Applications/Xcode.app/Contents/Developer/Toolchains/XcodeDefault.xctoolchain/usr/lib/swift/iphoneos/prebuilt-modules/26.5/QuartzCore.swiftmodule/arm64e-apple-ios.swiftmodule /Applications/Xcode.app/Contents/Developer/Toolchains/XcodeDefault.xctoolchain/usr/lib/swift/iphoneos/prebuilt-modules/26.5/_DarwinFoundation1.swiftmodule/arm64e-apple-ios.swiftmodule /Applications/Xcode.app/Contents/Developer/Toolchains/XcodeDefault.xctoolchain/usr/lib/swift/iphoneos/prebuilt-modules/26.5/TipKit.swiftmodule/arm64e-apple-ios.swiftmodule /Applications/Xcode.app/Contents/Developer/Toolchains/XcodeDefault.xctoolchain/usr/lib/swift/iphoneos/prebuilt-modules/26.5/UniformTypeIdentifiers.swiftmodule/arm64e-apple-ios.swiftmodule /Applications/Xcode.app/Contents/Developer/Toolchains/XcodeDefault.xctoolchain/usr/lib/swift/iphoneos/prebuilt-modules/26.5/SwiftUI.swiftmodule/arm64e-apple-ios.swiftmodule /Applications/Xcode.app/Contents/Developer/Toolchains/XcodeDefault.xctoolchain/usr/lib/swift/iphoneos/prebuilt-modules/26.5/_StringProcessing.swiftmodule/arm64e-apple-ios.swiftmodule /Applications/Xcode.app/Contents/Developer/Toolchains/XcodeDefault.xctoolchain/usr/lib/swift/iphoneos/prebuilt-modules/26.5/os.swiftmodule/arm64e-apple-ios.swiftmodule /Applications/Xcode.app/Contents/Developer/Toolchains/XcodeDefault.xctoolchain/usr/lib/swift/iphoneos/prebuilt-modules/26.5/DataDetection.swiftmodule/arm64e-apple-ios.swiftmodule /Applications/Xcode.app/Contents/Developer/Toolchains/XcodeDefault.xctoolchain/usr/lib/swift/iphoneos/prebuilt-modules/26.5/CoreMedia.swiftmodule/arm64e-apple-ios.swiftmodule /Applications/Xcode.app/Contents/Developer/Toolchains/XcodeDefault.xctoolchain/usr/lib/swift/iphoneos/prebuilt-modules/26.5/AudioToolbox.swiftmodule/arm64e-apple-ios.swiftmodule /Applications/Xcode.app/Contents/Developer/Toolchains/XcodeDefault.xctoolchain/usr/lib/swift/iphoneos/prebuilt-modules/26.5/AVKit.swiftmodule/arm64e-apple-ios.swiftmodule /Applications/Xcode.app/Contents/Developer/Toolchains/XcodeDefault.xctoolchain/usr/lib/swift/iphoneos/prebuilt-modules/26.5/SwiftUICore.swiftmodule/arm64e-apple-ios.swiftmodule /Applications/Xcode.app/Contents/Developer/Toolchains/XcodeDefault.xctoolchain/usr/lib/swift/iphoneos/prebuilt-modules/26.5/AVFoundation.swiftmodule/arm64e-apple-ios.swiftmodule /Applications/Xcode.app/Contents/Developer/Toolchains/XcodeDefault.xctoolchain/usr/lib/swift/iphoneos/prebuilt-modules/26.5/DeveloperToolsSupport.swiftmodule/arm64e-apple-ios.swiftmodule /Applications/Xcode.app/Contents/Developer/Toolchains/XcodeDefault.xctoolchain/usr/lib/swift/iphoneos/prebuilt-modules/26.5/CoreImage.swiftmodule/arm64e-apple-ios.swiftmodule /Applications/Xcode.app/Contents/Developer/Toolchains/XcodeDefault.xctoolchain/usr/lib/swift/iphoneos/prebuilt-modules/26.5/Foundation.swiftmodule/arm64e-apple-ios.swiftmodule /Applications/Xcode.app/Contents/Developer/Toolchains/XcodeDefault.xctoolchain/usr/lib/swift/iphoneos/prebuilt-modules/26.5/CoreGraphics.swiftmodule/arm64e-apple-ios.swiftmodule /Applications/Xcode.app/Contents/Developer/Toolchains/XcodeDefault.xctoolchain/usr/lib/swift/iphoneos/prebuilt-modules/26.5/ObjectiveC.swiftmodule/arm64e-apple-ios.swiftmodule /Applications/Xcode.app/Contents/Developer/Toolchains/XcodeDefault.xctoolchain/usr/lib/swift/iphoneos/prebuilt-modules/26.5/Distributed.swiftmodule/arm64e-apple-ios.swiftmodule /Applications/Xcode.app/Contents/Developer/Toolchains/XcodeDefault.xctoolchain/usr/lib/swift/iphoneos/prebuilt-modules/26.5/Symbols.swiftmodule/arm64e-apple-ios.swiftmodule /Applications/Xcode.app/Contents/Developer/Toolchains/XcodeDefault.xctoolchain/usr/lib/swift/iphoneos/prebuilt-modules/26.5/XPC.swiftmodule/arm64e-apple-ios.swiftmodule /Users/alex/.codex/artifacts/naval-exploration/build23-sprites-build-trade-safety/archive-derived/ModuleCache.noindex/Dispatch-9NN6QTOVE49K8EOB7OPB2EMWV.pcm /Users/alex/.codex/artifacts/naval-exploration/build23-sprites-build-trade-safety/archive-derived/ModuleCache.noindex/Security-CK95QIHTZ4E2CS7BTTZIG3UIV.pcm /Users/alex/.codex/artifacts/naval-exploration/build23-sprites-build-trade-safety/archive-derived/ModuleCache.noindex/_Builtin_stdatomic-8SX1SJZYI9NXHOTI1QBG5EQIW.pcm /Users/alex/.codex/artifacts/naval-exploration/build23-sprites-build-trade-safety/archive-derived/ModuleCache.noindex/_DarwinFoundation1-ETAK3UOHB1WTTD00K8XDO142Y.pcm /Users/alex/.codex/artifacts/naval-exploration/build23-sprites-build-trade-safety/archive-derived/ModuleCache.noindex/CoreGraphics-24GYSR01VVZ7AZTYYHD7L75EM.pcm /Users/alex/.codex/artifacts/naval-exploration/build23-sprites-build-trade-safety/archive-derived/ModuleCache.noindex/CFNetwork-3I5JRLKQNYYV3VB73Z3P405HC.pcm /Users/alex/.codex/artifacts/naval-exploration/build23-sprites-build-trade-safety/archive-derived/ModuleCache.noindex/XPC-2WWQMYJMEAPV8NFQU75S9KT6U.pcm /Users/alex/.codex/artifacts/naval-exploration/build23-sprites-build-trade-safety/archive-derived/ModuleCache.noindex/ObjectiveC-1UDI229SFTXJCD303HZHPPSZV.pcm /Users/alex/.codex/artifacts/naval-exploration/build23-sprites-build-trade-safety/archive-derived/ModuleCache.noindex/MediaToolbox-7GVLI01ZU55EJAG20400OX0UC.pcm /Users/alex/.codex/artifacts/naval-exploration/build23-sprites-build-trade-safety/archive-derived/ModuleCache.noindex/CoreMedia-E60A7F3LL7YD8J1LWZ3O86E2M.pcm /Users/alex/.codex/artifacts/naval-exploration/build23-sprites-build-trade-safety/archive-derived/ModuleCache.noindex/os_workgroup-ALO2NVKMAJTGL3GJE0EZNEXH7.pcm /Users/alex/.codex/artifacts/naval-exploration/build23-sprites-build-trade-safety/archive-derived/ModuleCache.noindex/_LocationEssentials-8K7FIF9YGIV98UJI3KLOFZU9O.pcm /Users/alex/.codex/artifacts/naval-exploration/build23-sprites-build-trade-safety/archive-derived/ModuleCache.noindex/sys_types-6WP5QGD866ESZGBA98Y834D2P.pcm /Users/alex/.codex/artifacts/naval-exploration/build23-sprites-build-trade-safety/archive-derived/ModuleCache.noindex/_Builtin_intrinsics-8ETJM2JG04G1UFM5HPTPT7UPJ.pcm /Users/alex/.codex/artifacts/naval-exploration/build23-sprites-build-trade-safety/archive-derived/ModuleCache.noindex/IOSurface-MQESNYJMMQMV25PZ9XPNAHVE.pcm /Users/alex/.codex/artifacts/naval-exploration/build23-sprites-build-trade-safety/archive-derived/ModuleCache.noindex/DataDetection-1RI4TYT9IIOP9V9FYHR1GEVOH.pcm /Users/alex/.codex/artifacts/naval-exploration/build23-sprites-build-trade-safety/archive-derived/ModuleCache.noindex/AVKit-CUVDD7PRP4JQYVBPJ6GZH51XD.pcm /Users/alex/.codex/artifacts/naval-exploration/build23-sprites-build-trade-safety/archive-derived/ModuleCache.noindex/OSLog-9JO3YVRZENXFKGIL3FBPWWPG6.pcm /Users/alex/.codex/artifacts/naval-exploration/build23-sprites-build-trade-safety/archive-derived/ModuleCache.noindex/CoreFoundation-4LBZKGR34NXOMZRAX15QQGBKF.pcm /Users/alex/.codex/artifacts/naval-exploration/build23-sprites-build-trade-safety/archive-derived/ModuleCache.noindex/CloudKit-5H1S3S48BDRH5PGZIEBODDX6R.pcm /Users/alex/.codex/artifacts/naval-exploration/build23-sprites-build-trade-safety/archive-derived/ModuleCache.noindex/_Builtin_float-RLUTBPDBO78C7D68YBJPLE4W.pcm /Users/alex/.codex/artifacts/naval-exploration/build23-sprites-build-trade-safety/archive-derived/ModuleCache.noindex/_AvailabilityInternal-93MJEJ8ROB5CDGOUGVOV4C4V6.pcm /Users/alex/.codex/artifacts/naval-exploration/build23-sprites-build-trade-safety/archive-derived/ModuleCache.noindex/MachO-B3A6SK2BXRN1ORCC0D6TKCJ7U.pcm /Users/alex/.codex/artifacts/naval-exploration/build23-sprites-build-trade-safety/archive-derived/ModuleCache.noindex/_Builtin_stdbool-3QJXCS8BA21KRA38EXVR8A2V1.pcm /Users/alex/.codex/artifacts/naval-exploration/build23-sprites-build-trade-safety/archive-derived/ModuleCache.noindex/Metal-4AUZHR6C6VN1HLK54E43457S2.pcm /Users/alex/.codex/artifacts/naval-exploration/build23-sprites-build-trade-safety/archive-derived/ModuleCache.noindex/UIUtilities-BMQ0WR7QLH5OFM3FNZE11EY1H.pcm /Users/alex/.codex/artifacts/naval-exploration/build23-sprites-build-trade-safety/archive-derived/ModuleCache.noindex/Foundation-7DFOT4CBAS2HRVNJK0QJ2Z8DJ.pcm /Users/alex/.codex/artifacts/naval-exploration/build23-sprites-build-trade-safety/archive-derived/ModuleCache.noindex/QuartzCore-7CU1P8U51K7LDMZI38NWBGXA0.pcm /Users/alex/.codex/artifacts/naval-exploration/build23-sprites-build-trade-safety/archive-derived/ModuleCache.noindex/CoreVideo-12Y8DPIYKZ0TNQKQWT93MMMCR.pcm /Users/alex/.codex/artifacts/naval-exploration/build23-sprites-build-trade-safety/archive-derived/ModuleCache.noindex/_DarwinFoundation3-794JR3YTJGPP009R7UZGDR08M.pcm /Users/alex/.codex/artifacts/naval-exploration/build23-sprites-build-trade-safety/archive-derived/ModuleCache.noindex/SwiftShims-4IR845I1OS0NBYNVBHV7VBGFI.pcm /Users/alex/.codex/artifacts/naval-exploration/build23-sprites-build-trade-safety/archive-derived/ModuleCache.noindex/_Builtin_stdarg-7Q6OTNDPYHMMOZ3ETA1VR0XQN.pcm /Users/alex/.codex/artifacts/naval-exploration/build23-sprites-build-trade-safety/archive-derived/ModuleCache.noindex/CoreAudioTypes-2MQHHSW7DLPA7WN24ULD7QJIQ.pcm /Users/alex/.codex/artifacts/naval-exploration/build23-sprites-build-trade-safety/archive-derived/ModuleCache.noindex/_Builtin_stdint-1YFJHSJGF8GYQWGARTW17SQHU.pcm /Users/alex/.codex/artifacts/naval-exploration/build23-sprites-build-trade-safety/archive-derived/ModuleCache.noindex/UIKit-7XF433FJK9MI7813QKH34C3AF.pcm /Users/alex/.codex/artifacts/naval-exploration/build23-sprites-build-trade-safety/archive-derived/ModuleCache.noindex/SwiftUICore-8JUY1090P78BKLZX0ADKYBJTN.pcm /Users/alex/.codex/artifacts/naval-exploration/build23-sprites-build-trade-safety/archive-derived/ModuleCache.noindex/AVFAudio-394LMS375Y3AKEBJHHLBDUJMG.pcm /Users/alex/.codex/artifacts/naval-exploration/build23-sprites-build-trade-safety/archive-derived/ModuleCache.noindex/_Builtin_tgmath-7RPV8SSKYYHDZSGRC08XSRIQU.pcm /Users/alex/.codex/artifacts/naval-exploration/build23-sprites-build-trade-safety/archive-derived/ModuleCache.noindex/Accessibility-9T99EE96Q0SC83JYOZ6TJZKUW.pcm /Users/alex/.codex/artifacts/naval-exploration/build23-sprites-build-trade-safety/archive-derived/ModuleCache.noindex/_DarwinFoundation2-58Q58G7RGA6DH9FDA5C0IT0JA.pcm /Users/alex/.codex/artifacts/naval-exploration/build23-sprites-build-trade-safety/archive-derived/ModuleCache.noindex/Network-BLPIF9R3E2R5S8LITXDQAOW59.pcm /Users/alex/.codex/artifacts/naval-exploration/build23-sprites-build-trade-safety/archive-derived/ModuleCache.noindex/ptrauth-7KH9LX1JRC5PP545OUB1N0H66.pcm /Users/alex/.codex/artifacts/naval-exploration/build23-sprites-build-trade-safety/archive-derived/ModuleCache.noindex/os-8T8XPLEINKEXS52ZLG1YBWBLS.pcm /Users/alex/.codex/artifacts/naval-exploration/build23-sprites-build-trade-safety/archive-derived/ModuleCache.noindex/_SwiftConcurrencyShims-DYLOU0BWSS7HYOR16DDS3E5MQ.pcm /Users/alex/.codex/artifacts/naval-exploration/build23-sprites-build-trade-safety/archive-derived/ModuleCache.noindex/Darwin-16KSTH6FRUECCNJLPICZJ19ZK.pcm /Users/alex/.codex/artifacts/naval-exploration/build23-sprites-build-trade-safety/archive-derived/ModuleCache.noindex/DeveloperToolsSupport-EE3Z8IRFP46WK3LBOLQWSASZ8.pcm /Users/alex/.codex/artifacts/naval-exploration/build23-sprites-build-trade-safety/archive-derived/ModuleCache.noindex/OpenGLES-CZXVDAQM6U8VBSN4LP7OA7Q63.pcm /Users/alex/.codex/artifacts/naval-exploration/build23-sprites-build-trade-safety/archive-derived/ModuleCache.noindex/CoreTransferable-SG1NG00KXE1EK0XHYFUK412A.pcm /Users/alex/.codex/artifacts/naval-exploration/build23-sprites-build-trade-safety/archive-derived/ModuleCache.noindex/ptrcheck-AS9I5LGVD4S2I6DJS6F9QHZPK.pcm /Users/alex/.codex/artifacts/naval-exploration/build23-sprites-build-trade-safety/archive-derived/ModuleCache.noindex/FileProvider-7WBHBGTLBWN88DP1F2YD0JHHX.pcm /Users/alex/.codex/artifacts/naval-exploration/build23-sprites-build-trade-safety/archive-derived/ModuleCache.noindex/CoreText-AKAJBR1NL29MKQU67HQ277ABJ.pcm /Users/alex/.codex/artifacts/naval-exploration/build23-sprites-build-trade-safety/archive-derived/ModuleCache.noindex/UserNotifications-C8KHSJ806R4QWBRH8P9T6C6A9.pcm /Users/alex/.codex/artifacts/naval-exploration/build23-sprites-build-trade-safety/archive-derived/ModuleCache.noindex/_Builtin_stddef-1AYH1R1TE8HG0KU8D5388ZEGF.pcm /Users/alex/.codex/artifacts/naval-exploration/build23-sprites-build-trade-safety/archive-derived/ModuleCache.noindex/AVFoundation-BQFPNVD525PMOPU2ZXM5Z3TOP.pcm /Users/alex/.codex/artifacts/naval-exploration/build23-sprites-build-trade-safety/archive-derived/ModuleCache.noindex/os_object-BAZ5AOM0R553EOPG9U4TSF5YC.pcm /Users/alex/.codex/artifacts/naval-exploration/build23-sprites-build-trade-safety/archive-derived/ModuleCache.noindex/simd-2UV8O9OVLIQWG61Y1BJATLD93.pcm /Users/alex/.codex/artifacts/naval-exploration/build23-sprites-build-trade-safety/archive-derived/ModuleCache.noindex/ImageIO-5UBYZNN6HMCVAJA5RY7X6Q4GF.pcm /Users/alex/.codex/artifacts/naval-exploration/build23-sprites-build-trade-safety/archive-derived/ModuleCache.noindex/AudioToolbox-7UXQYCDDKPY5CC0DM4OIP1DUN.pcm /Users/alex/.codex/artifacts/naval-exploration/build23-sprites-build-trade-safety/archive-derived/ModuleCache.noindex/dnssd-2G78X4FLV7GMCZ4OKG4XXN8LV.pcm /Users/alex/.codex/artifacts/naval-exploration/build23-sprites-build-trade-safety/archive-derived/ModuleCache.noindex/UniformTypeIdentifiers-8AVYFHQ770KSCLC5N4KGB0TJV.pcm /Users/alex/.codex/artifacts/naval-exploration/build23-sprites-build-trade-safety/archive-derived/ModuleCache.noindex/CoreLocation-5GA24LASZVJ985128M1BP8QD2.pcm /Users/alex/.codex/artifacts/naval-exploration/build23-sprites-build-trade-safety/archive-derived/ModuleCache.noindex/CoreData-CQNSK2R7ZGBQ94FVXL4HUDU3N.pcm /Users/alex/.codex/artifacts/naval-exploration/build23-sprites-build-trade-safety/archive-derived/ModuleCache.noindex/Spatial-5935LW79ERNLKWCI5MCV0NGK3.pcm /Users/alex/.codex/artifacts/naval-exploration/build23-sprites-build-trade-safety/archive-derived/ModuleCache.noindex/SwiftUI-EOSCVI1W1DT926GOZUKU4GJ4O.pcm /Users/alex/.codex/artifacts/naval-exploration/build23-sprites-build-trade-safety/archive-derived/ModuleCache.noindex/AVRouting-902XKMYF9DS1WTF327GX7WDHE.pcm /Users/alex/.codex/artifacts/naval-exploration/build23-sprites-build-trade-safety/archive-derived/ModuleCache.noindex/CoreMIDI-7C32TT51UTF50DTJBF1GQ4D3D.pcm /Users/alex/.codex/artifacts/naval-exploration/build23-sprites-build-trade-safety/archive-derived/ModuleCache.noindex/_Builtin_limits-DE759K24OPJO3IQCR2RQVN99N.pcm /Users/alex/.codex/artifacts/naval-exploration/build23-sprites-build-trade-safety/archive-derived/ModuleCache.noindex/Symbols-1WHTY13TZIQ0F5LE5ALQS7W1J.pcm /Users/alex/.codex/artifacts/naval-exploration/build23-sprites-build-trade-safety/archive-derived/ModuleCache.noindex/CoreAudio-4GPRILN62O500KPEJPW08XCN6.pcm /Users/alex/.codex/artifacts/naval-exploration/build23-sprites-build-trade-safety/archive-derived/ModuleCache.noindex/MediaAccessibility-9Z184UE9QUGQ9JUUL5YR5WWBE.pcm /Users/alex/.codex/artifacts/naval-exploration/build23-sprites-build-trade-safety/archive-derived/ModuleCache.noindex/CoreImage-70YQ7CWC8OOZQIMHM9JAS3VAE.pcm /Users/alex/.codex/artifacts/naval-exploration/build23-sprites-build-trade-safety/archive-derived/ModuleCache.noindex/_Builtin_inttypes-1DFIRP3INR1ASN6YB7WWQV7CS.pcm /Users/alex/.codex/artifacts/naval-exploration/build23-sprites-build-trade-safety/archive-derived/Build/Intermediates.noindex/ArchiveIntermediates/Settlers/IntermediateBuildFilesPath/Settlers.build/Release-iphoneos/Settlers.build/Objects-normal/arm64/Settlers-dependencies-1.json (in target 'Settlers' from project 'Settlers')

CompileSwift normal arm64 (in target 'Settlers' from project 'Settlers')
    cd /Users/alex/.codex/worktrees/naval-exploration/Settlers
    

SwiftDriverJobDiscovery normal arm64 Compiling AccessibilityID.swift, ArmyHandViews.swift, ArmyPurchasePopupView.swift, BoardCamera.swift, BoardChips.swift, BoardDecisionBoardChrome.swift, BoardDecisionCoordinator.swift, BoardDecisionInteractionLayer.swift, BoardGestureRouter.swift, BoardInspectionSemantics.swift, BoardView.swift, BoardViewCamera.swift, BoardViewNaval.swift, BotDifficulty.swift, BotTurnProgress.swift, BotTurnStatusView.swift, BottomSafeInsetKey.swift, BuildActionPresentation.swift, BuildChoiceRow.swift, BuildPopupMeasurement.swift, BuildPopupView.swift, CatanTheme.swift, CheckpointProcessProbe.swift, Civilization+NavalArtwork.swift, Civilization.swift, CivilizationAssignmentStore.swift, CivilizationBadge.swift, CivilizationPickerPopup.swift, CivilizationPieceShapes.swift, CivilizationSettingsStore.swift, CloudBackend.swift, CloudKitBackend.swift, ContentView.swift, CornerAccent.swift, DevCardArt.swift, DevCardDisplay.swift, DevCardInventoryView.swift, DevCardPopupView.swift, DevCardResourceChoice.swift, DevCardStyle.swift, DevelopmentCardPresentationState.swift, DiscardPopupView.swift, DiscardPresentationState.swift, Elo.swift, EndGameView.swift, GameActionPanels.swift, GameHistoryView.swift, GameLogStore.swift, GameReplayNarrator.swift, GameReplayTimeline.swift, GameReplayView.swift, GameStatsStore.swift, GameStore.swift, GameView+QA.swift, GameView.swift, GameViewLayoutSupport.swift, GameViewModel+BoardDecision.swift, GameViewModel+BotPacing.swift, GameViewModel+BotTurns.swift, GameViewModel+Checkpoints.swift, GameViewModel+Conquest.swift, GameViewModel+GameOver.swift, GameViewModel+Ghosts.swift, GameViewModel+HumanTradeOffers.swift, GameViewModel+OpponentProfiles.swift, GameViewModel+Policies.swift, GameViewModel+QABoardDecision.swift, GameViewModel+QACompleteMatch.swift, GameViewModel+QAConquest.swift, GameViewModel+QADevCards.swift, GameViewModel+QADiscard.swift, GameViewModel+QAFeedback.swift, GameViewModel+QANaval.swift, GameViewModel+QAProduction.swift, GameViewModel+QATrade.swift, GameViewModel+QATradeTapSafety.swift, GameViewModel+QAVast.swift, GameViewModel+Recovery.swift, GameViewModel.swift, GameplayFeedback.swift, GameplayFeedbackView.swift, GhostPickerPopup.swift, GhostStore.swift, GhostTrainer.swift, GoldRowButton.swift, HexGeometry.swift, HowToPlayContent.swift, HowToPlayIllustration.swift, HowToPlayView.swift, HumanSeatStore.swift, HumanTradeOfferPolicy.swift, InGameSettingsView.swift, IncomingTradeCardView.swift, LadderNameEntry.swift, Leaderboard.swift, LeaderboardView.swift, LiveSync.swift, MainMenuView.swift, MatchCheckpointMigration.swift, MatchCheckpointStore.swift, MatchPersistenceTransaction.swift, MatchSettingHelpView.swift, MatchSetup.swift, NavalAdvancedSettingsView.swift, NavalArtwork.swift, NavalBoardInteractions.swift, NavalHarborLayer.swift, NavalMistDrawing.swift, NavalQAFixture.swift, NavalResourceChoiceView.swift, NavalSeaDrawing.swift, NavalSetupOptionsView.swift, NavalShipBadge.swift, NavalVisualNoise.swift, NewGameSetupView.swift, OpponentProfile.swift, PacingPreferences.swift, PaintedChromeBackground.swift, PlayerDirectory.swift, PlayerHUDView.swift, PlayerIdentity.swift, PlayerNameStore.swift, QAGameHistoryFixture.swift, QALaunchFlag.swift, RadarChartView.swift, RatedEntityDetailView.swift, RatingStore.swift, ReplayExportModel.swift, ReplayExportPresentation.swift, ReplayExportSequence.swift, ReplayExportSheet.swift, ReplayMovieWriter.swift, ReplayVideoExport.swift, ReplayVideoExporter.swift, ReplayVideoFrameView.swift, ResourceChip.swift, ResourceProductionFeedback.swift, ResourceProductionFeedbackView.swift, SavedGameAvailability.swift, SeatCardView.swift, SeatNumberPickerPopup.swift, SeatStatsStore.swift, SettingsChrome.swift, SettlersApp.swift, SharedMatch.swift, TileView.swift, TopChipHeightKey.swift, TradeDraftFeedback.swift, TradePopupView.swift, TradePresentationState.swift, TradeReceiptView.swift, TradeResourceRow.swift, TradeTermsView.swift, UITestBootstrap.swift, UniformActionButton.swift, VictoryPointBreakdown.swift, GeneratedAssetSymbols.swift (in target 'Settlers' from project 'Settlers')

SwiftDriver\ Compilation\ Requirements Settlers normal arm64 com.apple.xcode.tools.swift.compiler (in target 'Settlers' from project 'Settlers')
    cd /Users/alex/.codex/worktrees/naval-exploration/Settlers
    builtin-Swift-Compilation-Requirements -- /Applications/Xcode.app/Contents/Developer/Toolchains/XcodeDefault.xctoolchain/usr/bin/swiftc -module-name Settlers -O -whole-module-optimization @/Users/alex/.codex/artifacts/naval-exploration/build23-sprites-build-trade-safety/archive-derived/Build/Intermediates.noindex/ArchiveIntermediates/Settlers/IntermediateBuildFilesPath/Settlers.build/Release-iphoneos/Settlers.build/Objects-normal/arm64/Settlers.SwiftFileList -driver-batch-count 2 -enable-experimental-feature DebugDescriptionMacro -sdk /Applications/Xcode.app/Contents/Developer/Platforms/iPhoneOS.platform/Developer/SDKs/iPhoneOS26.5.sdk -target arm64-apple-ios17.0 -g -module-cache-path /Users/alex/.codex/artifacts/naval-exploration/build23-sprites-build-trade-safety/archive-derived/ModuleCache.noindex -Xfrontend -serialize-debugging-options -warnings-as-errors -swift-version 6 -I /Users/alex/.codex/artifacts/naval-exploration/build23-sprites-build-trade-safety/archive-derived/Build/Intermediates.noindex/ArchiveIntermediates/Settlers/BuildProductsPath/Release-iphoneos -F /Users/alex/.codex/artifacts/naval-exploration/build23-sprites-build-trade-safety/archive-derived/Build/Intermediates.noindex/ArchiveIntermediates/Settlers/BuildProductsPath/Release-iphoneos/PackageFrameworks -F /Users/alex/.codex/artifacts/naval-exploration/build23-sprites-build-trade-safety/archive-derived/Build/Intermediates.noindex/ArchiveIntermediates/Settlers/BuildProductsPath/Release-iphoneos/PackageFrameworks -F /Users/alex/.codex/artifacts/naval-exploration/build23-sprites-build-trade-safety/archive-derived/Build/Intermediates.noindex/ArchiveIntermediates/Settlers/BuildProductsPath/Release-iphoneos -c -num-threads 18 -Xcc -ivfsstatcache -Xcc /Users/alex/.codex/artifacts/naval-exploration/build23-sprites-build-trade-safety/archive-derived/SDKStatCaches.noindex/iphoneos26.5-23F73-32daed1954a7d5dd0789fcaf2a9bb78b.sdkstatcache -output-file-map /Users/alex/.codex/artifacts/naval-exploration/build23-sprites-build-trade-safety/archive-derived/Build/Intermediates.noindex/ArchiveIntermediates/Settlers/IntermediateBuildFilesPath/Settlers.build/Release-iphoneos/Settlers.build/Objects-normal/arm64/Settlers-OutputFileMap.json -use-frontend-parseable-output -save-temps -no-color-diagnostics -explicit-module-build -module-cache-path /Users/alex/.codex/artifacts/naval-exploration/build23-sprites-build-trade-safety/archive-derived/Build/Intermediates.noindex/ArchiveIntermediates/Settlers/IntermediateBuildFilesPath/SwiftExplicitPrecompiledModules -clang-scanner-module-cache-path /Users/alex/.codex/artifacts/naval-exploration/build23-sprites-build-trade-safety/archive-derived/ModuleCache.noindex -sdk-module-cache-path /Users/alex/.codex/artifacts/naval-exploration/build23-sprites-build-trade-safety/archive-derived/ModuleCache.noindex -serialize-diagnostics -emit-dependencies -emit-module -emit-module-path /Users/alex/.codex/artifacts/naval-exploration/build23-sprites-build-trade-safety/archive-derived/Build/Intermediates.noindex/ArchiveIntermediates/Settlers/IntermediateBuildFilesPath/Settlers.build/Release-iphoneos/Settlers.build/Objects-normal/arm64/Settlers.swiftmodule -validate-clang-modules-once -clang-build-session-file /Users/alex/.codex/artifacts/naval-exploration/build23-sprites-build-trade-safety/archive-derived/ModuleCache.noindex/Session.modulevalidation -Xcc -I/Users/alex/.codex/artifacts/naval-exploration/build23-sprites-build-trade-safety/archive-derived/Build/Intermediates.noindex/ArchiveIntermediates/Settlers/IntermediateBuildFilesPath/Settlers.build/Release-iphoneos/Settlers.build/swift-overrides.hmap -emit-const-values -Xfrontend -const-gather-protocols-file -Xfrontend /Users/alex/.codex/artifacts/naval-exploration/build23-sprites-build-trade-safety/archive-derived/Build/Intermediates.noindex/ArchiveIntermediates/Settlers/IntermediateBuildFilesPath/Settlers.build/Release-iphoneos/Settlers.build/Objects-normal/arm64/Settlers_const_extract_protocols.json -Xcc -iquote -Xcc /Users/alex/.codex/artifacts/naval-exploration/build23-sprites-build-trade-safety/archive-derived/Build/Intermediates.noindex/ArchiveIntermediates/Settlers/IntermediateBuildFilesPath/Settlers.build/Release-iphoneos/Settlers.build/Settlers-generated-files.hmap -Xcc -I/Users/alex/.codex/artifacts/naval-exploration/build23-sprites-build-trade-safety/archive-derived/Build/Intermediates.noindex/ArchiveIntermediates/Settlers/IntermediateBuildFilesPath/Settlers.build/Release-iphoneos/Settlers.build/Settlers-own-target-headers.hmap -Xcc -I/Users/alex/.codex/artifacts/naval-exploration/build23-sprites-build-trade-safety/archive-derived/Build/Intermediates.noindex/ArchiveIntermediates/Settlers/IntermediateBuildFilesPath/Settlers.build/Release-iphoneos/Settlers.build/Settlers-all-non-framework-target-headers.hmap -Xcc -ivfsoverlay -Xcc /Users/alex/.codex/artifacts/naval-exploration/build23-sprites-build-trade-safety/archive-derived/Build/Intermediates.noindex/ArchiveIntermediates/Settlers/IntermediateBuildFilesPath/Settlers.build/Release-iphoneos/Settlers-9ad65172c434931f4eb5300f50bbe1d2-VFS-iphoneos/all-product-headers.yaml -Xcc -iquote -Xcc /Users/alex/.codex/artifacts/naval-exploration/build23-sprites-build-trade-safety/archive-derived/Build/Intermediates.noindex/ArchiveIntermediates/Settlers/IntermediateBuildFilesPath/Settlers.build/Release-iphoneos/Settlers.build/Settlers-project-headers.hmap -Xcc -I/Users/alex/.codex/artifacts/naval-exploration/build23-sprites-build-trade-safety/archive-derived/Build/Intermediates.noindex/ArchiveIntermediates/Settlers/BuildProductsPath/Release-iphoneos/include -Xcc -I/Users/alex/.codex/artifacts/naval-exploration/build23-sprites-build-trade-safety/archive-derived/Build/Intermediates.noindex/ArchiveIntermediates/Settlers/IntermediateBuildFilesPath/Settlers.build/Release-iphoneos/Settlers.build/DerivedSources-normal/arm64 -Xcc -I/Users/alex/.codex/artifacts/naval-exploration/build23-sprites-build-trade-safety/archive-derived/Build/Intermediates.noindex/ArchiveIntermediates/Settlers/IntermediateBuildFilesPath/Settlers.build/Release-iphoneos/Settlers.build/DerivedSources/arm64 -Xcc -I/Users/alex/.codex/artifacts/naval-exploration/build23-sprites-build-trade-safety/archive-derived/Build/Intermediates.noindex/ArchiveIntermediates/Settlers/IntermediateBuildFilesPath/Settlers.build/Release-iphoneos/Settlers.build/DerivedSources -emit-objc-header -emit-objc-header-path /Users/alex/.codex/artifacts/naval-exploration/build23-sprites-build-trade-safety/archive-derived/Build/Intermediates.noindex/ArchiveIntermediates/Settlers/IntermediateBuildFilesPath/Settlers.build/Release-iphoneos/Settlers.build/Objects-normal/arm64/Settlers-Swift.h -working-directory /Users/alex/.codex/worktrees/naval-exploration/Settlers -no-emit-module-separately-wmo

SwiftMergeGeneratedHeaders /Users/alex/.codex/artifacts/naval-exploration/build23-sprites-build-trade-safety/archive-derived/Build/Intermediates.noindex/ArchiveIntermediates/Settlers/IntermediateBuildFilesPath/Settlers.build/Release-iphoneos/Settlers.build/DerivedSources/Settlers-Swift.h /Users/alex/.codex/artifacts/naval-exploration/build23-sprites-build-trade-safety/archive-derived/Build/Intermediates.noindex/ArchiveIntermediates/Settlers/IntermediateBuildFilesPath/Settlers.build/Release-iphoneos/Settlers.build/Objects-normal/arm64/Settlers-Swift.h (in target 'Settlers' from project 'Settlers')
    cd /Users/alex/.codex/worktrees/naval-exploration/Settlers
    builtin-swiftHeaderTool -arch arm64 /Users/alex/.codex/artifacts/naval-exploration/build23-sprites-build-trade-safety/archive-derived/Build/Intermediates.noindex/ArchiveIntermediates/Settlers/IntermediateBuildFilesPath/Settlers.build/Release-iphoneos/Settlers.build/Objects-normal/arm64/Settlers-Swift.h -o /Users/alex/.codex/artifacts/naval-exploration/build23-sprites-build-trade-safety/archive-derived/Build/Intermediates.noindex/ArchiveIntermediates/Settlers/IntermediateBuildFilesPath/Settlers.build/Release-iphoneos/Settlers.build/DerivedSources/Settlers-Swift.h

Copy /Users/alex/.codex/artifacts/naval-exploration/build23-sprites-build-trade-safety/archive-derived/Build/Intermediates.noindex/ArchiveIntermediates/Settlers/BuildProductsPath/Release-iphoneos/Settlers.swiftmodule/arm64-apple-ios.swiftmodule /Users/alex/.codex/artifacts/naval-exploration/build23-sprites-build-trade-safety/archive-derived/Build/Intermediates.noindex/ArchiveIntermediates/Settlers/IntermediateBuildFilesPath/Settlers.build/Release-iphoneos/Settlers.build/Objects-normal/arm64/Settlers.swiftmodule (in target 'Settlers' from project 'Settlers')
    cd /Users/alex/.codex/worktrees/naval-exploration/Settlers
    builtin-copy -exclude .DS_Store -exclude CVS -exclude .svn -exclude .git -exclude .hg -resolve-src-symlinks -rename /Users/alex/.codex/artifacts/naval-exploration/build23-sprites-build-trade-safety/archive-derived/Build/Intermediates.noindex/ArchiveIntermediates/Settlers/IntermediateBuildFilesPath/Settlers.build/Release-iphoneos/Settlers.build/Objects-normal/arm64/Settlers.swiftmodule /Users/alex/.codex/artifacts/naval-exploration/build23-sprites-build-trade-safety/archive-derived/Build/Intermediates.noindex/ArchiveIntermediates/Settlers/BuildProductsPath/Release-iphoneos/Settlers.swiftmodule/arm64-apple-ios.swiftmodule

Copy /Users/alex/.codex/artifacts/naval-exploration/build23-sprites-build-trade-safety/archive-derived/Build/Intermediates.noindex/ArchiveIntermediates/Settlers/BuildProductsPath/Release-iphoneos/Settlers.swiftmodule/arm64-apple-ios.swiftdoc /Users/alex/.codex/artifacts/naval-exploration/build23-sprites-build-trade-safety/archive-derived/Build/Intermediates.noindex/ArchiveIntermediates/Settlers/IntermediateBuildFilesPath/Settlers.build/Release-iphoneos/Settlers.build/Objects-normal/arm64/Settlers.swiftdoc (in target 'Settlers' from project 'Settlers')
    cd /Users/alex/.codex/worktrees/naval-exploration/Settlers
    builtin-copy -exclude .DS_Store -exclude CVS -exclude .svn -exclude .git -exclude .hg -resolve-src-symlinks -rename /Users/alex/.codex/artifacts/naval-exploration/build23-sprites-build-trade-safety/archive-derived/Build/Intermediates.noindex/ArchiveIntermediates/Settlers/IntermediateBuildFilesPath/Settlers.build/Release-iphoneos/Settlers.build/Objects-normal/arm64/Settlers.swiftdoc /Users/alex/.codex/artifacts/naval-exploration/build23-sprites-build-trade-safety/archive-derived/Build/Intermediates.noindex/ArchiveIntermediates/Settlers/BuildProductsPath/Release-iphoneos/Settlers.swiftmodule/arm64-apple-ios.swiftdoc

Copy /Users/alex/.codex/artifacts/naval-exploration/build23-sprites-build-trade-safety/archive-derived/Build/Intermediates.noindex/ArchiveIntermediates/Settlers/BuildProductsPath/Release-iphoneos/Settlers.swiftmodule/arm64-apple-ios.abi.json /Users/alex/.codex/artifacts/naval-exploration/build23-sprites-build-trade-safety/archive-derived/Build/Intermediates.noindex/ArchiveIntermediates/Settlers/IntermediateBuildFilesPath/Settlers.build/Release-iphoneos/Settlers.build/Objects-normal/arm64/Settlers.abi.json (in target 'Settlers' from project 'Settlers')
    cd /Users/alex/.codex/worktrees/naval-exploration/Settlers
    builtin-copy -exclude .DS_Store -exclude CVS -exclude .svn -exclude .git -exclude .hg -resolve-src-symlinks -rename /Users/alex/.codex/artifacts/naval-exploration/build23-sprites-build-trade-safety/archive-derived/Build/Intermediates.noindex/ArchiveIntermediates/Settlers/IntermediateBuildFilesPath/Settlers.build/Release-iphoneos/Settlers.build/Objects-normal/arm64/Settlers.abi.json /Users/alex/.codex/artifacts/naval-exploration/build23-sprites-build-trade-safety/archive-derived/Build/Intermediates.noindex/ArchiveIntermediates/Settlers/BuildProductsPath/Release-iphoneos/Settlers.swiftmodule/arm64-apple-ios.abi.json

Ld /Users/alex/.codex/artifacts/naval-exploration/build23-sprites-build-trade-safety/archive-derived/Build/Intermediates.noindex/ArchiveIntermediates/Settlers/InstallationBuildProductsLocation/Applications/Settlers.app/Settlers normal (in target 'Settlers' from project 'Settlers')
    cd /Users/alex/.codex/worktrees/naval-exploration/Settlers
    /Applications/Xcode.app/Contents/Developer/Toolchains/XcodeDefault.xctoolchain/usr/bin/clang -Xlinker -reproducible -target arm64-apple-ios17.0 -isysroot /Applications/Xcode.app/Contents/Developer/Platforms/iPhoneOS.platform/Developer/SDKs/iPhoneOS26.5.sdk -Os -L/Users/alex/.codex/artifacts/naval-exploration/build23-sprites-build-trade-safety/archive-derived/Build/Intermediates.noindex/ArchiveIntermediates/Settlers/IntermediateBuildFilesPath/EagerLinkingTBDs/Release-iphoneos -L/Users/alex/.codex/artifacts/naval-exploration/build23-sprites-build-trade-safety/archive-derived/Build/Intermediates.noindex/ArchiveIntermediates/Settlers/BuildProductsPath/Release-iphoneos -F/Users/alex/.codex/artifacts/naval-exploration/build23-sprites-build-trade-safety/archive-derived/Build/Intermediates.noindex/ArchiveIntermediates/Settlers/IntermediateBuildFilesPath/EagerLinkingTBDs/Release-iphoneos -F/Users/alex/.codex/artifacts/naval-exploration/build23-sprites-build-trade-safety/archive-derived/Build/Intermediates.noindex/ArchiveIntermediates/Settlers/BuildProductsPath/Release-iphoneos/PackageFrameworks -F/Users/alex/.codex/artifacts/naval-exploration/build23-sprites-build-trade-safety/archive-derived/Build/Intermediates.noindex/ArchiveIntermediates/Settlers/BuildProductsPath/Release-iphoneos/PackageFrameworks -F/Users/alex/.codex/artifacts/naval-exploration/build23-sprites-build-trade-safety/archive-derived/Build/Intermediates.noindex/ArchiveIntermediates/Settlers/BuildProductsPath/Release-iphoneos -filelist /Users/alex/.codex/artifacts/naval-exploration/build23-sprites-build-trade-safety/archive-derived/Build/Intermediates.noindex/ArchiveIntermediates/Settlers/IntermediateBuildFilesPath/Settlers.build/Release-iphoneos/Settlers.build/Objects-normal/arm64/Settlers.LinkFileList -Xlinker -rpath -Xlinker /usr/lib/swift -Xlinker -rpath -Xlinker @executable_path/Frameworks -Xlinker -dead_strip -Xlinker -object_path_lto -Xlinker /Users/alex/.codex/artifacts/naval-exploration/build23-sprites-build-trade-safety/archive-derived/Build/Intermediates.noindex/ArchiveIntermediates/Settlers/IntermediateBuildFilesPath/Settlers.build/Release-iphoneos/Settlers.build/Objects-normal/arm64/Settlers_lto.o -Xlinker -final_output -Xlinker /Applications/Settlers.app/Settlers -Xlinker -dependency_info -Xlinker /Users/alex/.codex/artifacts/naval-exploration/build23-sprites-build-trade-safety/archive-derived/Build/Intermediates.noindex/ArchiveIntermediates/Settlers/IntermediateBuildFilesPath/Settlers.build/Release-iphoneos/Settlers.build/Objects-normal/arm64/Settlers_dependency_info.dat -fobjc-link-runtime -L/Applications/Xcode.app/Contents/Developer/Toolchains/XcodeDefault.xctoolchain/usr/lib/swift/iphoneos -L/usr/lib/swift -Xlinker -add_ast_path -Xlinker /Users/alex/.codex/artifacts/naval-exploration/build23-sprites-build-trade-safety/archive-derived/Build/Intermediates.noindex/ArchiveIntermediates/Settlers/IntermediateBuildFilesPath/Settlers.build/Release-iphoneos/Settlers.build/Objects-normal/arm64/Settlers.swiftmodule @/Users/alex/.codex/artifacts/naval-exploration/build23-sprites-build-trade-safety/archive-derived/Build/Intermediates.noindex/ArchiveIntermediates/Settlers/IntermediateBuildFilesPath/Settlers.build/Release-iphoneos/Settlers.build/Objects-normal/arm64/Settlers-linker-args.resp -Wl,-no_warn_duplicate_libraries -Wl,-no_warn_duplicate_libraries -Xlinker -no_adhoc_codesign -o /Users/alex/.codex/artifacts/naval-exploration/build23-sprites-build-trade-safety/archive-derived/Build/Intermediates.noindex/ArchiveIntermediates/Settlers/InstallationBuildProductsLocation/Applications/Settlers.app/Settlers -Xlinker -add_ast_path -Xlinker /Users/alex/.codex/artifacts/naval-exploration/build23-sprites-build-trade-safety/archive-derived/Build/Intermediates.noindex/ArchiveIntermediates/Settlers/IntermediateBuildFilesPath/CatanEngine.build/Release-iphoneos/CatanEngine.build/Objects-normal/arm64/CatanEngine.swiftmodule @/Users/alex/.codex/artifacts/naval-exploration/build23-sprites-build-trade-safety/archive-derived/Build/Intermediates.noindex/ArchiveIntermediates/Settlers/IntermediateBuildFilesPath/CatanEngine.build/Release-iphoneos/CatanEngine.build/Objects-normal/arm64/CatanEngine-linker-args.resp -Xlinker -add_ast_path -Xlinker /Users/alex/.codex/artifacts/naval-exploration/build23-sprites-build-trade-safety/archive-derived/Build/Intermediates.noindex/ArchiveIntermediates/Settlers/IntermediateBuildFilesPath/CatanAI.build/Release-iphoneos/CatanAI.build/Objects-normal/arm64/CatanAI.swiftmodule @/Users/alex/.codex/artifacts/naval-exploration/build23-sprites-build-trade-safety/archive-derived/Build/Intermediates.noindex/ArchiveIntermediates/Settlers/IntermediateBuildFilesPath/CatanAI.build/Release-iphoneos/CatanAI.build/Objects-normal/arm64/CatanAI-linker-args.resp

ExtractAppIntentsMetadata (in target 'Settlers' from project 'Settlers')
    cd /Users/alex/.codex/worktrees/naval-exploration/Settlers
    /Applications/Xcode.app/Contents/Developer/Toolchains/XcodeDefault.xctoolchain/usr/bin/appintentsmetadataprocessor --toolchain-dir /Applications/Xcode.app/Contents/Developer/Toolchains/XcodeDefault.xctoolchain --module-name Settlers --sdk-root /Applications/Xcode.app/Contents/Developer/Platforms/iPhoneOS.platform/Developer/SDKs/iPhoneOS26.5.sdk --xcode-version 17F42 --platform-family iOS --deployment-target 17.0 --bundle-identifier com.alexchandler.empires --output /Users/alex/.codex/artifacts/naval-exploration/build23-sprites-build-trade-safety/archive-derived/Build/Intermediates.noindex/ArchiveIntermediates/Settlers/InstallationBuildProductsLocation/Applications/Settlers.app --target-triple arm64-apple-ios17.0 --binary-file /Users/alex/.codex/artifacts/naval-exploration/build23-sprites-build-trade-safety/archive-derived/Build/Intermediates.noindex/ArchiveIntermediates/Settlers/InstallationBuildProductsLocation/Applications/Settlers.app/Settlers --dependency-file /Users/alex/.codex/artifacts/naval-exploration/build23-sprites-build-trade-safety/archive-derived/Build/Intermediates.noindex/ArchiveIntermediates/Settlers/IntermediateBuildFilesPath/Settlers.build/Release-iphoneos/Settlers.build/Objects-normal/arm64/Settlers_dependency_info.dat --stringsdata-file /Users/alex/.codex/artifacts/naval-exploration/build23-sprites-build-trade-safety/archive-derived/Build/Intermediates.noindex/ArchiveIntermediates/Settlers/IntermediateBuildFilesPath/Settlers.build/Release-iphoneos/Settlers.build/Objects-normal/arm64/ExtractedAppShortcutsMetadata.stringsdata --source-file-list /Users/alex/.codex/artifacts/naval-exploration/build23-sprites-build-trade-safety/archive-derived/Build/Intermediates.noindex/ArchiveIntermediates/Settlers/IntermediateBuildFilesPath/Settlers.build/Release-iphoneos/Settlers.build/Objects-normal/arm64/Settlers.SwiftFileList --metadata-file-list /Users/alex/.codex/artifacts/naval-exploration/build23-sprites-build-trade-safety/archive-derived/Build/Intermediates.noindex/ArchiveIntermediates/Settlers/IntermediateBuildFilesPath/Settlers.build/Release-iphoneos/Settlers.build/Settlers.DependencyMetadataFileList --static-metadata-file-list /Users/alex/.codex/artifacts/naval-exploration/build23-sprites-build-trade-safety/archive-derived/Build/Intermediates.noindex/ArchiveIntermediates/Settlers/IntermediateBuildFilesPath/Settlers.build/Release-iphoneos/Settlers.build/Settlers.DependencyStaticMetadataFileList --swift-const-vals-list /Users/alex/.codex/artifacts/naval-exploration/build23-sprites-build-trade-safety/archive-derived/Build/Intermediates.noindex/ArchiveIntermediates/Settlers/IntermediateBuildFilesPath/Settlers.build/Release-iphoneos/Settlers.build/Objects-normal/arm64/Settlers.SwiftConstValuesFileList --compile-time-extraction --deployment-aware-processing --validate-assistant-intents --no-app-shortcuts-localization
2026-10-07 04:10:26.362 appintentsmetadataprocessor[55298:2689181] Starting appintentsmetadataprocessor export
2026-10-07 04:10:26.363 appintentsmetadataprocessor[55298:2689181] warning: Metadata extraction skipped. No AppIntents.framework dependency found.

GenerateDSYMFile /Users/alex/.codex/artifacts/naval-exploration/build23-sprites-build-trade-safety/archive-derived/Build/Intermediates.noindex/ArchiveIntermediates/Settlers/BuildProductsPath/Release-iphoneos/Settlers.app.dSYM /Users/alex/.codex/artifacts/naval-exploration/build23-sprites-build-trade-safety/archive-derived/Build/Intermediates.noindex/ArchiveIntermediates/Settlers/InstallationBuildProductsLocation/Applications/Settlers.app/Settlers (in target 'Settlers' from project 'Settlers')
    cd /Users/alex/.codex/worktrees/naval-exploration/Settlers
    /Applications/Xcode.app/Contents/Developer/Toolchains/XcodeDefault.xctoolchain/usr/bin/dsymutil /Users/alex/.codex/artifacts/naval-exploration/build23-sprites-build-trade-safety/archive-derived/Build/Intermediates.noindex/ArchiveIntermediates/Settlers/InstallationBuildProductsLocation/Applications/Settlers.app/Settlers -o /Users/alex/.codex/artifacts/naval-exploration/build23-sprites-build-trade-safety/archive-derived/Build/Intermediates.noindex/ArchiveIntermediates/Settlers/BuildProductsPath/Release-iphoneos/Settlers.app.dSYM

CopySwiftLibs /Users/alex/.codex/artifacts/naval-exploration/build23-sprites-build-trade-safety/archive-derived/Build/Intermediates.noindex/ArchiveIntermediates/Settlers/InstallationBuildProductsLocation/Applications/Settlers.app (in target 'Settlers' from project 'Settlers')
    cd /Users/alex/.codex/worktrees/naval-exploration/Settlers
    builtin-swiftStdLibTool --copy --verbose --sign 76465B06C2E157D857641F5B3D25CF5A3110C4A9 --Xcodesign --keychain --Xcodesign /Users/alex/Library/Keychains/login.keychain-db --scan-executable /Users/alex/.codex/artifacts/naval-exploration/build23-sprites-build-trade-safety/archive-derived/Build/Intermediates.noindex/ArchiveIntermediates/Settlers/InstallationBuildProductsLocation/Applications/Settlers.app/Settlers --scan-folder /Users/alex/.codex/artifacts/naval-exploration/build23-sprites-build-trade-safety/archive-derived/Build/Intermediates.noindex/ArchiveIntermediates/Settlers/InstallationBuildProductsLocation/Applications/Settlers.app/Frameworks --scan-folder /Users/alex/.codex/artifacts/naval-exploration/build23-sprites-build-trade-safety/archive-derived/Build/Intermediates.noindex/ArchiveIntermediates/Settlers/InstallationBuildProductsLocation/Applications/Settlers.app/PlugIns --scan-folder /Users/alex/.codex/artifacts/naval-exploration/build23-sprites-build-trade-safety/archive-derived/Build/Intermediates.noindex/ArchiveIntermediates/Settlers/InstallationBuildProductsLocation/Applications/Settlers.app/SystemExtensions --scan-folder /Users/alex/.codex/artifacts/naval-exploration/build23-sprites-build-trade-safety/archive-derived/Build/Intermediates.noindex/ArchiveIntermediates/Settlers/InstallationBuildProductsLocation/Applications/Settlers.app/Extensions --platform iphoneos --toolchain /Applications/Xcode.app/Contents/Developer/Toolchains/XcodeDefault.xctoolchain --destination /Users/alex/.codex/artifacts/naval-exploration/build23-sprites-build-trade-safety/archive-derived/Build/Intermediates.noindex/ArchiveIntermediates/Settlers/InstallationBuildProductsLocation/Applications/Settlers.app/Frameworks --unsigned-destination /Users/alex/.codex/artifacts/naval-exploration/build23-sprites-build-trade-safety/archive-derived/Build/Intermediates.noindex/ArchiveIntermediates/Settlers/BuildProductsPath/SwiftSupport --strip-bitcode --strip-bitcode-tool /Applications/Xcode.app/Contents/Developer/Toolchains/XcodeDefault.xctoolchain/usr/bin/bitcode_strip --emit-dependency-info /Users/alex/.codex/artifacts/naval-exploration/build23-sprites-build-trade-safety/archive-derived/Build/Intermediates.noindex/ArchiveIntermediates/Settlers/IntermediateBuildFilesPath/Settlers.build/Release-iphoneos/Settlers.build/SwiftStdLibToolInputDependencies.dep --filter-for-swift-os --back-deploy-swift-span

AppIntentsSSUTraining (in target 'Settlers' from project 'Settlers')
    cd /Users/alex/.codex/worktrees/naval-exploration/Settlers
    /Applications/Xcode.app/Contents/Developer/Toolchains/XcodeDefault.xctoolchain/usr/bin/appintentsnltrainingprocessor --infoplist-path /Users/alex/.codex/artifacts/naval-exploration/build23-sprites-build-trade-safety/archive-derived/Build/Intermediates.noindex/ArchiveIntermediates/Settlers/InstallationBuildProductsLocation/Applications/Settlers.app/Info.plist --temp-dir-path /Users/alex/.codex/artifacts/naval-exploration/build23-sprites-build-trade-safety/archive-derived/Build/Intermediates.noindex/ArchiveIntermediates/Settlers/IntermediateBuildFilesPath/Settlers.build/Release-iphoneos/Settlers.build/ssu --bundle-id com.alexchandler.empires --product-path /Users/alex/.codex/artifacts/naval-exploration/build23-sprites-build-trade-safety/archive-derived/Build/Intermediates.noindex/ArchiveIntermediates/Settlers/InstallationBuildProductsLocation/Applications/Settlers.app --extracted-metadata-path /Users/alex/.codex/artifacts/naval-exploration/build23-sprites-build-trade-safety/archive-derived/Build/Intermediates.noindex/ArchiveIntermediates/Settlers/InstallationBuildProductsLocation/Applications/Settlers.app/Metadata.appintents --deployment-postprocessing --metadata-file-list /Users/alex/.codex/artifacts/naval-exploration/build23-sprites-build-trade-safety/archive-derived/Build/Intermediates.noindex/ArchiveIntermediates/Settlers/IntermediateBuildFilesPath/Settlers.build/Release-iphoneos/Settlers.build/Settlers.DependencyMetadataFileList --source-file /Users/alex/.codex/artifacts/naval-exploration/build23-sprites-build-trade-safety/archive-derived/Build/Intermediates.noindex/ArchiveIntermediates/Settlers/InstallationBuildProductsLocation/Applications/Settlers.app/Info.plist --archive-ssu-assets
2026-10-07 04:10:26.432 appintentsnltrainingprocessor[55301:2689187] Parsing options for appintentsnltrainingprocessor
2026-10-07 04:10:26.432 appintentsnltrainingprocessor[55301:2689187] Starting AppIntents SSU YAML Generation
2026-10-07 04:10:26.432 appintentsnltrainingprocessor[55301:2689187] No AppShortcuts found - Skipping.

Strip /Users/alex/.codex/artifacts/naval-exploration/build23-sprites-build-trade-safety/archive-derived/Build/Intermediates.noindex/ArchiveIntermediates/Settlers/InstallationBuildProductsLocation/Applications/Settlers.app/Settlers (in target 'Settlers' from project 'Settlers')
    cd /Users/alex/.codex/worktrees/naval-exploration/Settlers
    /Applications/Xcode.app/Contents/Developer/Toolchains/XcodeDefault.xctoolchain/usr/bin/strip -D /Users/alex/.codex/artifacts/naval-exploration/build23-sprites-build-trade-safety/archive-derived/Build/Intermediates.noindex/ArchiveIntermediates/Settlers/InstallationBuildProductsLocation/Applications/Settlers.app/Settlers

SetOwnerAndGroup alex:staff /Users/alex/.codex/artifacts/naval-exploration/build23-sprites-build-trade-safety/archive-derived/Build/Intermediates.noindex/ArchiveIntermediates/Settlers/InstallationBuildProductsLocation/Applications/Settlers.app (in target 'Settlers' from project 'Settlers')
    cd /Users/alex/.codex/worktrees/naval-exploration/Settlers
    /usr/sbin/chown -RH alex:staff /Users/alex/.codex/artifacts/naval-exploration/build23-sprites-build-trade-safety/archive-derived/Build/Intermediates.noindex/ArchiveIntermediates/Settlers/InstallationBuildProductsLocation/Applications/Settlers.app

SetMode u+w,go-w,a+rX /Users/alex/.codex/artifacts/naval-exploration/build23-sprites-build-trade-safety/archive-derived/Build/Intermediates.noindex/ArchiveIntermediates/Settlers/InstallationBuildProductsLocation/Applications/Settlers.app (in target 'Settlers' from project 'Settlers')
    cd /Users/alex/.codex/worktrees/naval-exploration/Settlers
    /bin/chmod -RH u+w,go-w,a+rX /Users/alex/.codex/artifacts/naval-exploration/build23-sprites-build-trade-safety/archive-derived/Build/Intermediates.noindex/ArchiveIntermediates/Settlers/InstallationBuildProductsLocation/Applications/Settlers.app

CodeSign /Users/alex/.codex/artifacts/naval-exploration/build23-sprites-build-trade-safety/archive-derived/Build/Intermediates.noindex/ArchiveIntermediates/Settlers/InstallationBuildProductsLocation/Applications/Settlers.app (in target 'Settlers' from project 'Settlers')
    cd /Users/alex/.codex/worktrees/naval-exploration/Settlers
    
    Signing Identity:     "iPhone Distribution: Alex Chandler (HXB9F28LHR)"
    Provisioning Profile: "Empires App Store 20261004"
                          (86da5771-8640-4c53-8867-0b4fbd4f1035)
    
    /usr/bin/codesign --force --sign 76465B06C2E157D857641F5B3D25CF5A3110C4A9 --keychain /Users/alex/Library/Keychains/login.keychain-db --entitlements /Users/alex/.codex/artifacts/naval-exploration/build23-sprites-build-trade-safety/archive-derived/Build/Intermediates.noindex/ArchiveIntermediates/Settlers/IntermediateBuildFilesPath/Settlers.build/Release-iphoneos/Settlers.build/Settlers.app.xcent --generate-entitlement-der /Users/alex/.codex/artifacts/naval-exploration/build23-sprites-build-trade-safety/archive-derived/Build/Intermediates.noindex/ArchiveIntermediates/Settlers/InstallationBuildProductsLocation/Applications/Settlers.app

RegisterExecutionPolicyException /Users/alex/.codex/artifacts/naval-exploration/build23-sprites-build-trade-safety/archive-derived/Build/Intermediates.noindex/ArchiveIntermediates/Settlers/InstallationBuildProductsLocation/Applications/Settlers.app (in target 'Settlers' from project 'Settlers')
    cd /Users/alex/.codex/worktrees/naval-exploration/Settlers
    builtin-RegisterExecutionPolicyException /Users/alex/.codex/artifacts/naval-exploration/build23-sprites-build-trade-safety/archive-derived/Build/Intermediates.noindex/ArchiveIntermediates/Settlers/InstallationBuildProductsLocation/Applications/Settlers.app

Validate /Users/alex/.codex/artifacts/naval-exploration/build23-sprites-build-trade-safety/archive-derived/Build/Intermediates.noindex/ArchiveIntermediates/Settlers/InstallationBuildProductsLocation/Applications/Settlers.app (in target 'Settlers' from project 'Settlers')
    cd /Users/alex/.codex/worktrees/naval-exploration/Settlers
    builtin-validationUtility /Users/alex/.codex/artifacts/naval-exploration/build23-sprites-build-trade-safety/archive-derived/Build/Intermediates.noindex/ArchiveIntermediates/Settlers/InstallationBuildProductsLocation/Applications/Settlers.app -shallow-bundle -infoplist-subpath Info.plist

Touch /Users/alex/.codex/artifacts/naval-exploration/build23-sprites-build-trade-safety/archive-derived/Build/Intermediates.noindex/ArchiveIntermediates/Settlers/InstallationBuildProductsLocation/Applications/Settlers.app (in target 'Settlers' from project 'Settlers')
    cd /Users/alex/.codex/worktrees/naval-exploration/Settlers
    /usr/bin/touch -c /Users/alex/.codex/artifacts/naval-exploration/build23-sprites-build-trade-safety/archive-derived/Build/Intermediates.noindex/ArchiveIntermediates/Settlers/InstallationBuildProductsLocation/Applications/Settlers.app

** ARCHIVE SUCCEEDED **

