
[1m▸ xcodegen drift[0m
  project.pbxproj matches project.yml

[1m▸ swiftlint --strict[0m

[1m▸ evaluation tooling[0m
....................................................
----------------------------------------------------------------------
Ran 52 tests in 31.057s

OK
classic  a:classic                    + 0 identical  fallback 0.0000 unfinished 0
expert   a:expert                     + 0 identical  fallback 0.0000 unfinished 0
expert   b:expert                     + 0 identical  fallback 0.0000 unfinished 0
expert   local:expert                 + 1 identical  fallback 0.0000 unfinished 0
classic  b:classic                    + 0 identical  fallback 0.0000 unfinished 0
classic  a:classic                    + 0 identical  fallback 0.0000 unfinished 0
3 variants, 3 pairs, 120 games -> /var/folders/_m/cfbn0s7j7zx3sx1lwv6w4mr80000gn/T/tmpn77225b2/schedule.jsonl
2 variants, 1 pairs, 8 games -> /var/folders/_m/cfbn0s7j7zx3sx1lwv6w4mr80000gn/T/tmp9f85jfjl/schedule.jsonl

[1m▸ packages build (W=E)[0m
[0/1] Planning build
Building for debugging...
[0/2] Write sources
[1/2] Write swift-version--58304C5D6DBC2206.txt
[3/27] Compiling CatanEngine Board.swift
[4/27] Compiling CatanEngine BoardGeneration.swift
[5/27] Compiling CatanEngine BoardShape.swift
[6/27] Compiling CatanEngine Building.swift
[7/27] Compiling CatanEngine CatanEngine.swift
[8/27] Compiling CatanEngine Conquest.swift
[9/27] Compiling CatanEngine DevCards.swift
[10/27] Compiling CatanEngine DiceOdds.swift
[11/27] Compiling CatanEngine GameSession.swift
[12/27] Compiling CatanEngine LongestRoad.swift
[13/27] Compiling CatanEngine MainPhase.swift
[14/27] Compiling CatanEngine DevCardPlayStatus.swift
[15/27] Compiling CatanEngine DevCardType.swift
[16/27] Compiling CatanEngine EdgeID.swift
[17/27] Compiling CatanEngine GameEvent.swift
[18/27] Compiling CatanEngine GameMode.swift
[19/27] Compiling CatanEngine GamePhase.swift
[20/27] Compiling CatanEngine GameState.swift
[21/27] Compiling CatanEngine GameVariant.swift
[22/27] Compiling CatanEngine HexCoordinate.swift
[23/27] Compiling CatanEngine Move.swift
[24/27] Compiling CatanEngine Player.swift
[25/27] Compiling CatanEngine PlayerID.swift
[26/27] Compiling CatanEngine Port.swift
[27/27] Emitting module CatanEngine
[28/50] Compiling CatanEngine RandomSource.swift
[29/50] Compiling CatanEngine Resource.swift
[30/50] Compiling CatanEngine Tile.swift
[31/50] Compiling CatanEngine VertexID.swift
[32/50] Compiling CatanEngine Naval.swift
[33/50] Compiling CatanEngine NavalFallback.swift
[34/50] Compiling CatanEngine NavalMapGenerator.swift
[35/50] Compiling CatanEngine NavalMapValidation.swift
[36/50] Compiling CatanEngine NavalModels.swift
[37/50] Compiling CatanEngine NavalMoves.swift
[38/50] Compiling CatanEngine NavalPorts.swift
[39/50] Compiling CatanEngine NavalProduction.swift
[40/50] Compiling CatanEngine NavalSightGeometry.swift
[41/50] Compiling CatanEngine NavalStateValidation.swift
[42/50] Compiling CatanEngine NavalTerrain.swift
[43/50] Compiling CatanEngine NavalVisibility.swift
[44/50] Compiling CatanEngine PublicLedger.swift
[45/50] Compiling CatanEngine Robber.swift
[46/50] Compiling CatanEngine RulesEngine.swift
[47/50] Compiling CatanEngine Ruleset.swift
[48/50] Compiling CatanEngine SetupPhase.swift
[49/50] Compiling CatanEngine Trading.swift
[50/50] Compiling CatanEngine WinCondition.swift
Build complete! (3.51s)
[0/1] Planning build
Building for debugging...
[0/17] Write sources
[1/17] Write swift-version--58304C5D6DBC2206.txt
[3/42] Compiling CatanEngine Board.swift
[4/42] Compiling CatanEngine BoardGeneration.swift
[5/42] Compiling CatanEngine BoardShape.swift
[6/42] Compiling CatanEngine Building.swift
[7/42] Compiling CatanEngine CatanEngine.swift
[8/42] Compiling CatanEngine Conquest.swift
[9/42] Compiling CatanEngine DevCards.swift
[10/42] Compiling CatanEngine DiceOdds.swift
[11/42] Compiling CatanEngine GameSession.swift
[12/42] Compiling CatanEngine LongestRoad.swift
[13/42] Compiling CatanEngine MainPhase.swift
[14/42] Compiling CatanEngine DevCardPlayStatus.swift
[15/42] Compiling CatanEngine DevCardType.swift
[16/42] Compiling CatanEngine EdgeID.swift
[17/42] Compiling CatanEngine GameEvent.swift
[18/42] Compiling CatanEngine GameMode.swift
[19/42] Compiling CatanEngine GamePhase.swift
[20/42] Compiling CatanEngine GameState.swift
[21/42] Compiling CatanEngine GameVariant.swift
[22/42] Compiling CatanEngine HexCoordinate.swift
[23/42] Compiling CatanEngine Move.swift
[24/42] Compiling CatanEngine Player.swift
[25/42] Compiling CatanEngine PlayerID.swift
[26/42] Compiling CatanEngine Port.swift
[27/42] Emitting module CatanEngine
[28/65] Compiling CatanEngine RandomSource.swift
[29/65] Compiling CatanEngine Resource.swift
[30/65] Compiling CatanEngine Tile.swift
[31/65] Compiling CatanEngine VertexID.swift
[32/65] Compiling CatanEngine Naval.swift
[33/65] Compiling CatanEngine NavalFallback.swift
[34/65] Compiling CatanEngine NavalMapGenerator.swift
[35/65] Compiling CatanEngine NavalMapValidation.swift
[36/65] Compiling CatanEngine NavalModels.swift
[37/65] Compiling CatanEngine NavalMoves.swift
[38/65] Compiling CatanEngine NavalPorts.swift
[39/65] Compiling CatanEngine NavalProduction.swift
[40/65] Compiling CatanEngine NavalSightGeometry.swift
[41/65] Compiling CatanEngine NavalStateValidation.swift
[42/65] Compiling CatanEngine NavalTerrain.swift
[43/65] Compiling CatanEngine NavalVisibility.swift
[44/65] Compiling CatanEngine PublicLedger.swift
[45/65] Compiling CatanEngine Robber.swift
[46/65] Compiling CatanEngine RulesEngine.swift
[47/65] Compiling CatanEngine Ruleset.swift
[48/65] Compiling CatanEngine SetupPhase.swift
[49/65] Compiling CatanEngine Trading.swift
[50/65] Compiling CatanEngine WinCondition.swift
[51/90] Emitting module CatanAI
[52/90] Compiling CatanAI Bot.swift
[53/90] Compiling CatanAI BotPersonality.swift
[54/90] Compiling CatanAI BotWeights.swift
[55/90] Compiling CatanAI BuildPlanner.swift
[56/90] Compiling CatanAI CatanAI.swift
[57/90] Compiling CatanAI ConquestHeuristics.swift
[58/90] Compiling CatanAI DevCardHeuristics.swift
[59/90] Compiling CatanAI BoardIndex.swift
[60/90] Compiling CatanAI EvaluationPolicy.swift
[61/90] Compiling CatanAI EvaluationProjections.swift
[62/90] Compiling CatanAI EvaluationWeights.swift
[63/90] Compiling CatanAI ExpertRevision.swift
[64/90] Compiling CatanAI HandDiscipline.swift
[65/90] Compiling CatanAI PositionEvaluator.swift
[66/90] Compiling CatanAI TradeCascade.swift
[67/90] Compiling CatanAI TradeValuation.swift
[68/90] Compiling CatanAI CandidateScoring.swift
[69/90] Compiling CatanAI DecisionExtractor.swift
[70/90] Compiling CatanAI DecisionRecord.swift
[71/90] Compiling CatanAI GhostPolicy.swift
[72/90] Compiling CatanAI GhostProfile.swift
[73/90] Compiling CatanAI PersonFitter.swift
[74/90] Compiling CatanAI PersonModel.swift
[75/90] Compiling CatanAI SeatStats.swift
[76/114] Compiling CatanAI StyleFeatures.swift
[77/114] Compiling CatanAI GreedyPolicy.swift
[78/114] Compiling CatanAI HeuristicPolicy.swift
[79/114] Compiling CatanAI JointTradeResponsePolicy.swift
[80/114] Compiling CatanAI NavalCards.swift
[81/114] Compiling CatanAI NavalDecisionContext.swift
[82/114] Compiling CatanAI NavalEconomy.swift
[83/114] Compiling CatanAI NavalLandControl.swift
[84/114] Compiling CatanAI NavalNavigation.swift
[85/114] Compiling CatanAI NavalNavigationDiagnostics.swift
[86/114] Compiling CatanAI NavalPolicy.swift
[87/114] Compiling CatanAI NavalTrading.swift
[88/114] Compiling CatanAI PlacementHeuristics.swift
[89/114] Compiling CatanAI PlannerTradeEvaluator.swift
[90/114] Compiling CatanAI ProductionModel.swift
[91/114] Compiling CatanAI PlanningContext.swift
[92/114] Compiling CatanAI PolicyBehaviorMetrics.swift
[93/114] Compiling CatanAI RobberHeuristics.swift
[94/114] Compiling CatanAI ThreatAssessment.swift
[95/114] Compiling CatanAI TradeAssessment.swift
[96/114] Compiling CatanAI TradeHeuristics.swift
[97/114] Compiling CatanAI TradeMessages.swift
[98/114] Compiling CatanAI TradeRefusingPolicy.swift
[99/114] Compiling CatanAI TradeReviewContext.swift
[100/118] Compiling trade_bench main.swift
[101/118] Emitting module trade_bench
[102/122] Emitting module sim
[103/122] Compiling sim main.swift
[104/125] Emitting module naval_sim
[105/125] Compiling ghost LogFile.swift
[106/125] Compiling ghost Selftest.swift
[107/125] Compiling naval_sim EvaluationProtocol.swift
[110/128] Emitting module ghost
[111/130] Compiling ghost main.swift
[112/130] Compiling naval_sim Rendering.swift
[113/130] Compiling naval_sim main.swift
[114/132] Compiling ghost Strength.swift
[115/132] Write Objects.LinkFileList
[118/132] Emitting module arena
[119/132] Compiling arena main.swift
[119/132] Linking trade-bench
[120/132] Write Objects.LinkFileList
[121/132] Applying trade-bench
[122/132] Linking sim
[123/132] Write Objects.LinkFileList
[124/132] Applying sim
[125/132] Linking naval-sim
[126/132] Write Objects.LinkFileList
[127/132] Applying naval-sim
[128/132] Linking ghost
[129/132] Applying ghost
[130/132] Linking arena
[131/132] Applying arena
Build complete! (9.33s)

[1m▸ CatanEngine tests[0m
[0/1] Planning build
Building for debugging...
[0/4] Write sources
[1/4] Write swift-version--58304C5D6DBC2206.txt
[3/29] Compiling CatanEngine Board.swift
[4/29] Compiling CatanEngine BoardGeneration.swift
[5/29] Compiling CatanEngine BoardShape.swift
[6/29] Compiling CatanEngine Building.swift
[7/29] Compiling CatanEngine CatanEngine.swift
[8/29] Compiling CatanEngine Conquest.swift
[9/29] Compiling CatanEngine DevCards.swift
[10/29] Compiling CatanEngine DiceOdds.swift
[11/29] Compiling CatanEngine GameSession.swift
[12/29] Compiling CatanEngine LongestRoad.swift
[13/29] Compiling CatanEngine MainPhase.swift
[14/29] Compiling CatanEngine DevCardPlayStatus.swift
[15/29] Compiling CatanEngine DevCardType.swift
[16/29] Compiling CatanEngine EdgeID.swift
[17/29] Compiling CatanEngine GameEvent.swift
[18/29] Compiling CatanEngine GameMode.swift
[19/29] Compiling CatanEngine GamePhase.swift
[20/29] Compiling CatanEngine GameState.swift
[21/29] Compiling CatanEngine GameVariant.swift
[22/29] Compiling CatanEngine HexCoordinate.swift
[23/29] Compiling CatanEngine Move.swift
[24/29] Compiling CatanEngine Player.swift
[25/29] Compiling CatanEngine PlayerID.swift
[26/29] Compiling CatanEngine Port.swift
[27/29] Emitting module CatanEngine
[28/52] Compiling CatanEngine RandomSource.swift
[29/52] Compiling CatanEngine Resource.swift
[30/52] Compiling CatanEngine Tile.swift
[31/52] Compiling CatanEngine VertexID.swift
[32/52] Compiling CatanEngine Naval.swift
[33/52] Compiling CatanEngine NavalFallback.swift
[34/52] Compiling CatanEngine NavalMapGenerator.swift
[35/52] Compiling CatanEngine NavalMapValidation.swift
[36/52] Compiling CatanEngine NavalModels.swift
[37/52] Compiling CatanEngine NavalMoves.swift
[38/52] Compiling CatanEngine NavalPorts.swift
[39/52] Compiling CatanEngine NavalProduction.swift
[40/52] Compiling CatanEngine NavalSightGeometry.swift
[41/52] Compiling CatanEngine NavalStateValidation.swift
[42/52] Compiling CatanEngine NavalTerrain.swift
[43/52] Compiling CatanEngine NavalVisibility.swift
[44/52] Compiling CatanEngine PublicLedger.swift
[45/52] Compiling CatanEngine Robber.swift
[46/52] Compiling CatanEngine RulesEngine.swift
[47/52] Compiling CatanEngine Ruleset.swift
[48/52] Compiling CatanEngine SetupPhase.swift
[49/52] Compiling CatanEngine Trading.swift
[50/52] Compiling CatanEngine WinCondition.swift
[51/72] Emitting module CatanEngineTests
[52/72] Compiling CatanEngineTests BankTradeResourceRuleTests.swift
[53/72] Compiling CatanEngineTests BankTradeValidationTests.swift
[54/72] Compiling CatanEngineTests BoardGenerationTests.swift
[55/72] Compiling CatanEngineTests BuildingTests.swift
[56/72] Compiling CatanEngineTests CatanEngineTests.swift
[57/72] Compiling CatanEngineTests ComposedProposalTests.swift
[58/72] Compiling CatanEngineTests ConquestMoveTests.swift
[59/72] Compiling CatanEngineTests ConquestProductionTests.swift
[60/72] Compiling CatanEngineTests ConquestSetupTests.swift
[61/72] Compiling CatanEngineTests DeterminismTests.swift
[62/72] Compiling CatanEngineTests DevCardConservationTests.swift
[63/72] Compiling CatanEngineTests DevCardTests.swift
[64/72] Compiling CatanEngineTests DiceFairnessTests.swift
[65/72] Compiling CatanEngineTests DiceOddsTests.swift
[66/72] Compiling CatanEngineTests EngineFairnessTests.swift
[67/72] Compiling CatanEngineTests ExternalActionCheckpointTests.swift
[68/72] Compiling CatanEngineTests FullGameSimulationTests.swift
[69/72] Compiling CatanEngineTests GameEventTests.swift
[70/72] Compiling CatanEngineTests GamePhaseTests.swift
[71/108] Compiling CatanEngineTests GameSessionTests.swift
[72/108] Compiling CatanEngineTests GameSetupTests.swift
[73/108] Compiling CatanEngineTests LongestRoadEquivalenceTests.swift
[74/108] Compiling CatanEngineTests LongestRoadTests.swift
[75/108] Compiling CatanEngineTests MatchConfigurationTests.swift
[76/108] Compiling CatanEngineTests NavalCornerVisibilityTests.swift
[77/108] Compiling CatanEngineTests NavalDeterminismTests.swift
[78/108] Compiling CatanEngineTests NavalGameplayTests.swift
[79/108] Compiling CatanEngineTests NavalMapTests.swift
[80/108] Compiling CatanEngineTests NavalObservationTests.swift
[81/108] Compiling CatanEngineTests NavalOpeningTests.swift
[82/108] Compiling CatanEngineTests NavalProductionTests.swift
[83/108] Compiling CatanEngineTests NavalProductionValidationTests.swift
[84/108] Compiling CatanEngineTests NavalSaveTests.swift
[85/108] Compiling CatanEngineTests NavalTestSupport.swift
[86/108] Compiling CatanEngineTests NavalTradeCheckpointTests.swift
[87/108] Compiling CatanEngineTests NavalVisibilityVersionTests.swift
[88/108] Compiling CatanEngineTests PieceSupplyTests.swift
[89/108] Compiling CatanEngineTests PublicLedgerCheckpointTests.swift
[90/108] Compiling CatanEngineTests PublicLedgerTests.swift
[91/108] Compiling CatanEngineTests ResourceCountAgnosticTests.swift
[92/108] Compiling CatanEngineTests ResourceProductionTests.swift
[93/108] Compiling CatanEngineTests RobberTests.swift
[94/108] Compiling CatanEngineTests RulesVersionReplayTests.swift
[95/108] Compiling CatanEngineTests RulesetRoutingTests.swift
[96/108] Compiling CatanEngineTests RulesetTests.swift
[97/108] Compiling CatanEngineTests SaveCompatibilityTests.swift
[98/108] Compiling CatanEngineTests SessionCheckpointTests.swift
[99/108] Compiling CatanEngineTests SessionCheckpointValidationTests.swift
[100/108] Compiling CatanEngineTests SetupPhaseTests.swift
[101/108] Compiling CatanEngineTests TerminalTradeBookkeepingTests.swift
[102/108] Compiling CatanEngineTests TradeDraftConstraintTests.swift
[103/108] Compiling CatanEngineTests TradeOfferIDTests.swift
[104/108] Compiling CatanEngineTests TradingTests.swift
[105/108] Compiling CatanEngineTests VastBoardTests.swift
[106/108] Compiling CatanEngineTests WinConditionTests.swift
[106/108] Write Objects.LinkFileList
[107/108] Linking CatanEnginePackageTests
Build complete! (11.36s)
Test Suite 'All tests' started at 2026-10-05 19:02:24.035.
Test Suite 'All tests' passed at 2026-10-05 19:02:24.036.
	 Executed 0 tests, with 0 failures (0 unexpected) in 0.000 (0.001) seconds
◇ Test run started.
↳ Testing Library Version: 1902
↳ Target Platform: arm64e-apple-macos14.0
◇ Suite TerminalTradeBookkeepingTests started.
◇ Suite SessionCheckpointValidationTests started.
◇ Test replacingTheStateResetsTurnBookkeeping() started.
◇ Suite NavalVisibilityVersionTests started.
◇ Test theGameEndsAtItsOwnTarget() started.
◇ Suite TradeDraftConstraintTests started.
◇ Test classicShapeReproducesTheStandardBoardExactly() started.
◇ Test tiedKnightCountsKeepCurrentLargestArmyHolder() started.
◇ Suite NavalProductionTests started.
◇ Suite PublicLedgerTests started.
◇ Test aModeWhoseRoadLimitOutrunsTheSearchIsRefused() started.
◇ Test anAttackThatFallsShortWeakensTheDefender() started.
◇ Suite NavalGameplayTests started.
◇ Test aClassicSaveCarryingAnExpandedTargetIsRefused() started.
◇ Test victoryPointsMatchesGameStateComputation() started.
◇ Test aFreshGameCarriesTheCurrentSchemaVersion() started.
◇ Test deployingOnYourOwnHexReinforcesIt() started.
◇ Test aThreeSeatGameCyclesTurnsAmongThreeSeats() started.
◇ Test conquestDoesNotChangeTheDevDeckOrDiceSeedOfTheSameSeed() started.
◇ Test everyPhaseWithASeatReportsIt() started.
◇ Suite RulesVersionReplayTests started.
◇ Test validationAgreesWithWhatApplyingActuallyDoes() started.
◇ Suite NavalOpeningTests started.
◇ Test theIdentifierDependsOnEveryPartOfTheOffer() started.
◇ Suite ExternalActionCheckpointTests started.
◇ Suite VastBoardTests started.
◇ Test aSaveWithoutATargetLoadsAndPlaysToTen() started.
◇ Test aNegativeRadiusIsRejected() started.
◇ Test boardHas9Ports() started.
◇ Suite DevCardConservationTests started.
◇ Test derivedPortsSitOnDistinctCoastalEdgesOfTheBoard() started.
◇ Test buyingDevCardDeductsCostAndDraws() started.
◇ Test anExpandedSaveRoundTripsWithItsModeAndTarget() started.
◇ Suite NavalSaveTests started.
◇ Test roadCannotExtendThroughAnOpponentsSettlement() started.
◇ Test aLegalBankTradeReportsNoProblemAndApplies() started.
◇ Test setupPlacementsReportThemselves() started.
◇ Suite ComposedProposalTests started.
◇ Test anExternalMoveAdvancesTheSameGame() started.
◇ Suite NavalDeterminismTests started.
◇ Test everyResourceGetsBankStockAndAFeatureSlot() started.
◇ Test aTwelvePointGameDoesNotEndAtTen() started.
◇ Test theDesertCannotBeDeployedTo() started.
◇ Test aConquestGameStartsWithEveryProducingHexHeldByATribeAtItsPipCount() started.
◇ Test legalMovesOfferEachSingleCardAndTheCheapestWinningSet() started.
◇ Test serializedSessionRejectsChangingThePolicyRoster() started.
◇ Test deployMovesOfferEveryCardSetOnEveryReachableHex() started.
◇ Test aThreeSeatGameSurvivesASaveAndReload() started.
◇ Suite TradingTests started.
◇ Test attackingPastATribeTakesTheHexWithTheOverflow() started.
◇ Test randomLegalPlayReachesGameOverWithoutErrors() started.
◇ Suite PublicLedgerCheckpointTests started.
◇ Test fullSetupSequenceEndsAtRollDiceForPlayerZero() started.
◇ Test buildCityUpgradesSettlementAndDeductsCost() started.
◇ Test aShapeNoShuffleCanSatisfyIsRepairedRatherThanRefused() started.
◇ Test sameSeedProducesAnIdenticalGame() started.
◇ Test roadCannotBeBuiltOnAnEdgeAnotherPlayerAlreadyOwns() started.
◇ Test occupierBonusRespectsBankShortage() started.
◇ Test anExpandedGamePlaysToTwentyFiveWithoutStalling() started.
◇ Suite NavalObservationTests started.
◇ Test buildingReportsWhatWasBuilt() started.
◇ Test anOccupiedHexPaysOnlyTheOccupierPlusOne() started.
◇ Test expandedBonusesAreWorthFourPointsInBothFormulas() started.
◇ Suite NavalProductionValidationTests started.
◇ Test fastSearchAgreesWithTheExhaustiveOneOnManyRandomNetworks() started.
◇ Test legalMovesIsAPureFunctionOfTheState() started.
◇ Suite NavalCornerVisibilityTests started.
◇ Test devCardStatusOwnsTurnTimingAndPassiveCardRules() started.
◇ Test numbersThatAreNotOnTheBoardProduceNothing() started.
◇ Suite BankTradeResourceRuleTests started.
◇ Test theSameSeedProducesTheSameSession() started.
◇ Suite EngineFairnessTests started.
◇ Suite NavalMapTests started.
◇ Test movingRobberCanStealFromAdjacentPlayer() started.
◇ Test devCardPlayLimitResetsAfterEndTurn() started.
◇ Test theAccessorAgreesWithTheSessionsOwnNotionOfWhoActs() started.
◇ Test settlementProducesOneResourceOnMatchingRoll() started.
◇ Test cityRequiresExistingOwnSettlement() started.
◇ Test aSaveWrittenBeforeModesExistedLoadsAsClassic() started.
◇ Test pipsMatchTheWaysTwoDiceRollEachNumber() started.
◇ Test branchingNetworkScoresOnlyLongestSimplePath() started.
◇ Test aSaveMissingTheBoardIsRejectedRatherThanSilentlyDiscarded() started.
◇ Test distinctOffersGetDistinctIdentifiers() started.
◇ Test scaledFromBoardReproducesClassicOnAClassicSizedBoard() started.
◇ Test invalidRobberVictimLeavesTheWholeStateUntouched() started.
◇ Suite DiceFairnessTests started.
◇ Test theRunawayBackstopForcesATurnToEnd() started.
◇ Test rollOfSevenProducesNoResources() started.
◇ Test winningWithAnOpenTradeEndsAutomatedNegotiation() started.
◇ Test setupPhaseFollowsSnakeOrder() started.
◇ Suite NavalTradeCheckpointTests started.
◇ Test aRecordedMoveListReplaysToTheSameOutcome() started.
◇ Test aHexYourBuildingsDoNotTouchCannotBeDeployedTo() started.
◇ Test yearOfPlentyRejectsAnUnavailablePairWithoutConsumingTheCard() started.
◇ Test aCountedCompositionExpandsToOnePinnedInterleavedOrder() started.
◇ Test aPaymentThatIsNotExactlyTheHeldPriceIsRefusedWithoutMutation() started.
◇ Test randomizedBoardIsDeterministicForSameSeed() started.
◇ Test tileCountFollowsTheHexFormulaAtEveryRadius() started.
◇ Test tradingAResourceForItselfIsRejected() started.
◇ Test serializedSessionKeepsTheAlreadySampledTradeResponse() started.
◇ Test startingBankIsUniformAcrossEveryResource() started.
◇ Test aThreeSeatGameCompletesSetupAcrossExactlyThreeSeats() started.
◇ Test buyingDevCardReportsTheExactCardDrawn(card:) started.
◇ Test multipleDemandingPlayersGetNothingWhenBankCannotCoverAll() started.
◇ Test aFullyOwnedGameRunsToCompletion() started.
◇ Test aTribeHeldHexPaysEveryoneAsNormal() started.
◇ Test wrongTurnMoveIsRejected() started.
◇ Test onlyMainTurnCountsAsAPlayableTurnForThatSeat() started.
◇ Test randomizedTerminatesForAFeasibleCountedShape() started.
◇ Test expandedWinsAtTwentyFiveNotTen() started.
◇ Test armyCardsCostAnyThreeResourcesByDefault() started.
◇ Test newGameShufflesDevCardDeckDifferentlyForDifferentSeeds() started.
◇ Test aSaveWithAnInvalidTargetIsRejectedAsCorrupt() started.
◇ Test yearOfPlentyWithSameResourceTwiceDoesNotCrash() started.
◇ Test settlementRespectsDistanceRuleAndRoadConnection() started.
◇ Test everyModeIsCoherentAndReachable() started.
◇ Test endTurnClearsPendingTradeOffers() started.
◇ Test aStandardGameHasNoConquestStateAndDrawsTheSameRandomSequence() started.
◇ Test fragmentedRoadNetworkDoesNotSumAcrossDisconnectedPieces() started.
◇ Test playingKnightMovesRobberAndConsumesCard() started.
◇ Test standardBoardHas19TilesAndOneDesert() started.
◇ Test devCardStatusDistinguishesNewAndOlderCopiesInOneStack() started.
◇ Test onlyOneDevCardMayBePlayedPerTurn() started.
◇ Test aSeatWithNoPolicyStopsTheLoop() started.
◇ Test anyThreePriceIsUnaffordableWithTwoCards() started.
◇ Test devCardStatusExplainsRequiredPlacementAndMissingRoadChoices() started.
◇ Test identifiersDoNotShareLongPrefixes() started.
◇ Test buildRoadDeductsCostAndReturnsResourcesToBank() started.
◇ Test aTargetSurvivesASaveAndReload() started.
◇ Test scaledFromBoardOnAMuchLargerBoardRoundsDownWhenTheFractionIsBelowHalf() started.
◇ Test devCardStatusExplainsTurnLimitAndMissingCard() started.
◇ Test expandedTerrainIsExactlyTwiceClassic() started.
◇ Test aRobberStealReportsWhichCardWasTaken() started.
◇ Test tenVictoryPointsEndsGame() started.
◇ Test newTieBetweenTwoOtherPlayersDisplacesCurrentHolder() started.
◇ Test engineNameIsSet() started.
◇ Test monopolyReportsHowManyCardsItSweptUp() started.
◇ Test expandedRulesetMatchesTheSpec() started.
◇ Test aWinningMoveReportsTheWinExactlyOnce() started.
◇ Test bankTradeIsRejectedWhenTheBankCannotSupplyTheWantedResource() started.
◇ Test endingATurnReportsIt() started.
◇ Test scaledFromBoardOnAnExpandedSizedBoardRoundsAwayFromZero() started.
◇ Test negativeDiscardAmountIsRejected() started.
◇ Test discardingHalfRoundedDownResolvesPhase() started.
◇ Test aConquestSaveRoundTripsGarrisonsAndHands() started.
◇ Test belowTenVictoryPointsDoesNotEndGame() started.
◇ Test aSaveWrittenBeforeConquestExistedLoadsAsStandard() started.
◇ Test aStandardGameListsNoArmyMovesAndRefusesThem() started.
◇ Test expandedDeckIsExactlyTwiceClassic() started.
◇ Test expandedRandomizedBoardIsReproducibleFromItsSeed() started.
◇ Test buyingIsLimitedByDeckSize() started.
◇ Test yearOfPlentyEnumeratesOnlyPairsTheBankCanSupply() started.
◇ Test devCardsBoughtThisTurnBecomePlayableAfterEndTurn() started.
◇ Test expandedTokenMultisetIsExactlyTwiceClassic() started.
◇ Test discardingOffersOnlyTheActingSeatsOwnCombinations() started.
◇ Test fiveConnectedRoadsGrantsLongestRoad() started.
◇ Test aThreeSeatGameHasThreeSeats() started.
◇ Test newGameDevCardDeckPreservesStandardComposition() started.
◇ Test anyThreePricePaysFromTheBiggestPilesFirst() started.
◇ Test buyingPaysExactlyTheChosenThreeCardsAndDrawsTheTopCard() started.
◇ Test aConquestGameShufflesTheFullClassicArmyDeck() started.
◇ Test secondSettlementGrantsResources() started.
◇ Test legalMovesEnumeratesMoveRobberTargetsAndVictims() started.
◇ Test fastSearchAgreesWithTheExhaustiveOneAtThePlayableRoadCap() started.
◇ Test vertexCanonicalizationIsConsistentAcrossSharedTiles() started.
◇ Test opponentSettlementBreaksRoadChain() started.
◇ Test checkForWinnerIsNoOpOnceGameIsAlreadyOver() started.
◇ Test rollingReportsTheTotalThatWasActuallyRolled() started.
◇ Test anUnsupportedTableSizeIsRefusedAtConstruction() started.
◇ Test theSameOfferAlwaysCarriesTheSameIdentifier() started.
◇ Test expandedSeatsAThirtyEightCardBankAndAFiftyCardDeck() started.
◇ Test terminalOfferDoesNotRequestAnotherDecision(restoration:) started.
◇ Test expandedAllowsThirtyRoadsWhereClassicStopsAtFifteen() started.
◇ Test theRejectionMessageNamesTheBankRatherThanThePlayersHand() started.
◇ Test armyCardsRunFromOneToFourSoTribesAreHardToBreak() started.
◇ Test acceptsCheckpointAtTurnBackstop() started.
◇ Test aLiveHumanOfferStillQueuesAndAppliesAPolicyResponse() started.
◇ Test phasesNoSingleSeatOwnsReportNobody() started.
◇ Test settlementNotTouchingTheRolledTileGetsNothing() started.
◇ Test aSaveResumesTheSameRandomSequenceItWouldHaveHad() started.
◇ Test aCompositionThatDoesNotFillTheBoardIsRejected() started.
◇ Test rejectsQueuedResponseFromProposer() started.
◇ Test rejectsQueuedResponseToUnknownOffer() started.
◇ Test rejectsQueuedResponseWithoutPendingOffer() started.
◇ Test rejectsCountersThatCannotAdvanceWithoutOverflow(field:) started.
◇ Test aCoherentTerminalTradeQueueCannotReviveTheGame() started.
◇ Test completedPositionDoesNotReconstructAnOpenTradeResponse() started.
◇ Test serializedSessionResumesTheSameDecisionsWithoutRestartingPolicyRandomness() started.
◇ Test vastDoublesTheArmyDeck() started.
◇ Test movingTheRobberWithNobodyToRobReportsNoSteal() started.
◇ Test rejectsInvalidPhasePlayerIndex(phase:index:) started.
◇ Test rejectsQueuedNonResponseMove() started.
◇ Test rejectsQueuedResponseWithoutActorPolicy() started.
◇ Test tieKeepsCurrentHolder() started.
◇ Test rejectsInvalidCurrentTurnSeat(index:) started.
◇ Test classicDiscardThresholdIsStillSeven() started.
◇ Test monopolyTransfersAllMatchingCardsFromEveryOtherPlayer() started.
◇ Test rejectsNegativeCounters(field:) started.
◇ Test theRobberBlocksAnOccupiedHexIncludingTheBonus() started.
◇ Test playingMonopolyBeforeRollingStillRequiresTheRoll() started.
◇ Test legitimateDecodedSnapshotsResume() started.
◇ Test coldCheckpointKeepsItsVisionRuleAndPreviouslyDiscoveredTiles(version:) started.
◇ Test anExactlyEqualAttackLeavesTheHexUnoccupied() started.
◇ Test rejectsUnsupportedStateSchema(version:) started.
◇ Test rejectsChangedPolicyRosterAfterDecoding() started.
◇ Test outOfOrderSettlementBeforePendingRoadIsRejected() started.
◇ Test expandedPieceSuppliesAreNeverExceededOverAFullGame() started.
◇ Test rejectsActionsBeyondTurnBackstop(actions:) started.
◇ Test rejectsZeroEvaluationsWithQueuedDecision() started.
◇ Test fastSearchHandlesTheShapesThatBreakNaiveSearches() started.
◇ Test newGamesUseCornerVisionWithoutChangingOpeningMapOrEngineVersions() started.
◇ Test knightCanBePlayedBeforeRolling() started.
◇ Test expandedDiscardThresholdIsTenNotSeven() started.
◇ Test rejectsUnsupportedCheckpointVersion(version:) started.
◇ Test rejectsActionsWithoutACurrentTurnSeat() started.
◇ Test aMissingNavalVersionAlwaysDecodesAsLegacyOneWithoutRefogging() started.
◇ Test unsupportedNavalVisionVersionsRemainRejected(version:) started.
◇ Test rejectsInvalidQueuedResponseActor(index:) started.
◇ Test buildRoadWithInsufficientResourcesThrows() started.
◇ Test legacyNavalOneReplaysItsOriginalExactRevealUnderEveryEngineVersion(engineVersion:) started.
◇ Test rejectsQueuedEvaluationOutsideRecordedRange(index:) started.
◇ Test robberTileProducesNothing() started.
◇ Test rejectsCurrentTurnSeatWithoutActions() started.
◇ Test fogDisabledRetainsTheEntireWorldUnderEitherVisionRule(version:) started.
◇ Test anUnoccupiedHexPaysEveryoneAsNormal() started.
◇ Test anEmptyArmyDeckCannotBeBoughtFrom() started.
◇ Test soleDemandingPlayerGetsWhateverBankHasLeft() started.
◇ Test bankDraftChecksEachResourcesOwnRateInACompoundTrade() started.
◇ Test bankDraftNamesTheRequiredBundleAtThePlayersActualPortRate(_:) started.
◇ Test clearDraftConstraintsAreNotPermissionToCommit() started.
◇ Test rollingSevenWithOverEightCardsRequiresDiscard() started.
◇ Test overlapPrecedesStableResourceOrderForBundleErrorsWithoutMutatingState() started.
◇ Test sameResourceIsExcludedInEitherDraftMode(_:) started.
◇ Test anUnsupportedTargetIsRefused() started.
◇ Test buildingSettlementOnOpponentRoadRecomputesLongestRoadImmediately() started.
◇ Test oneOfEachStillNeedsAllFive() started.
◇ Test proposeTradeStopsBeingLegalAtTheTurnRetryLimit() started.
◇ Test robberMoveCannotSkipAnEligibleVictim() started.
◇ Test classicRulesetMatchesTheValuesTheEngineShippedWith() started.
◇ Test historicalOverlappingDomesticTradesStillApplyAndReplay(_:) started.
◇ Test yearOfPlentyRequiresTwoCardsTheBankCanSupply() started.
◇ Test anyOnePriceTakesASingleCard() started.
◇ Test cityProducesTwoResourcesOnMatchingRoll() started.
◇ Test illegalPlacementTooCloseIsRejected() started.
◇ Test aCompositionExpandsToExactlyTheDeclaredCounts() started.
◇ Test thirdKnightGrantsLargestArmy() started.
◇ Test roadMustConnectToOwnNetwork() started.
◇ Test expandedRandomizedBoardNeverAdjoinsSixAndEight() started.
◇ Test aTokenCountThatMissesTheProducingTilesIsRejected() started.
◇ Test knightPlayedBeforeRollingBlocksAnotherCardThatSameTurn() started.
◇ Test roadBuildingThrowsIfEitherEdgeIsIllegal() started.
◇ Test roadBuildingBuildsTwoFreeRoads() started.
◇ Test aCardBoughtThisTurnCanBeDeployedAtOnce() started.
◇ Test robberBlocksFlexibleProductionAndNeverTargetsFogOrShips() started.
◇ Test citiesChooseTwoUnitsClockwiseAfterFixedProduction() started.
◇ Test unavailableChoicesAreRejectedAndEmptyBankExpiresObligations() started.
◇ Test aSaveMissingFieldsAddedAfterItWasWrittenStillLoads() started.
◇ Test deckBuildOrderRanksArePreservedAndDistinct() started.
◇ Test aPlayerAtTheRoadLimitHasNoLegalRoadToBuild() started.
◇ Test standardBoardHasNoAdjacentSixOrEight() started.
◇ Test setupEndDealsEveryPlayerOnePlayableArmyCard() started.
◇ Test everyActiveDevCardIsOfferedBeforeRolling() started.
◇ Test legalMovesEnumeratesDiscardCombinationsForEachPendingPlayer() started.
◇ Test expandedHasFourteenPortsOnDistinctCoastalEdges() started.
◇ Test newTieBetweenTwoPlayersAwardsNoOne() started.
◇ Test expandedBoardHasThirtySevenTilesAndOneDesert() started.
◇ Test noPlayerEverExceedsTheirPieceSupply() started.
◇ Test deployingCardsNotHeldIsRefusedWithoutMutation() started.
◇ Test cannotPlayDevCardBoughtThisTurn() started.
◇ Test aFirstColonyBonusCanCompleteTheFourteenPointWin() started.
◇ Test captureIsGlobalOptionalAndLastsUntilRecapture() started.
◇ Test stockBelongsToBuilderAndSeaHexesAllowStacking() started.
◇ Test landingRequiresSettlementBeforeRoadAndScoresDistinctIslands() started.
◇ Test shipsPayExactCostSailAndRefresh(table:) started.
◇ Test shipsCannotTeleportCrossLandOrMoveForAnotherSeat() started.
✔ Test aModeWhoseRoadLimitOutrunsTheSearchIsRefused() passed after 0.024 seconds.
◇ Test case passing 1 argument card → .knight to buyingDevCardReportsTheExactCardDrawn(card:) started.
◇ Test case passing 1 argument card → .roadBuilding to buyingDevCardReportsTheExactCardDrawn(card:) started.
◇ Test case passing 1 argument card → .yearOfPlenty to buyingDevCardReportsTheExactCardDrawn(card:) started.
◇ Test case passing 1 argument card → .monopoly to buyingDevCardReportsTheExactCardDrawn(card:) started.
◇ Test case passing 1 argument card → .victoryPoint to buyingDevCardReportsTheExactCardDrawn(card:) started.
◇ Test versionOnePreservesPartialYearOfPlentyHistory() started.
◇ Test versionOnePreservesNilVictimKnightHistory(beforeRoll:) started.
◇ Test ordinaryMovesReplayUnderEverySupportedVersion(rulesVersion:) started.
◇ Test versionOneStillReplaysAnExplicitRobberVictimExactly() started.
◇ Test versionOnePreservesNilVictimRobberHistory() started.
◇ Test unsupportedRulesVersionCannotMutateAReplay() started.
✔ Test everyPhaseWithASeatReportsIt() passed after 0.038 seconds.
◇ Test theEncodedLedgerIsOrderedBySeat() started.
◇ Test theObserverAlwaysKnowsItsOwnHandExactly() started.
◇ Test aKnightStealIsMaskedTheSameWay() started.
◇ Test theKnownFloorNeverExceedsTheTruth() started.
◇ Test monopolyEmptiesEveryOtherHandOfThatResource() started.
◇ Test firstPlacementAndRoadArePlayable(family:) started.
◇ Test aStealHidesTheResourceFromEveryoneButThiefAndVictim() started.
◇ Test equalLedgersEncodeIdentically() started.
◇ Test aBuildSpendsExactlyWhatItCosts() started.
◇ Test aLedgerEqualsItselfAfterARoundTrip() started.
◇ Test everyEventCarryingAPrivateDetailIsMaskedForABystander() started.
◇ Test aRollPayoutIsCountedExactly() started.
◇ Test aFloorSpentToZeroLeavesNoEntryBehind() started.
◇ Test validHumanActionsBeyondAutomatedCapColdResume(mode:) started.
◇ Test aStealLeavesTheVictimsCompositionUncertainButTheCountExact() started.
◇ Test legacyDuplicateOffersStillReplayUnderRecordedRules(version:) started.
◇ Test duplicateOfferIDIsExcludedRejectedAndNeverMutates() started.
◇ Test thePieceLimitsAloneCanReachTheTarget() started.
◇ Test theTokenSpreadIsSymmetricAboutSeven() started.
◇ Test theDeckIsNotRequiredToReachTheTarget() started.
◇ Test thePortsCoverThreeGenericsPerFiveAndEveryResourceTwice() started.
✔ Test theIdentifierDependsOnEveryPartOfTheOffer() passed after 0.047 seconds.
◇ Test theRulesetIsPlayable() started.
◇ Test brickAndOreStayScarcerThanTheOtherThree() started.
✔ Test aNegativeRadiusIsRejected() passed after 0.048 seconds.
◇ Test boardsAreDeterministicForOneSeed() started.
◇ Test theBoardHasOneHundredFiftyVertices() started.
◇ Test theBoardIsSixtyOneTilesWithThreeDeserts() started.
✔ Test aFreshGameCarriesTheCurrentSchemaVersion() passed after 0.049 seconds.
✔ Test tiedKnightCountsKeepCurrentLargestArmyHolder() passed after 0.051 seconds.
✔ Test anAttackThatFallsShortWeakensTheDefender() passed after 0.052 seconds.
◇ Test monopolyTransfersOneResourceAndCannotBeReusedAfterResume(fixture:) started.
✔ Test classicShapeReproducesTheStandardBoardExactly() passed after 0.053 seconds.
◇ Test olderCopyCanBePlayedButNewCopyWaitsUntilNextTurn(fixture:) started.
◇ Test invalidKnightVictimCannotConsumeOrPartiallyApply(fixture:) started.
◇ Test knightTakesExactlyOneCardFromOnlyTheChosenVictim(fixture:) started.
◇ Test aSecondMatureMonopolyNeedsAnotherTurnAndAZeroGainStillConsumes(fixture:) started.
◇ Test knightWithoutAResourceHoldingNeighbourConsumesOneCardWithoutTheft(fixture:) started.
✔ Test deployingOnYourOwnHexReinforcesIt() passed after 0.054 seconds.
◇ Test case passing 1 argument restoration → .freshInitialization to terminalOfferDoesNotRequestAnotherDecision(restoration:) started.
◇ Test case passing 1 argument restoration → .replacement to terminalOfferDoesNotRequestAnotherDecision(restoration:) started.
✔ Test victoryPointsMatchesGameStateComputation() passed after 0.068 seconds.
◇ Test case passing 1 argument field → "actionsThisTurn" to rejectsCountersThatCannotAdvanceWithoutOverflow(field:) started.
◇ Test case passing 1 argument field → "policyEvaluationCount" to rejectsCountersThatCannotAdvanceWithoutOverflow(field:) started.
◇ Test queuedNavalTradeResponseUsesMaskedSnapshotAndValidatesCounts() started.
◇ Test malformedMaximumShipIDCanDecodeAndBeRejectedWithoutOverflow() started.
◇ Test case passing 2 arguments phase → "setupForward", index → -1 to rejectsInvalidPhasePlayerIndex(phase:index:) started.
◇ Test decodedCheckpointContinuesIdenticalTranscriptAndLedger(table:) started.
◇ Test case passing 2 arguments phase → "setupForward", index → 4 to rejectsInvalidPhasePlayerIndex(phase:index:) started.
◇ Test case passing 2 arguments phase → "setupBackward", index → -1 to rejectsInvalidPhasePlayerIndex(phase:index:) started.
◇ Test case passing 2 arguments phase → "setupBackward", index → 4 to rejectsInvalidPhasePlayerIndex(phase:index:) started.
◇ Test allNewFieldsDecodeDefaultsAndOldModesKeepNilNavalState() started.
◇ Test case passing 2 arguments phase → "rollDice", index → -1 to rejectsInvalidPhasePlayerIndex(phase:index:) started.
◇ Test corruptNavalAuthoritativeStateIsRejected(corruption:) started.
◇ Test case passing 2 arguments phase → "rollDice", index → 4 to rejectsInvalidPhasePlayerIndex(phase:index:) started.
◇ Test case passing 2 arguments phase → "mainTurn", index → -1 to rejectsInvalidPhasePlayerIndex(phase:index:) started.
◇ Test case passing 2 arguments phase → "mainTurn", index → 4 to rejectsInvalidPhasePlayerIndex(phase:index:) started.
◇ Test case passing 2 arguments phase → "movingRobber", index → -1 to rejectsInvalidPhasePlayerIndex(phase:index:) started.
◇ Test case passing 2 arguments phase → "movingRobber", index → 4 to rejectsInvalidPhasePlayerIndex(phase:index:) started.
◇ Test case passing 1 argument index → -1 to rejectsInvalidCurrentTurnSeat(index:) started.
◇ Test case passing 1 argument index → 4 to rejectsInvalidCurrentTurnSeat(index:) started.
◇ Test case passing 1 argument field → "actionsThisTurn" to rejectsNegativeCounters(field:) started.
◇ Test case passing 1 argument field → "policyEvaluationCount" to rejectsNegativeCounters(field:) started.
◇ Test aSessionAcceptsAndTablesAPermittedComposedOffer() started.
◇ Test malformedOrExcessiveCompositionsAreRefused() started.
◇ Test aComposedOfferMustCarryItsContentDerivedID() started.
◇ Test noCompositionWhenProposingIsNotAllowed() started.
◇ Test jakesBundleForTheCityIsPermitted() started.
◇ Test case passing 1 argument version → 1 to coldCheckpointKeepsItsVisionRuleAndPreviouslyDiscoveredTiles(version:) started.
◇ Test case passing 1 argument version → 2 to coldCheckpointKeepsItsVisionRuleAndPreviouslyDiscoveredTiles(version:) started.
◇ Test mapFingerprintsRemainStableAcrossTestProcesses() started.
◇ Test case passing 1 argument version → -1 to rejectsUnsupportedStateSchema(version:) started.
◇ Test case passing 1 argument version → 7 to rejectsUnsupportedStateSchema(version:) started.
✔ Test boardHas9Ports() passed after 0.117 seconds.
◇ Test case passing 1 argument actions → 26 to rejectsActionsBeyondTurnBackstop(actions:) started.
◇ Test case passing 1 argument actions → 1000000 to rejectsActionsBeyondTurnBackstop(actions:) started.
◇ Test case passing 1 argument version → -1 to rejectsUnsupportedCheckpointVersion(version:) started.
◇ Test case passing 1 argument version → 0 to rejectsUnsupportedCheckpointVersion(version:) started.
◇ Test case passing 1 argument version → 2 to rejectsUnsupportedCheckpointVersion(version:) started.
✔ Test conquestDoesNotChangeTheDevDeckOrDiceSeedOfTheSameSeed() passed after 0.155 seconds.
✔ Test buyingDevCardDeductsCostAndDraws() passed after 0.181 seconds.
◇ Test case passing 1 argument version → 0 to unsupportedNavalVisionVersionsRemainRejected(version:) started.
◇ Test case passing 1 argument version → 3 to unsupportedNavalVisionVersionsRemainRejected(version:) started.
◇ Test case passing 1 argument version → 999 to unsupportedNavalVisionVersionsRemainRejected(version:) started.
◇ Test case passing 1 argument index → -1 to rejectsInvalidQueuedResponseActor(index:) started.
◇ Test case passing 1 argument index → 4 to rejectsInvalidQueuedResponseActor(index:) started.
✔ Test derivedPortsSitOnDistinctCoastalEdgesOfTheBoard() passed after 0.408 seconds.
✔ Test aLegalBankTradeReportsNoProblemAndApplies() passed after 0.408 seconds.
◇ Test case passing 1 argument engineVersion → 1 to legacyNavalOneReplaysItsOriginalExactRevealUnderEveryEngineVersion(engineVersion:) started.
◇ Test case passing 1 argument engineVersion → 2 to legacyNavalOneReplaysItsOriginalExactRevealUnderEveryEngineVersion(engineVersion:) started.
◇ Test case passing 1 argument engineVersion → 3 to legacyNavalOneReplaysItsOriginalExactRevealUnderEveryEngineVersion(engineVersion:) started.
◇ Test case passing 1 argument index → -1 to rejectsQueuedEvaluationOutsideRecordedRange(index:) started.
◇ Test case passing 1 argument index → 1 to rejectsQueuedEvaluationOutsideRecordedRange(index:) started.
◇ Test case passing 1 argument index → 2 to rejectsQueuedEvaluationOutsideRecordedRange(index:) started.
◇ Test case passing 1 argument version → 1 to fogDisabledRetainsTheEntireWorldUnderEitherVisionRule(version:) started.
◇ Test case passing 1 argument version → 2 to fogDisabledRetainsTheEntireWorldUnderEitherVisionRule(version:) started.
✔ Test aConquestGameStartsWithEveryProducingHexHeldByATribeAtItsPipCount() passed after 0.573 seconds.
◇ Test rulesEngineStillRejectsUnrelatedOutOfTurnMoves() started.
◇ Test proposeAndRejectLeavesResourcesUntouched() started.
◇ Test fourToOneBankTradeWithNoPort() started.
✔ Test theDesertCannotBeDeployedTo() passed after 0.587 seconds.
◇ Test legalMovesIncludeGiveCountsUpToTheGenerousCeiling() started.
◇ Test legalMovesExcludesAcceptWhenResponderCannotAffordWantedCards() started.
◇ Test decliningATradeRecordsItAgainstTheProposer() started.
◇ Test endTurnClearsDeclinedTradeHistory() started.
◇ Test bankTradeRejectsNegativeGetAmount() started.
◇ Test proposeTradeFailsIfProposerLacksGiveCards() started.
◇ Test rulesEngineAppliesBankTrade() started.
◇ Test legalMovesExcludesAcceptWhenProposerNoLongerAffordsGiveCards() started.
◇ Test bankTradeRejectsNegativeGiveAmount() started.
◇ Test proposeTradeRejectsNegativeAmounts() started.
◇ Test case passing 1 argument rate → 2 to bankDraftNamesTheRequiredBundleAtThePlayersActualPortRate(_:) started.
◇ Test case passing 1 argument rate → 3 to bankDraftNamesTheRequiredBundleAtThePlayersActualPortRate(_:) started.
◇ Test case passing 1 argument rate → 4 to bankDraftNamesTheRequiredBundleAtThePlayersActualPortRate(_:) started.
◇ Test twoToOneBankTradeWithMatchingResourcePort() started.
◇ Test legalMovesIncludesAcceptWhenBothSidesCanAfford() started.
◇ Test bankTradeRejectedWhenRatioWrong() started.
◇ Test rulesEngineAllowsNonActivePlayerToRespondToTrade() started.
✔ Test everyResourceGetsBankStockAndAFeatureSlot() passed after 0.594 seconds.
◇ Test acceptFailsIfResponderLacksWantedCards() started.
◇ Test endTurnClearsTradesAcceptedThisTurn() started.
◇ Test bankTradeRejectedWhenBankLacksResource() started.
◇ Test respondRejectsWhenResponderIsProposer() started.
◇ Test proposeAndAcceptTradeSwapsCardsBetweenPlayers() started.
◇ Test threeToOneBankTradeWithGenericPort() started.
◇ Test rulesEngineProposeTradeRejectsWrongProposer() started.
◇ Test acceptingATradeIncrementsTheProposersAcceptedCountAndRejectingDoesNot() started.
◇ Test rulesEngineAppliesProposeTrade() started.
◇ Test acceptFailsIfProposerNoLongerHoldsGiveCards() started.
◇ Test monopolySurvivesCheckpointRoundTrip(external:) started.
◇ Test positionOnlyZeroHoldingsSurviveCheckpointRoundTrip(oreCount:) started.
◇ Test case passing 1 argument mode → .players to sameResourceIsExcludedInEitherDraftMode(_:) started.
◇ Test case passing 1 argument mode → .bank to sameResourceIsExcludedInEitherDraftMode(_:) started.
✔ Test aTwelvePointGameDoesNotEndAtTen() passed after 0.599 seconds.
✔ Test roadCannotExtendThroughAnOpponentsSettlement() passed after 0.599 seconds.
✔ Test setupPlacementsReportThemselves() passed after 0.599 seconds.
✔ Test serializedSessionRejectsChangingThePolicyRoster() passed after 0.603 seconds.
◇ Test case passing 1 argument rulesVersion → 1 to historicalOverlappingDomesticTradesStillApplyAndReplay(_:) started.
◇ Test case passing 1 argument rulesVersion → 2 to historicalOverlappingDomesticTradesStillApplyAndReplay(_:) started.
✔ Test replacingTheStateResetsTurnBookkeeping() passed after 0.607 seconds.
✔ Test legalMovesOfferEachSingleCardAndTheCheapestWinningSet() passed after 0.607 seconds.
✔ Test deployMovesOfferEveryCardSetOnEveryReachableHex() passed after 0.608 seconds.
◇ Test responseOnlyInformationDoesNotExposePrivateComposition(fog:flexible:) started.
◇ Test decodedRawInputMasksAndKeepsCounts(fog:flexible:) started.
◇ Test publicTranscriptHidesUninvolvedTheftIdentity() started.
◇ Test unobservedWorldAndFutureRandomnessDoNotChangeAnObservation() started.
◇ Test observationsMaskGeographyAndPrivateCardsWithoutLosingPublicCounts() started.
✔ Test attackingPastATribeTakesTheHexWithTheOverflow() passed after 0.616 seconds.
✔ Test anExternalMoveAdvancesTheSameGame() passed after 0.616 seconds.
✔ Test buildCityUpgradesSettlementAndDeductsCost() passed after 0.616 seconds.
◇ Test impossibleChoiceObligationsAreRejected(corruption:) started.
◇ Test captureRequiresElevenButAResolvedElevenHasNoPendingCapture() started.
◇ Test everyPartialChoiceAndClockwiseSuffixSurvivesColdCheckpoint() started.
✔ Test occupierBonusRespectsBankShortage() passed after 0.617 seconds.
✔ Test roadCannotBeBuiltOnAnEdgeAnotherPlayerAlreadyOwns() passed after 0.618 seconds.
◇ Test theCompleteCanonicalCornerIncludesSeaAndOffEnvelopeCoordinates() started.
◇ Test previousPublicDiscoveriesStayVisibleAndRepeatedDiscoveryProducesNoEvent() started.
◇ Test cornerFootprintIsCenteredSymmetricAndHasExactCutoff(rotation:origin:) started.
◇ Test shipVisionRetainsItsNineteenHexFootprintAndSixCardinalBoundaries(origin:) started.
◇ Test terrainDoesNotChangeTheCornerOriginOrDiscoveryEvents(rotation:landMask:) started.
✔ Test anOccupiedHexPaysOnlyTheOccupierPlusOne() passed after 0.817 seconds.
✔ Test aClassicSaveCarryingAnExpandedTargetIsRefused() passed after 0.818 seconds.
✔ Test numbersThatAreNotOnTheBoardProduceNothing() passed after 0.821 seconds.
◇ Test mixedBankTradesWithOverlapAreRejectedWithoutMutation(rate:) started.
◇ Test disjointCompoundBankTradeStillAppliesAtEachResourcesRate(rate:) started.
◇ Test sameResourceBankTradeIsRejectedWithoutMutation(rate:quantity:) started.
◇ Test emptyAndNonpositiveBankTradesAreRejectedWithoutMutation() started.
✔ Test theGameEndsAtItsOwnTarget() passed after 0.826 seconds.
◇ Test requiredRobberyAndDiscardHaveControllerParity(fixture:) started.
◇ Test wrongSeatCannotPlayAndNeitherCommitPathMutates(fixture:) started.
◇ Test humanAndPolicyApplyTheSameLegalCardMoves(fixture:) started.
◇ Test sameFamilyFallbackIsValidForEitherProductionOption(family:) started.
◇ Test togglesPreserveWorldAndRandomStream(family:) started.
✔ Test aSaveWithoutATargetLoadsAndPlaysToTen() passed after 0.842 seconds.
◇ Test seededWorldStudy(family:) started.
✔ Test buildingReportsWhatWasBuilt() passed after 0.853 seconds.
✔ Test devCardStatusOwnsTurnTimingAndPassiveCardRules() passed after 0.857 seconds.
✔ Test aThreeSeatGameSurvivesASaveAndReload() passed after 0.857 seconds.
✔ Test movingRobberCanStealFromAdjacentPlayer() passed after 0.857 seconds.
✔ Test devCardPlayLimitResetsAfterEndTurn() passed after 0.857 seconds.
✔ Test pipsMatchTheWaysTwoDiceRollEachNumber() passed after 0.857 seconds.
✔ Test settlementProducesOneResourceOnMatchingRoll() passed after 0.923 seconds.
✔ Test expandedBonusesAreWorthFourPointsInBothFormulas() passed after 0.953 seconds.
◇ Test case passing 1 argument table → 3 to shipsPayExactCostSailAndRefresh(table:) started.
◇ Test case passing 1 argument table → 4 to shipsPayExactCostSailAndRefresh(table:) started.
✔ Test invalidRobberVictimLeavesTheWholeStateUntouched() passed after 1.012 seconds.
✔ Test scaledFromBoardReproducesClassicOnAClassicSizedBoard() passed after 1.012 seconds.
✔ Test cityRequiresExistingOwnSettlement() passed after 1.012 seconds.
◇ Test humanAndBotsWithDifferentPolicyDrawCountsGetIdenticalDice(fixture:) started.
◇ Test diceMatchTwoUnweightedDrawsRegardlessOfSeatOrHand(fixture:) started.
◇ Test anUnauthorizedRollCannotAdvanceTheRandomSequence(fixture:) started.
◇ Test choosingAMoveDoesNotAdvanceEngineDiceAndResumePreservesThem(fixture:) started.
✔ Test branchingNetworkScoresOnlyLongestSimplePath() passed after 1.024 seconds.
✔ Test rollOfSevenProducesNoResources() passed after 1.024 seconds.
✔ Test anExpandedSaveRoundTripsWithItsModeAndTarget() passed after 1.025 seconds.
◇ Test externalProposalQueuesAndExternalConsumptionClearsResponse() started.
◇ Test externalEndTurnCancelsCachedReply() started.
◇ Test externalBankSpendRefreshesCachedObservationWithoutRandomDraws() started.
✔ Test setupPhaseFollowsSnakeOrder() passed after 1.024 seconds.
✔ Test distinctOffersGetDistinctIdentifiers() passed after 1.024 seconds.
✔ Test aSaveWrittenBeforeModesExistedLoadsAsClassic() passed after 1.024 seconds.
✔ Test fullSetupSequenceEndsAtRollDiceForPlayerZero() passed after 1.024 seconds.
✔ Test aCountedCompositionExpandsToOnePinnedInterleavedOrder() passed after 1.024 seconds.
✔ Test aHexYourBuildingsDoNotTouchCannotBeDeployedTo() passed after 1.024 seconds.
✔ Test tileCountFollowsTheHexFormulaAtEveryRadius() passed after 1.024 seconds.
✔ Test yearOfPlentyRejectsAnUnavailablePairWithoutConsumingTheCard() passed after 1.024 seconds.
✔ Test aPaymentThatIsNotExactlyTheHeldPriceIsRefusedWithoutMutation() passed after 1.024 seconds.
✔ Test tradingAResourceForItselfIsRejected() passed after 1.024 seconds.
✔ Test aShapeNoShuffleCanSatisfyIsRepairedRatherThanRefused() passed after 1.025 seconds.
✔ Test startingBankIsUniformAcrossEveryResource() passed after 1.024 seconds.
✔ Test winningWithAnOpenTradeEndsAutomatedNegotiation() passed after 1.025 seconds.
✔ Test buyingDevCardReportsTheExactCardDrawn(card:) with 5 test cases passed after 1.024 seconds.
✔ Test randomizedBoardIsDeterministicForSameSeed() passed after 1.024 seconds.
✔ Test multipleDemandingPlayersGetNothingWhenBankCannotCoverAll() passed after 1.024 seconds.
✔ Test aSaveMissingTheBoardIsRejectedRatherThanSilentlyDiscarded() passed after 1.025 seconds.
✔ Test validationAgreesWithWhatApplyingActuallyDoes() passed after 1.025 seconds.
✔ Test onlyMainTurnCountsAsAPlayableTurnForThatSeat() passed after 1.024 seconds.
✔ Test aTribeHeldHexPaysEveryoneAsNormal() passed after 1.024 seconds.
✔ Test armyCardsCostAnyThreeResourcesByDefault() passed after 1.024 seconds.
✔ Test theRunawayBackstopForcesATurnToEnd() passed after 1.024 seconds.
✔ Test wrongTurnMoveIsRejected() passed after 1.024 seconds.
✔ Test yearOfPlentyWithSameResourceTwiceDoesNotCrash() passed after 1.024 seconds.
✔ Test newGameShufflesDevCardDeckDifferentlyForDifferentSeeds() passed after 1.024 seconds.
✔ Test everyModeIsCoherentAndReachable() passed after 1.024 seconds.
✔ Test randomizedTerminatesForAFeasibleCountedShape() passed after 1.024 seconds.
✔ Test endTurnClearsPendingTradeOffers() passed after 1.024 seconds.
✔ Test serializedSessionKeepsTheAlreadySampledTradeResponse() passed after 1.024 seconds.
✔ Test theAccessorAgreesWithTheSessionsOwnNotionOfWhoActs() passed after 1.025 seconds.
✔ Test aThreeSeatGameCompletesSetupAcrossExactlyThreeSeats() passed after 1.026 seconds.
◇ Test case passing 1 argument beforeRoll → false to versionOnePreservesNilVictimKnightHistory(beforeRoll:) started.
◇ Test case passing 1 argument beforeRoll → true to versionOnePreservesNilVictimKnightHistory(beforeRoll:) started.
◇ Test case passing 1 argument rulesVersion → 1 to ordinaryMovesReplayUnderEverySupportedVersion(rulesVersion:) started.
◇ Test case passing 1 argument rulesVersion → 3 to ordinaryMovesReplayUnderEverySupportedVersion(rulesVersion:) started.
✔ Test playingKnightMovesRobberAndConsumesCard() passed after 1.037 seconds.
✔ Test standardBoardHas19TilesAndOneDesert() passed after 1.037 seconds.
✔ Test expandedWinsAtTwentyFiveNotTen() passed after 1.044 seconds.
✔ Test devCardStatusDistinguishesNewAndOlderCopiesInOneStack() passed after 1.059 seconds.
✔ Test aStandardGameHasNoConquestStateAndDrawsTheSameRandomSequence() passed after 1.060 seconds.
✔ Test settlementRespectsDistanceRuleAndRoadConnection() passed after 1.060 seconds.
◇ Test case passing 1 argument family → .archipelago to firstPlacementAndRoadArePlayable(family:) started.
◇ Test case passing 1 argument family → .peninsula to firstPlacementAndRoadArePlayable(family:) started.
◇ Test case passing 1 argument family → .twinIslands to firstPlacementAndRoadArePlayable(family:) started.
✔ Test onlyOneDevCardMayBePlayedPerTurn() passed after 1.285 seconds.
✔ Test aSaveWithAnInvalidTargetIsRejectedAsCorrupt() passed after 1.285 seconds.
✔ Test scaledFromBoardOnAMuchLargerBoardRoundsDownWhenTheFractionIsBelowHalf() passed after 1.287 seconds.
✔ Test aSeatWithNoPolicyStopsTheLoop() passed after 1.291 seconds.
✔ Test fragmentedRoadNetworkDoesNotSumAcrossDisconnectedPieces() passed after 1.291 seconds.
✔ Test anyThreePriceIsUnaffordableWithTwoCards() passed after 1.291 seconds.
✔ Test devCardStatusExplainsTurnLimitAndMissingCard() passed after 1.291 seconds.
✔ Test engineNameIsSet() passed after 1.294 seconds.
✔ Test buildRoadDeductsCostAndReturnsResourcesToBank() passed after 1.294 seconds.
✔ Test expandedRulesetMatchesTheSpec() passed after 1.294 seconds.
✔ Test aRobberStealReportsWhichCardWasTaken() passed after 1.294 seconds.
◇ Test case passing 1 argument mode → .classic to validHumanActionsBeyondAutomatedCapColdResume(mode:) started.
◇ Test case passing 1 argument mode → .naval to validHumanActionsBeyondAutomatedCapColdResume(mode:) started.
◇ Test case passing 1 argument version → 1 to legacyDuplicateOffersStillReplayUnderRecordedRules(version:) started.
◇ Test case passing 1 argument version → 2 to legacyDuplicateOffersStillReplayUnderRecordedRules(version:) started.
✔ Test tenVictoryPointsEndsGame() passed after 1.307 seconds.
✔ Test monopolyReportsHowManyCardsItSweptUp() passed after 1.307 seconds.
✔ Test scaledFromBoardOnAnExpandedSizedBoardRoundsAwayFromZero() passed after 1.307 seconds.
✔ Test bankTradeIsRejectedWhenTheBankCannotSupplyTheWantedResource() passed after 1.307 seconds.
✔ Test endingATurnReportsIt() passed after 1.307 seconds.
✔ Test aWinningMoveReportsTheWinExactlyOnce() passed after 1.307 seconds.
✔ Test aTargetSurvivesASaveAndReload() passed after 1.307 seconds.
✔ Test expandedTerrainIsExactlyTwiceClassic() passed after 1.307 seconds.
✔ Test negativeDiscardAmountIsRejected() passed after 1.307 seconds.
✔ Test expandedDeckIsExactlyTwiceClassic() passed after 1.310 seconds.
✔ Test newTieBetweenTwoOtherPlayersDisplacesCurrentHolder() passed after 1.311 seconds.
✔ Test discardingHalfRoundedDownResolvesPhase() passed after 1.311 seconds.
✔ Test belowTenVictoryPointsDoesNotEndGame() passed after 1.311 seconds.
✔ Test yearOfPlentyEnumeratesOnlyPairsTheBankCanSupply() passed after 1.331 seconds.
✔ Test buyingIsLimitedByDeckSize() passed after 1.331 seconds.
✔ Test identifiersDoNotShareLongPrefixes() passed after 1.332 seconds.
✔ Test devCardStatusExplainsRequiredPlacementAndMissingRoadChoices() passed after 1.338 seconds.
✔ Test devCardsBoughtThisTurnBecomePlayableAfterEndTurn() passed after 1.337 seconds.
✔ Test discardingOffersOnlyTheActingSeatsOwnCombinations() passed after 1.337 seconds.
✔ Test aThreeSeatGameHasThreeSeats() passed after 1.354 seconds.
✔ Test fiveConnectedRoadsGrantsLongestRoad() passed after 1.354 seconds.
✔ Test newGameDevCardDeckPreservesStandardComposition() passed after 1.354 seconds.
✔ Test aConquestSaveRoundTripsGarrisonsAndHands() passed after 1.354 seconds.
✔ Test anyThreePricePaysFromTheBiggestPilesFirst() passed after 1.354 seconds.
✔ Test aSaveWrittenBeforeConquestExistedLoadsAsStandard() passed after 1.354 seconds.
✔ Test buyingPaysExactlyTheChosenThreeCardsAndDrawsTheTopCard() passed after 1.354 seconds.
✔ Test aConquestGameShufflesTheFullClassicArmyDeck() passed after 1.354 seconds.
◇ Test case passing 1 argument fixture → EngineFairnessCase(mode: CatanEngine.GameMode.classic, variant: CatanEngine.GameVariant.standard, seat: 0) to monopolyTransfersOneResourceAndCannotBeReusedAfterResume(fixture:) started.
◇ Test case passing 1 argument fixture → EngineFairnessCase(mode: CatanEngine.GameMode.classic, variant: CatanEngine.GameVariant.standard, seat: 1) to monopolyTransfersOneResourceAndCannotBeReusedAfterResume(fixture:) started.
◇ Test case passing 1 argument fixture → EngineFairnessCase(mode: CatanEngine.GameMode.classic, variant: CatanEngine.GameVariant.standard, seat: 2) to monopolyTransfersOneResourceAndCannotBeReusedAfterResume(fixture:) started.
◇ Test case passing 1 argument fixture → EngineFairnessCase(mode: CatanEngine.GameMode.classic, variant: CatanEngine.GameVariant.standard, seat: 3) to monopolyTransfersOneResourceAndCannotBeReusedAfterResume(fixture:) started.
◇ Test case passing 1 argument fixture → EngineFairnessCase(mode: CatanEngine.GameMode.classic, variant: CatanEngine.GameVariant.conquest, seat: 0) to monopolyTransfersOneResourceAndCannotBeReusedAfterResume(fixture:) started.
◇ Test case passing 1 argument fixture → EngineFairnessCase(mode: CatanEngine.GameMode.classic, variant: CatanEngine.GameVariant.conquest, seat: 1) to monopolyTransfersOneResourceAndCannotBeReusedAfterResume(fixture:) started.
◇ Test case passing 1 argument fixture → EngineFairnessCase(mode: CatanEngine.GameMode.classic, variant: CatanEngine.GameVariant.conquest, seat: 2) to monopolyTransfersOneResourceAndCannotBeReusedAfterResume(fixture:) started.
◇ Test case passing 1 argument fixture → EngineFairnessCase(mode: CatanEngine.GameMode.classic, variant: CatanEngine.GameVariant.conquest, seat: 3) to monopolyTransfersOneResourceAndCannotBeReusedAfterResume(fixture:) started.
◇ Test case passing 1 argument fixture → EngineFairnessCase(mode: CatanEngine.GameMode.vast, variant: CatanEngine.GameVariant.standard, seat: 0) to monopolyTransfersOneResourceAndCannotBeReusedAfterResume(fixture:) started.
◇ Test case passing 1 argument fixture → EngineFairnessCase(mode: CatanEngine.GameMode.vast, variant: CatanEngine.GameVariant.standard, seat: 1) to monopolyTransfersOneResourceAndCannotBeReusedAfterResume(fixture:) started.
✔ Test expandedTokenMultisetIsExactlyTwiceClassic() passed after 1.394 seconds.
◇ Test case passing 1 argument fixture → EngineFairnessCase(mode: CatanEngine.GameMode.vast, variant: CatanEngine.GameVariant.standard, seat: 2) to monopolyTransfersOneResourceAndCannotBeReusedAfterResume(fixture:) started.
◇ Test case passing 1 argument fixture → EngineFairnessCase(mode: CatanEngine.GameMode.vast, variant: CatanEngine.GameVariant.standard, seat: 3) to monopolyTransfersOneResourceAndCannotBeReusedAfterResume(fixture:) started.
◇ Test case passing 1 argument fixture → EngineFairnessCase(mode: CatanEngine.GameMode.vast, variant: CatanEngine.GameVariant.conquest, seat: 0) to monopolyTransfersOneResourceAndCannotBeReusedAfterResume(fixture:) started.
◇ Test case passing 1 argument fixture → EngineFairnessCase(mode: CatanEngine.GameMode.vast, variant: CatanEngine.GameVariant.conquest, seat: 1) to monopolyTransfersOneResourceAndCannotBeReusedAfterResume(fixture:) started.
◇ Test case passing 1 argument fixture → EngineFairnessCase(mode: CatanEngine.GameMode.vast, variant: CatanEngine.GameVariant.conquest, seat: 2) to monopolyTransfersOneResourceAndCannotBeReusedAfterResume(fixture:) started.
◇ Test case passing 1 argument fixture → EngineFairnessCase(mode: CatanEngine.GameMode.vast, variant: CatanEngine.GameVariant.conquest, seat: 3) to monopolyTransfersOneResourceAndCannotBeReusedAfterResume(fixture:) started.
◇ Test case passing 1 argument fixture → EngineFairnessCase(mode: CatanEngine.GameMode.classic, variant: CatanEngine.GameVariant.standard, seat: 0) to olderCopyCanBePlayedButNewCopyWaitsUntilNextTurn(fixture:) started.
◇ Test case passing 1 argument fixture → EngineFairnessCase(mode: CatanEngine.GameMode.classic, variant: CatanEngine.GameVariant.standard, seat: 1) to olderCopyCanBePlayedButNewCopyWaitsUntilNextTurn(fixture:) started.
◇ Test case passing 1 argument fixture → EngineFairnessCase(mode: CatanEngine.GameMode.classic, variant: CatanEngine.GameVariant.standard, seat: 2) to olderCopyCanBePlayedButNewCopyWaitsUntilNextTurn(fixture:) started.
◇ Test case passing 1 argument fixture → EngineFairnessCase(mode: CatanEngine.GameMode.classic, variant: CatanEngine.GameVariant.standard, seat: 3) to olderCopyCanBePlayedButNewCopyWaitsUntilNextTurn(fixture:) started.
◇ Test case passing 1 argument fixture → EngineFairnessCase(mode: CatanEngine.GameMode.classic, variant: CatanEngine.GameVariant.conquest, seat: 0) to olderCopyCanBePlayedButNewCopyWaitsUntilNextTurn(fixture:) started.
◇ Test case passing 1 argument fixture → EngineFairnessCase(mode: CatanEngine.GameMode.classic, variant: CatanEngine.GameVariant.conquest, seat: 1) to olderCopyCanBePlayedButNewCopyWaitsUntilNextTurn(fixture:) started.
◇ Test case passing 1 argument fixture → EngineFairnessCase(mode: CatanEngine.GameMode.classic, variant: CatanEngine.GameVariant.conquest, seat: 2) to olderCopyCanBePlayedButNewCopyWaitsUntilNextTurn(fixture:) started.
◇ Test case passing 1 argument fixture → EngineFairnessCase(mode: CatanEngine.GameMode.classic, variant: CatanEngine.GameVariant.conquest, seat: 3) to olderCopyCanBePlayedButNewCopyWaitsUntilNextTurn(fixture:) started.
◇ Test case passing 1 argument fixture → EngineFairnessCase(mode: CatanEngine.GameMode.vast, variant: CatanEngine.GameVariant.standard, seat: 0) to olderCopyCanBePlayedButNewCopyWaitsUntilNextTurn(fixture:) started.
◇ Test case passing 1 argument fixture → EngineFairnessCase(mode: CatanEngine.GameMode.vast, variant: CatanEngine.GameVariant.standard, seat: 1) to olderCopyCanBePlayedButNewCopyWaitsUntilNextTurn(fixture:) started.
◇ Test case passing 1 argument fixture → EngineFairnessCase(mode: CatanEngine.GameMode.vast, variant: CatanEngine.GameVariant.standard, seat: 2) to olderCopyCanBePlayedButNewCopyWaitsUntilNextTurn(fixture:) started.
◇ Test case passing 1 argument fixture → EngineFairnessCase(mode: CatanEngine.GameMode.vast, variant: CatanEngine.GameVariant.standard, seat: 3) to olderCopyCanBePlayedButNewCopyWaitsUntilNextTurn(fixture:) started.
◇ Test case passing 1 argument fixture → EngineFairnessCase(mode: CatanEngine.GameMode.vast, variant: CatanEngine.GameVariant.conquest, seat: 0) to olderCopyCanBePlayedButNewCopyWaitsUntilNextTurn(fixture:) started.
◇ Test case passing 1 argument fixture → EngineFairnessCase(mode: CatanEngine.GameMode.vast, variant: CatanEngine.GameVariant.conquest, seat: 1) to olderCopyCanBePlayedButNewCopyWaitsUntilNextTurn(fixture:) started.
◇ Test case passing 1 argument fixture → EngineFairnessCase(mode: CatanEngine.GameMode.vast, variant: CatanEngine.GameVariant.conquest, seat: 2) to olderCopyCanBePlayedButNewCopyWaitsUntilNextTurn(fixture:) started.
◇ Test case passing 1 argument fixture → EngineFairnessCase(mode: CatanEngine.GameMode.vast, variant: CatanEngine.GameVariant.conquest, seat: 3) to olderCopyCanBePlayedButNewCopyWaitsUntilNextTurn(fixture:) started.
◇ Test case passing 1 argument fixture → EngineFairnessCase(mode: CatanEngine.GameMode.classic, variant: CatanEngine.GameVariant.standard, seat: 0) to invalidKnightVictimCannotConsumeOrPartiallyApply(fixture:) started.
◇ Test case passing 1 argument fixture → EngineFairnessCase(mode: CatanEngine.GameMode.classic, variant: CatanEngine.GameVariant.standard, seat: 1) to invalidKnightVictimCannotConsumeOrPartiallyApply(fixture:) started.
◇ Test case passing 1 argument fixture → EngineFairnessCase(mode: CatanEngine.GameMode.classic, variant: CatanEngine.GameVariant.standard, seat: 2) to invalidKnightVictimCannotConsumeOrPartiallyApply(fixture:) started.
✔ Test aStandardGameListsNoArmyMovesAndRefusesThem() passed after 1.596 seconds.
◇ Test case passing 1 argument fixture → EngineFairnessCase(mode: CatanEngine.GameMode.classic, variant: CatanEngine.GameVariant.standard, seat: 3) to invalidKnightVictimCannotConsumeOrPartiallyApply(fixture:) started.
◇ Test case passing 1 argument fixture → EngineFairnessCase(mode: CatanEngine.GameMode.classic, variant: CatanEngine.GameVariant.conquest, seat: 0) to invalidKnightVictimCannotConsumeOrPartiallyApply(fixture:) started.
◇ Test case passing 1 argument fixture → EngineFairnessCase(mode: CatanEngine.GameMode.classic, variant: CatanEngine.GameVariant.conquest, seat: 1) to invalidKnightVictimCannotConsumeOrPartiallyApply(fixture:) started.
◇ Test case passing 1 argument fixture → EngineFairnessCase(mode: CatanEngine.GameMode.classic, variant: CatanEngine.GameVariant.conquest, seat: 2) to invalidKnightVictimCannotConsumeOrPartiallyApply(fixture:) started.
◇ Test case passing 1 argument fixture → EngineFairnessCase(mode: CatanEngine.GameMode.classic, variant: CatanEngine.GameVariant.conquest, seat: 3) to invalidKnightVictimCannotConsumeOrPartiallyApply(fixture:) started.
◇ Test case passing 1 argument fixture → EngineFairnessCase(mode: CatanEngine.GameMode.classic, variant: CatanEngine.GameVariant.standard, seat: 0) to knightTakesExactlyOneCardFromOnlyTheChosenVictim(fixture:) started.
◇ Test case passing 1 argument fixture → EngineFairnessCase(mode: CatanEngine.GameMode.vast, variant: CatanEngine.GameVariant.standard, seat: 0) to invalidKnightVictimCannotConsumeOrPartiallyApply(fixture:) started.
◇ Test case passing 1 argument fixture → EngineFairnessCase(mode: CatanEngine.GameMode.classic, variant: CatanEngine.GameVariant.standard, seat: 1) to knightTakesExactlyOneCardFromOnlyTheChosenVictim(fixture:) started.
◇ Test case passing 1 argument fixture → EngineFairnessCase(mode: CatanEngine.GameMode.classic, variant: CatanEngine.GameVariant.standard, seat: 2) to knightTakesExactlyOneCardFromOnlyTheChosenVictim(fixture:) started.
◇ Test case passing 1 argument fixture → EngineFairnessCase(mode: CatanEngine.GameMode.vast, variant: CatanEngine.GameVariant.standard, seat: 1) to invalidKnightVictimCannotConsumeOrPartiallyApply(fixture:) started.
◇ Test case passing 1 argument fixture → EngineFairnessCase(mode: CatanEngine.GameMode.classic, variant: CatanEngine.GameVariant.standard, seat: 3) to knightTakesExactlyOneCardFromOnlyTheChosenVictim(fixture:) started.
◇ Test case passing 1 argument fixture → EngineFairnessCase(mode: CatanEngine.GameMode.vast, variant: CatanEngine.GameVariant.standard, seat: 2) to invalidKnightVictimCannotConsumeOrPartiallyApply(fixture:) started.
◇ Test case passing 1 argument fixture → EngineFairnessCase(mode: CatanEngine.GameMode.classic, variant: CatanEngine.GameVariant.conquest, seat: 0) to knightTakesExactlyOneCardFromOnlyTheChosenVictim(fixture:) started.
◇ Test case passing 1 argument fixture → EngineFairnessCase(mode: CatanEngine.GameMode.classic, variant: CatanEngine.GameVariant.conquest, seat: 1) to knightTakesExactlyOneCardFromOnlyTheChosenVictim(fixture:) started.
◇ Test case passing 1 argument fixture → EngineFairnessCase(mode: CatanEngine.GameMode.vast, variant: CatanEngine.GameVariant.standard, seat: 3) to invalidKnightVictimCannotConsumeOrPartiallyApply(fixture:) started.
◇ Test case passing 1 argument fixture → EngineFairnessCase(mode: CatanEngine.GameMode.classic, variant: CatanEngine.GameVariant.conquest, seat: 2) to knightTakesExactlyOneCardFromOnlyTheChosenVictim(fixture:) started.
◇ Test case passing 1 argument fixture → EngineFairnessCase(mode: CatanEngine.GameMode.vast, variant: CatanEngine.GameVariant.conquest, seat: 0) to invalidKnightVictimCannotConsumeOrPartiallyApply(fixture:) started.
◇ Test case passing 1 argument fixture → EngineFairnessCase(mode: CatanEngine.GameMode.classic, variant: CatanEngine.GameVariant.conquest, seat: 3) to knightTakesExactlyOneCardFromOnlyTheChosenVictim(fixture:) started.
◇ Test case passing 1 argument fixture → EngineFairnessCase(mode: CatanEngine.GameMode.vast, variant: CatanEngine.GameVariant.conquest, seat: 1) to invalidKnightVictimCannotConsumeOrPartiallyApply(fixture:) started.
◇ Test case passing 1 argument fixture → EngineFairnessCase(mode: CatanEngine.GameMode.vast, variant: CatanEngine.GameVariant.standard, seat: 0) to knightTakesExactlyOneCardFromOnlyTheChosenVictim(fixture:) started.
◇ Test case passing 1 argument fixture → EngineFairnessCase(mode: CatanEngine.GameMode.vast, variant: CatanEngine.GameVariant.conquest, seat: 2) to invalidKnightVictimCannotConsumeOrPartiallyApply(fixture:) started.
◇ Test case passing 1 argument fixture → EngineFairnessCase(mode: CatanEngine.GameMode.vast, variant: CatanEngine.GameVariant.standard, seat: 1) to knightTakesExactlyOneCardFromOnlyTheChosenVictim(fixture:) started.
◇ Test case passing 1 argument fixture → EngineFairnessCase(mode: CatanEngine.GameMode.vast, variant: CatanEngine.GameVariant.conquest, seat: 3) to invalidKnightVictimCannotConsumeOrPartiallyApply(fixture:) started.
◇ Test case passing 1 argument fixture → EngineFairnessCase(mode: CatanEngine.GameMode.vast, variant: CatanEngine.GameVariant.standard, seat: 2) to knightTakesExactlyOneCardFromOnlyTheChosenVictim(fixture:) started.
◇ Test case passing 1 argument fixture → EngineFairnessCase(mode: CatanEngine.GameMode.vast, variant: CatanEngine.GameVariant.standard, seat: 3) to knightTakesExactlyOneCardFromOnlyTheChosenVictim(fixture:) started.
◇ Test case passing 1 argument fixture → EngineFairnessCase(mode: CatanEngine.GameMode.vast, variant: CatanEngine.GameVariant.conquest, seat: 0) to knightTakesExactlyOneCardFromOnlyTheChosenVictim(fixture:) started.
◇ Test case passing 1 argument fixture → EngineFairnessCase(mode: CatanEngine.GameMode.vast, variant: CatanEngine.GameVariant.conquest, seat: 1) to knightTakesExactlyOneCardFromOnlyTheChosenVictim(fixture:) started.
◇ Test case passing 1 argument fixture → EngineFairnessCase(mode: CatanEngine.GameMode.vast, variant: CatanEngine.GameVariant.conquest, seat: 2) to knightTakesExactlyOneCardFromOnlyTheChosenVictim(fixture:) started.
◇ Test case passing 1 argument fixture → EngineFairnessCase(mode: CatanEngine.GameMode.vast, variant: CatanEngine.GameVariant.conquest, seat: 3) to knightTakesExactlyOneCardFromOnlyTheChosenVictim(fixture:) started.
◇ Test case passing 1 argument fixture → EngineFairnessCase(mode: CatanEngine.GameMode.classic, variant: CatanEngine.GameVariant.standard, seat: 0) to aSecondMatureMonopolyNeedsAnotherTurnAndAZeroGainStillConsumes(fixture:) started.
◇ Test case passing 1 argument fixture → EngineFairnessCase(mode: CatanEngine.GameMode.classic, variant: CatanEngine.GameVariant.standard, seat: 1) to aSecondMatureMonopolyNeedsAnotherTurnAndAZeroGainStillConsumes(fixture:) started.
◇ Test case passing 1 argument fixture → EngineFairnessCase(mode: CatanEngine.GameMode.classic, variant: CatanEngine.GameVariant.standard, seat: 2) to aSecondMatureMonopolyNeedsAnotherTurnAndAZeroGainStillConsumes(fixture:) started.
◇ Test case passing 1 argument fixture → EngineFairnessCase(mode: CatanEngine.GameMode.classic, variant: CatanEngine.GameVariant.standard, seat: 3) to aSecondMatureMonopolyNeedsAnotherTurnAndAZeroGainStillConsumes(fixture:) started.
◇ Test case passing 1 argument fixture → EngineFairnessCase(mode: CatanEngine.GameMode.classic, variant: CatanEngine.GameVariant.conquest, seat: 0) to aSecondMatureMonopolyNeedsAnotherTurnAndAZeroGainStillConsumes(fixture:) started.
◇ Test case passing 1 argument fixture → EngineFairnessCase(mode: CatanEngine.GameMode.classic, variant: CatanEngine.GameVariant.conquest, seat: 1) to aSecondMatureMonopolyNeedsAnotherTurnAndAZeroGainStillConsumes(fixture:) started.
◇ Test case passing 1 argument fixture → EngineFairnessCase(mode: CatanEngine.GameMode.classic, variant: CatanEngine.GameVariant.conquest, seat: 2) to aSecondMatureMonopolyNeedsAnotherTurnAndAZeroGainStillConsumes(fixture:) started.
◇ Test case passing 1 argument fixture → EngineFairnessCase(mode: CatanEngine.GameMode.classic, variant: CatanEngine.GameVariant.conquest, seat: 3) to aSecondMatureMonopolyNeedsAnotherTurnAndAZeroGainStillConsumes(fixture:) started.
◇ Test case passing 1 argument fixture → EngineFairnessCase(mode: CatanEngine.GameMode.vast, variant: CatanEngine.GameVariant.standard, seat: 0) to aSecondMatureMonopolyNeedsAnotherTurnAndAZeroGainStillConsumes(fixture:) started.
✔ Test vertexCanonicalizationIsConsistentAcrossSharedTiles() passed after 1.770 seconds.
◇ Test case passing 1 argument fixture → EngineFairnessCase(mode: CatanEngine.GameMode.vast, variant: CatanEngine.GameVariant.standard, seat: 1) to aSecondMatureMonopolyNeedsAnotherTurnAndAZeroGainStillConsumes(fixture:) started.
◇ Test case passing 1 argument fixture → EngineFairnessCase(mode: CatanEngine.GameMode.vast, variant: CatanEngine.GameVariant.standard, seat: 2) to aSecondMatureMonopolyNeedsAnotherTurnAndAZeroGainStillConsumes(fixture:) started.
◇ Test case passing 1 argument fixture → EngineFairnessCase(mode: CatanEngine.GameMode.vast, variant: CatanEngine.GameVariant.standard, seat: 3) to aSecondMatureMonopolyNeedsAnotherTurnAndAZeroGainStillConsumes(fixture:) started.
◇ Test case passing 1 argument fixture → EngineFairnessCase(mode: CatanEngine.GameMode.vast, variant: CatanEngine.GameVariant.conquest, seat: 0) to aSecondMatureMonopolyNeedsAnotherTurnAndAZeroGainStillConsumes(fixture:) started.
✔ Test legalMovesEnumeratesMoveRobberTargetsAndVictims() passed after 1.867 seconds.
◇ Test case passing 1 argument fixture → EngineFairnessCase(mode: CatanEngine.GameMode.vast, variant: CatanEngine.GameVariant.conquest, seat: 1) to aSecondMatureMonopolyNeedsAnotherTurnAndAZeroGainStillConsumes(fixture:) started.
◇ Test case passing 1 argument fixture → EngineFairnessCase(mode: CatanEngine.GameMode.vast, variant: CatanEngine.GameVariant.conquest, seat: 2) to aSecondMatureMonopolyNeedsAnotherTurnAndAZeroGainStillConsumes(fixture:) started.
◇ Test case passing 1 argument fixture → EngineFairnessCase(mode: CatanEngine.GameMode.classic, variant: CatanEngine.GameVariant.standard, seat: 0) to knightWithoutAResourceHoldingNeighbourConsumesOneCardWithoutTheft(fixture:) started.
◇ Test case passing 1 argument fixture → EngineFairnessCase(mode: CatanEngine.GameMode.classic, variant: CatanEngine.GameVariant.standard, seat: 1) to knightWithoutAResourceHoldingNeighbourConsumesOneCardWithoutTheft(fixture:) started.
◇ Test case passing 1 argument fixture → EngineFairnessCase(mode: CatanEngine.GameMode.vast, variant: CatanEngine.GameVariant.conquest, seat: 3) to aSecondMatureMonopolyNeedsAnotherTurnAndAZeroGainStillConsumes(fixture:) started.
✔ Test anUnsupportedTableSizeIsRefusedAtConstruction() passed after 1.893 seconds.
◇ Test case passing 1 argument fixture → EngineFairnessCase(mode: CatanEngine.GameMode.classic, variant: CatanEngine.GameVariant.standard, seat: 2) to knightWithoutAResourceHoldingNeighbourConsumesOneCardWithoutTheft(fixture:) started.
◇ Test case passing 1 argument fixture → EngineFairnessCase(mode: CatanEngine.GameMode.classic, variant: CatanEngine.GameVariant.standard, seat: 3) to knightWithoutAResourceHoldingNeighbourConsumesOneCardWithoutTheft(fixture:) started.
◇ Test case passing 1 argument fixture → EngineFairnessCase(mode: CatanEngine.GameMode.classic, variant: CatanEngine.GameVariant.conquest, seat: 0) to knightWithoutAResourceHoldingNeighbourConsumesOneCardWithoutTheft(fixture:) started.
◇ Test case passing 1 argument fixture → EngineFairnessCase(mode: CatanEngine.GameMode.classic, variant: CatanEngine.GameVariant.conquest, seat: 1) to knightWithoutAResourceHoldingNeighbourConsumesOneCardWithoutTheft(fixture:) started.
✔ Test theSameOfferAlwaysCarriesTheSameIdentifier() passed after 1.897 seconds.
◇ Test case passing 1 argument fixture → EngineFairnessCase(mode: CatanEngine.GameMode.classic, variant: CatanEngine.GameVariant.conquest, seat: 2) to knightWithoutAResourceHoldingNeighbourConsumesOneCardWithoutTheft(fixture:) started.
◇ Test case passing 1 argument fixture → EngineFairnessCase(mode: CatanEngine.GameMode.classic, variant: CatanEngine.GameVariant.conquest, seat: 3) to knightWithoutAResourceHoldingNeighbourConsumesOneCardWithoutTheft(fixture:) started.
◇ Test case passing 1 argument fixture → EngineFairnessCase(mode: CatanEngine.GameMode.vast, variant: CatanEngine.GameVariant.standard, seat: 0) to knightWithoutAResourceHoldingNeighbourConsumesOneCardWithoutTheft(fixture:) started.
◇ Test case passing 1 argument fixture → EngineFairnessCase(mode: CatanEngine.GameMode.vast, variant: CatanEngine.GameVariant.standard, seat: 1) to knightWithoutAResourceHoldingNeighbourConsumesOneCardWithoutTheft(fixture:) started.
◇ Test case passing 1 argument fixture → EngineFairnessCase(mode: CatanEngine.GameMode.vast, variant: CatanEngine.GameVariant.standard, seat: 2) to knightWithoutAResourceHoldingNeighbourConsumesOneCardWithoutTheft(fixture:) started.
◇ Test case passing 1 argument fixture → EngineFairnessCase(mode: CatanEngine.GameMode.vast, variant: CatanEngine.GameVariant.standard, seat: 3) to knightWithoutAResourceHoldingNeighbourConsumesOneCardWithoutTheft(fixture:) started.
◇ Test case passing 1 argument fixture → EngineFairnessCase(mode: CatanEngine.GameMode.vast, variant: CatanEngine.GameVariant.conquest, seat: 0) to knightWithoutAResourceHoldingNeighbourConsumesOneCardWithoutTheft(fixture:) started.
◇ Test case passing 1 argument fixture → EngineFairnessCase(mode: CatanEngine.GameMode.vast, variant: CatanEngine.GameVariant.conquest, seat: 1) to knightWithoutAResourceHoldingNeighbourConsumesOneCardWithoutTheft(fixture:) started.
◇ Test case passing 1 argument fixture → EngineFairnessCase(mode: CatanEngine.GameMode.vast, variant: CatanEngine.GameVariant.conquest, seat: 2) to knightWithoutAResourceHoldingNeighbourConsumesOneCardWithoutTheft(fixture:) started.
◇ Test case passing 1 argument fixture → EngineFairnessCase(mode: CatanEngine.GameMode.vast, variant: CatanEngine.GameVariant.conquest, seat: 3) to knightWithoutAResourceHoldingNeighbourConsumesOneCardWithoutTheft(fixture:) started.
✔ Test checkForWinnerIsNoOpOnceGameIsAlreadyOver() passed after 1.912 seconds.
✔ Test rollingReportsTheTotalThatWasActuallyRolled() passed after 1.912 seconds.
✔ Test theRejectionMessageNamesTheBankRatherThanThePlayersHand() passed after 1.912 seconds.
✔ Test armyCardsRunFromOneToFourSoTribesAreHardToBreak() passed after 1.912 seconds.
✔ Test opponentSettlementBreaksRoadChain() passed after 1.912 seconds.
✔ Test expandedAllowsThirtyRoadsWhereClassicStopsAtFifteen() passed after 1.912 seconds.
✔ Test phasesNoSingleSeatOwnsReportNobody() passed after 1.911 seconds.
✔ Test expandedRandomizedBoardIsReproducibleFromItsSeed() passed after 1.912 seconds.
✔ Test settlementNotTouchingTheRolledTileGetsNothing() passed after 1.912 seconds.
✔ Test aCompositionThatDoesNotFillTheBoardIsRejected() passed after 1.911 seconds.
✔ Test expandedSeatsAThirtyEightCardBankAndAFiftyCardDeck() passed after 1.912 seconds.
✔ Test secondSettlementGrantsResources() passed after 1.912 seconds.
✔ Test aLiveHumanOfferStillQueuesAndAppliesAPolicyResponse() passed after 1.912 seconds.
✔ Test terminalOfferDoesNotRequestAnotherDecision(restoration:) with 2 test cases passed after 1.912 seconds.
✔ Test acceptsCheckpointAtTurnBackstop() passed after 1.912 seconds.
✔ Test rejectsQueuedResponseFromProposer() passed after 1.912 seconds.
✔ Test aCoherentTerminalTradeQueueCannotReviveTheGame() passed after 1.911 seconds.
✔ Test vastDoublesTheArmyDeck() passed after 1.912 seconds.
✔ Test completedPositionDoesNotReconstructAnOpenTradeResponse() passed after 1.911 seconds.
✔ Test rejectsQueuedResponseToUnknownOffer() passed after 1.918 seconds.
✔ Test rejectsQueuedResponseWithoutPendingOffer() passed after 1.918 seconds.
◇ Test case passing 1 argument table → 3 to decodedCheckpointContinuesIdenticalTranscriptAndLedger(table:) started.
◇ Test case passing 1 argument table → 4 to decodedCheckpointContinuesIdenticalTranscriptAndLedger(table:) started.
✔ Test movingTheRobberWithNobodyToRobReportsNoSteal() passed after 1.919 seconds.
✔ Test rejectsInvalidPhasePlayerIndex(phase:index:) with 10 test cases passed after 1.919 seconds.
✔ Test rejectsCountersThatCannotAdvanceWithoutOverflow(field:) with 2 test cases passed after 1.920 seconds.
◇ Test case passing 1 argument corruption → "nil" to corruptNavalAuthoritativeStateIsRejected(corruption:) started.
◇ Test case passing 1 argument corruption → "rulesVersion" to corruptNavalAuthoritativeStateIsRejected(corruption:) started.
◇ Test case passing 1 argument corruption → "mapVersion" to corruptNavalAuthoritativeStateIsRejected(corruption:) started.
◇ Test case passing 1 argument corruption → "unknownReveal" to corruptNavalAuthoritativeStateIsRejected(corruption:) started.
◇ Test case passing 1 argument corruption → "duplicateShip" to corruptNavalAuthoritativeStateIsRejected(corruption:) started.
◇ Test case passing 1 argument corruption → "shipLand" to corruptNavalAuthoritativeStateIsRejected(corruption:) started.
◇ Test case passing 1 argument corruption → "shipSteps" to corruptNavalAuthoritativeStateIsRejected(corruption:) started.
◇ Test case passing 1 argument corruption → "shipOwner" to corruptNavalAuthoritativeStateIsRejected(corruption:) started.
◇ Test case passing 1 argument corruption → "stock" to corruptNavalAuthoritativeStateIsRejected(corruption:) started.
◇ Test case passing 1 argument corruption → "score" to corruptNavalAuthoritativeStateIsRejected(corruption:) started.
◇ Test case passing 1 argument corruption → "topology" to corruptNavalAuthoritativeStateIsRejected(corruption:) started.
◇ Test case passing 1 argument corruption → "choice" to corruptNavalAuthoritativeStateIsRejected(corruption:) started.
◇ Test case passing 1 argument corruption → "garrison" to corruptNavalAuthoritativeStateIsRejected(corruption:) started.
◇ Test case passing 1 argument corruption → "armyDeck" to corruptNavalAuthoritativeStateIsRejected(corruption:) started.
◇ Test case passing 1 argument corruption → "armyHand" to corruptNavalAuthoritativeStateIsRejected(corruption:) started.
✔ Test rejectsQueuedNonResponseMove() passed after 2.358 seconds.
✔ Test tieKeepsCurrentHolder() passed after 2.358 seconds.
✔ Test rejectsQueuedResponseWithoutActorPolicy() passed after 2.358 seconds.
✔ Test classicDiscardThresholdIsStillSeven() passed after 2.358 seconds.
✔ Test monopolyTransfersAllMatchingCardsFromEveryOtherPlayer() passed after 2.392 seconds.
✔ Test theRobberBlocksAnOccupiedHexIncludingTheBonus() passed after 2.402 seconds.
✔ Test playingMonopolyBeforeRollingStillRequiresTheRoll() passed after 2.402 seconds.
✔ Test rejectsInvalidCurrentTurnSeat(index:) with 2 test cases passed after 2.403 seconds.
✔ Test anExactlyEqualAttackLeavesTheHexUnoccupied() passed after 2.402 seconds.
✔ Test rejectsNegativeCounters(field:) with 2 test cases passed after 2.425 seconds.
✔ Test rejectsUnsupportedStateSchema(version:) with 2 test cases passed after 2.424 seconds.
✔ Test legitimateDecodedSnapshotsResume() passed after 2.424 seconds.
✔ Test outOfOrderSettlementBeforePendingRoadIsRejected() passed after 2.425 seconds.
✔ Test rejectsChangedPolicyRosterAfterDecoding() passed after 2.424 seconds.
✔ Test rejectsActionsBeyondTurnBackstop(actions:) with 2 test cases passed after 2.424 seconds.
✔ Test fastSearchHandlesTheShapesThatBreakNaiveSearches() passed after 2.424 seconds.
✔ Test rejectsZeroEvaluationsWithQueuedDecision() passed after 2.424 seconds.
✔ Test knightCanBePlayedBeforeRolling() passed after 2.424 seconds.
✔ Test expandedDiscardThresholdIsTenNotSeven() passed after 2.424 seconds.
✔ Test rejectsUnsupportedCheckpointVersion(version:) with 3 test cases passed after 2.424 seconds.
✔ Test rejectsActionsWithoutACurrentTurnSeat() passed after 2.424 seconds.
✔ Test legalMovesIsAPureFunctionOfTheState() passed after 2.428 seconds.
✔ Test serializedSessionResumesTheSameDecisionsWithoutRestartingPolicyRandomness() passed after 2.425 seconds.
✔ Test theSameSeedProducesTheSameSession() passed after 2.428 seconds.
✔ Test rejectsInvalidQueuedResponseActor(index:) with 2 test cases passed after 2.423 seconds.
✔ Test buildRoadWithInsufficientResourcesThrows() passed after 2.423 seconds.
✔ Test aThreeSeatGameCyclesTurnsAmongThreeSeats() passed after 2.429 seconds.
✔ Test unsupportedNavalVisionVersionsRemainRejected(version:) with 3 test cases passed after 2.425 seconds.
✔ Test rejectsQueuedEvaluationOutsideRecordedRange(index:) with 3 test cases passed after 2.423 seconds.
✔ Test aMissingNavalVersionAlwaysDecodesAsLegacyOneWithoutRefogging() passed after 2.424 seconds.
✔ Test robberTileProducesNothing() passed after 2.423 seconds.
✔ Test newGamesUseCornerVisionWithoutChangingOpeningMapOrEngineVersions() passed after 2.424 seconds.
✔ Test rejectsCurrentTurnSeatWithoutActions() passed after 2.423 seconds.
✔ Test anUnoccupiedHexPaysEveryoneAsNormal() passed after 2.423 seconds.
✔ Test anEmptyArmyDeckCannotBeBoughtFrom() passed after 2.423 seconds.
✔ Test soleDemandingPlayerGetsWhateverBankHasLeft() passed after 2.423 seconds.
✔ Test bankDraftChecksEachResourcesOwnRateInACompoundTrade() passed after 2.434 seconds.
✔ Test bankDraftNamesTheRequiredBundleAtThePlayersActualPortRate(_:) with 3 test cases passed after 2.443 seconds.
✔ Test rollingSevenWithOverEightCardsRequiresDiscard() passed after 2.466 seconds.
✔ Test clearDraftConstraintsAreNotPermissionToCommit() passed after 2.467 seconds.
◇ Test case passing 1 argument external → false to monopolySurvivesCheckpointRoundTrip(external:) started.
◇ Test case passing 1 argument external → true to monopolySurvivesCheckpointRoundTrip(external:) started.
◇ Test case passing 1 argument oreCount → 0 to positionOnlyZeroHoldingsSurviveCheckpointRoundTrip(oreCount:) started.
◇ Test case passing 1 argument oreCount → 2 to positionOnlyZeroHoldingsSurviveCheckpointRoundTrip(oreCount:) started.
✔ Test overlapPrecedesStableResourceOrderForBundleErrorsWithoutMutatingState() passed after 2.501 seconds.
✔ Test sameResourceIsExcludedInEitherDraftMode(_:) with 2 test cases passed after 2.501 seconds.
✔ Test anUnsupportedTargetIsRefused() passed after 2.501 seconds.
✔ Test oneOfEachStillNeedsAllFive() passed after 2.501 seconds.
✔ Test buildingSettlementOnOpponentRoadRecomputesLongestRoadImmediately() passed after 2.501 seconds.
✔ Test coldCheckpointKeepsItsVisionRuleAndPreviouslyDiscoveredTiles(version:) with 2 test cases passed after 2.504 seconds.
✔ Test classicRulesetMatchesTheValuesTheEngineShippedWith() passed after 2.501 seconds.
✔ Test robberMoveCannotSkipAnEligibleVictim() passed after 2.501 seconds.
✔ Test proposeTradeStopsBeingLegalAtTheTurnRetryLimit() passed after 2.501 seconds.
✔ Test historicalOverlappingDomesticTradesStillApplyAndReplay(_:) with 2 test cases passed after 2.501 seconds.
✔ Test yearOfPlentyRequiresTwoCardsTheBankCanSupply() passed after 2.501 seconds.
✔ Test anyOnePriceTakesASingleCard() passed after 2.501 seconds.
✔ Test cityProducesTwoResourcesOnMatchingRoll() passed after 2.501 seconds.
✔ Test thirdKnightGrantsLargestArmy() passed after 2.500 seconds.
✔ Test illegalPlacementTooCloseIsRejected() passed after 2.501 seconds.
✔ Test aCompositionExpandsToExactlyTheDeclaredCounts() passed after 2.500 seconds.
✔ Test aTokenCountThatMissesTheProducingTilesIsRejected() passed after 2.500 seconds.
✔ Test roadMustConnectToOwnNetwork() passed after 2.500 seconds.
✔ Test knightPlayedBeforeRollingBlocksAnotherCardThatSameTurn() passed after 2.500 seconds.
◇ Test case passing 2 arguments fog → true, flexible → true to responseOnlyInformationDoesNotExposePrivateComposition(fog:flexible:) started.
◇ Test case passing 2 arguments fog → true, flexible → false to responseOnlyInformationDoesNotExposePrivateComposition(fog:flexible:) started.
◇ Test case passing 2 arguments fog → false, flexible → true to responseOnlyInformationDoesNotExposePrivateComposition(fog:flexible:) started.
◇ Test case passing 2 arguments fog → false, flexible → false to responseOnlyInformationDoesNotExposePrivateComposition(fog:flexible:) started.
◇ Test case passing 2 arguments fog → true, flexible → true to decodedRawInputMasksAndKeepsCounts(fog:flexible:) started.
◇ Test case passing 2 arguments fog → true, flexible → false to decodedRawInputMasksAndKeepsCounts(fog:flexible:) started.
◇ Test case passing 2 arguments fog → false, flexible → true to decodedRawInputMasksAndKeepsCounts(fog:flexible:) started.
◇ Test case passing 2 arguments fog → false, flexible → false to decodedRawInputMasksAndKeepsCounts(fog:flexible:) started.
✔ Test roadBuildingBuildsTwoFreeRoads() passed after 2.652 seconds.
✔ Test roadBuildingThrowsIfEitherEdgeIsIllegal() passed after 2.652 seconds.
◇ Test case passing 1 argument corruption → "maximum" to impossibleChoiceObligationsAreRejected(corruption:) started.
◇ Test case passing 1 argument corruption → "overYield" to impossibleChoiceObligationsAreRejected(corruption:) started.
◇ Test case passing 1 argument corruption → "wrongRoll" to impossibleChoiceObligationsAreRejected(corruption:) started.
◇ Test case passing 1 argument corruption → "captureFlag" to impossibleChoiceObligationsAreRejected(corruption:) started.
◇ Test case passing 1 argument corruption → "missingLater" to impossibleChoiceObligationsAreRejected(corruption:) started.
◇ Test case passing 1 argument corruption → "reordered" to impossibleChoiceObligationsAreRejected(corruption:) started.
◇ Test case passing 1 argument corruption → "partialLater" to impossibleChoiceObligationsAreRejected(corruption:) started.
◇ Test case passing 1 argument corruption → "emptyBank" to impossibleChoiceObligationsAreRejected(corruption:) started.
◇ Test case passing 1 argument corruption → "wrongPhaseSeat" to impossibleChoiceObligationsAreRejected(corruption:) started.
✔ Test aCardBoughtThisTurnCanBeDeployedAtOnce() passed after 3.111 seconds.
✔ Test aFullyOwnedGameRunsToCompletion() passed after 3.118 seconds.
◇ Test case passing 2 arguments rotation → 0, origin → HexCoordinate(q: 0, r: 0) to cornerFootprintIsCenteredSymmetricAndHasExactCutoff(rotation:origin:) started.
◇ Test case passing 2 arguments rotation → 0, origin → HexCoordinate(q: 4, r: -3) to cornerFootprintIsCenteredSymmetricAndHasExactCutoff(rotation:origin:) started.
◇ Test case passing 2 arguments rotation → 1, origin → HexCoordinate(q: 0, r: 0) to cornerFootprintIsCenteredSymmetricAndHasExactCutoff(rotation:origin:) started.
◇ Test case passing 2 arguments rotation → 1, origin → HexCoordinate(q: 4, r: -3) to cornerFootprintIsCenteredSymmetricAndHasExactCutoff(rotation:origin:) started.
◇ Test case passing 2 arguments rotation → 2, origin → HexCoordinate(q: 0, r: 0) to cornerFootprintIsCenteredSymmetricAndHasExactCutoff(rotation:origin:) started.
◇ Test case passing 2 arguments rotation → 2, origin → HexCoordinate(q: 4, r: -3) to cornerFootprintIsCenteredSymmetricAndHasExactCutoff(rotation:origin:) started.
◇ Test case passing 2 arguments rotation → 3, origin → HexCoordinate(q: 0, r: 0) to cornerFootprintIsCenteredSymmetricAndHasExactCutoff(rotation:origin:) started.
◇ Test case passing 2 arguments rotation → 3, origin → HexCoordinate(q: 4, r: -3) to cornerFootprintIsCenteredSymmetricAndHasExactCutoff(rotation:origin:) started.
◇ Test case passing 2 arguments rotation → 4, origin → HexCoordinate(q: 0, r: 0) to cornerFootprintIsCenteredSymmetricAndHasExactCutoff(rotation:origin:) started.
◇ Test case passing 2 arguments rotation → 4, origin → HexCoordinate(q: 4, r: -3) to cornerFootprintIsCenteredSymmetricAndHasExactCutoff(rotation:origin:) started.
◇ Test case passing 2 arguments rotation → 5, origin → HexCoordinate(q: 0, r: 0) to cornerFootprintIsCenteredSymmetricAndHasExactCutoff(rotation:origin:) started.
◇ Test case passing 2 arguments rotation → 5, origin → HexCoordinate(q: 4, r: -3) to cornerFootprintIsCenteredSymmetricAndHasExactCutoff(rotation:origin:) started.
◇ Test case passing 1 argument origin → HexCoordinate(q: 0, r: 0) to shipVisionRetainsItsNineteenHexFootprintAndSixCardinalBoundaries(origin:) started.
◇ Test case passing 1 argument origin → HexCoordinate(q: 4, r: -3) to shipVisionRetainsItsNineteenHexFootprintAndSixCardinalBoundaries(origin:) started.
◇ Test case passing 2 arguments rotation → 0, landMask → 1 to terrainDoesNotChangeTheCornerOriginOrDiscoveryEvents(rotation:landMask:) started.
◇ Test case passing 2 arguments rotation → 0, landMask → 2 to terrainDoesNotChangeTheCornerOriginOrDiscoveryEvents(rotation:landMask:) started.
◇ Test case passing 2 arguments rotation → 0, landMask → 3 to terrainDoesNotChangeTheCornerOriginOrDiscoveryEvents(rotation:landMask:) started.
◇ Test case passing 2 arguments rotation → 0, landMask → 4 to terrainDoesNotChangeTheCornerOriginOrDiscoveryEvents(rotation:landMask:) started.
◇ Test case passing 2 arguments rotation → 0, landMask → 5 to terrainDoesNotChangeTheCornerOriginOrDiscoveryEvents(rotation:landMask:) started.
◇ Test case passing 2 arguments rotation → 0, landMask → 6 to terrainDoesNotChangeTheCornerOriginOrDiscoveryEvents(rotation:landMask:) started.
◇ Test case passing 2 arguments rotation → 0, landMask → 7 to terrainDoesNotChangeTheCornerOriginOrDiscoveryEvents(rotation:landMask:) started.
◇ Test case passing 2 arguments rotation → 1, landMask → 1 to terrainDoesNotChangeTheCornerOriginOrDiscoveryEvents(rotation:landMask:) started.
◇ Test case passing 2 arguments rotation → 1, landMask → 2 to terrainDoesNotChangeTheCornerOriginOrDiscoveryEvents(rotation:landMask:) started.
◇ Test case passing 2 arguments rotation → 1, landMask → 3 to terrainDoesNotChangeTheCornerOriginOrDiscoveryEvents(rotation:landMask:) started.
◇ Test case passing 2 arguments rotation → 1, landMask → 4 to terrainDoesNotChangeTheCornerOriginOrDiscoveryEvents(rotation:landMask:) started.
◇ Test case passing 2 arguments rotation → 1, landMask → 5 to terrainDoesNotChangeTheCornerOriginOrDiscoveryEvents(rotation:landMask:) started.
◇ Test case passing 2 arguments rotation → 1, landMask → 6 to terrainDoesNotChangeTheCornerOriginOrDiscoveryEvents(rotation:landMask:) started.
◇ Test case passing 2 arguments rotation → 1, landMask → 7 to terrainDoesNotChangeTheCornerOriginOrDiscoveryEvents(rotation:landMask:) started.
◇ Test case passing 2 arguments rotation → 2, landMask → 1 to terrainDoesNotChangeTheCornerOriginOrDiscoveryEvents(rotation:landMask:) started.
◇ Test case passing 2 arguments rotation → 2, landMask → 2 to terrainDoesNotChangeTheCornerOriginOrDiscoveryEvents(rotation:landMask:) started.
◇ Test case passing 2 arguments rotation → 2, landMask → 3 to terrainDoesNotChangeTheCornerOriginOrDiscoveryEvents(rotation:landMask:) started.
◇ Test case passing 2 arguments rotation → 2, landMask → 4 to terrainDoesNotChangeTheCornerOriginOrDiscoveryEvents(rotation:landMask:) started.
◇ Test case passing 2 arguments rotation → 2, landMask → 5 to terrainDoesNotChangeTheCornerOriginOrDiscoveryEvents(rotation:landMask:) started.
◇ Test case passing 2 arguments rotation → 2, landMask → 6 to terrainDoesNotChangeTheCornerOriginOrDiscoveryEvents(rotation:landMask:) started.
◇ Test case passing 2 arguments rotation → 2, landMask → 7 to terrainDoesNotChangeTheCornerOriginOrDiscoveryEvents(rotation:landMask:) started.
◇ Test case passing 2 arguments rotation → 3, landMask → 1 to terrainDoesNotChangeTheCornerOriginOrDiscoveryEvents(rotation:landMask:) started.
◇ Test case passing 2 arguments rotation → 3, landMask → 2 to terrainDoesNotChangeTheCornerOriginOrDiscoveryEvents(rotation:landMask:) started.
◇ Test case passing 2 arguments rotation → 3, landMask → 3 to terrainDoesNotChangeTheCornerOriginOrDiscoveryEvents(rotation:landMask:) started.
◇ Test case passing 2 arguments rotation → 3, landMask → 4 to terrainDoesNotChangeTheCornerOriginOrDiscoveryEvents(rotation:landMask:) started.
◇ Test case passing 2 arguments rotation → 3, landMask → 5 to terrainDoesNotChangeTheCornerOriginOrDiscoveryEvents(rotation:landMask:) started.
◇ Test case passing 2 arguments rotation → 3, landMask → 6 to terrainDoesNotChangeTheCornerOriginOrDiscoveryEvents(rotation:landMask:) started.
◇ Test case passing 2 arguments rotation → 3, landMask → 7 to terrainDoesNotChangeTheCornerOriginOrDiscoveryEvents(rotation:landMask:) started.
◇ Test case passing 2 arguments rotation → 4, landMask → 1 to terrainDoesNotChangeTheCornerOriginOrDiscoveryEvents(rotation:landMask:) started.
◇ Test case passing 2 arguments rotation → 4, landMask → 2 to terrainDoesNotChangeTheCornerOriginOrDiscoveryEvents(rotation:landMask:) started.
◇ Test case passing 2 arguments rotation → 4, landMask → 3 to terrainDoesNotChangeTheCornerOriginOrDiscoveryEvents(rotation:landMask:) started.
◇ Test case passing 2 arguments rotation → 4, landMask → 4 to terrainDoesNotChangeTheCornerOriginOrDiscoveryEvents(rotation:landMask:) started.
◇ Test case passing 2 arguments rotation → 4, landMask → 5 to terrainDoesNotChangeTheCornerOriginOrDiscoveryEvents(rotation:landMask:) started.
◇ Test case passing 2 arguments rotation → 4, landMask → 6 to terrainDoesNotChangeTheCornerOriginOrDiscoveryEvents(rotation:landMask:) started.
◇ Test case passing 2 arguments rotation → 4, landMask → 7 to terrainDoesNotChangeTheCornerOriginOrDiscoveryEvents(rotation:landMask:) started.
◇ Test case passing 2 arguments rotation → 5, landMask → 1 to terrainDoesNotChangeTheCornerOriginOrDiscoveryEvents(rotation:landMask:) started.
◇ Test case passing 2 arguments rotation → 5, landMask → 2 to terrainDoesNotChangeTheCornerOriginOrDiscoveryEvents(rotation:landMask:) started.
◇ Test case passing 2 arguments rotation → 5, landMask → 3 to terrainDoesNotChangeTheCornerOriginOrDiscoveryEvents(rotation:landMask:) started.
◇ Test case passing 2 arguments rotation → 5, landMask → 4 to terrainDoesNotChangeTheCornerOriginOrDiscoveryEvents(rotation:landMask:) started.
◇ Test case passing 2 arguments rotation → 5, landMask → 5 to terrainDoesNotChangeTheCornerOriginOrDiscoveryEvents(rotation:landMask:) started.
◇ Test case passing 2 arguments rotation → 5, landMask → 6 to terrainDoesNotChangeTheCornerOriginOrDiscoveryEvents(rotation:landMask:) started.
◇ Test case passing 2 arguments rotation → 5, landMask → 7 to terrainDoesNotChangeTheCornerOriginOrDiscoveryEvents(rotation:landMask:) started.
✔ Test legacyNavalOneReplaysItsOriginalExactRevealUnderEveryEngineVersion(engineVersion:) with 3 test cases passed after 3.139 seconds.
✔ Test deckBuildOrderRanksArePreservedAndDistinct() passed after 3.134 seconds.
✔ Test aPlayerAtTheRoadLimitHasNoLegalRoadToBuild() passed after 3.134 seconds.
◇ Test case passing 1 argument rate → 2 to mixedBankTradesWithOverlapAreRejectedWithoutMutation(rate:) started.
◇ Test case passing 1 argument rate → 3 to mixedBankTradesWithOverlapAreRejectedWithoutMutation(rate:) started.
◇ Test case passing 1 argument rate → 4 to mixedBankTradesWithOverlapAreRejectedWithoutMutation(rate:) started.
✔ Test standardBoardHasNoAdjacentSixOrEight() passed after 3.165 seconds.
◇ Test case passing 1 argument rate → 2 to disjointCompoundBankTradeStillAppliesAtEachResourcesRate(rate:) started.
◇ Test case passing 1 argument rate → 3 to disjointCompoundBankTradeStillAppliesAtEachResourcesRate(rate:) started.
◇ Test case passing 1 argument rate → 4 to disjointCompoundBankTradeStillAppliesAtEachResourcesRate(rate:) started.
◇ Test case passing 2 arguments rate → 2, quantity → 1 to sameResourceBankTradeIsRejectedWithoutMutation(rate:quantity:) started.
◇ Test case passing 2 arguments rate → 2, quantity → 2 to sameResourceBankTradeIsRejectedWithoutMutation(rate:quantity:) started.
◇ Test case passing 2 arguments rate → 3, quantity → 1 to sameResourceBankTradeIsRejectedWithoutMutation(rate:quantity:) started.
◇ Test case passing 2 arguments rate → 3, quantity → 2 to sameResourceBankTradeIsRejectedWithoutMutation(rate:quantity:) started.
◇ Test case passing 2 arguments rate → 4, quantity → 1 to sameResourceBankTradeIsRejectedWithoutMutation(rate:quantity:) started.
◇ Test case passing 2 arguments rate → 4, quantity → 2 to sameResourceBankTradeIsRejectedWithoutMutation(rate:quantity:) started.
✔ Test setupEndDealsEveryPlayerOnePlayableArmyCard() passed after 3.194 seconds.
◇ Test case passing 1 argument fixture → EngineFairnessCase(mode: CatanEngine.GameMode.classic, variant: CatanEngine.GameVariant.standard, seat: 0) to requiredRobberyAndDiscardHaveControllerParity(fixture:) started.
◇ Test case passing 1 argument fixture → EngineFairnessCase(mode: CatanEngine.GameMode.classic, variant: CatanEngine.GameVariant.standard, seat: 1) to requiredRobberyAndDiscardHaveControllerParity(fixture:) started.
◇ Test case passing 1 argument fixture → EngineFairnessCase(mode: CatanEngine.GameMode.classic, variant: CatanEngine.GameVariant.standard, seat: 2) to requiredRobberyAndDiscardHaveControllerParity(fixture:) started.
◇ Test case passing 1 argument fixture → EngineFairnessCase(mode: CatanEngine.GameMode.classic, variant: CatanEngine.GameVariant.standard, seat: 3) to requiredRobberyAndDiscardHaveControllerParity(fixture:) started.
◇ Test case passing 1 argument fixture → EngineFairnessCase(mode: CatanEngine.GameMode.classic, variant: CatanEngine.GameVariant.conquest, seat: 0) to requiredRobberyAndDiscardHaveControllerParity(fixture:) started.
◇ Test case passing 1 argument fixture → EngineFairnessCase(mode: CatanEngine.GameMode.classic, variant: CatanEngine.GameVariant.conquest, seat: 1) to requiredRobberyAndDiscardHaveControllerParity(fixture:) started.
◇ Test case passing 1 argument fixture → EngineFairnessCase(mode: CatanEngine.GameMode.classic, variant: CatanEngine.GameVariant.conquest, seat: 2) to requiredRobberyAndDiscardHaveControllerParity(fixture:) started.
◇ Test case passing 1 argument fixture → EngineFairnessCase(mode: CatanEngine.GameMode.classic, variant: CatanEngine.GameVariant.conquest, seat: 3) to requiredRobberyAndDiscardHaveControllerParity(fixture:) started.
◇ Test case passing 1 argument fixture → EngineFairnessCase(mode: CatanEngine.GameMode.vast, variant: CatanEngine.GameVariant.standard, seat: 0) to requiredRobberyAndDiscardHaveControllerParity(fixture:) started.
◇ Test case passing 1 argument fixture → EngineFairnessCase(mode: CatanEngine.GameMode.vast, variant: CatanEngine.GameVariant.standard, seat: 1) to requiredRobberyAndDiscardHaveControllerParity(fixture:) started.
◇ Test case passing 1 argument fixture → EngineFairnessCase(mode: CatanEngine.GameMode.vast, variant: CatanEngine.GameVariant.standard, seat: 2) to requiredRobberyAndDiscardHaveControllerParity(fixture:) started.
◇ Test case passing 1 argument fixture → EngineFairnessCase(mode: CatanEngine.GameMode.vast, variant: CatanEngine.GameVariant.standard, seat: 3) to requiredRobberyAndDiscardHaveControllerParity(fixture:) started.
◇ Test case passing 1 argument fixture → EngineFairnessCase(mode: CatanEngine.GameMode.vast, variant: CatanEngine.GameVariant.conquest, seat: 0) to requiredRobberyAndDiscardHaveControllerParity(fixture:) started.
◇ Test case passing 1 argument fixture → EngineFairnessCase(mode: CatanEngine.GameMode.vast, variant: CatanEngine.GameVariant.conquest, seat: 1) to requiredRobberyAndDiscardHaveControllerParity(fixture:) started.
◇ Test case passing 1 argument fixture → EngineFairnessCase(mode: CatanEngine.GameMode.vast, variant: CatanEngine.GameVariant.conquest, seat: 2) to requiredRobberyAndDiscardHaveControllerParity(fixture:) started.
◇ Test case passing 1 argument fixture → EngineFairnessCase(mode: CatanEngine.GameMode.vast, variant: CatanEngine.GameVariant.conquest, seat: 3) to requiredRobberyAndDiscardHaveControllerParity(fixture:) started.
◇ Test case passing 1 argument fixture → EngineFairnessCase(mode: CatanEngine.GameMode.classic, variant: CatanEngine.GameVariant.standard, seat: 0) to wrongSeatCannotPlayAndNeitherCommitPathMutates(fixture:) started.
◇ Test case passing 1 argument fixture → EngineFairnessCase(mode: CatanEngine.GameMode.classic, variant: CatanEngine.GameVariant.standard, seat: 1) to wrongSeatCannotPlayAndNeitherCommitPathMutates(fixture:) started.
◇ Test case passing 1 argument fixture → EngineFairnessCase(mode: CatanEngine.GameMode.classic, variant: CatanEngine.GameVariant.standard, seat: 2) to wrongSeatCannotPlayAndNeitherCommitPathMutates(fixture:) started.
◇ Test case passing 1 argument fixture → EngineFairnessCase(mode: CatanEngine.GameMode.classic, variant: CatanEngine.GameVariant.standard, seat: 3) to wrongSeatCannotPlayAndNeitherCommitPathMutates(fixture:) started.
◇ Test case passing 1 argument fixture → EngineFairnessCase(mode: CatanEngine.GameMode.classic, variant: CatanEngine.GameVariant.conquest, seat: 0) to wrongSeatCannotPlayAndNeitherCommitPathMutates(fixture:) started.
◇ Test case passing 1 argument fixture → EngineFairnessCase(mode: CatanEngine.GameMode.classic, variant: CatanEngine.GameVariant.conquest, seat: 1) to wrongSeatCannotPlayAndNeitherCommitPathMutates(fixture:) started.
◇ Test case passing 1 argument fixture → EngineFairnessCase(mode: CatanEngine.GameMode.classic, variant: CatanEngine.GameVariant.conquest, seat: 2) to wrongSeatCannotPlayAndNeitherCommitPathMutates(fixture:) started.
◇ Test case passing 1 argument fixture → EngineFairnessCase(mode: CatanEngine.GameMode.classic, variant: CatanEngine.GameVariant.conquest, seat: 3) to wrongSeatCannotPlayAndNeitherCommitPathMutates(fixture:) started.
◇ Test case passing 1 argument fixture → EngineFairnessCase(mode: CatanEngine.GameMode.vast, variant: CatanEngine.GameVariant.standard, seat: 0) to wrongSeatCannotPlayAndNeitherCommitPathMutates(fixture:) started.
◇ Test case passing 1 argument fixture → EngineFairnessCase(mode: CatanEngine.GameMode.vast, variant: CatanEngine.GameVariant.standard, seat: 1) to wrongSeatCannotPlayAndNeitherCommitPathMutates(fixture:) started.
◇ Test case passing 1 argument fixture → EngineFairnessCase(mode: CatanEngine.GameMode.vast, variant: CatanEngine.GameVariant.standard, seat: 2) to wrongSeatCannotPlayAndNeitherCommitPathMutates(fixture:) started.
◇ Test case passing 1 argument fixture → EngineFairnessCase(mode: CatanEngine.GameMode.vast, variant: CatanEngine.GameVariant.standard, seat: 3) to wrongSeatCannotPlayAndNeitherCommitPathMutates(fixture:) started.
◇ Test case passing 1 argument fixture → EngineFairnessCase(mode: CatanEngine.GameMode.vast, variant: CatanEngine.GameVariant.conquest, seat: 0) to wrongSeatCannotPlayAndNeitherCommitPathMutates(fixture:) started.
◇ Test case passing 1 argument fixture → EngineFairnessCase(mode: CatanEngine.GameMode.vast, variant: CatanEngine.GameVariant.conquest, seat: 1) to wrongSeatCannotPlayAndNeitherCommitPathMutates(fixture:) started.
◇ Test case passing 1 argument fixture → EngineFairnessCase(mode: CatanEngine.GameMode.vast, variant: CatanEngine.GameVariant.conquest, seat: 2) to wrongSeatCannotPlayAndNeitherCommitPathMutates(fixture:) started.
◇ Test case passing 1 argument fixture → EngineFairnessCase(mode: CatanEngine.GameMode.vast, variant: CatanEngine.GameVariant.conquest, seat: 3) to wrongSeatCannotPlayAndNeitherCommitPathMutates(fixture:) started.
◇ Test case passing 1 argument fixture → EngineFairnessCase(mode: CatanEngine.GameMode.classic, variant: CatanEngine.GameVariant.standard, seat: 0) to humanAndPolicyApplyTheSameLegalCardMoves(fixture:) started.
◇ Test case passing 1 argument fixture → EngineFairnessCase(mode: CatanEngine.GameMode.classic, variant: CatanEngine.GameVariant.standard, seat: 1) to humanAndPolicyApplyTheSameLegalCardMoves(fixture:) started.
◇ Test case passing 1 argument fixture → EngineFairnessCase(mode: CatanEngine.GameMode.classic, variant: CatanEngine.GameVariant.standard, seat: 2) to humanAndPolicyApplyTheSameLegalCardMoves(fixture:) started.
◇ Test case passing 1 argument fixture → EngineFairnessCase(mode: CatanEngine.GameMode.classic, variant: CatanEngine.GameVariant.standard, seat: 3) to humanAndPolicyApplyTheSameLegalCardMoves(fixture:) started.
◇ Test case passing 1 argument fixture → EngineFairnessCase(mode: CatanEngine.GameMode.classic, variant: CatanEngine.GameVariant.conquest, seat: 0) to humanAndPolicyApplyTheSameLegalCardMoves(fixture:) started.
◇ Test case passing 1 argument fixture → EngineFairnessCase(mode: CatanEngine.GameMode.classic, variant: CatanEngine.GameVariant.conquest, seat: 1) to humanAndPolicyApplyTheSameLegalCardMoves(fixture:) started.
◇ Test case passing 1 argument fixture → EngineFairnessCase(mode: CatanEngine.GameMode.classic, variant: CatanEngine.GameVariant.conquest, seat: 2) to humanAndPolicyApplyTheSameLegalCardMoves(fixture:) started.
◇ Test case passing 1 argument fixture → EngineFairnessCase(mode: CatanEngine.GameMode.classic, variant: CatanEngine.GameVariant.conquest, seat: 3) to humanAndPolicyApplyTheSameLegalCardMoves(fixture:) started.
◇ Test case passing 1 argument fixture → EngineFairnessCase(mode: CatanEngine.GameMode.vast, variant: CatanEngine.GameVariant.standard, seat: 0) to humanAndPolicyApplyTheSameLegalCardMoves(fixture:) started.
◇ Test case passing 1 argument fixture → EngineFairnessCase(mode: CatanEngine.GameMode.vast, variant: CatanEngine.GameVariant.standard, seat: 1) to humanAndPolicyApplyTheSameLegalCardMoves(fixture:) started.
◇ Test case passing 1 argument fixture → EngineFairnessCase(mode: CatanEngine.GameMode.vast, variant: CatanEngine.GameVariant.standard, seat: 2) to humanAndPolicyApplyTheSameLegalCardMoves(fixture:) started.
◇ Test case passing 1 argument fixture → EngineFairnessCase(mode: CatanEngine.GameMode.vast, variant: CatanEngine.GameVariant.standard, seat: 3) to humanAndPolicyApplyTheSameLegalCardMoves(fixture:) started.
◇ Test case passing 1 argument fixture → EngineFairnessCase(mode: CatanEngine.GameMode.vast, variant: CatanEngine.GameVariant.conquest, seat: 0) to humanAndPolicyApplyTheSameLegalCardMoves(fixture:) started.
◇ Test case passing 1 argument fixture → EngineFairnessCase(mode: CatanEngine.GameMode.vast, variant: CatanEngine.GameVariant.conquest, seat: 1) to humanAndPolicyApplyTheSameLegalCardMoves(fixture:) started.
◇ Test case passing 1 argument fixture → EngineFairnessCase(mode: CatanEngine.GameMode.vast, variant: CatanEngine.GameVariant.conquest, seat: 2) to humanAndPolicyApplyTheSameLegalCardMoves(fixture:) started.
◇ Test case passing 1 argument fixture → EngineFairnessCase(mode: CatanEngine.GameMode.vast, variant: CatanEngine.GameVariant.conquest, seat: 3) to humanAndPolicyApplyTheSameLegalCardMoves(fixture:) started.
✔ Test everyActiveDevCardIsOfferedBeforeRolling() passed after 3.543 seconds.
◇ Test case passing 1 argument family → .archipelago to sameFamilyFallbackIsValidForEitherProductionOption(family:) started.
◇ Test case passing 1 argument family → .peninsula to sameFamilyFallbackIsValidForEitherProductionOption(family:) started.
◇ Test case passing 1 argument family → .twinIslands to sameFamilyFallbackIsValidForEitherProductionOption(family:) started.
◇ Test case passing 1 argument family → .archipelago to togglesPreserveWorldAndRandomStream(family:) started.
NAVAL DETERMINISM FINGERPRINT 9763491777621528290
◇ Test case passing 1 argument family → .peninsula to togglesPreserveWorldAndRandomStream(family:) started.
◇ Test case passing 1 argument family → .twinIslands to togglesPreserveWorldAndRandomStream(family:) started.
◇ Test case passing 1 argument family → .archipelago to seededWorldStudy(family:) started.
◇ Test case passing 1 argument family → .peninsula to seededWorldStudy(family:) started.
◇ Test case passing 1 argument family → .twinIslands to seededWorldStudy(family:) started.
✔ Test legalMovesEnumeratesDiscardCombinationsForEachPendingPlayer() passed after 5.141 seconds.
✔ Test expandedHasFourteenPortsOnDistinctCoastalEdges() passed after 5.141 seconds.
✔ Test newTieBetweenTwoPlayersAwardsNoOne() passed after 5.141 seconds.
✔ Test aSaveMissingFieldsAddedAfterItWasWrittenStillLoads() passed after 5.141 seconds.
✔ Test expandedBoardHasThirtySevenTilesAndOneDesert() passed after 5.141 seconds.
✔ Test deployingCardsNotHeldIsRefusedWithoutMutation() passed after 5.141 seconds.
✔ Test cannotPlayDevCardBoughtThisTurn() passed after 5.140 seconds.
✔ Test fogDisabledRetainsTheEntireWorldUnderEitherVisionRule(version:) with 2 test cases passed after 5.146 seconds.
✔ Test robberBlocksFlexibleProductionAndNeverTargetsFogOrShips() passed after 5.142 seconds.
✔ Test unavailableChoicesAreRejectedAndEmptyBankExpiresObligations() passed after 5.141 seconds.
✔ Test citiesChooseTwoUnitsClockwiseAfterFixedProduction() passed after 5.142 seconds.
◇ Test case passing 1 argument fixture → EngineFairnessCase(mode: CatanEngine.GameMode.classic, variant: CatanEngine.GameVariant.standard, seat: 0) to humanAndBotsWithDifferentPolicyDrawCountsGetIdenticalDice(fixture:) started.
◇ Test case passing 1 argument fixture → EngineFairnessCase(mode: CatanEngine.GameMode.classic, variant: CatanEngine.GameVariant.standard, seat: 1) to humanAndBotsWithDifferentPolicyDrawCountsGetIdenticalDice(fixture:) started.
◇ Test case passing 1 argument fixture → EngineFairnessCase(mode: CatanEngine.GameMode.classic, variant: CatanEngine.GameVariant.standard, seat: 2) to humanAndBotsWithDifferentPolicyDrawCountsGetIdenticalDice(fixture:) started.
◇ Test case passing 1 argument fixture → EngineFairnessCase(mode: CatanEngine.GameMode.classic, variant: CatanEngine.GameVariant.standard, seat: 3) to humanAndBotsWithDifferentPolicyDrawCountsGetIdenticalDice(fixture:) started.
◇ Test case passing 1 argument fixture → EngineFairnessCase(mode: CatanEngine.GameMode.classic, variant: CatanEngine.GameVariant.conquest, seat: 0) to humanAndBotsWithDifferentPolicyDrawCountsGetIdenticalDice(fixture:) started.
◇ Test case passing 1 argument fixture → EngineFairnessCase(mode: CatanEngine.GameMode.classic, variant: CatanEngine.GameVariant.conquest, seat: 1) to humanAndBotsWithDifferentPolicyDrawCountsGetIdenticalDice(fixture:) started.
◇ Test case passing 1 argument fixture → EngineFairnessCase(mode: CatanEngine.GameMode.classic, variant: CatanEngine.GameVariant.conquest, seat: 2) to humanAndBotsWithDifferentPolicyDrawCountsGetIdenticalDice(fixture:) started.
◇ Test case passing 1 argument fixture → EngineFairnessCase(mode: CatanEngine.GameMode.classic, variant: CatanEngine.GameVariant.conquest, seat: 3) to humanAndBotsWithDifferentPolicyDrawCountsGetIdenticalDice(fixture:) started.
◇ Test case passing 1 argument fixture → EngineFairnessCase(mode: CatanEngine.GameMode.vast, variant: CatanEngine.GameVariant.standard, seat: 0) to humanAndBotsWithDifferentPolicyDrawCountsGetIdenticalDice(fixture:) started.
◇ Test case passing 1 argument fixture → EngineFairnessCase(mode: CatanEngine.GameMode.vast, variant: CatanEngine.GameVariant.standard, seat: 1) to humanAndBotsWithDifferentPolicyDrawCountsGetIdenticalDice(fixture:) started.
◇ Test case passing 1 argument fixture → EngineFairnessCase(mode: CatanEngine.GameMode.vast, variant: CatanEngine.GameVariant.standard, seat: 2) to humanAndBotsWithDifferentPolicyDrawCountsGetIdenticalDice(fixture:) started.
◇ Test case passing 1 argument fixture → EngineFairnessCase(mode: CatanEngine.GameMode.vast, variant: CatanEngine.GameVariant.standard, seat: 3) to humanAndBotsWithDifferentPolicyDrawCountsGetIdenticalDice(fixture:) started.
◇ Test case passing 1 argument fixture → EngineFairnessCase(mode: CatanEngine.GameMode.vast, variant: CatanEngine.GameVariant.conquest, seat: 0) to humanAndBotsWithDifferentPolicyDrawCountsGetIdenticalDice(fixture:) started.
◇ Test case passing 1 argument fixture → EngineFairnessCase(mode: CatanEngine.GameMode.vast, variant: CatanEngine.GameVariant.conquest, seat: 1) to humanAndBotsWithDifferentPolicyDrawCountsGetIdenticalDice(fixture:) started.
◇ Test case passing 1 argument fixture → EngineFairnessCase(mode: CatanEngine.GameMode.vast, variant: CatanEngine.GameVariant.conquest, seat: 2) to humanAndBotsWithDifferentPolicyDrawCountsGetIdenticalDice(fixture:) started.
◇ Test case passing 1 argument fixture → EngineFairnessCase(mode: CatanEngine.GameMode.vast, variant: CatanEngine.GameVariant.conquest, seat: 3) to humanAndBotsWithDifferentPolicyDrawCountsGetIdenticalDice(fixture:) started.
◇ Test case passing 1 argument fixture → EngineFairnessCase(mode: CatanEngine.GameMode.classic, variant: CatanEngine.GameVariant.standard, seat: 0) to diceMatchTwoUnweightedDrawsRegardlessOfSeatOrHand(fixture:) started.
◇ Test case passing 1 argument fixture → EngineFairnessCase(mode: CatanEngine.GameMode.classic, variant: CatanEngine.GameVariant.standard, seat: 1) to diceMatchTwoUnweightedDrawsRegardlessOfSeatOrHand(fixture:) started.
◇ Test case passing 1 argument fixture → EngineFairnessCase(mode: CatanEngine.GameMode.classic, variant: CatanEngine.GameVariant.standard, seat: 2) to diceMatchTwoUnweightedDrawsRegardlessOfSeatOrHand(fixture:) started.
◇ Test case passing 1 argument fixture → EngineFairnessCase(mode: CatanEngine.GameMode.classic, variant: CatanEngine.GameVariant.standard, seat: 3) to diceMatchTwoUnweightedDrawsRegardlessOfSeatOrHand(fixture:) started.
◇ Test case passing 1 argument fixture → EngineFairnessCase(mode: CatanEngine.GameMode.classic, variant: CatanEngine.GameVariant.conquest, seat: 0) to diceMatchTwoUnweightedDrawsRegardlessOfSeatOrHand(fixture:) started.
◇ Test case passing 1 argument fixture → EngineFairnessCase(mode: CatanEngine.GameMode.classic, variant: CatanEngine.GameVariant.conquest, seat: 1) to diceMatchTwoUnweightedDrawsRegardlessOfSeatOrHand(fixture:) started.
◇ Test case passing 1 argument fixture → EngineFairnessCase(mode: CatanEngine.GameMode.classic, variant: CatanEngine.GameVariant.conquest, seat: 2) to diceMatchTwoUnweightedDrawsRegardlessOfSeatOrHand(fixture:) started.
◇ Test case passing 1 argument fixture → EngineFairnessCase(mode: CatanEngine.GameMode.classic, variant: CatanEngine.GameVariant.conquest, seat: 3) to diceMatchTwoUnweightedDrawsRegardlessOfSeatOrHand(fixture:) started.
◇ Test case passing 1 argument fixture → EngineFairnessCase(mode: CatanEngine.GameMode.vast, variant: CatanEngine.GameVariant.standard, seat: 0) to diceMatchTwoUnweightedDrawsRegardlessOfSeatOrHand(fixture:) started.
◇ Test case passing 1 argument fixture → EngineFairnessCase(mode: CatanEngine.GameMode.vast, variant: CatanEngine.GameVariant.standard, seat: 1) to diceMatchTwoUnweightedDrawsRegardlessOfSeatOrHand(fixture:) started.
◇ Test case passing 1 argument fixture → EngineFairnessCase(mode: CatanEngine.GameMode.vast, variant: CatanEngine.GameVariant.standard, seat: 2) to diceMatchTwoUnweightedDrawsRegardlessOfSeatOrHand(fixture:) started.
◇ Test case passing 1 argument fixture → EngineFairnessCase(mode: CatanEngine.GameMode.vast, variant: CatanEngine.GameVariant.standard, seat: 3) to diceMatchTwoUnweightedDrawsRegardlessOfSeatOrHand(fixture:) started.
◇ Test case passing 1 argument fixture → EngineFairnessCase(mode: CatanEngine.GameMode.vast, variant: CatanEngine.GameVariant.conquest, seat: 0) to diceMatchTwoUnweightedDrawsRegardlessOfSeatOrHand(fixture:) started.
◇ Test case passing 1 argument fixture → EngineFairnessCase(mode: CatanEngine.GameMode.vast, variant: CatanEngine.GameVariant.conquest, seat: 1) to diceMatchTwoUnweightedDrawsRegardlessOfSeatOrHand(fixture:) started.
◇ Test case passing 1 argument fixture → EngineFairnessCase(mode: CatanEngine.GameMode.vast, variant: CatanEngine.GameVariant.conquest, seat: 2) to diceMatchTwoUnweightedDrawsRegardlessOfSeatOrHand(fixture:) started.
◇ Test case passing 1 argument fixture → EngineFairnessCase(mode: CatanEngine.GameMode.vast, variant: CatanEngine.GameVariant.conquest, seat: 3) to diceMatchTwoUnweightedDrawsRegardlessOfSeatOrHand(fixture:) started.
◇ Test case passing 1 argument fixture → EngineFairnessCase(mode: CatanEngine.GameMode.classic, variant: CatanEngine.GameVariant.standard, seat: 0) to anUnauthorizedRollCannotAdvanceTheRandomSequence(fixture:) started.
◇ Test case passing 1 argument fixture → EngineFairnessCase(mode: CatanEngine.GameMode.classic, variant: CatanEngine.GameVariant.standard, seat: 1) to anUnauthorizedRollCannotAdvanceTheRandomSequence(fixture:) started.
◇ Test case passing 1 argument fixture → EngineFairnessCase(mode: CatanEngine.GameMode.classic, variant: CatanEngine.GameVariant.standard, seat: 2) to anUnauthorizedRollCannotAdvanceTheRandomSequence(fixture:) started.
◇ Test case passing 1 argument fixture → EngineFairnessCase(mode: CatanEngine.GameMode.classic, variant: CatanEngine.GameVariant.standard, seat: 3) to anUnauthorizedRollCannotAdvanceTheRandomSequence(fixture:) started.
◇ Test case passing 1 argument fixture → EngineFairnessCase(mode: CatanEngine.GameMode.classic, variant: CatanEngine.GameVariant.conquest, seat: 0) to anUnauthorizedRollCannotAdvanceTheRandomSequence(fixture:) started.
◇ Test case passing 1 argument fixture → EngineFairnessCase(mode: CatanEngine.GameMode.classic, variant: CatanEngine.GameVariant.conquest, seat: 1) to anUnauthorizedRollCannotAdvanceTheRandomSequence(fixture:) started.
◇ Test case passing 1 argument fixture → EngineFairnessCase(mode: CatanEngine.GameMode.classic, variant: CatanEngine.GameVariant.conquest, seat: 3) to anUnauthorizedRollCannotAdvanceTheRandomSequence(fixture:) started.
◇ Test case passing 1 argument fixture → EngineFairnessCase(mode: CatanEngine.GameMode.classic, variant: CatanEngine.GameVariant.conquest, seat: 2) to anUnauthorizedRollCannotAdvanceTheRandomSequence(fixture:) started.
◇ Test case passing 1 argument fixture → EngineFairnessCase(mode: CatanEngine.GameMode.vast, variant: CatanEngine.GameVariant.standard, seat: 0) to anUnauthorizedRollCannotAdvanceTheRandomSequence(fixture:) started.
◇ Test case passing 1 argument fixture → EngineFairnessCase(mode: CatanEngine.GameMode.vast, variant: CatanEngine.GameVariant.standard, seat: 1) to anUnauthorizedRollCannotAdvanceTheRandomSequence(fixture:) started.
◇ Test case passing 1 argument fixture → EngineFairnessCase(mode: CatanEngine.GameMode.vast, variant: CatanEngine.GameVariant.standard, seat: 2) to anUnauthorizedRollCannotAdvanceTheRandomSequence(fixture:) started.
◇ Test case passing 1 argument fixture → EngineFairnessCase(mode: CatanEngine.GameMode.vast, variant: CatanEngine.GameVariant.standard, seat: 3) to anUnauthorizedRollCannotAdvanceTheRandomSequence(fixture:) started.
◇ Test case passing 1 argument fixture → EngineFairnessCase(mode: CatanEngine.GameMode.vast, variant: CatanEngine.GameVariant.conquest, seat: 0) to anUnauthorizedRollCannotAdvanceTheRandomSequence(fixture:) started.
◇ Test case passing 1 argument fixture → EngineFairnessCase(mode: CatanEngine.GameMode.vast, variant: CatanEngine.GameVariant.conquest, seat: 1) to anUnauthorizedRollCannotAdvanceTheRandomSequence(fixture:) started.
◇ Test case passing 1 argument fixture → EngineFairnessCase(mode: CatanEngine.GameMode.vast, variant: CatanEngine.GameVariant.conquest, seat: 2) to anUnauthorizedRollCannotAdvanceTheRandomSequence(fixture:) started.
◇ Test case passing 1 argument fixture → EngineFairnessCase(mode: CatanEngine.GameMode.vast, variant: CatanEngine.GameVariant.conquest, seat: 3) to anUnauthorizedRollCannotAdvanceTheRandomSequence(fixture:) started.
◇ Test case passing 1 argument fixture → EngineFairnessCase(mode: CatanEngine.GameMode.classic, variant: CatanEngine.GameVariant.standard, seat: 0) to choosingAMoveDoesNotAdvanceEngineDiceAndResumePreservesThem(fixture:) started.
◇ Test case passing 1 argument fixture → EngineFairnessCase(mode: CatanEngine.GameMode.classic, variant: CatanEngine.GameVariant.standard, seat: 1) to choosingAMoveDoesNotAdvanceEngineDiceAndResumePreservesThem(fixture:) started.
◇ Test case passing 1 argument fixture → EngineFairnessCase(mode: CatanEngine.GameMode.classic, variant: CatanEngine.GameVariant.standard, seat: 2) to choosingAMoveDoesNotAdvanceEngineDiceAndResumePreservesThem(fixture:) started.
◇ Test case passing 1 argument fixture → EngineFairnessCase(mode: CatanEngine.GameMode.classic, variant: CatanEngine.GameVariant.standard, seat: 3) to choosingAMoveDoesNotAdvanceEngineDiceAndResumePreservesThem(fixture:) started.
◇ Test case passing 1 argument fixture → EngineFairnessCase(mode: CatanEngine.GameMode.classic, variant: CatanEngine.GameVariant.conquest, seat: 0) to choosingAMoveDoesNotAdvanceEngineDiceAndResumePreservesThem(fixture:) started.
◇ Test case passing 1 argument fixture → EngineFairnessCase(mode: CatanEngine.GameMode.classic, variant: CatanEngine.GameVariant.conquest, seat: 1) to choosingAMoveDoesNotAdvanceEngineDiceAndResumePreservesThem(fixture:) started.
◇ Test case passing 1 argument fixture → EngineFairnessCase(mode: CatanEngine.GameMode.classic, variant: CatanEngine.GameVariant.conquest, seat: 2) to choosingAMoveDoesNotAdvanceEngineDiceAndResumePreservesThem(fixture:) started.
◇ Test case passing 1 argument fixture → EngineFairnessCase(mode: CatanEngine.GameMode.classic, variant: CatanEngine.GameVariant.conquest, seat: 3) to choosingAMoveDoesNotAdvanceEngineDiceAndResumePreservesThem(fixture:) started.
◇ Test case passing 1 argument fixture → EngineFairnessCase(mode: CatanEngine.GameMode.vast, variant: CatanEngine.GameVariant.standard, seat: 0) to choosingAMoveDoesNotAdvanceEngineDiceAndResumePreservesThem(fixture:) started.
◇ Test case passing 1 argument fixture → EngineFairnessCase(mode: CatanEngine.GameMode.vast, variant: CatanEngine.GameVariant.standard, seat: 1) to choosingAMoveDoesNotAdvanceEngineDiceAndResumePreservesThem(fixture:) started.
◇ Test case passing 1 argument fixture → EngineFairnessCase(mode: CatanEngine.GameMode.vast, variant: CatanEngine.GameVariant.standard, seat: 2) to choosingAMoveDoesNotAdvanceEngineDiceAndResumePreservesThem(fixture:) started.
◇ Test case passing 1 argument fixture → EngineFairnessCase(mode: CatanEngine.GameMode.vast, variant: CatanEngine.GameVariant.standard, seat: 3) to choosingAMoveDoesNotAdvanceEngineDiceAndResumePreservesThem(fixture:) started.
◇ Test case passing 1 argument fixture → EngineFairnessCase(mode: CatanEngine.GameMode.vast, variant: CatanEngine.GameVariant.conquest, seat: 0) to choosingAMoveDoesNotAdvanceEngineDiceAndResumePreservesThem(fixture:) started.
◇ Test case passing 1 argument fixture → EngineFairnessCase(mode: CatanEngine.GameMode.vast, variant: CatanEngine.GameVariant.conquest, seat: 1) to choosingAMoveDoesNotAdvanceEngineDiceAndResumePreservesThem(fixture:) started.
◇ Test case passing 1 argument fixture → EngineFairnessCase(mode: CatanEngine.GameMode.vast, variant: CatanEngine.GameVariant.conquest, seat: 2) to choosingAMoveDoesNotAdvanceEngineDiceAndResumePreservesThem(fixture:) started.
◇ Test case passing 1 argument fixture → EngineFairnessCase(mode: CatanEngine.GameMode.vast, variant: CatanEngine.GameVariant.conquest, seat: 3) to choosingAMoveDoesNotAdvanceEngineDiceAndResumePreservesThem(fixture:) started.
✔ Test versionOnePreservesPartialYearOfPlentyHistory() passed after 5.629 seconds.
✔ Test versionOnePreservesNilVictimKnightHistory(beforeRoll:) with 2 test cases passed after 5.629 seconds.
✔ Test ordinaryMovesReplayUnderEverySupportedVersion(rulesVersion:) with 2 test cases passed after 5.629 seconds.
✔ Test versionOneStillReplaysAnExplicitRobberVictimExactly() passed after 5.629 seconds.
✔ Test versionOnePreservesNilVictimRobberHistory() passed after 5.629 seconds.
✔ Test unsupportedRulesVersionCannotMutateAReplay() passed after 5.628 seconds.
✔ Test theEncodedLedgerIsOrderedBySeat() passed after 5.628 seconds.
✔ Test theObserverAlwaysKnowsItsOwnHandExactly() passed after 5.628 seconds.
✔ Test aKnightStealIsMaskedTheSameWay() passed after 5.627 seconds.
✔ Test aSaveResumesTheSameRandomSequenceItWouldHaveHad() passed after 5.663 seconds.
✔ Test monopolyEmptiesEveryOtherHandOfThatResource() passed after 5.627 seconds.
✔ Test firstPlacementAndRoadArePlayable(family:) with 3 test cases passed after 5.627 seconds.
✔ Test expandedRandomizedBoardNeverAdjoinsSixAndEight() passed after 5.658 seconds.
✔ Test stockBelongsToBuilderAndSeaHexesAllowStacking() passed after 5.653 seconds.
✔ Test aStealHidesTheResourceFromEveryoneButThiefAndVictim() passed after 5.626 seconds.
✔ Test equalLedgersEncodeIdentically() passed after 5.626 seconds.
✔ Test aBuildSpendsExactlyWhatItCosts() passed after 5.626 seconds.
✔ Test everyEventCarryingAPrivateDetailIsMaskedForABystander() passed after 5.626 seconds.
✔ Test aRollPayoutIsCountedExactly() passed after 5.625 seconds.
✔ Test aFloorSpentToZeroLeavesNoEntryBehind() passed after 5.624 seconds.
✔ Test shipsPayExactCostSailAndRefresh(table:) with 2 test cases passed after 5.653 seconds.
✔ Test aFirstColonyBonusCanCompleteTheFourteenPointWin() passed after 5.654 seconds.
✔ Test validHumanActionsBeyondAutomatedCapColdResume(mode:) with 2 test cases passed after 5.624 seconds.
✔ Test aStealLeavesTheVictimsCompositionUncertainButTheCountExact() passed after 5.623 seconds.
✔ Test legacyDuplicateOffersStillReplayUnderRecordedRules(version:) with 2 test cases passed after 5.623 seconds.
✔ Test thePieceLimitsAloneCanReachTheTarget() passed after 5.621 seconds.
✔ Test captureIsGlobalOptionalAndLastsUntilRecapture() passed after 5.654 seconds.
✔ Test theDeckIsNotRequiredToReachTheTarget() passed after 5.621 seconds.
✔ Test theTokenSpreadIsSymmetricAboutSeven() passed after 5.621 seconds.
✔ Test theRulesetIsPlayable() passed after 5.619 seconds.
✔ Test thePortsCoverThreeGenericsPerFiveAndEveryResourceTwice() passed after 5.619 seconds.
✔ Test brickAndOreStayScarcerThanTheOtherThree() passed after 5.619 seconds.
✔ Test theKnownFloorNeverExceedsTheTruth() passed after 5.628 seconds.
✔ Test monopolyTransfersOneResourceAndCannotBeReusedAfterResume(fixture:) with 16 test cases passed after 5.614 seconds.
✔ Test theBoardHasOneHundredFiftyVertices() passed after 5.617 seconds.
✔ Test theBoardIsSixtyOneTilesWithThreeDeserts() passed after 5.617 seconds.
✔ Test boardsAreDeterministicForOneSeed() passed after 5.617 seconds.
✔ Test shipsCannotTeleportCrossLandOrMoveForAnotherSeat() passed after 5.651 seconds.
✔ Test olderCopyCanBePlayedButNewCopyWaitsUntilNextTurn(fixture:) with 16 test cases passed after 5.614 seconds.
✔ Test landingRequiresSettlementBeforeRoadAndScoresDistinctIslands() passed after 5.654 seconds.
✔ Test aLedgerEqualsItselfAfterARoundTrip() passed after 5.627 seconds.
✔ Test invalidKnightVictimCannotConsumeOrPartiallyApply(fixture:) with 16 test cases passed after 5.613 seconds.
✔ Test knightTakesExactlyOneCardFromOnlyTheChosenVictim(fixture:) with 16 test cases passed after 5.613 seconds.
✔ Test duplicateOfferIDIsExcludedRejectedAndNeverMutates() passed after 5.624 seconds.
✔ Test aSecondMatureMonopolyNeedsAnotherTurnAndAZeroGainStillConsumes(fixture:) with 16 test cases passed after 5.613 seconds.
✔ Test randomLegalPlayReachesGameOverWithoutErrors() passed after 5.667 seconds.
✔ Test knightWithoutAResourceHoldingNeighbourConsumesOneCardWithoutTheft(fixture:) with 16 test cases passed after 5.613 seconds.
✔ Test malformedMaximumShipIDCanDecodeAndBeRejectedWithoutOverflow() passed after 5.593 seconds.
✔ Test fastSearchAgreesWithTheExhaustiveOneAtThePlayableRoadCap() passed after 5.664 seconds.
✔ Test allNewFieldsDecodeDefaultsAndOldModesKeepNilNavalState() passed after 5.582 seconds.
✔ Test corruptNavalAuthoritativeStateIsRejected(corruption:) with 15 test cases passed after 5.582 seconds.
✔ Test queuedNavalTradeResponseUsesMaskedSnapshotAndValidatesCounts() passed after 5.593 seconds.
✔ Test aSessionAcceptsAndTablesAPermittedComposedOffer() passed after 5.567 seconds.
✔ Test malformedOrExcessiveCompositionsAreRefused() passed after 5.567 seconds.
✔ Test aComposedOfferMustCarryItsContentDerivedID() passed after 5.567 seconds.
✔ Test noCompositionWhenProposingIsNotAllowed() passed after 5.567 seconds.
✔ Test jakesBundleForTheCityIsPermitted() passed after 5.567 seconds.
✔ Test rulesEngineStillRejectsUnrelatedOutOfTurnMoves() passed after 5.081 seconds.
✔ Test proposeAndRejectLeavesResourcesUntouched() passed after 5.081 seconds.
✔ Test fourToOneBankTradeWithNoPort() passed after 5.081 seconds.
✔ Test legalMovesIncludeGiveCountsUpToTheGenerousCeiling() passed after 5.081 seconds.
✔ Test legalMovesExcludesAcceptWhenResponderCannotAffordWantedCards() passed after 5.081 seconds.
✔ Test decliningATradeRecordsItAgainstTheProposer() passed after 5.081 seconds.
✔ Test endTurnClearsDeclinedTradeHistory() passed after 5.080 seconds.
✔ Test bankTradeRejectsNegativeGetAmount() passed after 5.079 seconds.
✔ Test proposeTradeFailsIfProposerLacksGiveCards() passed after 5.079 seconds.
✔ Test rulesEngineAppliesBankTrade() passed after 5.079 seconds.
✔ Test legalMovesExcludesAcceptWhenProposerNoLongerAffordsGiveCards() passed after 5.079 seconds.
✔ Test bankTradeRejectsNegativeGiveAmount() passed after 5.078 seconds.
✔ Test proposeTradeRejectsNegativeAmounts() passed after 5.078 seconds.
✔ Test twoToOneBankTradeWithMatchingResourcePort() passed after 5.074 seconds.
✔ Test legalMovesIncludesAcceptWhenBothSidesCanAfford() passed after 5.074 seconds.
✔ Test bankTradeRejectedWhenRatioWrong() passed after 5.074 seconds.
✔ Test rulesEngineAllowsNonActivePlayerToRespondToTrade() passed after 5.074 seconds.
✔ Test acceptFailsIfResponderLacksWantedCards() passed after 5.073 seconds.
✔ Test endTurnClearsTradesAcceptedThisTurn() passed after 5.073 seconds.
✔ Test bankTradeRejectedWhenBankLacksResource() passed after 5.073 seconds.
✔ Test respondRejectsWhenResponderIsProposer() passed after 5.073 seconds.
✔ Test proposeAndAcceptTradeSwapsCardsBetweenPlayers() passed after 5.073 seconds.
✔ Test threeToOneBankTradeWithGenericPort() passed after 5.073 seconds.
✔ Test rulesEngineProposeTradeRejectsWrongProposer() passed after 5.073 seconds.
✔ Test acceptingATradeIncrementsTheProposersAcceptedCountAndRejectingDoesNot() passed after 5.073 seconds.
✔ Test rulesEngineAppliesProposeTrade() passed after 5.073 seconds.
✔ Test acceptFailsIfProposerNoLongerHoldsGiveCards() passed after 5.073 seconds.
✔ Test monopolySurvivesCheckpointRoundTrip(external:) with 2 test cases passed after 5.071 seconds.
✔ Test positionOnlyZeroHoldingsSurviveCheckpointRoundTrip(oreCount:) with 2 test cases passed after 5.071 seconds.
✔ Test decodedCheckpointContinuesIdenticalTranscriptAndLedger(table:) with 2 test cases passed after 5.593 seconds.
✔ Test responseOnlyInformationDoesNotExposePrivateComposition(fog:flexible:) with 4 test cases passed after 5.053 seconds.
✔ Test publicTranscriptHidesUninvolvedTheftIdentity() passed after 5.053 seconds.
✔ Test decodedRawInputMasksAndKeepsCounts(fog:flexible:) with 4 test cases passed after 5.053 seconds.
✔ Test unobservedWorldAndFutureRandomnessDoNotChangeAnObservation() passed after 5.052 seconds.
✔ Test observationsMaskGeographyAndPrivateCardsWithoutLosingPublicCounts() passed after 5.052 seconds.
✔ Test impossibleChoiceObligationsAreRejected(corruption:) with 9 test cases passed after 5.052 seconds.
✔ Test theCompleteCanonicalCornerIncludesSeaAndOffEnvelopeCoordinates() passed after 4.859 seconds.
✔ Test previousPublicDiscoveriesStayVisibleAndRepeatedDiscoveryProducesNoEvent() passed after 4.859 seconds.
✔ Test cornerFootprintIsCenteredSymmetricAndHasExactCutoff(rotation:origin:) with 12 test cases passed after 4.859 seconds.
✔ Test shipVisionRetainsItsNineteenHexFootprintAndSixCardinalBoundaries(origin:) with 2 test cases passed after 4.859 seconds.
✔ Test terrainDoesNotChangeTheCornerOriginOrDiscoveryEvents(rotation:landMask:) with 42 test cases passed after 4.859 seconds.
✔ Test mixedBankTradesWithOverlapAreRejectedWithoutMutation(rate:) with 3 test cases passed after 4.847 seconds.
✔ Test disjointCompoundBankTradeStillAppliesAtEachResourcesRate(rate:) with 3 test cases passed after 4.845 seconds.
✔ Test sameResourceBankTradeIsRejectedWithoutMutation(rate:quantity:) with 6 test cases passed after 4.845 seconds.
✔ Test requiredRobberyAndDiscardHaveControllerParity(fixture:) with 16 test cases passed after 4.843 seconds.
✔ Test emptyAndNonpositiveBankTradesAreRejectedWithoutMutation() passed after 4.845 seconds.
✔ Test wrongSeatCannotPlayAndNeitherCommitPathMutates(fixture:) with 16 test cases passed after 4.843 seconds.
✔ Test captureRequiresElevenButAResolvedElevenHasNoPendingCapture() passed after 5.052 seconds.
✔ Test humanAndPolicyApplyTheSameLegalCardMoves(fixture:) with 16 test cases passed after 4.843 seconds.
✔ Test everyPartialChoiceAndClockwiseSuffixSurvivesColdCheckpoint() passed after 5.052 seconds.
✔ Test mapFingerprintsRemainStableAcrossTestProcesses() passed after 5.557 seconds.
✔ Test humanAndBotsWithDifferentPolicyDrawCountsGetIdenticalDice(fixture:) with 16 test cases passed after 4.646 seconds.
✔ Test diceMatchTwoUnweightedDrawsRegardlessOfSeatOrHand(fixture:) with 16 test cases passed after 4.646 seconds.
✔ Test anUnauthorizedRollCannotAdvanceTheRandomSequence(fixture:) with 16 test cases passed after 4.645 seconds.
✔ Suite TerminalTradeBookkeepingTests passed after 5.670 seconds.
✔ Suite NavalVisibilityVersionTests passed after 5.670 seconds.
✔ Suite TradeDraftConstraintTests passed after 5.670 seconds.
✔ Suite NavalProductionTests passed after 5.670 seconds.
✔ Test choosingAMoveDoesNotAdvanceEngineDiceAndResumePreservesThem(fixture:) with 16 test cases passed after 4.646 seconds.
✔ Suite RulesVersionReplayTests passed after 5.670 seconds.
✔ Suite PublicLedgerTests passed after 5.671 seconds.
✔ Suite NavalOpeningTests passed after 5.670 seconds.
✔ Suite NavalGameplayTests passed after 5.671 seconds.
✔ Suite ExternalActionCheckpointTests passed after 5.671 seconds.
✔ Suite VastBoardTests passed after 5.671 seconds.
✔ Suite DevCardConservationTests passed after 5.670 seconds.
✔ Suite NavalSaveTests passed after 5.671 seconds.
✔ Suite ComposedProposalTests passed after 5.671 seconds.
✔ Suite TradingTests passed after 5.671 seconds.
✔ Suite PublicLedgerCheckpointTests passed after 5.670 seconds.
✔ Suite NavalObservationTests passed after 5.671 seconds.
✔ Suite NavalProductionValidationTests passed after 5.670 seconds.
✔ Suite NavalCornerVisibilityTests passed after 5.671 seconds.
✔ Suite BankTradeResourceRuleTests passed after 5.670 seconds.
✔ Suite EngineFairnessTests passed after 5.670 seconds.
✔ Suite NavalDeterminismTests passed after 5.671 seconds.
✔ Suite DiceFairnessTests passed after 5.670 seconds.
✔ Suite SessionCheckpointValidationTests passed after 5.670 seconds.
✔ Test sameFamilyFallbackIsValidForEitherProductionOption(family:) with 3 test cases passed after 4.910 seconds.
✔ Test externalEndTurnCancelsCachedReply() passed after 5.058 seconds.
✔ Test externalProposalQueuesAndExternalConsumptionClearsResponse() passed after 5.175 seconds.
✔ Test externalBankSpendRefreshesCachedObservationWithoutRandomDraws() passed after 5.203 seconds.
✔ Suite NavalTradeCheckpointTests passed after 6.228 seconds.
✔ Test aRecordedMoveListReplaysToTheSameOutcome() passed after 6.257 seconds.
✔ Test expandedPieceSuppliesAreNeverExceededOverAFullGame() passed after 8.214 seconds.
✔ Test noPlayerEverExceedsTheirPieceSupply() passed after 9.791 seconds.
NAVAL MAP ECONOMY family=twinIslands ["size3:production=8...14,landing=6...9", "size11:production=28...39,landing=7...9"]
NAVAL MAP STUDY family=twinIslands seeds=25 geometries=25 fallbacks=0 meanAttempts=2.92 minimumBestLandingPips=6 routeSteps=[(key: 1, value: 300), (key: 2, value: 436), (key: 3, value: 295), (key: 4, value: 342), (key: 5, value: 363), (key: 6, value: 295), (key: 7, value: 342), (key: 8, value: 363), (key: 9, value: 192), (key: 10, value: 72)]
NAVAL MAP ECONOMY family=archipelago ["size7:production=15...29,landing=6...9"]
NAVAL MAP STUDY family=archipelago seeds=25 geometries=25 fallbacks=0 meanAttempts=2.92 minimumBestLandingPips=6 routeSteps=[(key: 1, value: 262), (key: 2, value: 484), (key: 3, value: 328), (key: 4, value: 277), (key: 5, value: 399), (key: 6, value: 324), (key: 7, value: 277), (key: 8, value: 399), (key: 9, value: 249), (key: 10, value: 1)]
NAVAL MAP ECONOMY family=peninsula ["size3:production=7...13,landing=6...9", "size4:production=9...16,landing=6...9", "size7:production=17...26,landing=6...9", "size14:production=38...53,landing=7...9"]
NAVAL MAP STUDY family=peninsula seeds=25 geometries=25 fallbacks=0 meanAttempts=4.16 minimumBestLandingPips=6 routeSteps=[(key: 1, value: 180), (key: 2, value: 501), (key: 3, value: 376), (key: 4, value: 279), (key: 5, value: 351), (key: 6, value: 370), (key: 7, value: 279), (key: 8, value: 351), (key: 9, value: 266), (key: 10, value: 47)]
✔ Test seededWorldStudy(family:) with 3 test cases passed after 9.596 seconds.
✔ Test sameSeedProducesAnIdenticalGame() passed after 10.628 seconds.
✔ Test anExpandedGamePlaysToTwentyFiveWithoutStalling() passed after 11.443 seconds.
✔ Test togglesPreserveWorldAndRandomStream(family:) with 3 test cases passed after 11.836 seconds.
✔ Suite NavalMapTests passed after 12.678 seconds.
✔ Test fastSearchAgreesWithTheExhaustiveOneOnManyRandomNetworks() passed after 17.309 seconds.
✔ Test run with 358 tests in 25 suites passed after 17.310 seconds.

[1m▸ CatanAI tests[0m
[0/1] Planning build
Building for debugging...
[0/18] Write swift-version--58304C5D6DBC2206.txt
[2/43] Emitting module CatanEngine
[3/43] Compiling CatanEngine Board.swift
[4/43] Compiling CatanEngine BoardGeneration.swift
[5/43] Compiling CatanEngine BoardShape.swift
[6/43] Compiling CatanEngine Building.swift
[7/43] Compiling CatanEngine CatanEngine.swift
[8/43] Compiling CatanEngine Conquest.swift
[9/43] Compiling CatanEngine DevCards.swift
[10/43] Compiling CatanEngine DiceOdds.swift
[11/43] Compiling CatanEngine GameSession.swift
[12/43] Compiling CatanEngine LongestRoad.swift
[13/43] Compiling CatanEngine MainPhase.swift
[14/43] Compiling CatanEngine DevCardPlayStatus.swift
[15/43] Compiling CatanEngine DevCardType.swift
[16/43] Compiling CatanEngine EdgeID.swift
[17/43] Compiling CatanEngine GameEvent.swift
[18/43] Compiling CatanEngine GameMode.swift
[19/43] Compiling CatanEngine GamePhase.swift
[20/43] Compiling CatanEngine GameState.swift
[21/43] Compiling CatanEngine GameVariant.swift
[22/43] Compiling CatanEngine HexCoordinate.swift
[23/43] Compiling CatanEngine Move.swift
[24/43] Compiling CatanEngine Player.swift
[25/43] Compiling CatanEngine PlayerID.swift
[26/43] Compiling CatanEngine Port.swift
[27/66] Compiling CatanEngine RandomSource.swift
[28/66] Compiling CatanEngine Resource.swift
[29/66] Compiling CatanEngine Tile.swift
[30/66] Compiling CatanEngine VertexID.swift
[31/66] Compiling CatanEngine Naval.swift
[32/66] Compiling CatanEngine NavalFallback.swift
[33/66] Compiling CatanEngine NavalMapGenerator.swift
[34/66] Compiling CatanEngine NavalMapValidation.swift
[35/66] Compiling CatanEngine NavalModels.swift
[36/66] Compiling CatanEngine NavalMoves.swift
[37/66] Compiling CatanEngine NavalPorts.swift
[38/66] Compiling CatanEngine NavalProduction.swift
[39/66] Compiling CatanEngine NavalSightGeometry.swift
[40/66] Compiling CatanEngine NavalStateValidation.swift
[41/66] Compiling CatanEngine NavalTerrain.swift
[42/66] Compiling CatanEngine NavalVisibility.swift
[43/66] Compiling CatanEngine PublicLedger.swift
[44/66] Compiling CatanEngine Robber.swift
[45/66] Compiling CatanEngine RulesEngine.swift
[46/66] Compiling CatanEngine Ruleset.swift
[47/66] Compiling CatanEngine SetupPhase.swift
[48/66] Compiling CatanEngine Trading.swift
[49/66] Compiling CatanEngine WinCondition.swift
[50/91] Compiling CatanAI Bot.swift
[51/91] Compiling CatanAI BotPersonality.swift
[52/91] Compiling CatanAI BotWeights.swift
[53/91] Compiling CatanAI BuildPlanner.swift
[54/91] Compiling CatanAI CatanAI.swift
[55/91] Compiling CatanAI ConquestHeuristics.swift
[56/91] Compiling CatanAI DevCardHeuristics.swift
[57/91] Compiling CatanAI BoardIndex.swift
[58/91] Compiling CatanAI EvaluationPolicy.swift
[59/91] Compiling CatanAI EvaluationProjections.swift
[60/91] Compiling CatanAI EvaluationWeights.swift
[61/91] Compiling CatanAI ExpertRevision.swift
[62/91] Compiling CatanAI HandDiscipline.swift
[63/91] Compiling CatanAI PositionEvaluator.swift
[64/91] Compiling CatanAI TradeCascade.swift
[65/91] Compiling CatanAI TradeValuation.swift
[66/91] Compiling CatanAI CandidateScoring.swift
[67/91] Compiling CatanAI DecisionExtractor.swift
[68/91] Compiling CatanAI DecisionRecord.swift
[69/91] Compiling CatanAI GhostPolicy.swift
[70/91] Compiling CatanAI GhostProfile.swift
[71/91] Compiling CatanAI PersonFitter.swift
[72/91] Compiling CatanAI PersonModel.swift
[73/91] Compiling CatanAI SeatStats.swift
[74/91] Emitting module CatanAI
[75/115] Compiling CatanAI StyleFeatures.swift
[76/115] Compiling CatanAI GreedyPolicy.swift
[77/115] Compiling CatanAI HeuristicPolicy.swift
[78/115] Compiling CatanAI JointTradeResponsePolicy.swift
[79/115] Compiling CatanAI NavalCards.swift
[80/115] Compiling CatanAI NavalDecisionContext.swift
[81/115] Compiling CatanAI NavalEconomy.swift
[82/115] Compiling CatanAI NavalLandControl.swift
[83/115] Compiling CatanAI NavalNavigation.swift
[84/115] Compiling CatanAI NavalNavigationDiagnostics.swift
[85/115] Compiling CatanAI NavalPolicy.swift
[86/115] Compiling CatanAI NavalTrading.swift
[87/115] Compiling CatanAI PlacementHeuristics.swift
[88/115] Compiling CatanAI PlannerTradeEvaluator.swift
[89/115] Compiling CatanAI ProductionModel.swift
[90/115] Compiling CatanAI PlanningContext.swift
[91/115] Compiling CatanAI PolicyBehaviorMetrics.swift
[92/115] Compiling CatanAI RobberHeuristics.swift
[93/115] Compiling CatanAI ThreatAssessment.swift
[94/115] Compiling CatanAI TradeAssessment.swift
[95/115] Compiling CatanAI TradeHeuristics.swift
[96/115] Compiling CatanAI TradeMessages.swift
[97/115] Compiling CatanAI TradeRefusingPolicy.swift
[98/115] Compiling CatanAI TradeReviewContext.swift
[99/119] Compiling trade_bench main.swift
[100/119] Emitting module trade_bench
[101/123] Emitting module naval_sim
[102/126] Emitting module sim
[103/126] Compiling sim main.swift
[104/129] Compiling ghost LogFile.swift
[105/129] Compiling ghost Selftest.swift
[106/129] Compiling naval_sim EvaluationProtocol.swift
[107/129] Emitting module ghost
[110/131] Compiling ghost main.swift
[111/131] Compiling naval_sim Rendering.swift
[112/131] Compiling naval_sim main.swift
[113/133] Compiling ghost Strength.swift
[114/133] Write Objects.LinkFileList
[117/133] Emitting module arena
[118/133] Compiling arena main.swift
[118/133] Linking trade-bench
[119/133] Write Objects.LinkFileList
[120/133] Applying trade-bench
[121/133] Linking sim
[122/133] Write Objects.LinkFileList
[123/133] Applying sim
[124/133] Linking naval-sim
[125/133] Write Objects.LinkFileList
[126/133] Applying naval-sim
[127/133] Linking ghost
[128/133] Write Objects.LinkFileList
[129/133] Applying ghost
[130/133] Linking arena
[131/133] Applying arena
[132/133] Linking CatanAIPackageTests
Build complete! (9.26s)
Test Suite 'All tests' started at 2026-10-05 19:02:51.093.
Test Suite 'All tests' passed at 2026-10-05 19:02:51.094.
	 Executed 0 tests, with 0 failures (0 unexpected) in 0.000 (0.001) seconds
◇ Test run started.
↳ Testing Library Version: 1902
↳ Target Platform: arm64e-apple-macos14.0
◇ Suite PlannerTradeTests started.
◇ Suite ExpertRevisionTests started.
◇ Suite TradeReviewContextTests started.
◇ Suite EvaluationTradeRepeatTests started.
◇ Suite HumanReviewStrategyDiagnosticsTests started.
◇ Suite TradeAssessmentTests started.
◇ Suite HandDisciplineTests started.
◇ Test buyDevCardScoreIsNotBoostedWhenTheHolderIsFarAhead() started.
◇ Test longestRoadDefenseBonusRewardsBridgingEvenWithAnUncontestedLead() started.
◇ Suite NavalMixedSessionTests started.
◇ Suite GhostPersonModelTests started.
◇ Suite PositionEvaluatorTests started.
◇ Test buyingIsPricedWithoutPeekingAtTheDeck() started.
◇ Test aBotProposalIsAnsweredBeforeTheProposerContinues() started.
◇ Test decisionMetricsRecordDisruptionAndProposalOpportunities() started.
◇ Suite EvaluationPolicyTests started.
◇ Test threeSeatGamesReachAWinner() started.
◇ Test generousUnlockDoesNotApplyToARoad() started.
◇ Test scoreWeighsVictoryPointsHeavily() started.
◇ Suite GhostTrainingProvenanceTests started.
◇ Suite TradeRefusingPolicyTests started.
◇ Test claimsLongestRoadIsFalseWhenAlreadyTheHolder() started.
◇ Test theShippedConquestExpertIsTheAdoptedFit() started.
◇ Test aGenerousUnlockOfferIsAcceptedByAPlausibleReceiver() started.
◇ Suite GhostStyleFeaturesTests started.
◇ Suite GhostPolicyTests started.
◇ Suite GhostCandidateScoringTests started.
◇ Suite TradeAccountingBoundaryTests started.
◇ Suite EvaluationCounterpartyTests started.
◇ Suite GhostDecisionExtractorTests started.
◇ Suite EvaluationTradeGainTests started.
◇ Suite TradeCascadeTests started.
◇ Test aggressivePersonalityProactivelyUsesAKnightButCautiousDoesNot() started.
◇ Suite SelfPlayReproducibility started.
◇ Suite NavalPolicyTests started.
◇ Suite GhostProfileTests started.
◇ Suite TradeContributionTests started.
◇ Suite NavalNavigationDiagnosticsTests started.
◇ Suite GhostSeatStatsTests started.
◇ Test seededConquestGamesFinishWithOnlyLegalMoves() started.
◇ Test aSeatStillCountsItsOwnHeldVictoryPointCards() started.
◇ Test choosePlayPursuesLargestArmyWithARealShotEvenWithoutRobberOnOwnTile() started.
◇ Test anExternalResponderKeepsTheOfferForTheUI() started.
◇ Test buyingValuesTheCaptureTheNewCardCouldEnable() started.
◇ Test scoreIncludesProductionStrengthWeightedByPips() started.
◇ Test buyDevCardScoreIsBoostedTwoKnightsFromLargestArmy() started.
◇ Test proposeTradeRetriesThenEventuallyEndsTheTurn() started.
◇ Test monopolyTargetsResourceHeldByTheHigherThreatOpponent() started.
◇ Test aResumedBotProposalStillReceivesAResponse() started.
◇ Test aThinGarrisonNextToAnArmedRivalCostsSomething() started.
◇ Test everySupportedRulesConfigurationCompletesWithOnlyLegalMoves(game:) started.
◇ Test silencingTheLeaderIsWorthMoreThanSilencingAnyoneElse() started.
◇ Suite EvaluationBankTradeTests started.
◇ Suite JointTradeResponsePolicyTests started.
◇ Test expandedDevelopmentCardFallbackHonorsPermanentBuildReserve() started.
◇ Test aShortGameEndsSooner() started.
◇ Test acceptedAndRejectedResponsesDrawFromDisjointPools() started.
◇ Test heuristicHonoursATradeResponseOnlyActionMask() started.
◇ Test scoreCountsCityProductionAtDoubleWeight() started.
◇ Test cautiousBotAsksAPlayerBeforePayingTheBankWhileBalancedUsesTheBank() started.
◇ Test buyDevCardScoreDecreasesWithEachUnplayedCardAlreadyHeld() started.
◇ Test everyEmpireHasALargePitchAndResponsePool() started.
◇ Test differentOffersCanSampleDifferentLinesFromThePool() started.
◇ Test decisionMetricsRecordChoiceOpportunities() started.
◇ Test noPoolHasBlankOrDuplicateLines() started.
◇ Test randomPolicyOnlyEverPlaysLegalMoves() started.
◇ Test opponentFrontierExcludesVerticesTooCloseToAnyExistingBuilding() started.
◇ Test botsOnlyGameReachesGameOverWithOnlyLegalMoves() started.
◇ Test consolidationMetricRecordsEveryDecisionWhereACityIsBuildable() started.
◇ Test evaluateRequiresABetterDealWhenReceiverIsComfortablyAhead() started.
◇ Test robberAvoidsOwnTilesWhenAlternativeExists() started.
◇ Test longestRoadClaimBonusIsLargerWhenTakingItFromAHighThreatHolder() started.
◇ Test longestRoadDefenseBonusAppliesWhenARivalIsCloseBehind() started.
◇ Test bestBankTradeIsNilWhenNothingIsBlockingTheNearestBuild() started.
◇ Test aBotDoesNotThrowCardsAtAHexItCannotTake() started.
◇ Test relativeWeightClampsExtremeOutliers() started.
◇ Test expandedBotReservesNearTermPermanentBuildResourcesBeforeBuyingDevelopmentCards() started.
◇ Test proposeTradesRetriesWithADifferentOfferAfterADecline() started.
◇ Test botAlwaysReturnsALegalMove() started.
◇ Test buildRoadScoreExcludesReachableVertexThatIsAlreadyOccupied() started.
◇ Test heuristicPolicyCarriesAnIdentifierNamingItsPersonality() started.
◇ Test expertSpendsItsFreeCardTakingAHex() started.
◇ Test evaluateSuspicionShiftRejectsARepeatTradeFromTheSameProposerThisTurn() started.
◇ Test scoreAddsLongestRoadSwingBonusWhenOneSegmentFromQualifying() started.
◇ Test productionCountsTheTakeover() started.
◇ Test choosePlayFollowsAggressivePersonalitysSettlementPriority() started.
◇ Test buildRoadScoreIsHigherWhenItDeniesAHighThreatOpponentsImmediateFrontier() started.
◇ Test evaluateRejectsATradeThatWouldHandTheProposerAnImmediateBuild() started.
◇ Test claimsLongestRoadWhenAnEdgeWouldReachFiveAndNobodyElseHoldsIt() started.
◇ Test conquestWeightsPriceArmiesAndStandardWeightsDoNot() started.
◇ Test relativeWeightIsAboveOneForAnAboveAverageOpponent() started.
◇ Test proposeTradesSkipsWhenIdenticalOfferAlreadyPending() started.
◇ Test concurrentHumanAndBotDiscardTurnsNeverCrash() started.
◇ Test greedyRefusesEveryTradeItIsOffered() started.
◇ Test opponentFrontierIncludesVacantVertexTwoHopsFromTheirSettlementButNotOneHop() started.
◇ Test aBotTakesAHexWhenItHoldsEnoughToWinIt() started.
◇ Test choosePlayDoesNotRushLargestArmyAgainstAFarAheadHolderMidGame() started.
◇ Test chooseBuildIsDeterministicWhenOneMoveClearlyDominates() started.
◇ Test aTargetedBotBuysOnlyWhenOneMoreCardWouldTakeAGoodHex() started.
◇ Test scoreIncludesHeldDevCardCount() started.
◇ Test heuristicHonoursANarrowedRollPhaseActionMask() started.
◇ Test highPipVertexScoresHigherThanLowPipVertex() started.
◇ Test scoreSkipsLargestArmySwingBonusWhenHolderIsFarAhead() started.
◇ Test choosePlayFollowsCautiousPersonalitysCityPriority() started.
◇ Test choosePlayAlwaysPlaysAHeldRoadBuildingCardWhenARoadIsLegal() started.
◇ Test greedySeatsActuallyFinishTheirGames() started.
◇ Test theGreedyAnchorSitsBetweenRandomAndTheHeuristic() started.
◇ Test aHandThatCanTakeAPrimeHexIsWorthMoreThanItsCards() started.
◇ Test expandedSetupRoadPointsTowardTheBestOutwardEndpoint() started.
◇ Test evaluateRequiresAMeaningfulBenefitNotJustAnyPositiveMargin() started.
◇ Test everyLineFitsTheIncomingCardsCharacterBudget() started.
◇ Test proposesAGenerousUnlockTradeAfterTheOrdinaryOfferIsDeclined() started.
◇ Test newlyReachableVerticesExcludesOneAlreadyReachableViaExistingNetwork() started.
◇ Test tradeHeuristicsAcceptsClearNetGainTowardNextBuild() started.
◇ Test scoresExcludesTheGivenPlayerAndSortsHighestFirst() started.
◇ Test proposeTradesGivesUpAfterTheTurnRetryLimit() started.
◇ Test buildRoadScoreIncludesLongestRoadBonusOnlyWhenItWouldBeClaimed() started.
◇ Test ownStandingIsOneWhenAllScoresAreZero() started.
◇ Test relativeWeightIsOneForEveryoneWhenAllScoresAreZero() started.
◇ Test buyDevCardScoreIgnoresHeldVictoryPointCards() started.
◇ Test evaluateRequiresABetterDealFromAHighThreatProposer() started.
◇ Test bestBankTradeConvertsSurplusTowardTheNearestBuild() started.
◇ Test generousUnlockCeilingCollapsesWithAGoodPort() started.
◇ Test buildRoadScoreIsHigherWhenItClosesDistanceToTheExpansionTarget() started.
◇ Test scoreAddsLargestArmySwingBonusWhenOneKnightAway() started.
◇ Test neverAcceptsANetLossEvenAtHighTradeWillingness() started.
◇ Test choosePlayDoesNotPursueLargestArmyWithoutARealShot() started.
◇ Test theHeuristicBotBeatsRandomPlayFromEverySeat() started.
◇ Test aiNameIsSet() started.
◇ Test heldVictoryPointCardsAreInvisibleToOpponents() started.
◇ Test botsOnlyGameReachesGameOverAcrossSeveralSeeds() started.
◇ Test pitchIsDeterministicForTheSameOfferID() started.
◇ Test responseIsDeterministicForTheSameOfferID() started.
◇ Test replacingStateRestoresAPendingBotResponse() started.
◇ Test decisionMetricsRecordTradeResponsesAndProposalShape() started.
◇ Test tradeWillingnessShiftsTheAcceptanceBar() started.
◇ Test alreadyCoveredResourceScoresLowerThanNewResourceAtEqualPips() started.
◇ Test behaviorMetricsCountOnlyTheObservedSeat() started.
◇ Test longestRoadPursuitBonusCreditsABridgeEvenBelowThePursuitGate() started.
◇ Test telemetryKeepsEveryEvaluatedTradeReplyWithoutCountingTheCommittedReplyTwice() started.
◇ Test buildRoadScoreIsUnaffectedByMerelyTouchingAnOpponentsOwnVertex() started.
◇ Test ownStandingIsAboveOneWhenAheadOfTheField() started.
◇ Test ownStandingIsBelowOneWhenBehindTheField() started.
◇ Test robberTargetsLeadingOpponentsTile() started.
◇ Test aStandardGameNeverAsksForArmyMoves() started.
◇ Test aFootholdOnACrowdedPrimeHexIsWorthSettlingFor() started.
◇ Test bridgesOwnFragmentsDetectsAGenuineBridgeBetweenTwoDisconnectedPieces() started.
◇ Test tradeHeuristicsRejectsTradeAwayFromNextBuild() started.
◇ Test scoreSkipsLongestRoadSwingBonusWhenFarBehindTheHolder() started.
◇ Test aBoldBotBuysAnArmyCardBeforeBuildingAndAnIdleOneDoesNot() started.
◇ Test botEndsTurnRatherThanReproposingAnIdenticalPendingOffer() started.
◇ Test robberDisruptionScalesWithRelativeThreatNotJustRawVictoryPoints() started.
◇ Test anUnseenHandIsTreatedAsPossiblyHoldingAnything() started.
◇ Test longestRoadDefenseBonusIsAbsentWhenLeadIsUncontested() started.
◇ Test buildSettlementScoreIsHigherWhenItDeniesAHighThreatOpponentsFrontier() started.
◇ Test generousUnlockOffersAllThreeOreWhenThatsAllThatsHeld() started.
◇ Test productionReflectsNativeBankShortageWithoutChangingState() started.
◇ Test unaffordableAcceptanceHasNoFabricatedAfterState() started.
◇ Test woolForOreCompletesPurchaseOnlyWhenPaymentLeavesOre(oreHeld:) started.
◇ Test theIdenticalOfferIsNeverAskedTwice() started.
◇ Test aSeatBelievedToHoldNothingIsNeverAskedToPay() started.
◇ Test givingAwayOwnedOreCanDestroyExistingDevCardOption() started.
◇ Test affordableCityWithNoSettlementIsNotBuildable() started.
◇ Test atomicPaymentDoesNotInventDevelopmentCardAffordability() started.
◇ Test aRegeneratedOfferCountsAsTheSameProposition() started.
◇ Test aWorseReAskIsRefused() started.
◇ Test offeringMoreForTheSameAskIsAllowed() started.
◇ Test aDifferentTradeIsStillAllowed() started.
◇ Test publicRivalStandingAndHiddenVictoryPointsStaySeparate() started.
◇ Test robberBlocksProbabilityTimesBuildingYield() started.
◇ Test blockedPathsAgreeWithEngineAndKeepLegalDetours(blockWithCity:) started.
◇ Test expertConvertsAnAffordableReachableSiteIntoAPoint() started.
◇ Test nonTradePhaseLeavesTraceEmpty() started.
◇ Test sharedTileChargesTheRobberMoverForItsOwnCity() started.
◇ Test scopedTradeStopsAfterFirstAcceptanceAcrossPersonalities() started.
◇ Test roadAndSpendDownTraceUsesActualExpertChoice(handSize:) started.
◇ Test settlementSupplyFiltersSitesAndACityReturnsAPiece() started.
◇ Test roadProgressFindsARealDistanceLegalSettlement() started.
◇ Test mainTurnTraceAppendsActualEvaluationsIncludingFallbackPass() started.
◇ Test reportsWorkedResourceArithmetic() started.
◇ Test scopedRejectionRecordsTheActualFailedAssessment() started.
◇ Test approachDistanceCannotExceedRemainingRoadPieces() started.
◇ Test anOpponentsRoadCannotBecomeAnApproachShortcut() started.
◇ Test robberPolicyTraceUsesItsCompleteLegalMask(selfCollateral:steal:) started.
◇ Test missingReceiverHasNoArithmeticAndEvaluatesFalse() started.
◇ Test exactThresholdTieRejectsButNextLowerThresholdAccepts() started.
◇ Test reportsAllThresholdShiftsAndCostOnlyUnlock() started.
◇ Test matchedProductionAddsTheFrozenValueAndCitiesDoubleIt() started.
◇ Test buildPathPreservesRNGConsumptionAndOmitsUnvisitedFallback() started.
◇ Test scopedRejectionOnlyAndAbsentOfferDoNotInventAssessments() started.
◇ Test revisionsHaveDistinctCheckpointIdentities() started.
◇ Test rivalProductionIsValuedWithoutReadingTheirResourceComposition() started.
◇ Test negativeShiftClampsThresholdWithoutAcceptingBreakEven() started.
◇ Test diagnosticsForwardRevisionWhileUnselectedCallersStayLegacy() started.
◇ Test currentExpertCheckpointContinuesTheSameMovesAndRejectsLegacyPolicies() started.
◇ Test blockedCityIngredientEarnsNoExtraStanding() started.
◇ Test atSevenAGhostMayEndItsTurn() started.
◇ Test aCompleteExternalSeatMatchStaysReloadable(players:) started.
◇ Test aGhostSpendsDownEvenWhenItsHabitsSayEndTheTurn() started.
◇ Test onlyAnOwnTurnOverTheThresholdMustSpend() started.
◇ Test fittingNothingReturnsTheAnchor() started.
◇ Test expertSpendsDownAHoardedHand() started.
◇ Test aFewAbsurdlyScoredOptionsDoNotCollapseBeta() started.
◇ Test case passing 1 argument game → MatrixGame(playerCount: 3, target: 8, boardMode: CatanAITests.(unknown context at $105d8d308).MatrixBoardMode.standard, seed: 211) to everySupportedRulesConfigurationCompletesWithOnlyLegalMoves(game:) started.
◇ Test aHoardedTurnPlaysDownAndEnds() started.
◇ Test case passing 1 argument game → MatrixGame(playerCount: 3, target: 8, boardMode: CatanAITests.(unknown context at $105d8d308).MatrixBoardMode.standard, seed: 977) to everySupportedRulesConfigurationCompletesWithOnlyLegalMoves(game:) started.
◇ Test probabilitiesSumToOne() started.
◇ Test case passing 1 argument game → MatrixGame(playerCount: 3, target: 8, boardMode: CatanAITests.(unknown context at $105d8d308).MatrixBoardMode.randomized, seed: 211) to everySupportedRulesConfigurationCompletesWithOnlyLegalMoves(game:) started.
◇ Test case passing 1 argument game → MatrixGame(playerCount: 3, target: 8, boardMode: CatanAITests.(unknown context at $105d8d308).MatrixBoardMode.randomized, seed: 977) to everySupportedRulesConfigurationCompletesWithOnlyLegalMoves(game:) started.
◇ Test case passing 1 argument game → MatrixGame(playerCount: 3, target: 10, boardMode: CatanAITests.(unknown context at $105d8d308).MatrixBoardMode.standard, seed: 211) to everySupportedRulesConfigurationCompletesWithOnlyLegalMoves(game:) started.
◇ Test weightsKeepTheirSignAndStayInTheTrustRegion() started.
◇ Test case passing 1 argument game → MatrixGame(playerCount: 3, target: 10, boardMode: CatanAITests.(unknown context at $105d8d308).MatrixBoardMode.standard, seed: 977) to everySupportedRulesConfigurationCompletesWithOnlyLegalMoves(game:) started.
◇ Test frozenSlotsNeverMove() started.
◇ Test case passing 1 argument game → MatrixGame(playerCount: 3, target: 10, boardMode: CatanAITests.(unknown context at $105d8d308).MatrixBoardMode.randomized, seed: 211) to everySupportedRulesConfigurationCompletesWithOnlyLegalMoves(game:) started.
◇ Test aPointTheLeaderAlsoGainsIsWorthLessThanAPointWeGainAlone() started.
◇ Test aFitResumesFromItsStartingPoint() started.
◇ Test reachingTheTargetOutweighsEveryOtherTerm() started.
◇ Test case passing 1 argument game → MatrixGame(playerCount: 3, target: 10, boardMode: CatanAITests.(unknown context at $105d8d308).MatrixBoardMode.randomized, seed: 977) to everySupportedRulesConfigurationCompletesWithOnlyLegalMoves(game:) started.
◇ Test anIncrementalFitStaysNearThePreviousGhost() started.
◇ Test case passing 1 argument game → MatrixGame(playerCount: 3, target: 12, boardMode: CatanAITests.(unknown context at $105d8d308).MatrixBoardMode.standard, seed: 211) to everySupportedRulesConfigurationCompletesWithOnlyLegalMoves(game:) started.
◇ Test theFitRecoversAKnownPerson() started.
◇ Test theEvaluatorBuysDevelopmentCardsOverAGame() started.
◇ Test case passing 1 argument game → MatrixGame(playerCount: 3, target: 12, boardMode: CatanAITests.(unknown context at $105d8d308).MatrixBoardMode.standard, seed: 977) to everySupportedRulesConfigurationCompletesWithOnlyLegalMoves(game:) started.
◇ Test weightsRoundTripThroughTheirVector() started.
◇ Test theGradientMatchesTheLikelihoodOnRelinearisedRecords() started.
◇ Test case passing 1 argument game → MatrixGame(playerCount: 3, target: 12, boardMode: CatanAITests.(unknown context at $105d8d308).MatrixBoardMode.randomized, seed: 211) to everySupportedRulesConfigurationCompletesWithOnlyLegalMoves(game:) started.
◇ Test anIncrementalFitKeepsBetaNearThePreviousGhost() started.
◇ Test case passing 1 argument game → MatrixGame(playerCount: 3, target: 12, boardMode: CatanAITests.(unknown context at $105d8d308).MatrixBoardMode.randomized, seed: 977) to everySupportedRulesConfigurationCompletesWithOnlyLegalMoves(game:) started.
◇ Test case passing 1 argument game → MatrixGame(playerCount: 4, target: 8, boardMode: CatanAITests.(unknown context at $105d8d308).MatrixBoardMode.standard, seed: 211) to everySupportedRulesConfigurationCompletesWithOnlyLegalMoves(game:) started.
◇ Test anAvailableSettlementBeatsEndingTheTurn() started.
◇ Test case passing 1 argument game → MatrixGame(playerCount: 4, target: 8, boardMode: CatanAITests.(unknown context at $105d8d308).MatrixBoardMode.standard, seed: 977) to everySupportedRulesConfigurationCompletesWithOnlyLegalMoves(game:) started.
◇ Test aDevelopmentCardInHandIsWorthSomething() started.
◇ Test aPointOnTheBoardRaisesTheStanding() started.
◇ Test case passing 1 argument game → MatrixGame(playerCount: 4, target: 8, boardMode: CatanAITests.(unknown context at $105d8d308).MatrixBoardMode.randomized, seed: 211) to everySupportedRulesConfigurationCompletesWithOnlyLegalMoves(game:) started.
◇ Test case passing 1 argument game → MatrixGame(playerCount: 4, target: 8, boardMode: CatanAITests.(unknown context at $105d8d308).MatrixBoardMode.randomized, seed: 977) to everySupportedRulesConfigurationCompletesWithOnlyLegalMoves(game:) started.
◇ Test case passing 1 argument game → MatrixGame(playerCount: 4, target: 10, boardMode: CatanAITests.(unknown context at $105d8d308).MatrixBoardMode.standard, seed: 211) to everySupportedRulesConfigurationCompletesWithOnlyLegalMoves(game:) started.
◇ Test case passing 1 argument game → MatrixGame(playerCount: 4, target: 10, boardMode: CatanAITests.(unknown context at $105d8d308).MatrixBoardMode.standard, seed: 977) to everySupportedRulesConfigurationCompletesWithOnlyLegalMoves(game:) started.
◇ Test case passing 1 argument game → MatrixGame(playerCount: 4, target: 10, boardMode: CatanAITests.(unknown context at $105d8d308).MatrixBoardMode.randomized, seed: 211) to everySupportedRulesConfigurationCompletesWithOnlyLegalMoves(game:) started.
◇ Test case passing 1 argument game → MatrixGame(playerCount: 4, target: 10, boardMode: CatanAITests.(unknown context at $105d8d308).MatrixBoardMode.randomized, seed: 977) to everySupportedRulesConfigurationCompletesWithOnlyLegalMoves(game:) started.
◇ Test case passing 1 argument game → MatrixGame(playerCount: 4, target: 12, boardMode: CatanAITests.(unknown context at $105d8d308).MatrixBoardMode.standard, seed: 211) to everySupportedRulesConfigurationCompletesWithOnlyLegalMoves(game:) started.
◇ Test case passing 1 argument game → MatrixGame(playerCount: 4, target: 12, boardMode: CatanAITests.(unknown context at $105d8d308).MatrixBoardMode.standard, seed: 977) to everySupportedRulesConfigurationCompletesWithOnlyLegalMoves(game:) started.
◇ Test case passing 1 argument game → MatrixGame(playerCount: 4, target: 12, boardMode: CatanAITests.(unknown context at $105d8d308).MatrixBoardMode.randomized, seed: 211) to everySupportedRulesConfigurationCompletesWithOnlyLegalMoves(game:) started.
◇ Test case passing 1 argument game → MatrixGame(playerCount: 4, target: 12, boardMode: CatanAITests.(unknown context at $105d8d308).MatrixBoardMode.randomized, seed: 977) to everySupportedRulesConfigurationCompletesWithOnlyLegalMoves(game:) started.
◇ Test everyMoveComesFromTheSuppliedMask() started.
◇ Test aFullGameReachesAWinner(mode:) started.
◇ Test theEvaluatorIgnoresWhatItIsNotEntitledToSee() started.
◇ Test theSameSeedProducesTheSameGame() started.
◇ Test automaticRejectionStillAppliesBeforeTheNextProposalAndHumanChoice() started.
◇ Test invalidAutomaticMoveStillFailsExtractionWithItsIndex() started.
◇ Test manualResponsesTrainButTheSameAutomaticMoveDoesNot(accept:) started.
◇ Test itHidesAcceptanceFromTheWrappedPolicy() started.
◇ Test itNamesItselfAfterWhatItWraps() started.
◇ Test anAcceptanceOnlyMaskIsPassedThroughRatherThanEmptied() started.
✔ Test theShippedConquestExpertIsTheAdoptedFit() passed after 1.958 seconds.
◇ Test robbingTheLeaderIsFlagged() started.
◇ Test lambdaZeroIgnoresThePerson() started.
◇ Test reOfferingAfterARefusalIsFlagged() started.
◇ Test lambdaZeroPlaysExactlyLikeExpert() started.
◇ Test aLopsidedProposalIsDescribed() started.
◇ Test aStrongHabitDominatesAtHighLambda() started.
◇ Test everyMoveHasOneValuePerLabel() started.
◇ Test aGhostFinishesAGame() started.
◇ Test robbingTheBiggestHandIsFlagged() started.
◇ Test aBadOfferCanStillBeAccepted() started.
◇ Test candidateOrderDoesNotDependOnWeights() started.
◇ Test aHumanOfferExpertWouldNeverMakeIsScored() started.
◇ Test aMoveTheEngineAcceptsButNeverListsIsScored() started.
◇ Test aPersonMayOfferTheirLastCardOfAKind() started.
◇ Test aPersonMayOfferMoreThanTheBotLimit() started.
◇ Test everyNonProposalLegalMoveIsScored() started.
◇ Test handingTheLeaderWhatItNeedsCostsMoreThanHandingItToATrailingSeat() started.
◇ Test aPayersRealHandDoesNotDecideWhetherATradeIsProjected() started.
◇ Test irrelevantPaymentReallyCompletesPurchase(payment:quantity:) started.
◇ Test neededPaymentStillEarnsCompletionCredit(payment:quantity:) started.
◇ Test everyRecordNamesAChosenCandidateAndHasFullVectors() started.
◇ Test emptyDeckBlocksPurchaseButNotBaselineCredit(payment:quantity:) started.
◇ Test frozenWeightsHaveZeroGradient() started.
◇ Test gradientPredictsARescore() started.
◇ Test aMoveThatDoesNotReplayThrowsWithItsIndex() started.
◇ Test botRulesDropProposalsAfterThreeRefusals() started.
◇ Test composedOffersIncludeJakesBundle() started.
◇ Test worthItKeepsOfferingOnItsOwnTermsAfterARefusal() started.
◇ Test oneWheatShortOfACityAsksForTheWheat() started.
◇ Test theComposerOffersReservedCardsAndLetsScoringDecide() started.
◇ Test noOfferWhenNothingWouldHelp() started.
◇ Test eachRefusalEscalatesTheNextOfferUnderTheLadder() started.
◇ Test theCascadeNeverProposesATradeThatDoesNotHelpTheBot() started.
◇ Test pricingTwoHandsEqualsScoringTheSettledPosition() started.
◇ Test decodesWithoutACivilization() started.
◇ Test aPersonModelWithoutALapseDecodes() started.
◇ Test roundTripsThroughJSON() started.
◇ Test expertFundsAWinnableRoadEvenWithNoSettlementSupplyOrApproach() started.
◇ Test aPermanentWinningUpgradeBeatsAnotherExpedition(tier:) started.
◇ Test capturePrefersAnOverseasLanding(tier:) started.
◇ Test aTradeThatCompletesACityIsAccepted() started.
◇ Test unknownComponentConnectionsCannotPromiseAColonyPoint() started.
◇ Test anAcceptanceThatDoesNotClearTheMarginIsRefused() started.
◇ Test expertLaunchPlansAProvableWinningColonyWithinThisTurn() started.
◇ Test discardsSurplusWithoutDismantlingAFundedVoyage(tier:) started.
◇ Test acceptsFundingButPreservesAnAlreadyFundedRecipe(tier:) started.
◇ Test yearOfPlentyFundsTheMissingExpeditionIngredients(tier:) started.
◇ Test aCityUpgradeDoesNotInventNewExpeditionAccess() started.
◇ Test aPubliclyCertainColonyWinBeatsAProductiveNonwinningCity(tier:) started.
◇ Test anIdleReturnCannotHideBehindResourceStepOrCounterChanges() started.
◇ Test flexibleProductionIsAllocatedOnceAcrossRecipeDeficits() started.
◇ Test workedTargetsExplainZeroAndPositiveMarginalValues() started.
◇ Test oldJSONDecodesScalarsVerbatimWithoutInventingComponents() started.
◇ Test aHomeCoastIsNotAnOverseasColony() started.
◇ Test aWinningLargestArmyKnightClosesTheGame(tier:) started.
◇ Test actualDiscoveryIsIndependentDestinationProgress() started.
◇ Test responseOnlyMasksPreservePolicyRNG(tier:) started.
◇ Test offlineExplanationLeavesBotMovesAndRNGUnchanged() started.
◇ Test foundingAColonyJustifiesProductiveBacktracking() started.
◇ Test costUsesOriginalHandNotTheDeficitCreatedByLosingCards() started.
◇ Test emptyOffersHaveAvailableEmptyComponentsAndMissingReceiversHaveNoAssessment() started.
◇ Test unscopedDirectCallsDoNotRepeatAnOutstandingNegotiation(tier:) started.
◇ Test expertDoesNotBuyDuplicateAccessWhileAnExistingHullCanDoTheJob() started.
◇ Test diagnosticsAreOptInAndPreserveEveryRecordedScalar() started.
◇ Test componentsReconstructTheActualReductions() started.
◇ Test adaptersDeliberatelySelectNavalBrains() started.
◇ Test seededSelfPlayReproducesExactly() started.
◇ Test externalResponsesCannotLeaveAStaleDurableBotAnswer(tier:) started.
◇ Test expertFundsTheSameFinishingDrawThatItValuesWhenAvailable() started.
◇ Test radarMeasuresAverageAcrossGames() started.
◇ Test exchangesOnlyTheSurplusToCompleteAShip(tier:) started.
◇ Test buysAFirstHullThenExplores(tier:) started.
◇ Test robbingTheLeaderIsCounted() started.
◇ Test hiddenWorldHandsDeckAndFutureRNGCannotChangeDecision(tier:) started.
◇ Test countsAgreeWithTheFinalBoard() started.
◇ Test expertDiscountsAnUnfundedVoyageExposedToCapture() started.
◇ Test aCertainSailingWinBeatsEvenANinetyOnePercentFinishingDraw() started.
◇ Test flexibleYieldFundsAShipAndRespectsScarceBank(tier:) started.
◇ Test aCertainPurchaseAndLandingWinBeatsAHigherThanNinetyPercentDraw() started.
◇ Test expertReplacementHullDoesNotRenewTheFirstExpeditionPremium() started.
◇ Test case passing 1 argument oreHeld → 1 to woolForOreCompletesPurchaseOnlyWhenPaymentLeavesOre(oreHeld:) started.
◇ Test case passing 1 argument oreHeld → 2 to woolForOreCompletesPurchaseOnlyWhenPaymentLeavesOre(oreHeld:) started.
◇ Test anUnfundedVoyageCanImproveAPoorLandingWithoutGivingUpAccess(tier:) started.
◇ Test owningEveryVictoryCardRemovesTheFalseImmediateDrawPremium(tier:) started.
◇ Test sailsTowardKnownLandingAndFundsAColony(tier:) started.
◇ Test roadsCannotPromiseASiteWhoseCoastIsStillHidden() started.
✔ Test buyDevCardScoreIsNotBoostedWhenTheHolderIsFarAhead() passed after 3.455 seconds.
✔ Test generousUnlockDoesNotApplyToARoad() passed after 3.502 seconds.
◇ Test case passing 1 argument blockWithCity → false to blockedPathsAgreeWithEngineAndKeepLegalDetours(blockWithCity:) started.
H6H10 H10 affordable real site policy=evaluation-v1 chosen=buildSettlement(CatanEngine.VertexID(touchingTiles: [CatanEngine.HexCoordinate(q: -1, r: 0), CatanEngine.HexCoordinate(q: 0, r: -1), CatanEngine.HexCoordinate(q: 0, r: 0)])) score=3.0158597222222223
H6H10 seat=0 publicVP=1 standing=2.1448416666666668 production=[0.1388888888888889, 0.0, 0.0, 0.16666666666666666, 0.0] bankRates=[4, 4, 4, 4, 4]
H6H10 seat=1 publicVP=0 standing=0.0 production=[0.0, 0.0, 0.0, 0.0, 0.0] bankRates=[4, 4, 4, 4, 4]
H6H10 seat=2 publicVP=0 standing=0.0 production=[0.0, 0.0, 0.0, 0.0, 0.0] bankRates=[4, 4, 4, 4, 4]
H6H10 seat=3 publicVP=0 standing=0.0 production=[0.0, 0.0, 0.0, 0.0, 0.0] bankRates=[4, 4, 4, 4, 4]
H6H10 candidate=buildRoad(CatanEngine.EdgeID(a: CatanEngine.VertexID(touchingTiles: [CatanEngine.HexCoordinate(q: -1, r: -1), CatanEngine.HexCoordinate(q: -1, r: 0), CatanEngine.HexCoordinate(q: 0, r: -1)]), b: CatanEngine.VertexID(touchingTiles: [CatanEngine.HexCoordinate(q: -1, r: 0), CatanEngine.HexCoordinate(q: 0, r: -1), CatanEngine.HexCoordinate(q: 0, r: 0)]))) deltaVsEnd=-0.0053972222222222754 cardsDelta=-2 roadLengthDelta=1 linearRoadCredit=0.0888 sites=2 approaches=39
H6H10 candidate=buildRoad(CatanEngine.EdgeID(a: CatanEngine.VertexID(touchingTiles: [CatanEngine.HexCoordinate(q: -1, r: 0), CatanEngine.HexCoordinate(q: -1, r: 1), CatanEngine.HexCoordinate(q: 0, r: 0)]), b: CatanEngine.VertexID(touchingTiles: [CatanEngine.HexCoordinate(q: -1, r: 0), CatanEngine.HexCoordinate(q: 0, r: -1), CatanEngine.HexCoordinate(q: 0, r: 0)]))) deltaVsEnd=-0.013924999999999965 cardsDelta=-2 roadLengthDelta=1 linearRoadCredit=0.0888 sites=2 approaches=42
H6H10 candidate=buildSettlement(CatanEngine.VertexID(touchingTiles: [CatanEngine.HexCoordinate(q: -1, r: 0), CatanEngine.HexCoordinate(q: 0, r: -1), CatanEngine.HexCoordinate(q: 0, r: 0)])) deltaVsEnd=0.8710180555555556 cardsDelta=-4 roadLengthDelta=0 linearRoadCredit=0.0 sites=0 approaches=36
H6H10 H10 affordable real site policy=evaluation-city-production-v1 chosen=buildSettlement(CatanEngine.VertexID(touchingTiles: [CatanEngine.HexCoordinate(q: -1, r: 0), CatanEngine.HexCoordinate(q: 0, r: -1), CatanEngine.HexCoordinate(q: 0, r: 0)])) score=3.0158597222222223
H6H10 seat=0 publicVP=1 standing=2.1448416666666668 production=[0.1388888888888889, 0.0, 0.0, 0.16666666666666666, 0.0] bankRates=[4, 4, 4, 4, 4]
H6H10 seat=1 publicVP=0 standing=0.0 production=[0.0, 0.0, 0.0, 0.0, 0.0] bankRates=[4, 4, 4, 4, 4]
H6H10 seat=2 publicVP=0 standing=0.0 production=[0.0, 0.0, 0.0, 0.0, 0.0] bankRates=[4, 4, 4, 4, 4]
◇ Test case passing 1 argument blockWithCity → true to blockedPathsAgreeWithEngineAndKeepLegalDetours(blockWithCity:) started.
H6H10 seat=3 publicVP=0 standing=0.0 production=[0.0, 0.0, 0.0, 0.0, 0.0] bankRates=[4, 4, 4, 4, 4]
H6H10 H6 alternate public army holder policy=evaluation-v1 chosen=moveRobber(CatanEngine.HexCoordinate(q: 2, r: 0), stealFrom: nil) score=-3.871593565277778
H6H10 seat=0 publicVP=0 standing=0.0 production=[0.0, 0.0, 0.0, 0.0, 0.0] bankRates=[4, 4, 4, 4, 4]
H6H10 candidate=buildRoad(CatanEngine.EdgeID(a: CatanEngine.VertexID(touchingTiles: [CatanEngine.HexCoordinate(q: -1, r: -1), CatanEngine.HexCoordinate(q: -1, r: 0), CatanEngine.HexCoordinate(q: 0, r: -1)]), b: CatanEngine.VertexID(touchingTiles: [CatanEngine.HexCoordinate(q: -1, r: 0), CatanEngine.HexCoordinate(q: 0, r: -1), CatanEngine.HexCoordinate(q: 0, r: 0)]))) deltaVsEnd=-0.0053972222222222754 cardsDelta=-2 roadLengthDelta=1 linearRoadCredit=0.0888 sites=2 approaches=39
H6H10 seat=1 publicVP=4 standing=5.071625 production=[0.16666666666666666, 0.16666666666666666, 0.0, 0.6666666666666667, 0.0] bankRates=[4, 4, 4, 4, 2]
H6H10 candidate=buildRoad(CatanEngine.EdgeID(a: CatanEngine.VertexID(touchingTiles: [CatanEngine.HexCoordinate(q: -1, r: 0), CatanEngine.HexCoordinate(q: -1, r: 1), CatanEngine.HexCoordinate(q: 0, r: 0)]), b: CatanEngine.VertexID(touchingTiles: [CatanEngine.HexCoordinate(q: -1, r: 0), CatanEngine.HexCoordinate(q: 0, r: -1), CatanEngine.HexCoordinate(q: 0, r: 0)]))) deltaVsEnd=-0.013924999999999965 cardsDelta=-2 roadLengthDelta=1 linearRoadCredit=0.0888 sites=2 approaches=42
H6H10 seat=2 publicVP=3 standing=4.300793055555555 production=[0.0, 0.1388888888888889, 0.0, 0.0, 0.1388888888888889] bankRates=[4, 4, 4, 4, 4]
H6H10 seat=3 publicVP=0 standing=0.0 production=[0.0, 0.0, 0.0, 0.0, 0.0] bankRates=[4, 4, 4, 4, 4]
H6H10 candidate=moveRobber(CatanEngine.HexCoordinate(q: 2, r: 0), stealFrom: nil) deltaVsEnd=0.0 cardsDelta=0 roadLengthDelta=0 linearRoadCredit=0.0 sites=0 approaches=0
H6H10 candidate=buildSettlement(CatanEngine.VertexID(touchingTiles: [CatanEngine.HexCoordinate(q: -1, r: 0), CatanEngine.HexCoordinate(q: 0, r: -1), CatanEngine.HexCoordinate(q: 0, r: 0)])) deltaVsEnd=0.8710180555555556 cardsDelta=-4 roadLengthDelta=0 linearRoadCredit=0.0 sites=0 approaches=36
◇ Test case passing 1 argument handSize → 7 to roadAndSpendDownTraceUsesActualExpertChoice(handSize:) started.
H6H10 H6 alternate public army holder policy=evaluation-city-production-v1 chosen=moveRobber(CatanEngine.HexCoordinate(q: 2, r: 0), stealFrom: nil) score=-3.871593565277778
H6H10 seat=0 publicVP=0 standing=0.0 production=[0.0, 0.0, 0.0, 0.0, 0.0] bankRates=[4, 4, 4, 4, 4]
H6H10 seat=1 publicVP=4 standing=5.071625 production=[0.16666666666666666, 0.16666666666666666, 0.0, 0.6666666666666667, 0.0] bankRates=[4, 4, 4, 4, 2]
H6H10 seat=2 publicVP=3 standing=4.300793055555555 production=[0.0, 0.1388888888888889, 0.0, 0.0, 0.1388888888888889] bankRates=[4, 4, 4, 4, 4]
H6H10 seat=3 publicVP=0 standing=0.0 production=[0.0, 0.0, 0.0, 0.0, 0.0] bankRates=[4, 4, 4, 4, 4]
H6H10 candidate=moveRobber(CatanEngine.HexCoordinate(q: 2, r: 0), stealFrom: nil) deltaVsEnd=0.0 cardsDelta=0 roadLengthDelta=0 linearRoadCredit=0.0 sites=0 approaches=0
◇ Test case passing 1 argument handSize → 8 to roadAndSpendDownTraceUsesActualExpertChoice(handSize:) started.
H6H10 H10 hand=7 discipline=off policy=evaluation-v1 chosen=buildRoad(CatanEngine.EdgeID(a: CatanEngine.VertexID(touchingTiles: [CatanEngine.HexCoordinate(q: -3, r: 2), CatanEngine.HexCoordinate(q: -3, r: 3), CatanEngine.HexCoordinate(q: -2, r: 2)]), b: CatanEngine.VertexID(touchingTiles: [CatanEngine.HexCoordinate(q: -3, r: 3), CatanEngine.HexCoordinate(q: -2, r: 2), CatanEngine.HexCoordinate(q: -2, r: 3)]))) score=2.2943838349999996
H6H10 seat=0 publicVP=5 standing=6.699601388888889 production=[0.0, 0.3055555555555556, 0.08333333333333333, 0.2222222222222222, 0.08333333333333333] bankRates=[3, 3, 2, 3, 3]
H6H10 seat=1 publicVP=3 standing=5.501794444444444 production=[0.0, 0.0, 0.05555555555555555, 0.0, 0.0] bankRates=[2, 4, 4, 4, 4]
H6H10 seat=2 publicVP=0 standing=0.0 production=[0.0, 0.0, 0.0, 0.0, 0.0] bankRates=[4, 4, 4, 4, 4]
H6H10 seat=3 publicVP=0 standing=0.0 production=[0.0, 0.0, 0.0, 0.0, 0.0] bankRates=[4, 4, 4, 4, 4]
H6H10 candidate=endTurn deltaVsEnd=0.0 cardsDelta=0 roadLengthDelta=0 linearRoadCredit=0.0 sites=0 approaches=0
H6H10 candidate=buildRoad(CatanEngine.EdgeID(a: CatanEngine.VertexID(touchingTiles: [CatanEngine.HexCoordinate(q: -3, r: 2), CatanEngine.HexCoordinate(q: -3, r: 3), CatanEngine.HexCoordinate(q: -2, r: 2)]), b: CatanEngine.VertexID(touchingTiles: [CatanEngine.HexCoordinate(q: -3, r: 3), CatanEngine.HexCoordinate(q: -2, r: 2), CatanEngine.HexCoordinate(q: -2, r: 3)]))) deltaVsEnd=0.017674999999999663 cardsDelta=-2 roadLengthDelta=2 linearRoadCredit=0.1776 sites=0 approaches=0
H6H10 candidate=buildRoad(CatanEngine.EdgeID(a: CatanEngine.VertexID(touchingTiles: [CatanEngine.HexCoordinate(q: -2, r: 1), CatanEngine.HexCoordinate(q: -2, r: 2), CatanEngine.HexCoordinate(q: -1, r: 1)]), b: CatanEngine.VertexID(touchingTiles: [CatanEngine.HexCoordinate(q: -2, r: 1), CatanEngine.HexCoordinate(q: -1, r: 0), CatanEngine.HexCoordinate(q: -1, r: 1)]))) deltaVsEnd=0.017674999999999663 cardsDelta=-2 roadLengthDelta=2 linearRoadCredit=0.1776 sites=0 approaches=0
H6H10 candidate=buildRoad(CatanEngine.EdgeID(a: CatanEngine.VertexID(touchingTiles: [CatanEngine.HexCoordinate(q: -2, r: 1), CatanEngine.HexCoordinate(q: -2, r: 2), CatanEngine.HexCoordinate(q: -1, r: 1)]), b: CatanEngine.VertexID(touchingTiles: [CatanEngine.HexCoordinate(q: -2, r: 2), CatanEngine.HexCoordinate(q: -1, r: 1), CatanEngine.HexCoordinate(q: -1, r: 2)]))) deltaVsEnd=0.017674999999999663 cardsDelta=-2 roadLengthDelta=2 linearRoadCredit=0.1776 sites=0 approaches=0
H6H10 H10 hand=7 discipline=on policy=evaluation-v1 chosen=buildRoad(CatanEngine.EdgeID(a: CatanEngine.VertexID(touchingTiles: [CatanEngine.HexCoordinate(q: -3, r: 2), CatanEngine.HexCoordinate(q: -3, r: 3), CatanEngine.HexCoordinate(q: -2, r: 2)]), b: CatanEngine.VertexID(touchingTiles: [CatanEngine.HexCoordinate(q: -3, r: 3), CatanEngine.HexCoordinate(q: -2, r: 2), CatanEngine.HexCoordinate(q: -2, r: 3)]))) score=2.2943838349999996
H6H10 seat=0 publicVP=5 standing=6.699601388888889 production=[0.0, 0.3055555555555556, 0.08333333333333333, 0.2222222222222222, 0.08333333333333333] bankRates=[3, 3, 2, 3, 3]
H6H10 seat=1 publicVP=3 standing=5.501794444444444 production=[0.0, 0.0, 0.05555555555555555, 0.0, 0.0] bankRates=[2, 4, 4, 4, 4]
H6H10 seat=2 publicVP=0 standing=0.0 production=[0.0, 0.0, 0.0, 0.0, 0.0] bankRates=[4, 4, 4, 4, 4]
H6H10 seat=3 publicVP=0 standing=0.0 production=[0.0, 0.0, 0.0, 0.0, 0.0] bankRates=[4, 4, 4, 4, 4]
H6H10 candidate=endTurn deltaVsEnd=0.0 cardsDelta=0 roadLengthDelta=0 linearRoadCredit=0.0 sites=0 approaches=0
H6H10 candidate=buildRoad(CatanEngine.EdgeID(a: CatanEngine.VertexID(touchingTiles: [CatanEngine.HexCoordinate(q: -3, r: 2), CatanEngine.HexCoordinate(q: -3, r: 3), CatanEngine.HexCoordinate(q: -2, r: 2)]), b: CatanEngine.VertexID(touchingTiles: [CatanEngine.HexCoordinate(q: -3, r: 3), CatanEngine.HexCoordinate(q: -2, r: 2), CatanEngine.HexCoordinate(q: -2, r: 3)]))) deltaVsEnd=0.017674999999999663 cardsDelta=-2 roadLengthDelta=2 linearRoadCredit=0.1776 sites=0 approaches=0
H6H10 candidate=buildRoad(CatanEngine.EdgeID(a: CatanEngine.VertexID(touchingTiles: [CatanEngine.HexCoordinate(q: -2, r: 1), CatanEngine.HexCoordinate(q: -2, r: 2), CatanEngine.HexCoordinate(q: -1, r: 1)]), b: CatanEngine.VertexID(touchingTiles: [CatanEngine.HexCoordinate(q: -2, r: 1), CatanEngine.HexCoordinate(q: -1, r: 0), CatanEngine.HexCoordinate(q: -1, r: 1)]))) deltaVsEnd=0.017674999999999663 cardsDelta=-2 roadLengthDelta=2 linearRoadCredit=0.1776 sites=0 approaches=0
H6H10 candidate=buildRoad(CatanEngine.EdgeID(a: CatanEngine.VertexID(touchingTiles: [CatanEngine.HexCoordinate(q: -2, r: 1), CatanEngine.HexCoordinate(q: -2, r: 2), CatanEngine.HexCoordinate(q: -1, r: 1)]), b: CatanEngine.VertexID(touchingTiles: [CatanEngine.HexCoordinate(q: -2, r: 2), CatanEngine.HexCoordinate(q: -1, r: 1), CatanEngine.HexCoordinate(q: -1, r: 2)]))) deltaVsEnd=0.017674999999999663 cardsDelta=-2 roadLengthDelta=2 linearRoadCredit=0.1776 sites=0 approaches=0
H6H10 override=false revision=legacy hand=7
H6H10 H10 hand=8 discipline=off policy=evaluation-v1 chosen=buildRoad(CatanEngine.EdgeID(a: CatanEngine.VertexID(touchingTiles: [CatanEngine.HexCoordinate(q: -3, r: 2), CatanEngine.HexCoordinate(q: -3, r: 3), CatanEngine.HexCoordinate(q: -2, r: 2)]), b: CatanEngine.VertexID(touchingTiles: [CatanEngine.HexCoordinate(q: -3, r: 3), CatanEngine.HexCoordinate(q: -2, r: 2), CatanEngine.HexCoordinate(q: -2, r: 3)]))) score=2.3512838350000003
H6H10 seat=0 publicVP=5 standing=6.692351388888889 production=[0.0, 0.3055555555555556, 0.08333333333333333, 0.2222222222222222, 0.08333333333333333] bankRates=[3, 3, 2, 3, 3]
H6H10 seat=1 publicVP=3 standing=5.501794444444444 production=[0.0, 0.0, 0.05555555555555555, 0.0, 0.0] bankRates=[2, 4, 4, 4, 4]
H6H10 seat=2 publicVP=0 standing=0.0 production=[0.0, 0.0, 0.0, 0.0, 0.0] bankRates=[4, 4, 4, 4, 4]
H6H10 seat=3 publicVP=0 standing=0.0 production=[0.0, 0.0, 0.0, 0.0, 0.0] bankRates=[4, 4, 4, 4, 4]
H6H10 candidate=endTurn deltaVsEnd=0.0 cardsDelta=0 roadLengthDelta=0 linearRoadCredit=0.0 sites=0 approaches=0
H6H10 candidate=buildRoad(CatanEngine.EdgeID(a: CatanEngine.VertexID(touchingTiles: [CatanEngine.HexCoordinate(q: -3, r: 2), CatanEngine.HexCoordinate(q: -3, r: 3), CatanEngine.HexCoordinate(q: -2, r: 2)]), b: CatanEngine.VertexID(touchingTiles: [CatanEngine.HexCoordinate(q: -3, r: 3), CatanEngine.HexCoordinate(q: -2, r: 2), CatanEngine.HexCoordinate(q: -2, r: 3)]))) deltaVsEnd=0.08182500000000026 cardsDelta=-2 roadLengthDelta=2 linearRoadCredit=0.1776 sites=0 approaches=0
H6H10 candidate=buildRoad(CatanEngine.EdgeID(a: CatanEngine.VertexID(touchingTiles: [CatanEngine.HexCoordinate(q: -2, r: 1), CatanEngine.HexCoordinate(q: -2, r: 2), CatanEngine.HexCoordinate(q: -1, r: 1)]), b: CatanEngine.VertexID(touchingTiles: [CatanEngine.HexCoordinate(q: -2, r: 1), CatanEngine.HexCoordinate(q: -1, r: 0), CatanEngine.HexCoordinate(q: -1, r: 1)]))) deltaVsEnd=0.08182500000000026 cardsDelta=-2 roadLengthDelta=2 linearRoadCredit=0.1776 sites=0 approaches=0
H6H10 candidate=buildRoad(CatanEngine.EdgeID(a: CatanEngine.VertexID(touchingTiles: [CatanEngine.HexCoordinate(q: -2, r: 1), CatanEngine.HexCoordinate(q: -2, r: 2), CatanEngine.HexCoordinate(q: -1, r: 1)]), b: CatanEngine.VertexID(touchingTiles: [CatanEngine.HexCoordinate(q: -2, r: 2), CatanEngine.HexCoordinate(q: -1, r: 1), CatanEngine.HexCoordinate(q: -1, r: 2)]))) deltaVsEnd=0.08182500000000026 cardsDelta=-2 roadLengthDelta=2 linearRoadCredit=0.1776 sites=0 approaches=0
H6H10 H10 hand=7 discipline=off policy=evaluation-city-production-v1 chosen=buildRoad(CatanEngine.EdgeID(a: CatanEngine.VertexID(touchingTiles: [CatanEngine.HexCoordinate(q: -3, r: 2), CatanEngine.HexCoordinate(q: -3, r: 3), CatanEngine.HexCoordinate(q: -2, r: 2)]), b: CatanEngine.VertexID(touchingTiles: [CatanEngine.HexCoordinate(q: -3, r: 3), CatanEngine.HexCoordinate(q: -2, r: 2), CatanEngine.HexCoordinate(q: -2, r: 3)]))) score=2.3138282794444445
H6H10 seat=0 publicVP=5 standing=6.719045833333333 production=[0.0, 0.3055555555555556, 0.08333333333333333, 0.2222222222222222, 0.08333333333333333] bankRates=[3, 3, 2, 3, 3]
H6H10 seat=1 publicVP=3 standing=5.501794444444444 production=[0.0, 0.0, 0.05555555555555555, 0.0, 0.0] bankRates=[2, 4, 4, 4, 4]
H6H10 seat=2 publicVP=0 standing=0.0 production=[0.0, 0.0, 0.0, 0.0, 0.0] bankRates=[4, 4, 4, 4, 4]
H6H10 seat=3 publicVP=0 standing=0.0 production=[0.0, 0.0, 0.0, 0.0, 0.0] bankRates=[4, 4, 4, 4, 4]
H6H10 candidate=endTurn deltaVsEnd=0.0 cardsDelta=0 roadLengthDelta=0 linearRoadCredit=0.0 sites=0 approaches=0
H6H10 candidate=buildRoad(CatanEngine.EdgeID(a: CatanEngine.VertexID(touchingTiles: [CatanEngine.HexCoordinate(q: -3, r: 2), CatanEngine.HexCoordinate(q: -3, r: 3), CatanEngine.HexCoordinate(q: -2, r: 2)]), b: CatanEngine.VertexID(touchingTiles: [CatanEngine.HexCoordinate(q: -3, r: 3), CatanEngine.HexCoordinate(q: -2, r: 2), CatanEngine.HexCoordinate(q: -2, r: 3)]))) deltaVsEnd=0.017674999999999663 cardsDelta=-2 roadLengthDelta=2 linearRoadCredit=0.1776 sites=0 approaches=0
H6H10 candidate=buildRoad(CatanEngine.EdgeID(a: CatanEngine.VertexID(touchingTiles: [CatanEngine.HexCoordinate(q: -2, r: 1), CatanEngine.HexCoordinate(q: -2, r: 2), CatanEngine.HexCoordinate(q: -1, r: 1)]), b: CatanEngine.VertexID(touchingTiles: [CatanEngine.HexCoordinate(q: -2, r: 1), CatanEngine.HexCoordinate(q: -1, r: 0), CatanEngine.HexCoordinate(q: -1, r: 1)]))) deltaVsEnd=0.017674999999999663 cardsDelta=-2 roadLengthDelta=2 linearRoadCredit=0.1776 sites=0 approaches=0
H6H10 candidate=buildRoad(CatanEngine.EdgeID(a: CatanEngine.VertexID(touchingTiles: [CatanEngine.HexCoordinate(q: -2, r: 1), CatanEngine.HexCoordinate(q: -2, r: 2), CatanEngine.HexCoordinate(q: -1, r: 1)]), b: CatanEngine.VertexID(touchingTiles: [CatanEngine.HexCoordinate(q: -2, r: 2), CatanEngine.HexCoordinate(q: -1, r: 1), CatanEngine.HexCoordinate(q: -1, r: 2)]))) deltaVsEnd=0.017674999999999663 cardsDelta=-2 roadLengthDelta=2 linearRoadCredit=0.1776 sites=0 approaches=0
H6H10 H10 hand=8 discipline=on policy=evaluation-v1 chosen=buildRoad(CatanEngine.EdgeID(a: CatanEngine.VertexID(touchingTiles: [CatanEngine.HexCoordinate(q: -3, r: 2), CatanEngine.HexCoordinate(q: -3, r: 3), CatanEngine.HexCoordinate(q: -2, r: 2)]), b: CatanEngine.VertexID(touchingTiles: [CatanEngine.HexCoordinate(q: -3, r: 3), CatanEngine.HexCoordinate(q: -2, r: 2), CatanEngine.HexCoordinate(q: -2, r: 3)]))) score=2.3512838350000003
H6H10 seat=0 publicVP=5 standing=6.692351388888889 production=[0.0, 0.3055555555555556, 0.08333333333333333, 0.2222222222222222, 0.08333333333333333] bankRates=[3, 3, 2, 3, 3]
H6H10 seat=1 publicVP=3 standing=5.501794444444444 production=[0.0, 0.0, 0.05555555555555555, 0.0, 0.0] bankRates=[2, 4, 4, 4, 4]
H6H10 seat=2 publicVP=0 standing=0.0 production=[0.0, 0.0, 0.0, 0.0, 0.0] bankRates=[4, 4, 4, 4, 4]
H6H10 seat=3 publicVP=0 standing=0.0 production=[0.0, 0.0, 0.0, 0.0, 0.0] bankRates=[4, 4, 4, 4, 4]
H6H10 candidate=endTurn deltaVsEnd=0.0 cardsDelta=0 roadLengthDelta=0 linearRoadCredit=0.0 sites=0 approaches=0
H6H10 candidate=buildRoad(CatanEngine.EdgeID(a: CatanEngine.VertexID(touchingTiles: [CatanEngine.HexCoordinate(q: -3, r: 2), CatanEngine.HexCoordinate(q: -3, r: 3), CatanEngine.HexCoordinate(q: -2, r: 2)]), b: CatanEngine.VertexID(touchingTiles: [CatanEngine.HexCoordinate(q: -3, r: 3), CatanEngine.HexCoordinate(q: -2, r: 2), CatanEngine.HexCoordinate(q: -2, r: 3)]))) deltaVsEnd=0.08182500000000026 cardsDelta=-2 roadLengthDelta=2 linearRoadCredit=0.1776 sites=0 approaches=0
H6H10 candidate=buildRoad(CatanEngine.EdgeID(a: CatanEngine.VertexID(touchingTiles: [CatanEngine.HexCoordinate(q: -2, r: 1), CatanEngine.HexCoordinate(q: -2, r: 2), CatanEngine.HexCoordinate(q: -1, r: 1)]), b: CatanEngine.VertexID(touchingTiles: [CatanEngine.HexCoordinate(q: -2, r: 1), CatanEngine.HexCoordinate(q: -1, r: 0), CatanEngine.HexCoordinate(q: -1, r: 1)]))) deltaVsEnd=0.08182500000000026 cardsDelta=-2 roadLengthDelta=2 linearRoadCredit=0.1776 sites=0 approaches=0
H6H10 candidate=buildRoad(CatanEngine.EdgeID(a: CatanEngine.VertexID(touchingTiles: [CatanEngine.HexCoordinate(q: -2, r: 1), CatanEngine.HexCoordinate(q: -2, r: 2), CatanEngine.HexCoordinate(q: -1, r: 1)]), b: CatanEngine.VertexID(touchingTiles: [CatanEngine.HexCoordinate(q: -2, r: 2), CatanEngine.HexCoordinate(q: -1, r: 1), CatanEngine.HexCoordinate(q: -1, r: 2)]))) deltaVsEnd=0.08182500000000026 cardsDelta=-2 roadLengthDelta=2 linearRoadCredit=0.1776 sites=0 approaches=0
H6H10 override=false revision=legacy hand=8
◇ Test case passing 2 arguments selfCollateral → false, steal → false to robberPolicyTraceUsesItsCompleteLegalMask(selfCollateral:steal:) started.
H6H10 H10 hand=7 discipline=on policy=evaluation-city-production-v1 chosen=buildRoad(CatanEngine.EdgeID(a: CatanEngine.VertexID(touchingTiles: [CatanEngine.HexCoordinate(q: -3, r: 2), CatanEngine.HexCoordinate(q: -3, r: 3), CatanEngine.HexCoordinate(q: -2, r: 2)]), b: CatanEngine.VertexID(touchingTiles: [CatanEngine.HexCoordinate(q: -3, r: 3), CatanEngine.HexCoordinate(q: -2, r: 2), CatanEngine.HexCoordinate(q: -2, r: 3)]))) score=2.3138282794444445
H6H10 seat=0 publicVP=5 standing=6.719045833333333 production=[0.0, 0.3055555555555556, 0.08333333333333333, 0.2222222222222222, 0.08333333333333333] bankRates=[3, 3, 2, 3, 3]
H6H10 seat=1 publicVP=3 standing=5.501794444444444 production=[0.0, 0.0, 0.05555555555555555, 0.0, 0.0] bankRates=[2, 4, 4, 4, 4]
H6H10 seat=2 publicVP=0 standing=0.0 production=[0.0, 0.0, 0.0, 0.0, 0.0] bankRates=[4, 4, 4, 4, 4]
H6H10 seat=3 publicVP=0 standing=0.0 production=[0.0, 0.0, 0.0, 0.0, 0.0] bankRates=[4, 4, 4, 4, 4]
H6H10 candidate=endTurn deltaVsEnd=0.0 cardsDelta=0 roadLengthDelta=0 linearRoadCredit=0.0 sites=0 approaches=0
H6H10 candidate=buildRoad(CatanEngine.EdgeID(a: CatanEngine.VertexID(touchingTiles: [CatanEngine.HexCoordinate(q: -3, r: 2), CatanEngine.HexCoordinate(q: -3, r: 3), CatanEngine.HexCoordinate(q: -2, r: 2)]), b: CatanEngine.VertexID(touchingTiles: [CatanEngine.HexCoordinate(q: -3, r: 3), CatanEngine.HexCoordinate(q: -2, r: 2), CatanEngine.HexCoordinate(q: -2, r: 3)]))) deltaVsEnd=0.017674999999999663 cardsDelta=-2 roadLengthDelta=2 linearRoadCredit=0.1776 sites=0 approaches=0
H6H10 candidate=buildRoad(CatanEngine.EdgeID(a: CatanEngine.VertexID(touchingTiles: [CatanEngine.HexCoordinate(q: -2, r: 1), CatanEngine.HexCoordinate(q: -2, r: 2), CatanEngine.HexCoordinate(q: -1, r: 1)]), b: CatanEngine.VertexID(touchingTiles: [CatanEngine.HexCoordinate(q: -2, r: 1), CatanEngine.HexCoordinate(q: -1, r: 0), CatanEngine.HexCoordinate(q: -1, r: 1)]))) deltaVsEnd=0.017674999999999663 cardsDelta=-2 roadLengthDelta=2 linearRoadCredit=0.1776 sites=0 approaches=0
H6H10 candidate=buildRoad(CatanEngine.EdgeID(a: CatanEngine.VertexID(touchingTiles: [CatanEngine.HexCoordinate(q: -2, r: 1), CatanEngine.HexCoordinate(q: -2, r: 2), CatanEngine.HexCoordinate(q: -1, r: 1)]), b: CatanEngine.VertexID(touchingTiles: [CatanEngine.HexCoordinate(q: -2, r: 2), CatanEngine.HexCoordinate(q: -1, r: 1), CatanEngine.HexCoordinate(q: -1, r: 2)]))) deltaVsEnd=0.017674999999999663 cardsDelta=-2 roadLengthDelta=2 linearRoadCredit=0.1776 sites=0 approaches=0
H6H10 override=false revision=cityProductionV1 hand=7
◇ Test case passing 2 arguments selfCollateral → false, steal → true to robberPolicyTraceUsesItsCompleteLegalMask(selfCollateral:steal:) started.
H6H10 H10 hand=8 discipline=off policy=evaluation-city-production-v1 chosen=buildRoad(CatanEngine.EdgeID(a: CatanEngine.VertexID(touchingTiles: [CatanEngine.HexCoordinate(q: -3, r: 2), CatanEngine.HexCoordinate(q: -3, r: 3), CatanEngine.HexCoordinate(q: -2, r: 2)]), b: CatanEngine.VertexID(touchingTiles: [CatanEngine.HexCoordinate(q: -3, r: 3), CatanEngine.HexCoordinate(q: -2, r: 2), CatanEngine.HexCoordinate(q: -2, r: 3)]))) score=2.370728279444445
H6H10 seat=0 publicVP=5 standing=6.711795833333333 production=[0.0, 0.3055555555555556, 0.08333333333333333, 0.2222222222222222, 0.08333333333333333] bankRates=[3, 3, 2, 3, 3]
H6H10 seat=1 publicVP=3 standing=5.501794444444444 production=[0.0, 0.0, 0.05555555555555555, 0.0, 0.0] bankRates=[2, 4, 4, 4, 4]
H6H10 seat=2 publicVP=0 standing=0.0 production=[0.0, 0.0, 0.0, 0.0, 0.0] bankRates=[4, 4, 4, 4, 4]
H6H10 seat=3 publicVP=0 standing=0.0 production=[0.0, 0.0, 0.0, 0.0, 0.0] bankRates=[4, 4, 4, 4, 4]
H6H10 candidate=endTurn deltaVsEnd=0.0 cardsDelta=0 roadLengthDelta=0 linearRoadCredit=0.0 sites=0 approaches=0
H6H10 candidate=buildRoad(CatanEngine.EdgeID(a: CatanEngine.VertexID(touchingTiles: [CatanEngine.HexCoordinate(q: -3, r: 2), CatanEngine.HexCoordinate(q: -3, r: 3), CatanEngine.HexCoordinate(q: -2, r: 2)]), b: CatanEngine.VertexID(touchingTiles: [CatanEngine.HexCoordinate(q: -3, r: 3), CatanEngine.HexCoordinate(q: -2, r: 2), CatanEngine.HexCoordinate(q: -2, r: 3)]))) deltaVsEnd=0.08182500000000026 cardsDelta=-2 roadLengthDelta=2 linearRoadCredit=0.1776 sites=0 approaches=0
H6H10 candidate=buildRoad(CatanEngine.EdgeID(a: CatanEngine.VertexID(touchingTiles: [CatanEngine.HexCoordinate(q: -2, r: 1), CatanEngine.HexCoordinate(q: -2, r: 2), CatanEngine.HexCoordinate(q: -1, r: 1)]), b: CatanEngine.VertexID(touchingTiles: [CatanEngine.HexCoordinate(q: -2, r: 1), CatanEngine.HexCoordinate(q: -1, r: 0), CatanEngine.HexCoordinate(q: -1, r: 1)]))) deltaVsEnd=0.08182500000000026 cardsDelta=-2 roadLengthDelta=2 linearRoadCredit=0.1776 sites=0 approaches=0
H6H10 candidate=buildRoad(CatanEngine.EdgeID(a: CatanEngine.VertexID(touchingTiles: [CatanEngine.HexCoordinate(q: -2, r: 1), CatanEngine.HexCoordinate(q: -2, r: 2), CatanEngine.HexCoordinate(q: -1, r: 1)]), b: CatanEngine.VertexID(touchingTiles: [CatanEngine.HexCoordinate(q: -2, r: 2), CatanEngine.HexCoordinate(q: -1, r: 1), CatanEngine.HexCoordinate(q: -1, r: 2)]))) deltaVsEnd=0.08182500000000026 cardsDelta=-2 roadLengthDelta=2 linearRoadCredit=0.1776 sites=0 approaches=0
H6H10 H10 hand=8 discipline=on policy=evaluation-city-production-v1 chosen=buildRoad(CatanEngine.EdgeID(a: CatanEngine.VertexID(touchingTiles: [CatanEngine.HexCoordinate(q: -3, r: 2), CatanEngine.HexCoordinate(q: -3, r: 3), CatanEngine.HexCoordinate(q: -2, r: 2)]), b: CatanEngine.VertexID(touchingTiles: [CatanEngine.HexCoordinate(q: -3, r: 3), CatanEngine.HexCoordinate(q: -2, r: 2), CatanEngine.HexCoordinate(q: -2, r: 3)]))) score=2.370728279444445
H6H10 seat=0 publicVP=5 standing=6.711795833333333 production=[0.0, 0.3055555555555556, 0.08333333333333333, 0.2222222222222222, 0.08333333333333333] bankRates=[3, 3, 2, 3, 3]
H6H10 seat=1 publicVP=3 standing=5.501794444444444 production=[0.0, 0.0, 0.05555555555555555, 0.0, 0.0] bankRates=[2, 4, 4, 4, 4]
H6H10 seat=2 publicVP=0 standing=0.0 production=[0.0, 0.0, 0.0, 0.0, 0.0] bankRates=[4, 4, 4, 4, 4]
H6H10 seat=3 publicVP=0 standing=0.0 production=[0.0, 0.0, 0.0, 0.0, 0.0] bankRates=[4, 4, 4, 4, 4]
H6H10 candidate=endTurn deltaVsEnd=0.0 cardsDelta=0 roadLengthDelta=0 linearRoadCredit=0.0 sites=0 approaches=0
H6H10 H6 collateral=false steal=false policy=evaluation-v1 chosen=moveRobber(CatanEngine.HexCoordinate(q: 2, r: 0), stealFrom: nil) score=-3.871593565277778
H6H10 seat=0 publicVP=0 standing=0.0 production=[0.0, 0.0, 0.0, 0.0, 0.0] bankRates=[4, 4, 4, 4, 4]
H6H10 candidate=buildRoad(CatanEngine.EdgeID(a: CatanEngine.VertexID(touchingTiles: [CatanEngine.HexCoordinate(q: -3, r: 2), CatanEngine.HexCoordinate(q: -3, r: 3), CatanEngine.HexCoordinate(q: -2, r: 2)]), b: CatanEngine.VertexID(touchingTiles: [CatanEngine.HexCoordinate(q: -3, r: 3), CatanEngine.HexCoordinate(q: -2, r: 2), CatanEngine.HexCoordinate(q: -2, r: 3)]))) deltaVsEnd=0.08182500000000026 cardsDelta=-2 roadLengthDelta=2 linearRoadCredit=0.1776 sites=0 approaches=0
H6H10 candidate=buildRoad(CatanEngine.EdgeID(a: CatanEngine.VertexID(touchingTiles: [CatanEngine.HexCoordinate(q: -2, r: 1), CatanEngine.HexCoordinate(q: -2, r: 2), CatanEngine.HexCoordinate(q: -1, r: 1)]), b: CatanEngine.VertexID(touchingTiles: [CatanEngine.HexCoordinate(q: -2, r: 1), CatanEngine.HexCoordinate(q: -1, r: 0), CatanEngine.HexCoordinate(q: -1, r: 1)]))) deltaVsEnd=0.08182500000000026 cardsDelta=-2 roadLengthDelta=2 linearRoadCredit=0.1776 sites=0 approaches=0
H6H10 candidate=buildRoad(CatanEngine.EdgeID(a: CatanEngine.VertexID(touchingTiles: [CatanEngine.HexCoordinate(q: -2, r: 1), CatanEngine.HexCoordinate(q: -2, r: 2), CatanEngine.HexCoordinate(q: -1, r: 1)]), b: CatanEngine.VertexID(touchingTiles: [CatanEngine.HexCoordinate(q: -2, r: 2), CatanEngine.HexCoordinate(q: -1, r: 1), CatanEngine.HexCoordinate(q: -1, r: 2)]))) deltaVsEnd=0.08182500000000026 cardsDelta=-2 roadLengthDelta=2 linearRoadCredit=0.1776 sites=0 approaches=0
H6H10 seat=1 publicVP=4 standing=5.071625 production=[0.16666666666666666, 0.16666666666666666, 0.0, 0.6666666666666667, 0.0] bankRates=[4, 4, 4, 4, 2]
H6H10 seat=2 publicVP=1 standing=1.5174930555555555 production=[0.0, 0.1388888888888889, 0.0, 0.0, 0.1388888888888889] bankRates=[4, 4, 4, 4, 4]
H6H10 seat=3 publicVP=0 standing=0.0 production=[0.0, 0.0, 0.0, 0.0, 0.0] bankRates=[4, 4, 4, 4, 4]
H6H10 candidate=moveRobber(CatanEngine.HexCoordinate(q: -1, r: 1), stealFrom: nil) deltaVsEnd=-0.20548577222222164 cardsDelta=0 roadLengthDelta=0 linearRoadCredit=0.0 sites=0 approaches=0
H6H10 candidate=moveRobber(CatanEngine.HexCoordinate(q: 2, r: 0), stealFrom: nil) deltaVsEnd=0.0 cardsDelta=0 roadLengthDelta=0 linearRoadCredit=0.0 sites=0 approaches=0
H6H10 override=false revision=cityProductionV1 hand=8
◇ Test case passing 2 arguments selfCollateral → true, steal → false to robberPolicyTraceUsesItsCompleteLegalMask(selfCollateral:steal:) started.
◇ Test case passing 2 arguments selfCollateral → true, steal → true to robberPolicyTraceUsesItsCompleteLegalMask(selfCollateral:steal:) started.
H6H10 H6 collateral=false steal=true policy=evaluation-v1 chosen=moveRobber(CatanEngine.HexCoordinate(q: 2, r: 0), stealFrom: Optional(CatanEngine.PlayerID(index: 1))) score=-3.786231065277778
H6H10 seat=0 publicVP=0 standing=0.0 production=[0.0, 0.0, 0.0, 0.0, 0.0] bankRates=[4, 4, 4, 4, 4]
H6H10 seat=1 publicVP=4 standing=5.159755 production=[0.16666666666666666, 0.16666666666666666, 0.0, 0.6666666666666667, 0.0] bankRates=[4, 4, 4, 4, 2]
H6H10 seat=2 publicVP=1 standing=1.6056230555555555 production=[0.0, 0.1388888888888889, 0.0, 0.0, 0.1388888888888889] bankRates=[4, 4, 4, 4, 4]
H6H10 seat=3 publicVP=0 standing=0.0 production=[0.0, 0.0, 0.0, 0.0, 0.0] bankRates=[4, 4, 4, 4, 4]
H6H10 candidate=moveRobber(CatanEngine.HexCoordinate(q: -1, r: 1), stealFrom: Optional(CatanEngine.PlayerID(index: 2))) deltaVsEnd=-0.27633347922222073 cardsDelta=1 roadLengthDelta=0 linearRoadCredit=0.0 sites=0 approaches=0
H6H10 candidate=moveRobber(CatanEngine.HexCoordinate(q: 2, r: 0), stealFrom: Optional(CatanEngine.PlayerID(index: 1))) deltaVsEnd=0.0 cardsDelta=1 roadLengthDelta=0 linearRoadCredit=0.0 sites=0 approaches=0
✔ Test aBotProposalIsAnsweredBeforeTheProposerContinues() passed after 4.474 seconds.
✔ Test aGenerousUnlockOfferIsAcceptedByAPlausibleReceiver() passed after 4.473 seconds.
✔ Test decisionMetricsRecordDisruptionAndProposalOpportunities() passed after 4.492 seconds.
✔ Test claimsLongestRoadIsFalseWhenAlreadyTheHolder() passed after 4.497 seconds.
H6H10 H6 collateral=false steal=false policy=evaluation-city-production-v1 chosen=moveRobber(CatanEngine.HexCoordinate(q: 2, r: 0), stealFrom: nil) score=-3.871593565277778
H6H10 seat=0 publicVP=0 standing=0.0 production=[0.0, 0.0, 0.0, 0.0, 0.0] bankRates=[4, 4, 4, 4, 4]
H6H10 seat=1 publicVP=4 standing=5.071625 production=[0.16666666666666666, 0.16666666666666666, 0.0, 0.6666666666666667, 0.0] bankRates=[4, 4, 4, 4, 2]
H6H10 seat=2 publicVP=1 standing=1.5174930555555555 production=[0.0, 0.1388888888888889, 0.0, 0.0, 0.1388888888888889] bankRates=[4, 4, 4, 4, 4]
H6H10 seat=3 publicVP=0 standing=0.0 production=[0.0, 0.0, 0.0, 0.0, 0.0] bankRates=[4, 4, 4, 4, 4]
H6H10 candidate=moveRobber(CatanEngine.HexCoordinate(q: -1, r: 1), stealFrom: nil) deltaVsEnd=-0.20548577222222164 cardsDelta=0 roadLengthDelta=0 linearRoadCredit=0.0 sites=0 approaches=0
H6H10 candidate=moveRobber(CatanEngine.HexCoordinate(q: 2, r: 0), stealFrom: nil) deltaVsEnd=0.0 cardsDelta=0 roadLengthDelta=0 linearRoadCredit=0.0 sites=0 approaches=0
◇ Test case passing 1 argument players → 3 to aCompleteExternalSeatMatchStaysReloadable(players:) started.
H6H10 H6 collateral=true steal=false policy=evaluation-v1 chosen=moveRobber(CatanEngine.HexCoordinate(q: 2, r: -1), stealFrom: nil) score=-1.4512292727777778
H6H10 seat=0 publicVP=2 standing=2.4546930555555555 production=[0.0, 0.0, 0.0, 0.2777777777777778, 0.0] bankRates=[3, 3, 3, 3, 3]
H6H10 seat=1 publicVP=4 standing=5.071625 production=[0.16666666666666666, 0.16666666666666666, 0.0, 0.6666666666666667, 0.0] bankRates=[4, 4, 4, 4, 2]
H6H10 seat=2 publicVP=1 standing=1.5174930555555555 production=[0.0, 0.1388888888888889, 0.0, 0.0, 0.1388888888888889] bankRates=[4, 4, 4, 4, 4]
H6H10 seat=3 publicVP=0 standing=0.0 production=[0.0, 0.0, 0.0, 0.0, 0.0] bankRates=[4, 4, 4, 4, 4]
H6H10 candidate=moveRobber(CatanEngine.HexCoordinate(q: -1, r: 1), stealFrom: nil) deltaVsEnd=-0.17115700916666654 cardsDelta=0 roadLengthDelta=0 linearRoadCredit=0.0 sites=0 approaches=6
H6H10 candidate=moveRobber(CatanEngine.HexCoordinate(q: 2, r: 0), stealFrom: nil) deltaVsEnd=-0.2215767925000005 cardsDelta=0 roadLengthDelta=0 linearRoadCredit=0.0 sites=0 approaches=6
H6H10 candidate=moveRobber(CatanEngine.HexCoordinate(q: 2, r: -1), stealFrom: nil) deltaVsEnd=0.0 cardsDelta=0 roadLengthDelta=0 linearRoadCredit=0.0 sites=0 approaches=6
H6H10 H6 collateral=true steal=true policy=evaluation-v1 chosen=moveRobber(CatanEngine.HexCoordinate(q: 2, r: -1), stealFrom: Optional(CatanEngine.PlayerID(index: 1))) score=-1.3658667727777778
H6H10 seat=0 publicVP=2 standing=2.4546930555555555 production=[0.0, 0.0, 0.0, 0.2777777777777778, 0.0] bankRates=[3, 3, 3, 3, 3]
H6H10 seat=1 publicVP=4 standing=5.159755 production=[0.16666666666666666, 0.16666666666666666, 0.0, 0.6666666666666667, 0.0] bankRates=[4, 4, 4, 4, 2]
H6H10 seat=2 publicVP=1 standing=1.6056230555555555 production=[0.0, 0.1388888888888889, 0.0, 0.0, 0.1388888888888889] bankRates=[4, 4, 4, 4, 4]
H6H10 seat=3 publicVP=0 standing=0.0 production=[0.0, 0.0, 0.0, 0.0, 0.0] bankRates=[4, 4, 4, 4, 4]
H6H10 candidate=moveRobber(CatanEngine.HexCoordinate(q: -1, r: 1), stealFrom: Optional(CatanEngine.PlayerID(index: 2))) deltaVsEnd=-0.24200471616666608 cardsDelta=1 roadLengthDelta=0 linearRoadCredit=0.0 sites=0 approaches=6
H6H10 candidate=moveRobber(CatanEngine.HexCoordinate(q: 2, r: 0), stealFrom: Optional(CatanEngine.PlayerID(index: 1))) deltaVsEnd=-0.2215767925000005 cardsDelta=1 roadLengthDelta=0 linearRoadCredit=0.0 sites=0 approaches=6
H6H10 candidate=moveRobber(CatanEngine.HexCoordinate(q: 2, r: -1), stealFrom: Optional(CatanEngine.PlayerID(index: 1))) deltaVsEnd=0.0 cardsDelta=1 roadLengthDelta=0 linearRoadCredit=0.0 sites=0 approaches=6
◇ Test case passing 1 argument players → 4 to aCompleteExternalSeatMatchStaysReloadable(players:) started.
H6H10 H6 collateral=false steal=true policy=evaluation-city-production-v1 chosen=moveRobber(CatanEngine.HexCoordinate(q: 2, r: 0), stealFrom: Optional(CatanEngine.PlayerID(index: 1))) score=-3.786231065277778
H6H10 seat=0 publicVP=0 standing=0.0 production=[0.0, 0.0, 0.0, 0.0, 0.0] bankRates=[4, 4, 4, 4, 4]
H6H10 seat=1 publicVP=4 standing=5.159755 production=[0.16666666666666666, 0.16666666666666666, 0.0, 0.6666666666666667, 0.0] bankRates=[4, 4, 4, 4, 2]
H6H10 seat=2 publicVP=1 standing=1.6056230555555555 production=[0.0, 0.1388888888888889, 0.0, 0.0, 0.1388888888888889] bankRates=[4, 4, 4, 4, 4]
H6H10 seat=3 publicVP=0 standing=0.0 production=[0.0, 0.0, 0.0, 0.0, 0.0] bankRates=[4, 4, 4, 4, 4]
H6H10 candidate=moveRobber(CatanEngine.HexCoordinate(q: -1, r: 1), stealFrom: Optional(CatanEngine.PlayerID(index: 2))) deltaVsEnd=-0.27633347922222073 cardsDelta=1 roadLengthDelta=0 linearRoadCredit=0.0 sites=0 approaches=0
H6H10 candidate=moveRobber(CatanEngine.HexCoordinate(q: 2, r: 0), stealFrom: Optional(CatanEngine.PlayerID(index: 1))) deltaVsEnd=0.0 cardsDelta=1 roadLengthDelta=0 linearRoadCredit=0.0 sites=0 approaches=0
✔ Test scoreWeighsVictoryPointsHeavily() passed after 4.713 seconds.
◇ Test aBankTradeThatUnlocksNothingIsRefused() started.
◇ Test aBankTradeThatUnlocksACityIsTaken() started.
H6H10 H6 collateral=true steal=false policy=evaluation-city-production-v1 chosen=moveRobber(CatanEngine.HexCoordinate(q: 2, r: -1), stealFrom: nil) score=-1.4512292727777778
H6H10 seat=0 publicVP=2 standing=2.4546930555555555 production=[0.0, 0.0, 0.0, 0.2777777777777778, 0.0] bankRates=[3, 3, 3, 3, 3]
H6H10 seat=1 publicVP=4 standing=5.071625 production=[0.16666666666666666, 0.16666666666666666, 0.0, 0.6666666666666667, 0.0] bankRates=[4, 4, 4, 4, 2]
H6H10 seat=2 publicVP=1 standing=1.5174930555555555 production=[0.0, 0.1388888888888889, 0.0, 0.0, 0.1388888888888889] bankRates=[4, 4, 4, 4, 4]
H6H10 seat=3 publicVP=0 standing=0.0 production=[0.0, 0.0, 0.0, 0.0, 0.0] bankRates=[4, 4, 4, 4, 4]
H6H10 candidate=moveRobber(CatanEngine.HexCoordinate(q: -1, r: 1), stealFrom: nil) deltaVsEnd=-0.17115700916666654 cardsDelta=0 roadLengthDelta=0 linearRoadCredit=0.0 sites=0 approaches=6
H6H10 candidate=moveRobber(CatanEngine.HexCoordinate(q: 2, r: 0), stealFrom: nil) deltaVsEnd=-0.2215767925000005 cardsDelta=0 roadLengthDelta=0 linearRoadCredit=0.0 sites=0 approaches=6
H6H10 candidate=moveRobber(CatanEngine.HexCoordinate(q: 2, r: -1), stealFrom: nil) deltaVsEnd=0.0 cardsDelta=0 roadLengthDelta=0 linearRoadCredit=0.0 sites=0 approaches=6
◇ Test strictNativeThresholdBoundaryIsUnchanged(offset:) started.
◇ Test bundleAndQuantityUseFinalInventory(quantity:) started.
✔ Test longestRoadDefenseBonusRewardsBridgingEvenWithAnUncontestedLead() passed after 4.826 seconds.
◇ Test matchesOfflineWorkedExamples(example:) started.
◇ Test mixedAndAcceptOnlyMasksUseUnchangedFallback(acceptOnly:) started.
◇ Test availabilityControlsNeverInventAcceptanceOrBuilds(depletedSeat:) started.
◇ Test otherPhasesPreservePlainPolicyAndRNG(phaseIndex:seed:) started.
✔ Test anExternalResponderKeepsTheOfferForTheUI() passed after 4.826 seconds.
✔ Test aggressivePersonalityProactivelyUsesAKnightButCautiousDoesNot() passed after 4.826 seconds.
✔ Test buyDevCardScoreIsBoostedTwoKnightsFromLargestArmy() passed after 4.826 seconds.
✔ Test aSeatStillCountsItsOwnHeldVictoryPointCards() passed after 4.826 seconds.
H6H10 H6 collateral=true steal=true policy=evaluation-city-production-v1 chosen=moveRobber(CatanEngine.HexCoordinate(q: 2, r: -1), stealFrom: Optional(CatanEngine.PlayerID(index: 1))) score=-1.3658667727777778
H6H10 seat=0 publicVP=2 standing=2.4546930555555555 production=[0.0, 0.0, 0.0, 0.2777777777777778, 0.0] bankRates=[3, 3, 3, 3, 3]
H6H10 seat=1 publicVP=4 standing=5.159755 production=[0.16666666666666666, 0.16666666666666666, 0.0, 0.6666666666666667, 0.0] bankRates=[4, 4, 4, 4, 2]
H6H10 seat=2 publicVP=1 standing=1.6056230555555555 production=[0.0, 0.1388888888888889, 0.0, 0.0, 0.1388888888888889] bankRates=[4, 4, 4, 4, 4]
H6H10 seat=3 publicVP=0 standing=0.0 production=[0.0, 0.0, 0.0, 0.0, 0.0] bankRates=[4, 4, 4, 4, 4]
H6H10 candidate=moveRobber(CatanEngine.HexCoordinate(q: -1, r: 1), stealFrom: Optional(CatanEngine.PlayerID(index: 2))) deltaVsEnd=-0.24200471616666608 cardsDelta=1 roadLengthDelta=0 linearRoadCredit=0.0 sites=0 approaches=6
H6H10 candidate=moveRobber(CatanEngine.HexCoordinate(q: 2, r: 0), stealFrom: Optional(CatanEngine.PlayerID(index: 1))) deltaVsEnd=-0.2215767925000005 cardsDelta=1 roadLengthDelta=0 linearRoadCredit=0.0 sites=0 approaches=6
H6H10 candidate=moveRobber(CatanEngine.HexCoordinate(q: 2, r: -1), stealFrom: Optional(CatanEngine.PlayerID(index: 1))) deltaVsEnd=0.0 cardsDelta=1 roadLengthDelta=0 linearRoadCredit=0.0 sites=0 approaches=6
✔ Test choosePlayPursuesLargestArmyWithARealShotEvenWithoutRobberOnOwnTile() passed after 4.848 seconds.
✔ Test acceptedAndRejectedResponsesDrawFromDisjointPools() passed after 4.848 seconds.
✔ Test scoreIncludesProductionStrengthWeightedByPips() passed after 4.927 seconds.
✔ Test monopolyTargetsResourceHeldByTheHigherThreatOpponent() passed after 4.972 seconds.
✔ Test aResumedBotProposalStillReceivesAResponse() passed after 4.972 seconds.
✔ Test heuristicHonoursATradeResponseOnlyActionMask() passed after 4.995 seconds.
✔ Test proposeTradeRetriesThenEventuallyEndsTheTurn() passed after 5.005 seconds.
✔ Test expandedDevelopmentCardFallbackHonorsPermanentBuildReserve() passed after 5.549 seconds.
✔ Test scoreCountsCityProductionAtDoubleWeight() passed after 5.549 seconds.
✔ Test cautiousBotAsksAPlayerBeforePayingTheBankWhileBalancedUsesTheBank() passed after 5.603 seconds.
✔ Test aThinGarrisonNextToAnArmedRivalCostsSomething() passed after 5.603 seconds.
✔ Test silencingTheLeaderIsWorthMoreThanSilencingAnyoneElse() passed after 5.755 seconds.
✔ Test buyDevCardScoreDecreasesWithEachUnplayedCardAlreadyHeld() passed after 5.755 seconds.
✔ Test buyingIsPricedWithoutPeekingAtTheDeck() passed after 5.755 seconds.
✔ Test buyingValuesTheCaptureTheNewCardCouldEnable() passed after 5.803 seconds.
✔ Test decisionMetricsRecordChoiceOpportunities() passed after 5.802 seconds.
✔ Test noPoolHasBlankOrDuplicateLines() passed after 5.803 seconds.
✔ Test everyEmpireHasALargePitchAndResponsePool() passed after 5.859 seconds.
✔ Test everySupportedRulesConfigurationCompletesWithOnlyLegalMoves(game:) with 24 test cases passed after 5.859 seconds.
✔ Test differentOffersCanSampleDifferentLinesFromThePool() passed after 5.859 seconds.
✔ Test opponentFrontierExcludesVerticesTooCloseToAnyExistingBuilding() passed after 5.859 seconds.
✔ Test consolidationMetricRecordsEveryDecisionWhereACityIsBuildable() passed after 5.859 seconds.
✔ Test evaluateRequiresABetterDealWhenReceiverIsComfortablyAhead() passed after 5.859 seconds.
✔ Test robberAvoidsOwnTilesWhenAlternativeExists() passed after 5.859 seconds.
✔ Test longestRoadClaimBonusIsLargerWhenTakingItFromAHighThreatHolder() passed after 5.859 seconds.
✔ Test longestRoadDefenseBonusAppliesWhenARivalIsCloseBehind() passed after 5.859 seconds.
✔ Test bestBankTradeIsNilWhenNothingIsBlockingTheNearestBuild() passed after 5.859 seconds.
✔ Test relativeWeightClampsExtremeOutliers() passed after 5.859 seconds.
✔ Test proposeTradesRetriesWithADifferentOfferAfterADecline() passed after 5.859 seconds.
◇ Test case passing 1 argument mode → .classic to aFullGameReachesAWinner(mode:) started.
◇ Test case passing 1 argument mode → .expanded to aFullGameReachesAWinner(mode:) started.
✔ Test aBotDoesNotThrowCardsAtAHexItCannotTake() passed after 7.611 seconds.
✔ Test expandedBotReservesNearTermPermanentBuildResourcesBeforeBuyingDevelopmentCards() passed after 8.812 seconds.
✔ Test buildRoadScoreExcludesReachableVertexThatIsAlreadyOccupied() passed after 8.812 seconds.
✔ Test expertSpendsItsFreeCardTakingAHex() passed after 8.811 seconds.
✔ Test heuristicPolicyCarriesAnIdentifierNamingItsPersonality() passed after 8.812 seconds.
✔ Test evaluateSuspicionShiftRejectsARepeatTradeFromTheSameProposerThisTurn() passed after 8.812 seconds.
✔ Test scoreAddsLongestRoadSwingBonusWhenOneSegmentFromQualifying() passed after 8.812 seconds.
✔ Test productionCountsTheTakeover() passed after 8.889 seconds.
◇ Test case passing 1 argument accept → false to manualResponsesTrainButTheSameAutomaticMoveDoesNot(accept:) started.
◇ Test case passing 1 argument accept → true to manualResponsesTrainButTheSameAutomaticMoveDoesNot(accept:) started.
✔ Test choosePlayFollowsAggressivePersonalitysSettlementPriority() passed after 8.959 seconds.
✔ Test buildRoadScoreIsHigherWhenItDeniesAHighThreatOpponentsImmediateFrontier() passed after 8.959 seconds.
✔ Test evaluateRejectsATradeThatWouldHandTheProposerAnImmediateBuild() passed after 8.983 seconds.
✔ Test claimsLongestRoadWhenAnEdgeWouldReachFiveAndNobodyElseHoldsIt() passed after 9.004 seconds.
✔ Test conquestWeightsPriceArmiesAndStandardWeightsDoNot() passed after 9.004 seconds.
✔ Test relativeWeightIsAboveOneForAnAboveAverageOpponent() passed after 9.004 seconds.
✔ Test proposeTradesSkipsWhenIdenticalOfferAlreadyPending() passed after 9.004 seconds.
✔ Test greedyRefusesEveryTradeItIsOffered() passed after 9.004 seconds.
✔ Test opponentFrontierIncludesVacantVertexTwoHopsFromTheirSettlementButNotOneHop() passed after 9.004 seconds.
✔ Test aBotTakesAHexWhenItHoldsEnoughToWinIt() passed after 9.004 seconds.
✔ Test choosePlayDoesNotRushLargestArmyAgainstAFarAheadHolderMidGame() passed after 9.004 seconds.
✔ Test chooseBuildIsDeterministicWhenOneMoveClearlyDominates() passed after 9.004 seconds.
✔ Test aTargetedBotBuysOnlyWhenOneMoreCardWouldTakeAGoodHex() passed after 9.004 seconds.
✔ Test scoreIncludesHeldDevCardCount() passed after 9.004 seconds.
✔ Test heuristicHonoursANarrowedRollPhaseActionMask() passed after 9.004 seconds.
✔ Test highPipVertexScoresHigherThanLowPipVertex() passed after 9.004 seconds.
✔ Test scoreSkipsLargestArmySwingBonusWhenHolderIsFarAhead() passed after 9.004 seconds.
✔ Test choosePlayFollowsCautiousPersonalitysCityPriority() passed after 9.004 seconds.
✔ Test choosePlayAlwaysPlaysAHeldRoadBuildingCardWhenARoadIsLegal() passed after 9.004 seconds.
✔ Test aHandThatCanTakeAPrimeHexIsWorthMoreThanItsCards() passed after 12.198 seconds.
✔ Test expandedSetupRoadPointsTowardTheBestOutwardEndpoint() passed after 12.276 seconds.
✔ Test evaluateRequiresAMeaningfulBenefitNotJustAnyPositiveMargin() passed after 12.397 seconds.
✔ Test everyLineFitsTheIncomingCardsCharacterBudget() passed after 12.397 seconds.
✔ Test proposesAGenerousUnlockTradeAfterTheOrdinaryOfferIsDeclined() passed after 12.397 seconds.
✔ Test newlyReachableVerticesExcludesOneAlreadyReachableViaExistingNetwork() passed after 13.115 seconds.
✔ Test tradeHeuristicsAcceptsClearNetGainTowardNextBuild() passed after 13.115 seconds.
✔ Test scoresExcludesTheGivenPlayerAndSortsHighestFirst() passed after 13.463 seconds.
✔ Test proposeTradesGivesUpAfterTheTurnRetryLimit() passed after 13.555 seconds.
✔ Test buildRoadScoreIncludesLongestRoadBonusOnlyWhenItWouldBeClaimed() passed after 13.555 seconds.
✔ Test ownStandingIsOneWhenAllScoresAreZero() passed after 13.555 seconds.
✔ Test relativeWeightIsOneForEveryoneWhenAllScoresAreZero() passed after 13.555 seconds.
✔ Test buyDevCardScoreIgnoresHeldVictoryPointCards() passed after 13.620 seconds.
✔ Test evaluateRequiresABetterDealFromAHighThreatProposer() passed after 13.620 seconds.
◇ Test case passing 2 arguments payment → Payment(received: CatanEngine.Resource.ore, sold: CatanEngine.Resource.brick, retainsCost: false), quantity → 1 to irrelevantPaymentReallyCompletesPurchase(payment:quantity:) started.
◇ Test case passing 2 arguments payment → Payment(received: CatanEngine.Resource.ore, sold: CatanEngine.Resource.brick, retainsCost: false), quantity → 2 to irrelevantPaymentReallyCompletesPurchase(payment:quantity:) started.
◇ Test case passing 2 arguments payment → Payment(received: CatanEngine.Resource.ore, sold: CatanEngine.Resource.lumber, retainsCost: false), quantity → 1 to irrelevantPaymentReallyCompletesPurchase(payment:quantity:) started.
◇ Test case passing 2 arguments payment → Payment(received: CatanEngine.Resource.ore, sold: CatanEngine.Resource.lumber, retainsCost: false), quantity → 2 to irrelevantPaymentReallyCompletesPurchase(payment:quantity:) started.
◇ Test case passing 2 arguments payment → Payment(received: CatanEngine.Resource.grain, sold: CatanEngine.Resource.brick, retainsCost: false), quantity → 1 to irrelevantPaymentReallyCompletesPurchase(payment:quantity:) started.
◇ Test case passing 2 arguments payment → Payment(received: CatanEngine.Resource.grain, sold: CatanEngine.Resource.brick, retainsCost: false), quantity → 2 to irrelevantPaymentReallyCompletesPurchase(payment:quantity:) started.
◇ Test case passing 2 arguments payment → Payment(received: CatanEngine.Resource.grain, sold: CatanEngine.Resource.lumber, retainsCost: false), quantity → 1 to irrelevantPaymentReallyCompletesPurchase(payment:quantity:) started.
◇ Test case passing 2 arguments payment → Payment(received: CatanEngine.Resource.grain, sold: CatanEngine.Resource.lumber, retainsCost: false), quantity → 2 to irrelevantPaymentReallyCompletesPurchase(payment:quantity:) started.
◇ Test case passing 2 arguments payment → Payment(received: CatanEngine.Resource.wool, sold: CatanEngine.Resource.brick, retainsCost: false), quantity → 1 to irrelevantPaymentReallyCompletesPurchase(payment:quantity:) started.
◇ Test case passing 2 arguments payment → Payment(received: CatanEngine.Resource.wool, sold: CatanEngine.Resource.brick, retainsCost: false), quantity → 2 to irrelevantPaymentReallyCompletesPurchase(payment:quantity:) started.
◇ Test case passing 2 arguments payment → Payment(received: CatanEngine.Resource.wool, sold: CatanEngine.Resource.lumber, retainsCost: false), quantity → 1 to irrelevantPaymentReallyCompletesPurchase(payment:quantity:) started.
◇ Test case passing 2 arguments payment → Payment(received: CatanEngine.Resource.wool, sold: CatanEngine.Resource.lumber, retainsCost: false), quantity → 2 to irrelevantPaymentReallyCompletesPurchase(payment:quantity:) started.
◇ Test case passing 2 arguments payment → Payment(received: CatanEngine.Resource.ore, sold: CatanEngine.Resource.grain, retainsCost: false), quantity → 1 to neededPaymentStillEarnsCompletionCredit(payment:quantity:) started.
◇ Test case passing 2 arguments payment → Payment(received: CatanEngine.Resource.ore, sold: CatanEngine.Resource.grain, retainsCost: false), quantity → 2 to neededPaymentStillEarnsCompletionCredit(payment:quantity:) started.
◇ Test case passing 2 arguments payment → Payment(received: CatanEngine.Resource.ore, sold: CatanEngine.Resource.grain, retainsCost: true), quantity → 1 to neededPaymentStillEarnsCompletionCredit(payment:quantity:) started.
◇ Test case passing 2 arguments payment → Payment(received: CatanEngine.Resource.ore, sold: CatanEngine.Resource.grain, retainsCost: true), quantity → 2 to neededPaymentStillEarnsCompletionCredit(payment:quantity:) started.
◇ Test case passing 2 arguments payment → Payment(received: CatanEngine.Resource.ore, sold: CatanEngine.Resource.wool, retainsCost: false), quantity → 1 to neededPaymentStillEarnsCompletionCredit(payment:quantity:) started.
◇ Test case passing 2 arguments payment → Payment(received: CatanEngine.Resource.ore, sold: CatanEngine.Resource.wool, retainsCost: false), quantity → 2 to neededPaymentStillEarnsCompletionCredit(payment:quantity:) started.
◇ Test case passing 2 arguments payment → Payment(received: CatanEngine.Resource.ore, sold: CatanEngine.Resource.wool, retainsCost: true), quantity → 1 to neededPaymentStillEarnsCompletionCredit(payment:quantity:) started.
◇ Test case passing 2 arguments payment → Payment(received: CatanEngine.Resource.ore, sold: CatanEngine.Resource.wool, retainsCost: true), quantity → 2 to neededPaymentStillEarnsCompletionCredit(payment:quantity:) started.
◇ Test case passing 2 arguments payment → Payment(received: CatanEngine.Resource.grain, sold: CatanEngine.Resource.ore, retainsCost: false), quantity → 1 to neededPaymentStillEarnsCompletionCredit(payment:quantity:) started.
◇ Test case passing 2 arguments payment → Payment(received: CatanEngine.Resource.grain, sold: CatanEngine.Resource.ore, retainsCost: false), quantity → 2 to neededPaymentStillEarnsCompletionCredit(payment:quantity:) started.
◇ Test case passing 2 arguments payment → Payment(received: CatanEngine.Resource.grain, sold: CatanEngine.Resource.ore, retainsCost: true), quantity → 1 to neededPaymentStillEarnsCompletionCredit(payment:quantity:) started.
◇ Test case passing 2 arguments payment → Payment(received: CatanEngine.Resource.grain, sold: CatanEngine.Resource.ore, retainsCost: true), quantity → 2 to neededPaymentStillEarnsCompletionCredit(payment:quantity:) started.
◇ Test case passing 2 arguments payment → Payment(received: CatanEngine.Resource.grain, sold: CatanEngine.Resource.wool, retainsCost: false), quantity → 1 to neededPaymentStillEarnsCompletionCredit(payment:quantity:) started.
◇ Test case passing 2 arguments payment → Payment(received: CatanEngine.Resource.grain, sold: CatanEngine.Resource.wool, retainsCost: false), quantity → 2 to neededPaymentStillEarnsCompletionCredit(payment:quantity:) started.
◇ Test case passing 2 arguments payment → Payment(received: CatanEngine.Resource.grain, sold: CatanEngine.Resource.wool, retainsCost: true), quantity → 1 to neededPaymentStillEarnsCompletionCredit(payment:quantity:) started.
◇ Test case passing 2 arguments payment → Payment(received: CatanEngine.Resource.grain, sold: CatanEngine.Resource.wool, retainsCost: true), quantity → 2 to neededPaymentStillEarnsCompletionCredit(payment:quantity:) started.
◇ Test case passing 2 arguments payment → Payment(received: CatanEngine.Resource.wool, sold: CatanEngine.Resource.ore, retainsCost: false), quantity → 1 to neededPaymentStillEarnsCompletionCredit(payment:quantity:) started.
◇ Test case passing 2 arguments payment → Payment(received: CatanEngine.Resource.wool, sold: CatanEngine.Resource.ore, retainsCost: false), quantity → 2 to neededPaymentStillEarnsCompletionCredit(payment:quantity:) started.
◇ Test case passing 2 arguments payment → Payment(received: CatanEngine.Resource.wool, sold: CatanEngine.Resource.ore, retainsCost: true), quantity → 1 to neededPaymentStillEarnsCompletionCredit(payment:quantity:) started.
◇ Test case passing 2 arguments payment → Payment(received: CatanEngine.Resource.wool, sold: CatanEngine.Resource.ore, retainsCost: true), quantity → 2 to neededPaymentStillEarnsCompletionCredit(payment:quantity:) started.
◇ Test case passing 2 arguments payment → Payment(received: CatanEngine.Resource.wool, sold: CatanEngine.Resource.grain, retainsCost: false), quantity → 1 to neededPaymentStillEarnsCompletionCredit(payment:quantity:) started.
◇ Test case passing 2 arguments payment → Payment(received: CatanEngine.Resource.wool, sold: CatanEngine.Resource.grain, retainsCost: false), quantity → 2 to neededPaymentStillEarnsCompletionCredit(payment:quantity:) started.
◇ Test case passing 2 arguments payment → Payment(received: CatanEngine.Resource.wool, sold: CatanEngine.Resource.grain, retainsCost: true), quantity → 1 to neededPaymentStillEarnsCompletionCredit(payment:quantity:) started.
◇ Test case passing 2 arguments payment → Payment(received: CatanEngine.Resource.wool, sold: CatanEngine.Resource.grain, retainsCost: true), quantity → 2 to neededPaymentStillEarnsCompletionCredit(payment:quantity:) started.
✔ Test bestBankTradeConvertsSurplusTowardTheNearestBuild() passed after 13.989 seconds.
◇ Test case passing 2 arguments payment → Payment(received: CatanEngine.Resource.ore, sold: CatanEngine.Resource.grain, retainsCost: true), quantity → 1 to emptyDeckBlocksPurchaseButNotBaselineCredit(payment:quantity:) started.
◇ Test case passing 2 arguments payment → Payment(received: CatanEngine.Resource.ore, sold: CatanEngine.Resource.grain, retainsCost: true), quantity → 2 to emptyDeckBlocksPurchaseButNotBaselineCredit(payment:quantity:) started.
◇ Test case passing 2 arguments payment → Payment(received: CatanEngine.Resource.ore, sold: CatanEngine.Resource.wool, retainsCost: true), quantity → 1 to emptyDeckBlocksPurchaseButNotBaselineCredit(payment:quantity:) started.
◇ Test case passing 2 arguments payment → Payment(received: CatanEngine.Resource.ore, sold: CatanEngine.Resource.wool, retainsCost: true), quantity → 2 to emptyDeckBlocksPurchaseButNotBaselineCredit(payment:quantity:) started.
◇ Test case passing 2 arguments payment → Payment(received: CatanEngine.Resource.grain, sold: CatanEngine.Resource.ore, retainsCost: true), quantity → 1 to emptyDeckBlocksPurchaseButNotBaselineCredit(payment:quantity:) started.
◇ Test case passing 2 arguments payment → Payment(received: CatanEngine.Resource.grain, sold: CatanEngine.Resource.ore, retainsCost: true), quantity → 2 to emptyDeckBlocksPurchaseButNotBaselineCredit(payment:quantity:) started.
◇ Test case passing 2 arguments payment → Payment(received: CatanEngine.Resource.grain, sold: CatanEngine.Resource.wool, retainsCost: true), quantity → 1 to emptyDeckBlocksPurchaseButNotBaselineCredit(payment:quantity:) started.
◇ Test case passing 2 arguments payment → Payment(received: CatanEngine.Resource.grain, sold: CatanEngine.Resource.wool, retainsCost: true), quantity → 2 to emptyDeckBlocksPurchaseButNotBaselineCredit(payment:quantity:) started.
◇ Test case passing 2 arguments payment → Payment(received: CatanEngine.Resource.wool, sold: CatanEngine.Resource.ore, retainsCost: true), quantity → 1 to emptyDeckBlocksPurchaseButNotBaselineCredit(payment:quantity:) started.
◇ Test case passing 2 arguments payment → Payment(received: CatanEngine.Resource.wool, sold: CatanEngine.Resource.ore, retainsCost: true), quantity → 2 to emptyDeckBlocksPurchaseButNotBaselineCredit(payment:quantity:) started.
◇ Test case passing 2 arguments payment → Payment(received: CatanEngine.Resource.wool, sold: CatanEngine.Resource.grain, retainsCost: true), quantity → 1 to emptyDeckBlocksPurchaseButNotBaselineCredit(payment:quantity:) started.
◇ Test case passing 2 arguments payment → Payment(received: CatanEngine.Resource.wool, sold: CatanEngine.Resource.grain, retainsCost: true), quantity → 2 to emptyDeckBlocksPurchaseButNotBaselineCredit(payment:quantity:) started.
◇ Test case passing 2 arguments payment → Payment(received: CatanEngine.Resource.ore, sold: CatanEngine.Resource.brick, retainsCost: false), quantity → 1 to emptyDeckBlocksPurchaseButNotBaselineCredit(payment:quantity:) started.
◇ Test case passing 2 arguments payment → Payment(received: CatanEngine.Resource.ore, sold: CatanEngine.Resource.brick, retainsCost: false), quantity → 2 to emptyDeckBlocksPurchaseButNotBaselineCredit(payment:quantity:) started.
◇ Test case passing 2 arguments payment → Payment(received: CatanEngine.Resource.ore, sold: CatanEngine.Resource.lumber, retainsCost: false), quantity → 1 to emptyDeckBlocksPurchaseButNotBaselineCredit(payment:quantity:) started.
◇ Test case passing 2 arguments payment → Payment(received: CatanEngine.Resource.ore, sold: CatanEngine.Resource.lumber, retainsCost: false), quantity → 2 to emptyDeckBlocksPurchaseButNotBaselineCredit(payment:quantity:) started.
◇ Test case passing 2 arguments payment → Payment(received: CatanEngine.Resource.grain, sold: CatanEngine.Resource.brick, retainsCost: false), quantity → 1 to emptyDeckBlocksPurchaseButNotBaselineCredit(payment:quantity:) started.
◇ Test case passing 2 arguments payment → Payment(received: CatanEngine.Resource.grain, sold: CatanEngine.Resource.brick, retainsCost: false), quantity → 2 to emptyDeckBlocksPurchaseButNotBaselineCredit(payment:quantity:) started.
◇ Test case passing 2 arguments payment → Payment(received: CatanEngine.Resource.grain, sold: CatanEngine.Resource.lumber, retainsCost: false), quantity → 1 to emptyDeckBlocksPurchaseButNotBaselineCredit(payment:quantity:) started.
◇ Test case passing 2 arguments payment → Payment(received: CatanEngine.Resource.grain, sold: CatanEngine.Resource.lumber, retainsCost: false), quantity → 2 to emptyDeckBlocksPurchaseButNotBaselineCredit(payment:quantity:) started.
◇ Test case passing 2 arguments payment → Payment(received: CatanEngine.Resource.wool, sold: CatanEngine.Resource.brick, retainsCost: false), quantity → 1 to emptyDeckBlocksPurchaseButNotBaselineCredit(payment:quantity:) started.
◇ Test case passing 2 arguments payment → Payment(received: CatanEngine.Resource.wool, sold: CatanEngine.Resource.brick, retainsCost: false), quantity → 2 to emptyDeckBlocksPurchaseButNotBaselineCredit(payment:quantity:) started.
◇ Test case passing 2 arguments payment → Payment(received: CatanEngine.Resource.wool, sold: CatanEngine.Resource.lumber, retainsCost: false), quantity → 1 to emptyDeckBlocksPurchaseButNotBaselineCredit(payment:quantity:) started.
◇ Test case passing 2 arguments payment → Payment(received: CatanEngine.Resource.wool, sold: CatanEngine.Resource.lumber, retainsCost: false), quantity → 2 to emptyDeckBlocksPurchaseButNotBaselineCredit(payment:quantity:) started.
✔ Test generousUnlockCeilingCollapsesWithAGoodPort() passed after 22.364 seconds.
✔ Test buildRoadScoreIsHigherWhenItClosesDistanceToTheExpansionTarget() passed after 28.022 seconds.
✔ Test scoreAddsLargestArmySwingBonusWhenOneKnightAway() passed after 28.022 seconds.
✔ Test neverAcceptsANetLossEvenAtHighTradeWillingness() passed after 28.432 seconds.
✔ Test choosePlayDoesNotPursueLargestArmyWithoutARealShot() passed after 28.432 seconds.
✔ Test aiNameIsSet() passed after 28.459 seconds.
✔ Test heldVictoryPointCardsAreInvisibleToOpponents() passed after 28.459 seconds.
✔ Test pitchIsDeterministicForTheSameOfferID() passed after 28.459 seconds.
✔ Test responseIsDeterministicForTheSameOfferID() passed after 28.459 seconds.
✔ Test replacingStateRestoresAPendingBotResponse() passed after 28.459 seconds.
✔ Test decisionMetricsRecordTradeResponsesAndProposalShape() passed after 28.459 seconds.
✔ Test tradeWillingnessShiftsTheAcceptanceBar() passed after 28.488 seconds.
✔ Test alreadyCoveredResourceScoresLowerThanNewResourceAtEqualPips() passed after 28.974 seconds.
✔ Test behaviorMetricsCountOnlyTheObservedSeat() passed after 29.180 seconds.
✔ Test longestRoadPursuitBonusCreditsABridgeEvenBelowThePursuitGate() passed after 29.817 seconds.
✔ Test telemetryKeepsEveryEvaluatedTradeReplyWithoutCountingTheCommittedReplyTwice() passed after 29.817 seconds.
✔ Test buildRoadScoreIsUnaffectedByMerelyTouchingAnOpponentsOwnVertex() passed after 29.992 seconds.
✔ Test ownStandingIsBelowOneWhenBehindTheField() passed after 30.089 seconds.
✔ Test ownStandingIsAboveOneWhenAheadOfTheField() passed after 30.089 seconds.
✔ Test robberTargetsLeadingOpponentsTile() passed after 30.089 seconds.
✔ Test aStandardGameNeverAsksForArmyMoves() passed after 30.089 seconds.
✔ Test aFootholdOnACrowdedPrimeHexIsWorthSettlingFor() passed after 30.089 seconds.
✔ Test bridgesOwnFragmentsDetectsAGenuineBridgeBetweenTwoDisconnectedPieces() passed after 30.089 seconds.
✔ Test tradeHeuristicsRejectsTradeAwayFromNextBuild() passed after 30.089 seconds.
✔ Test scoreSkipsLongestRoadSwingBonusWhenFarBehindTheHolder() passed after 30.089 seconds.
◇ Test case passing 1 argument tier → .traditional to aPermanentWinningUpgradeBeatsAnotherExpedition(tier:) started.
◇ Test case passing 1 argument tier → .expert to aPermanentWinningUpgradeBeatsAnotherExpedition(tier:) started.
✔ Test botEndsTurnRatherThanReproposingAnIdenticalPendingOffer() passed after 35.871 seconds.
◇ Test case passing 1 argument tier → .traditional to capturePrefersAnOverseasLanding(tier:) started.
◇ Test case passing 1 argument tier → .expert to capturePrefersAnOverseasLanding(tier:) started.
✔ Test robberDisruptionScalesWithRelativeThreatNotJustRawVictoryPoints() passed after 38.485 seconds.
◇ Test case passing 1 argument tier → .traditional to discardsSurplusWithoutDismantlingAFundedVoyage(tier:) started.
◇ Test case passing 1 argument tier → .expert to discardsSurplusWithoutDismantlingAFundedVoyage(tier:) started.
◇ Test case passing 1 argument tier → .traditional to acceptsFundingButPreservesAnAlreadyFundedRecipe(tier:) started.
◇ Test case passing 1 argument tier → .expert to acceptsFundingButPreservesAnAlreadyFundedRecipe(tier:) started.
◇ Test case passing 1 argument tier → .traditional to yearOfPlentyFundsTheMissingExpeditionIngredients(tier:) started.
◇ Test case passing 1 argument tier → .expert to yearOfPlentyFundsTheMissingExpeditionIngredients(tier:) started.
◇ Test case passing 1 argument tier → .traditional to aPubliclyCertainColonyWinBeatsAProductiveNonwinningCity(tier:) started.
◇ Test case passing 1 argument tier → .expert to aPubliclyCertainColonyWinBeatsAProductiveNonwinningCity(tier:) started.
◇ Test case passing 1 argument tier → .traditional to aWinningLargestArmyKnightClosesTheGame(tier:) started.
◇ Test case passing 1 argument tier → .expert to aWinningLargestArmyKnightClosesTheGame(tier:) started.
✔ Test anUnseenHandIsTreatedAsPossiblyHoldingAnything() passed after 43.610 seconds.
◇ Test case passing 1 argument tier → .traditional to responseOnlyMasksPreservePolicyRNG(tier:) started.
◇ Test case passing 1 argument tier → .expert to responseOnlyMasksPreservePolicyRNG(tier:) started.
◇ Test case passing 1 argument tier → .traditional to unscopedDirectCallsDoNotRepeatAnOutstandingNegotiation(tier:) started.
◇ Test case passing 1 argument tier → .expert to unscopedDirectCallsDoNotRepeatAnOutstandingNegotiation(tier:) started.
✔ Test aBoldBotBuysAnArmyCardBeforeBuildingAndAnIdleOneDoesNot() passed after 45.035 seconds.
◇ Test case passing 1 argument tier → .traditional to externalResponsesCannotLeaveAStaleDurableBotAnswer(tier:) started.
◇ Test case passing 1 argument tier → .expert to externalResponsesCannotLeaveAStaleDurableBotAnswer(tier:) started.
◇ Test case passing 1 argument tier → .traditional to exchangesOnlyTheSurplusToCompleteAShip(tier:) started.
◇ Test case passing 1 argument tier → .expert to exchangesOnlyTheSurplusToCompleteAShip(tier:) started.
◇ Test case passing 1 argument tier → .traditional to buysAFirstHullThenExplores(tier:) started.
◇ Test case passing 1 argument tier → .expert to buysAFirstHullThenExplores(tier:) started.
◇ Test case passing 1 argument tier → .traditional to hiddenWorldHandsDeckAndFutureRNGCannotChangeDecision(tier:) started.
◇ Test case passing 1 argument tier → .expert to hiddenWorldHandsDeckAndFutureRNGCannotChangeDecision(tier:) started.
✔ Test buildSettlementScoreIsHigherWhenItDeniesAHighThreatOpponentsFrontier() passed after 48.562 seconds.
◇ Test case passing 1 argument tier → .traditional to flexibleYieldFundsAShipAndRespectsScarceBank(tier:) started.
◇ Test case passing 1 argument tier → .expert to flexibleYieldFundsAShipAndRespectsScarceBank(tier:) started.
✔ Test longestRoadDefenseBonusIsAbsentWhenLeadIsUncontested() passed after 50.261 seconds.
✔ Test generousUnlockOffersAllThreeOreWhenThatsAllThatsHeld() passed after 50.938 seconds.
✔ Test unaffordableAcceptanceHasNoFabricatedAfterState() passed after 50.938 seconds.
✔ Test productionReflectsNativeBankShortageWithoutChangingState() passed after 50.938 seconds.
✔ Test theIdenticalOfferIsNeverAskedTwice() passed after 50.938 seconds.
✔ Test woolForOreCompletesPurchaseOnlyWhenPaymentLeavesOre(oreHeld:) with 2 test cases passed after 50.938 seconds.
◇ Test case passing 1 argument tier → .traditional to anUnfundedVoyageCanImproveAPoorLandingWithoutGivingUpAccess(tier:) started.
◇ Test case passing 1 argument tier → .expert to anUnfundedVoyageCanImproveAPoorLandingWithoutGivingUpAccess(tier:) started.
◇ Test case passing 1 argument tier → .traditional to owningEveryVictoryCardRemovesTheFalseImmediateDrawPremium(tier:) started.
◇ Test case passing 1 argument tier → .expert to owningEveryVictoryCardRemovesTheFalseImmediateDrawPremium(tier:) started.
✔ Test givingAwayOwnedOreCanDestroyExistingDevCardOption() passed after 55.120 seconds.
◇ Test case passing 1 argument tier → .traditional to sailsTowardKnownLandingAndFundsAColony(tier:) started.
◇ Test case passing 1 argument tier → .expert to sailsTowardKnownLandingAndFundsAColony(tier:) started.
✔ Test aSeatBelievedToHoldNothingIsNeverAskedToPay() passed after 55.996 seconds.
✔ Test affordableCityWithNoSettlementIsNotBuildable() passed after 55.996 seconds.
✔ Test atomicPaymentDoesNotInventDevelopmentCardAffordability() passed after 55.996 seconds.
✔ Test aRegeneratedOfferCountsAsTheSameProposition() passed after 55.996 seconds.
✔ Test aWorseReAskIsRefused() passed after 55.996 seconds.
✔ Test aDifferentTradeIsStillAllowed() passed after 55.996 seconds.
✔ Test offeringMoreForTheSameAskIsAllowed() passed after 55.996 seconds.
✔ Test aShortGameEndsSooner() passed after 55.999 seconds.
✔ Test robberBlocksProbabilityTimesBuildingYield() passed after 55.996 seconds.
✔ Test nonTradePhaseLeavesTraceEmpty() passed after 55.996 seconds.
✔ Test blockedPathsAgreeWithEngineAndKeepLegalDetours(blockWithCity:) with 2 test cases passed after 55.996 seconds.
✔ Test expertConvertsAnAffordableReachableSiteIntoAPoint() passed after 55.996 seconds.
✔ Test sharedTileChargesTheRobberMoverForItsOwnCity() passed after 55.996 seconds.
✔ Test scopedTradeStopsAfterFirstAcceptanceAcrossPersonalities() passed after 55.996 seconds.
✔ Test publicRivalStandingAndHiddenVictoryPointsStaySeparate() passed after 55.996 seconds.
✔ Test mainTurnTraceAppendsActualEvaluationsIncludingFallbackPass() passed after 55.996 seconds.
✔ Test roadProgressFindsARealDistanceLegalSettlement() passed after 55.996 seconds.
✔ Test reportsWorkedResourceArithmetic() passed after 55.996 seconds.
✔ Test scopedRejectionRecordsTheActualFailedAssessment() passed after 55.996 seconds.
✔ Test approachDistanceCannotExceedRemainingRoadPieces() passed after 55.996 seconds.
✔ Test roadAndSpendDownTraceUsesActualExpertChoice(handSize:) with 2 test cases passed after 55.996 seconds.
✔ Test missingReceiverHasNoArithmeticAndEvaluatesFalse() passed after 55.996 seconds.
✔ Test anOpponentsRoadCannotBecomeAnApproachShortcut() passed after 55.996 seconds.
✔ Test settlementSupplyFiltersSitesAndACityReturnsAPiece() passed after 55.996 seconds.
✔ Test exactThresholdTieRejectsButNextLowerThresholdAccepts() passed after 55.996 seconds.
✔ Test reportsAllThresholdShiftsAndCostOnlyUnlock() passed after 55.996 seconds.
✔ Test matchedProductionAddsTheFrozenValueAndCitiesDoubleIt() passed after 55.996 seconds.
✔ Test botAlwaysReturnsALegalMove() passed after 55.999 seconds.
✔ Test scopedRejectionOnlyAndAbsentOfferDoNotInventAssessments() passed after 55.996 seconds.
✔ Test revisionsHaveDistinctCheckpointIdentities() passed after 55.996 seconds.
✔ Test buildPathPreservesRNGConsumptionAndOmitsUnvisitedFallback() passed after 55.996 seconds.
✔ Test negativeShiftClampsThresholdWithoutAcceptingBreakEven() passed after 55.996 seconds.
✔ Test rivalProductionIsValuedWithoutReadingTheirResourceComposition() passed after 55.996 seconds.
✔ Test diagnosticsForwardRevisionWhileUnselectedCallersStayLegacy() passed after 55.996 seconds.
✔ Test blockedCityIngredientEarnsNoExtraStanding() passed after 55.996 seconds.
✔ Test robberPolicyTraceUsesItsCompleteLegalMask(selfCollateral:steal:) with 4 test cases passed after 55.996 seconds.
✔ Test atSevenAGhostMayEndItsTurn() passed after 55.996 seconds.
✔ Test fittingNothingReturnsTheAnchor() passed after 55.996 seconds.
✔ Test onlyAnOwnTurnOverTheThresholdMustSpend() passed after 55.996 seconds.
◇ Test case passing 1 argument offset → -1 to strictNativeThresholdBoundaryIsUnchanged(offset:) started.
◇ Test case passing 1 argument offset → 0 to strictNativeThresholdBoundaryIsUnchanged(offset:) started.
◇ Test case passing 1 argument offset → 1 to strictNativeThresholdBoundaryIsUnchanged(offset:) started.
◇ Test case passing 1 argument quantity → 1 to bundleAndQuantityUseFinalInventory(quantity:) started.
◇ Test case passing 1 argument quantity → 2 to bundleAndQuantityUseFinalInventory(quantity:) started.
◇ Test case passing 1 argument quantity → 3 to bundleAndQuantityUseFinalInventory(quantity:) started.
◇ Test case passing 1 argument example → WorkedExample(before: [CatanEngine.Resource.grain: 1, CatanEngine.Resource.ore: 1], give: [CatanEngine.Resource.wool: 1], want: [CatanEngine.Resource.ore: 1], devDelta: 0.0, totalDelta: 0.25, accepts: false) to matchesOfflineWorkedExamples(example:) started.
◇ Test case passing 1 argument example → WorkedExample(before: [CatanEngine.Resource.ore: 2, CatanEngine.Resource.grain: 1], give: [CatanEngine.Resource.wool: 1], want: [CatanEngine.Resource.ore: 1], devDelta: 1.5, totalDelta: 1.5833333333333333, accepts: true) to matchesOfflineWorkedExamples(example:) started.
◇ Test case passing 1 argument example → WorkedExample(before: [CatanEngine.Resource.ore: 1, CatanEngine.Resource.grain: 1, CatanEngine.Resource.wool: 1], give: [CatanEngine.Resource.lumber: 1], want: [CatanEngine.Resource.ore: 1], devDelta: -1.5, totalDelta: -0.4166666666666667, accepts: false) to matchesOfflineWorkedExamples(example:) started.
◇ Test case passing 1 argument acceptOnly → false to mixedAndAcceptOnlyMasksUseUnchangedFallback(acceptOnly:) started.
◇ Test case passing 1 argument acceptOnly → true to mixedAndAcceptOnlyMasksUseUnchangedFallback(acceptOnly:) started.
◇ Test case passing 1 argument depletedSeat → 0 to availabilityControlsNeverInventAcceptanceOrBuilds(depletedSeat:) started.
◇ Test case passing 1 argument depletedSeat → 1 to availabilityControlsNeverInventAcceptanceOrBuilds(depletedSeat:) started.
◇ Test case passing 1 argument depletedSeat → 2 to availabilityControlsNeverInventAcceptanceOrBuilds(depletedSeat:) started.
◇ Test case passing 2 arguments phaseIndex → 0, seed → 41 to otherPhasesPreservePlainPolicyAndRNG(phaseIndex:seed:) started.
◇ Test case passing 2 arguments phaseIndex → 0, seed → 43 to otherPhasesPreservePlainPolicyAndRNG(phaseIndex:seed:) started.
◇ Test case passing 2 arguments phaseIndex → 1, seed → 41 to otherPhasesPreservePlainPolicyAndRNG(phaseIndex:seed:) started.
◇ Test case passing 2 arguments phaseIndex → 1, seed → 43 to otherPhasesPreservePlainPolicyAndRNG(phaseIndex:seed:) started.
◇ Test case passing 2 arguments phaseIndex → 2, seed → 41 to otherPhasesPreservePlainPolicyAndRNG(phaseIndex:seed:) started.
◇ Test case passing 2 arguments phaseIndex → 2, seed → 43 to otherPhasesPreservePlainPolicyAndRNG(phaseIndex:seed:) started.
◇ Test case passing 2 arguments phaseIndex → 3, seed → 41 to otherPhasesPreservePlainPolicyAndRNG(phaseIndex:seed:) started.
◇ Test case passing 2 arguments phaseIndex → 3, seed → 43 to otherPhasesPreservePlainPolicyAndRNG(phaseIndex:seed:) started.
◇ Test case passing 2 arguments phaseIndex → 4, seed → 41 to otherPhasesPreservePlainPolicyAndRNG(phaseIndex:seed:) started.
◇ Test case passing 2 arguments phaseIndex → 4, seed → 43 to otherPhasesPreservePlainPolicyAndRNG(phaseIndex:seed:) started.
✔ Test probabilitiesSumToOne() passed after 56.261 seconds.
✔ Test expertSpendsDownAHoardedHand() passed after 56.261 seconds.
✔ Test aPointTheLeaderAlsoGainsIsWorthLessThanAPointWeGainAlone() passed after 56.259 seconds.
✔ Test aFitResumesFromItsStartingPoint() passed after 56.259 seconds.
✔ Test reachingTheTargetOutweighsEveryOtherTerm() passed after 56.258 seconds.
✔ Test botsOnlyGameReachesGameOverWithOnlyLegalMoves() passed after 56.265 seconds.
✔ Test aGhostSpendsDownEvenWhenItsHabitsSayEndTheTurn() passed after 56.262 seconds.
✔ Test weightsRoundTripThroughTheirVector() passed after 56.251 seconds.
✔ Test theGradientMatchesTheLikelihoodOnRelinearisedRecords() passed after 56.251 seconds.
✔ Test threeSeatGamesReachAWinner() passed after 56.266 seconds.
✔ Test anAvailableSettlementBeatsEndingTheTurn() passed after 56.195 seconds.
✔ Test aDevelopmentCardInHandIsWorthSomething() passed after 56.188 seconds.
✔ Test aPointOnTheBoardRaisesTheStanding() passed after 56.188 seconds.
✔ Test randomPolicyOnlyEverPlaysLegalMoves() passed after 56.265 seconds.
✔ Test aHoardedTurnPlaysDownAndEnds() passed after 56.262 seconds.
✔ Test seededConquestGamesFinishWithOnlyLegalMoves() passed after 56.265 seconds.
✔ Test theEvaluatorIgnoresWhatItIsNotEntitledToSee() passed after 54.426 seconds.
✔ Test currentExpertCheckpointContinuesTheSameMovesAndRejectsLegacyPolicies() passed after 56.262 seconds.
✔ Test automaticRejectionStillAppliesBeforeTheNextProposalAndHumanChoice() passed after 54.368 seconds.
✔ Test invalidAutomaticMoveStillFailsExtractionWithItsIndex() passed after 54.366 seconds.
✔ Test manualResponsesTrainButTheSameAutomaticMoveDoesNot(accept:) with 2 test cases passed after 54.366 seconds.
✔ Test itHidesAcceptanceFromTheWrappedPolicy() passed after 54.361 seconds.
✔ Test itNamesItselfAfterWhatItWraps() passed after 54.359 seconds.
✔ Test anAcceptanceOnlyMaskIsPassedThroughRatherThanEmptied() passed after 54.359 seconds.
✔ Test robbingTheLeaderIsFlagged() passed after 54.168 seconds.
✔ Test lambdaZeroIgnoresThePerson() passed after 54.168 seconds.
✔ Test reOfferingAfterARefusalIsFlagged() passed after 54.168 seconds.
✔ Test greedySeatsActuallyFinishTheirGames() passed after 56.265 seconds.
✔ Test aLopsidedProposalIsDescribed() passed after 53.709 seconds.
✔ Test theHeuristicBotBeatsRandomPlayFromEverySeat() passed after 56.264 seconds.
✔ Test everyMoveHasOneValuePerLabel() passed after 53.688 seconds.
✔ Test aStrongHabitDominatesAtHighLambda() passed after 53.695 seconds.
✔ Test robbingTheBiggestHandIsFlagged() passed after 53.684 seconds.
✔ Test aBadOfferCanStillBeAccepted() passed after 53.684 seconds.
✔ Test candidateOrderDoesNotDependOnWeights() passed after 53.684 seconds.
✔ Test botsOnlyGameReachesGameOverAcrossSeveralSeeds() passed after 56.264 seconds.
✔ Test aMoveTheEngineAcceptsButNeverListsIsScored() passed after 53.680 seconds.
✔ Test aPersonMayOfferTheirLastCardOfAKind() passed after 53.680 seconds.
✔ Test aHumanOfferExpertWouldNeverMakeIsScored() passed after 53.684 seconds.
✔ Test aPersonMayOfferMoreThanTheBotLimit() passed after 53.680 seconds.
✔ Test handingTheLeaderWhatItNeedsCostsMoreThanHandingItToATrailingSeat() passed after 53.663 seconds.
✔ Test aPayersRealHandDoesNotDecideWhetherATradeIsProjected() passed after 53.663 seconds.
✔ Test irrelevantPaymentReallyCompletesPurchase(payment:quantity:) with 12 test cases passed after 53.659 seconds.
✔ Test everyNonProposalLegalMoveIsScored() passed after 53.677 seconds.
✔ Test neededPaymentStillEarnsCompletionCredit(payment:quantity:) with 24 test cases passed after 53.659 seconds.
✔ Test emptyDeckBlocksPurchaseButNotBaselineCredit(payment:quantity:) with 24 test cases passed after 53.655 seconds.
✔ Test frozenSlotsNeverMove() passed after 56.261 seconds.
✔ Test anIncrementalFitStaysNearThePreviousGhost() passed after 56.259 seconds.
✔ Test anIncrementalFitKeepsBetaNearThePreviousGhost() passed after 56.247 seconds.
✔ Test botRulesDropProposalsAfterThreeRefusals() passed after 53.635 seconds.
✔ Test composedOffersIncludeJakesBundle() passed after 52.993 seconds.
✔ Test worthItKeepsOfferingOnItsOwnTermsAfterARefusal() passed after 52.991 seconds.
✔ Test oneWheatShortOfACityAsksForTheWheat() passed after 52.991 seconds.
✔ Test theComposerOffersReservedCardsAndLetsScoringDecide() passed after 52.991 seconds.
✔ Test noOfferWhenNothingWouldHelp() passed after 52.991 seconds.
✔ Test eachRefusalEscalatesTheNextOfferUnderTheLadder() passed after 52.991 seconds.
✔ Test theCascadeNeverProposesATradeThatDoesNotHelpTheBot() passed after 52.986 seconds.
✔ Test pricingTwoHandsEqualsScoringTheSettledPosition() passed after 52.983 seconds.
✔ Test decodesWithoutACivilization() passed after 52.953 seconds.
✔ Test aPersonModelWithoutALapseDecodes() passed after 52.953 seconds.
✔ Test roundTripsThroughJSON() passed after 52.917 seconds.
✔ Test expertFundsAWinnableRoadEvenWithNoSettlementSupplyOrApproach() passed after 52.917 seconds.
✔ Test aMoveThatDoesNotReplayThrowsWithItsIndex() passed after 53.638 seconds.
✔ Test aPermanentWinningUpgradeBeatsAnotherExpedition(tier:) with 2 test cases passed after 52.917 seconds.
✔ Test weightsKeepTheirSignAndStayInTheTrustRegion() passed after 56.262 seconds.
✔ Test aTradeThatCompletesACityIsAccepted() passed after 52.915 seconds.
✔ Test capturePrefersAnOverseasLanding(tier:) with 2 test cases passed after 52.915 seconds.
✔ Test anAcceptanceThatDoesNotClearTheMarginIsRefused() passed after 52.915 seconds.
✔ Test frozenWeightsHaveZeroGradient() passed after 53.655 seconds.
✔ Test discardsSurplusWithoutDismantlingAFundedVoyage(tier:) with 2 test cases passed after 52.911 seconds.
✔ Test unknownComponentConnectionsCannotPromiseAColonyPoint() passed after 52.915 seconds.
✔ Test acceptsFundingButPreservesAnAlreadyFundedRecipe(tier:) with 2 test cases passed after 52.911 seconds.
✔ Test theGreedyAnchorSitsBetweenRandomAndTheHeuristic() passed after 56.266 seconds.
✔ Test aCityUpgradeDoesNotInventNewExpeditionAccess() passed after 52.911 seconds.
✔ Test yearOfPlentyFundsTheMissingExpeditionIngredients(tier:) with 2 test cases passed after 52.911 seconds.
✔ Test anIdleReturnCannotHideBehindResourceStepOrCounterChanges() passed after 52.911 seconds.
✔ Test workedTargetsExplainZeroAndPositiveMarginalValues() passed after 52.911 seconds.
✔ Test oldJSONDecodesScalarsVerbatimWithoutInventingComponents() passed after 52.911 seconds.
✔ Test aHomeCoastIsNotAnOverseasColony() passed after 52.911 seconds.
✔ Test aWinningLargestArmyKnightClosesTheGame(tier:) with 2 test cases passed after 52.911 seconds.
✔ Test actualDiscoveryIsIndependentDestinationProgress() passed after 52.890 seconds.
✔ Test aPubliclyCertainColonyWinBeatsAProductiveNonwinningCity(tier:) with 2 test cases passed after 52.911 seconds.
✔ Test offlineExplanationLeavesBotMovesAndRNGUnchanged() passed after 52.890 seconds.
✔ Test flexibleProductionIsAllocatedOnceAcrossRecipeDeficits() passed after 52.911 seconds.
✔ Test costUsesOriginalHandNotTheDeficitCreatedByLosingCards() passed after 52.890 seconds.
✔ Test emptyOffersHaveAvailableEmptyComponentsAndMissingReceiversHaveNoAssessment() passed after 52.890 seconds.
✔ Test foundingAColonyJustifiesProductiveBacktracking() passed after 52.890 seconds.
✔ Test responseOnlyMasksPreservePolicyRNG(tier:) with 2 test cases passed after 52.890 seconds.
✔ Test diagnosticsAreOptInAndPreserveEveryRecordedScalar() passed after 52.890 seconds.
✔ Test componentsReconstructTheActualReductions() passed after 52.890 seconds.
✔ Test unscopedDirectCallsDoNotRepeatAnOutstandingNegotiation(tier:) with 2 test cases passed after 52.890 seconds.
✔ Test expertLaunchPlansAProvableWinningColonyWithinThisTurn() passed after 52.911 seconds.
✔ Test adaptersDeliberatelySelectNavalBrains() passed after 52.890 seconds.
✔ Test externalResponsesCannotLeaveAStaleDurableBotAnswer(tier:) with 2 test cases passed after 52.889 seconds.
✔ Test radarMeasuresAverageAcrossGames() passed after 52.889 seconds.
✔ Test exchangesOnlyTheSurplusToCompleteAShip(tier:) with 2 test cases passed after 52.889 seconds.
✔ Test expertDoesNotBuyDuplicateAccessWhileAnExistingHullCanDoTheJob() passed after 52.890 seconds.
✔ Test robbingTheLeaderIsCounted() passed after 52.889 seconds.
✔ Test buysAFirstHullThenExplores(tier:) with 2 test cases passed after 52.889 seconds.
✔ Test hiddenWorldHandsDeckAndFutureRNGCannotChangeDecision(tier:) with 2 test cases passed after 52.889 seconds.
✔ Test expertFundsTheSameFinishingDrawThatItValuesWhenAvailable() passed after 52.889 seconds.
✔ Test flexibleYieldFundsAShipAndRespectsScarceBank(tier:) with 2 test cases passed after 52.886 seconds.
✔ Test theSameSeedProducesTheSameGame() passed after 54.428 seconds.
✔ Test expertDiscountsAnUnfundedVoyageExposedToCapture() passed after 52.889 seconds.
✔ Test aCertainPurchaseAndLandingWinBeatsAHigherThanNinetyPercentDraw() passed after 52.886 seconds.
✔ Test anUnfundedVoyageCanImproveAPoorLandingWithoutGivingUpAccess(tier:) with 2 test cases passed after 52.848 seconds.
✔ Test expertReplacementHullDoesNotRenewTheFirstExpeditionPremium() passed after 52.886 seconds.
✔ Test seededSelfPlayReproducesExactly() passed after 52.890 seconds.
✔ Test aCertainSailingWinBeatsEvenANinetyOnePercentFinishingDraw() passed after 52.886 seconds.
✔ Test aBankTradeThatUnlocksNothingIsRefused() passed after 51.555 seconds.
✔ Test aBankTradeThatUnlocksACityIsTaken() passed after 51.555 seconds.
✔ Test strictNativeThresholdBoundaryIsUnchanged(offset:) with 3 test cases passed after 51.442 seconds.
✔ Test bundleAndQuantityUseFinalInventory(quantity:) with 3 test cases passed after 51.442 seconds.
✔ Test matchesOfflineWorkedExamples(example:) with 3 test cases passed after 51.442 seconds.
✔ Test mixedAndAcceptOnlyMasksUseUnchangedFallback(acceptOnly:) with 2 test cases passed after 51.442 seconds.
✔ Test availabilityControlsNeverInventAcceptanceOrBuilds(depletedSeat:) with 3 test cases passed after 51.442 seconds.
✔ Test otherPhasesPreservePlainPolicyAndRNG(phaseIndex:seed:) with 10 test cases passed after 51.442 seconds.
✔ Suite PlannerTradeTests passed after 56.269 seconds.
✔ Suite TradeReviewContextTests passed after 56.269 seconds.
✔ Suite EvaluationTradeRepeatTests passed after 56.269 seconds.
✔ Suite HumanReviewStrategyDiagnosticsTests passed after 56.269 seconds.
✔ Suite TradeAssessmentTests passed after 56.269 seconds.
✔ Suite ExpertRevisionTests passed after 56.269 seconds.
✔ Suite HandDisciplineTests passed after 56.269 seconds.
✔ Suite GhostTrainingProvenanceTests passed after 56.269 seconds.
✔ Suite TradeRefusingPolicyTests passed after 56.269 seconds.
✔ Suite GhostStyleFeaturesTests passed after 56.269 seconds.
✔ Suite GhostCandidateScoringTests passed after 56.269 seconds.
✔ Suite EvaluationCounterpartyTests passed after 56.269 seconds.
✔ Suite TradeAccountingBoundaryTests passed after 56.269 seconds.
✔ Suite TradeCascadeTests passed after 56.269 seconds.
✔ Suite GhostProfileTests passed after 56.269 seconds.
✔ Suite EvaluationTradeGainTests passed after 56.269 seconds.
✔ Suite NavalNavigationDiagnosticsTests passed after 56.269 seconds.
✔ Suite TradeContributionTests passed after 56.269 seconds.
✔ Suite EvaluationBankTradeTests passed after 56.269 seconds.
✔ Suite JointTradeResponsePolicyTests passed after 56.269 seconds.
◇ Test replayingTheSameSeedInThisProcessAlsoMatches() started.
✔ Test owningEveryVictoryCardRemovesTheFalseImmediateDrawPremium(tier:) with 2 test cases passed after 53.512 seconds.
✔ Test lambdaZeroPlaysExactlyLikeExpert() passed after 55.358 seconds.
✔ Test roadsCannotPromiseASiteWhoseCoastIsStillHidden() passed after 54.939 seconds.
✔ Test sailsTowardKnownLandingAndFundsAColony(tier:) with 2 test cases passed after 55.255 seconds.
✔ Suite NavalPolicyTests passed after 58.695 seconds.
✔ Test replayingTheSameSeedInThisProcessAlsoMatches() passed after 4.115 seconds.
◇ Test conquestSeededSelfPlayReproducesExactly() started.
✔ Test gradientPredictsARescore() passed after 62.220 seconds.
✔ Test conquestSeededSelfPlayReproducesExactly() passed after 5.359 seconds.
◇ Test expandedSeededSelfPlayReproducesExactly() started.
✔ Test everyRecordNamesAChosenCandidateAndHasFullVectors() passed after 68.897 seconds.
✔ Suite GhostDecisionExtractorTests passed after 71.505 seconds.
✔ Test everyMoveComesFromTheSuppliedMask() passed after 71.783 seconds.
✔ Test theEvaluatorBuysDevelopmentCardsOverAGame() passed after 75.574 seconds.
✔ Suite PositionEvaluatorTests passed after 75.587 seconds.
✔ Test concurrentHumanAndBotDiscardTurnsNeverCrash() passed after 75.768 seconds.
✔ Test countsAgreeWithTheFinalBoard() passed after 90.713 seconds.
✔ Suite GhostSeatStatsTests passed after 94.092 seconds.
✔ Test expandedSeededSelfPlayReproducesExactly() passed after 30.928 seconds.
✔ Suite SelfPlayReproducibility passed after 96.673 seconds.
✔ Test aFewAbsurdlyScoredOptionsDoNotCollapseBeta() passed after 96.929 seconds.
✔ Test aGhostFinishesAGame() passed after 97.967 seconds.
✔ Suite GhostPolicyTests passed after 100.546 seconds.
✔ Test theFitRecoversAKnownPerson() passed after 116.057 seconds.
✔ Suite GhostPersonModelTests passed after 116.070 seconds.
✔ Test aCompleteExternalSeatMatchStaysReloadable(players:) with 2 test cases passed after 124.808 seconds.
✔ Suite NavalMixedSessionTests passed after 124.811 seconds.
✔ Test aFullGameReachesAWinner(mode:) with 2 test cases passed after 394.506 seconds.
✔ Suite EvaluationPolicyTests passed after 396.343 seconds.
✔ Test run with 295 tests in 29 suites passed after 396.344 seconds.

[1m▸ coverage floors[0m
coverage Packages/CatanEngine          96.65%  (floor 95%)
coverage Packages/CatanAI              96.03%  (floor 95%)

[1m▸ gitleaks[0m
7:09PM INF 835 commits scanned.
7:09PM INF scanned ~65916479 bytes (65.92 MB) in 3.53s
7:09PM INF no leaks found

[1m▸ app tests[0m
  QA simulator: 937692FF-BFBF-4683-80E5-2590F5288D56 (1 parallel workers)
** TEST SUCCEEDED **
2026-10-05 19:29:28.835582-0400 Settlers[73080:17054353] [ShareSheet] Failed to request default share mode for fileURL:file:///tmp/replay-share-controller-test.mp4 error:Error Domain=NSOSStatusErrorDomain Code=-10814 "(null)" UserInfo={_LSFile=LSBindingEvaluator.mm, _LSLine=1973, _LSFunction=runEvaluator}
2026-10-05 19:29:29.033909-0400 Settlers[73080:17054353] [ShareSheet] Failed to request default share mode for fileURL:file:///tmp/replay-share-controller-test.mp4 error:Error Domain=NSOSStatusErrorDomain Code=-10814 "(null)" UserInfo={_LSFile=LSBindingEvaluator.mm, _LSLine=1973, _LSFunction=runEvaluator}
2026-10-05 19:29:29.043680-0400 Settlers[73080:17054353] [ShareSheet] Failed to request default share mode for fileURL:file:///tmp/replay-share-controller-test.mp4 error:Error Domain=NSOSStatusErrorDomain Code=-10814 "(null)" UserInfo={_LSFile=LSBindingEvaluator.mm, _LSLine=1973, _LSFunction=runEvaluator}
2026-10-05 19:29:29.055215-0400 Settlers[73080:17054353] [ShareSheet] Failed to request default share mode for fileURL:file:///tmp/replay-share-controller-test.mp4 error:Error Domain=NSOSStatusErrorDomain Code=-10814 "(null)" UserInfo={_LSFile=LSBindingEvaluator.mm, _LSLine=1973, _LSFunction=runEvaluator}
✔ Test run with 543 tests in 75 suites passed after 1189.666 seconds.

[1m▸ app build (Release)[0m
** BUILD SUCCEEDED **

[1m▸ app build (Debug)[0m
** BUILD SUCCEEDED **

[1m─── summary ───[0m
[32mPASS  xcodegen drift  (0s)[0m
[32mPASS  swiftlint --strict  (1s)[0m
[32mPASS  evaluation tooling  (31s)[0m
[32mPASS  packages build (W=E)  (14s)[0m
[32mPASS  CatanEngine tests  (29s)[0m
[32mPASS  CatanAI tests  (406s)[0m
[32mPASS  coverage floors  (1s)[0m
[32mPASS  gitleaks  (3s)[0m
[32mPASS  app tests  (3666s)[0m
[32mPASS  app build (Release)  (61s)[0m
[32mPASS  app build (Debug)  (3s)[0m

[32mgate: passed[0m
