pre-push: running scripts/gate.sh

[1m▸ xcodegen drift[0m
  project.pbxproj matches project.yml

[1m▸ swiftlint --strict[0m

[1m▸ evaluation tooling[0m
....................................................
----------------------------------------------------------------------
Ran 52 tests in 8.152s

OK
classic  a:classic                    + 0 identical  fallback 0.0000 unfinished 0
expert   a:expert                     + 0 identical  fallback 0.0000 unfinished 0
expert   b:expert                     + 0 identical  fallback 0.0000 unfinished 0
expert   local:expert                 + 1 identical  fallback 0.0000 unfinished 0
classic  b:classic                    + 0 identical  fallback 0.0000 unfinished 0
classic  a:classic                    + 0 identical  fallback 0.0000 unfinished 0
3 variants, 3 pairs, 120 games -> /var/folders/_m/cfbn0s7j7zx3sx1lwv6w4mr80000gn/T/tmpbmfyowuv/schedule.jsonl
2 variants, 1 pairs, 8 games -> /var/folders/_m/cfbn0s7j7zx3sx1lwv6w4mr80000gn/T/tmp3gzki_76/schedule.jsonl

[1m▸ packages build (W=E)[0m
[0/1] Planning build
Building for debugging...
[0/1] Write swift-version--58304C5D6DBC2206.txt
[2/26] Compiling CatanEngine Board.swift
[3/26] Compiling CatanEngine BoardGeneration.swift
[4/26] Compiling CatanEngine BoardShape.swift
[5/26] Compiling CatanEngine Building.swift
[6/26] Compiling CatanEngine CatanEngine.swift
[7/26] Compiling CatanEngine Conquest.swift
[8/26] Compiling CatanEngine DevCards.swift
[9/26] Compiling CatanEngine DiceOdds.swift
[10/26] Compiling CatanEngine GameSession.swift
[11/26] Compiling CatanEngine LongestRoad.swift
[12/26] Compiling CatanEngine MainPhase.swift
[13/26] Compiling CatanEngine DevCardPlayStatus.swift
[14/26] Compiling CatanEngine DevCardType.swift
[15/26] Compiling CatanEngine EdgeID.swift
[16/26] Compiling CatanEngine GameEvent.swift
[17/26] Compiling CatanEngine GameMode.swift
[18/26] Compiling CatanEngine GamePhase.swift
[19/26] Compiling CatanEngine GameState.swift
[20/26] Compiling CatanEngine GameVariant.swift
[21/26] Compiling CatanEngine HexCoordinate.swift
[22/26] Compiling CatanEngine Move.swift
[23/26] Compiling CatanEngine Player.swift
[24/26] Compiling CatanEngine PlayerID.swift
[25/26] Compiling CatanEngine Port.swift
[26/26] Emitting module CatanEngine
[27/50] Compiling CatanEngine RandomSource.swift
[28/50] Compiling CatanEngine Resource.swift
[29/50] Compiling CatanEngine Tile.swift
[30/50] Compiling CatanEngine VertexID.swift
[31/50] Compiling CatanEngine Naval.swift
[32/50] Compiling CatanEngine NavalFallback.swift
[33/50] Compiling CatanEngine NavalMapGenerator.swift
[34/50] Compiling CatanEngine NavalMapValidation.swift
[35/50] Compiling CatanEngine NavalModels.swift
[36/50] Compiling CatanEngine NavalMoves.swift
[37/50] Compiling CatanEngine NavalPorts.swift
[38/50] Compiling CatanEngine NavalProduction.swift
[39/50] Compiling CatanEngine NavalSailing.swift
[40/50] Compiling CatanEngine NavalSightGeometry.swift
[41/50] Compiling CatanEngine NavalStateValidation.swift
[42/50] Compiling CatanEngine NavalTerrain.swift
[43/50] Compiling CatanEngine NavalVisibility.swift
[44/50] Compiling CatanEngine PublicLedger.swift
[45/50] Compiling CatanEngine Robber.swift
[46/50] Compiling CatanEngine RulesEngine.swift
[47/50] Compiling CatanEngine Ruleset.swift
[48/50] Compiling CatanEngine SetupPhase.swift
[49/50] Compiling CatanEngine Trading.swift
[50/50] Compiling CatanEngine WinCondition.swift
Build complete! (3.14s)
[0/1] Planning build
Building for debugging...
[0/16] Write swift-version--58304C5D6DBC2206.txt
[2/41] Compiling CatanEngine Board.swift
[3/41] Compiling CatanEngine BoardGeneration.swift
[4/41] Compiling CatanEngine BoardShape.swift
[5/41] Compiling CatanEngine Building.swift
[6/41] Compiling CatanEngine CatanEngine.swift
[7/41] Compiling CatanEngine Conquest.swift
[8/41] Compiling CatanEngine DevCards.swift
[9/41] Compiling CatanEngine DiceOdds.swift
[10/41] Compiling CatanEngine GameSession.swift
[11/41] Compiling CatanEngine LongestRoad.swift
[12/41] Compiling CatanEngine MainPhase.swift
[13/41] Compiling CatanEngine DevCardPlayStatus.swift
[14/41] Compiling CatanEngine DevCardType.swift
[15/41] Compiling CatanEngine EdgeID.swift
[16/41] Compiling CatanEngine GameEvent.swift
[17/41] Compiling CatanEngine GameMode.swift
[18/41] Compiling CatanEngine GamePhase.swift
[19/41] Compiling CatanEngine GameState.swift
[20/41] Compiling CatanEngine GameVariant.swift
[21/41] Compiling CatanEngine HexCoordinate.swift
[22/41] Compiling CatanEngine Move.swift
[23/41] Compiling CatanEngine Player.swift
[24/41] Compiling CatanEngine PlayerID.swift
[25/41] Compiling CatanEngine Port.swift
[26/41] Emitting module CatanEngine
[27/65] Compiling CatanEngine RandomSource.swift
[28/65] Compiling CatanEngine Resource.swift
[29/65] Compiling CatanEngine Tile.swift
[30/65] Compiling CatanEngine VertexID.swift
[31/65] Compiling CatanEngine Naval.swift
[32/65] Compiling CatanEngine NavalFallback.swift
[33/65] Compiling CatanEngine NavalMapGenerator.swift
[34/65] Compiling CatanEngine NavalMapValidation.swift
[35/65] Compiling CatanEngine NavalModels.swift
[36/65] Compiling CatanEngine NavalMoves.swift
[37/65] Compiling CatanEngine NavalPorts.swift
[38/65] Compiling CatanEngine NavalProduction.swift
[39/65] Compiling CatanEngine NavalSailing.swift
[40/65] Compiling CatanEngine NavalSightGeometry.swift
[41/65] Compiling CatanEngine NavalStateValidation.swift
[42/65] Compiling CatanEngine NavalTerrain.swift
[43/65] Compiling CatanEngine NavalVisibility.swift
[44/65] Compiling CatanEngine PublicLedger.swift
[45/65] Compiling CatanEngine Robber.swift
[46/65] Compiling CatanEngine RulesEngine.swift
[47/65] Compiling CatanEngine Ruleset.swift
[48/65] Compiling CatanEngine SetupPhase.swift
[49/65] Compiling CatanEngine Trading.swift
[50/65] Compiling CatanEngine WinCondition.swift
[51/91] Compiling CatanAI Bot.swift
[52/91] Compiling CatanAI BotPersonality.swift
[53/91] Compiling CatanAI BotWeights.swift
[54/91] Compiling CatanAI BuildPlanner.swift
[55/91] Compiling CatanAI CatanAI.swift
[56/91] Compiling CatanAI ConquestHeuristics.swift
[57/91] Compiling CatanAI DevCardHeuristics.swift
[58/91] Compiling CatanAI BoardIndex.swift
[59/91] Compiling CatanAI EvaluationPolicy.swift
[60/91] Compiling CatanAI EvaluationProjections.swift
[61/91] Compiling CatanAI EvaluationWeights.swift
[62/91] Compiling CatanAI ExpertRevision.swift
[63/91] Compiling CatanAI HandDiscipline.swift
[64/91] Compiling CatanAI PointCompletingCards.swift
[65/91] Compiling CatanAI PositionEvaluator.swift
[66/91] Compiling CatanAI TradeCascade.swift
[67/91] Compiling CatanAI TradeValuation.swift
[68/91] Compiling CatanAI CandidateScoring.swift
[69/91] Compiling CatanAI DecisionExtractor.swift
[70/91] Compiling CatanAI DecisionRecord.swift
[71/91] Compiling CatanAI GhostPolicy.swift
[72/91] Compiling CatanAI GhostProfile.swift
[73/91] Compiling CatanAI PersonFitter.swift
[74/91] Compiling CatanAI PersonModel.swift
[75/91] Compiling CatanAI SeatStats.swift
[76/91] Emitting module CatanAI
[77/115] Compiling CatanAI StyleFeatures.swift
[78/115] Compiling CatanAI GreedyPolicy.swift
[79/115] Compiling CatanAI HeuristicPolicy.swift
[80/115] Compiling CatanAI JointTradeResponsePolicy.swift
[81/115] Compiling CatanAI NavalCards.swift
[82/115] Compiling CatanAI NavalDecisionContext.swift
[83/115] Compiling CatanAI NavalEconomy.swift
[84/115] Compiling CatanAI NavalLandControl.swift
[85/115] Compiling CatanAI NavalNavigation.swift
[86/115] Compiling CatanAI NavalNavigationDiagnostics.swift
[87/115] Compiling CatanAI NavalPolicy.swift
[88/115] Compiling CatanAI NavalTrading.swift
[89/115] Compiling CatanAI PlacementHeuristics.swift
[90/115] Compiling CatanAI PlannerTradeEvaluator.swift
[91/115] Compiling CatanAI ProductionModel.swift
[92/115] Compiling CatanAI PlanningContext.swift
[93/115] Compiling CatanAI PolicyBehaviorMetrics.swift
[94/115] Compiling CatanAI RobberHeuristics.swift
[95/115] Compiling CatanAI ThreatAssessment.swift
[96/115] Compiling CatanAI TradeAssessment.swift
[97/115] Compiling CatanAI TradeHeuristics.swift
[98/115] Compiling CatanAI TradeMessages.swift
[99/115] Compiling CatanAI TradeRefusingPolicy.swift
[100/115] Compiling CatanAI TradeReviewContext.swift
[101/119] Compiling trade_bench main.swift
[102/119] Emitting module trade_bench
[103/123] Compiling sim main.swift
[104/123] Emitting module sim
[105/126] Emitting module naval_sim
[106/126] Compiling ghost LogFile.swift
[107/126] Compiling ghost Selftest.swift
[108/126] Compiling naval_sim EvaluationProtocol.swift
[109/129] Emitting module ghost
[112/131] Compiling ghost main.swift
[113/131] Compiling naval_sim Rendering.swift
[114/131] Compiling naval_sim main.swift
[115/133] Compiling ghost Strength.swift
[116/133] Write Objects.LinkFileList
[119/133] Emitting module arena
[120/133] Compiling arena main.swift
[120/133] Linking trade-bench
[121/133] Write Objects.LinkFileList
[122/133] Applying trade-bench
[123/133] Linking sim
[124/133] Write Objects.LinkFileList
[125/133] Applying sim
[126/133] Linking naval-sim
[127/133] Write Objects.LinkFileList
[128/133] Applying naval-sim
[129/133] Linking ghost
[130/133] Applying ghost
[131/133] Linking arena
[132/133] Applying arena
Build complete! (8.21s)

[1m▸ CatanEngine tests[0m
[0/1] Planning build
Building for debugging...
[0/2] Write swift-version--58304C5D6DBC2206.txt
[2/27] Emitting module CatanEngine
[3/27] Compiling CatanEngine Board.swift
[4/27] Compiling CatanEngine BoardGeneration.swift
[5/27] Compiling CatanEngine BoardShape.swift
[6/27] Compiling CatanEngine Building.swift
[7/27] Compiling CatanEngine CatanEngine.swift
[8/27] Compiling CatanEngine Conquest.swift
[9/27] Compiling CatanEngine DevCards.swift
[10/27] Compiling CatanEngine DiceOdds.swift
[11/27] Compiling CatanEngine GameSession.swift
[12/27] Compiling CatanEngine LongestRoad.swift
[13/27] Compiling CatanEngine MainPhase.swift
[14/27] Compiling CatanEngine DevCardPlayStatus.swift
[15/27] Compiling CatanEngine DevCardType.swift
[16/27] Compiling CatanEngine EdgeID.swift
[17/27] Compiling CatanEngine GameEvent.swift
[18/27] Compiling CatanEngine GameMode.swift
[19/27] Compiling CatanEngine GamePhase.swift
[20/27] Compiling CatanEngine GameState.swift
[21/27] Compiling CatanEngine GameVariant.swift
[22/27] Compiling CatanEngine HexCoordinate.swift
[23/27] Compiling CatanEngine Move.swift
[24/27] Compiling CatanEngine Player.swift
[25/27] Compiling CatanEngine PlayerID.swift
[26/27] Compiling CatanEngine Port.swift
[27/51] Compiling CatanEngine RandomSource.swift
[28/51] Compiling CatanEngine Resource.swift
[29/51] Compiling CatanEngine Tile.swift
[30/51] Compiling CatanEngine VertexID.swift
[31/51] Compiling CatanEngine Naval.swift
[32/51] Compiling CatanEngine NavalFallback.swift
[33/51] Compiling CatanEngine NavalMapGenerator.swift
[34/51] Compiling CatanEngine NavalMapValidation.swift
[35/51] Compiling CatanEngine NavalModels.swift
[36/51] Compiling CatanEngine NavalMoves.swift
[37/51] Compiling CatanEngine NavalPorts.swift
[38/51] Compiling CatanEngine NavalProduction.swift
[39/51] Compiling CatanEngine NavalSailing.swift
[40/51] Compiling CatanEngine NavalSightGeometry.swift
[41/51] Compiling CatanEngine NavalStateValidation.swift
[42/51] Compiling CatanEngine NavalTerrain.swift
[43/51] Compiling CatanEngine NavalVisibility.swift
[44/51] Compiling CatanEngine PublicLedger.swift
[45/51] Compiling CatanEngine Robber.swift
[46/51] Compiling CatanEngine RulesEngine.swift
[47/51] Compiling CatanEngine Ruleset.swift
[48/51] Compiling CatanEngine SetupPhase.swift
[49/51] Compiling CatanEngine Trading.swift
[50/51] Compiling CatanEngine WinCondition.swift
[50/52] Write Objects.LinkFileList
[51/52] Linking CatanEnginePackageTests
Build complete! (3.29s)
Test Suite 'All tests' started at 2026-10-07 07:45:41.305.
Test Suite 'All tests' passed at 2026-10-07 07:45:41.306.
	 Executed 0 tests, with 0 failures (0 unexpected) in 0.000 (0.001) seconds
◇ Test run started.
↳ Testing Library Version: 1902
↳ Target Platform: arm64e-apple-macos14.0
◇ Suite NavalPortCheckpointTests started.
◇ Suite NavalSaveTests started.
◇ Test aCountedCompositionExpandsToOnePinnedInterleavedOrder() started.
◇ Suite DevCardConservationTests started.
◇ Test sameSeedProducesAnIdenticalGame() started.
◇ Test winningWithAnOpenTradeEndsAutomatedNegotiation() started.
◇ Test tiedKnightCountsKeepCurrentLargestArmyHolder() started.
◇ Suite ExternalActionCheckpointTests started.
◇ Test anExpandedSaveRoundTripsWithItsModeAndTarget() started.
◇ Test tradingAResourceForItselfIsRejected() started.
◇ Test everyActiveDevCardIsOfferedBeforeRolling() started.
◇ Suite NavalProductionValidationTests started.
◇ Test roadMustConnectToOwnNetwork() started.
◇ Suite NavalTradeCheckpointTests started.
◇ Test anUnoccupiedHexPaysEveryoneAsNormal() started.
◇ Test expandedTerrainIsExactlyTwiceClassic() started.
◇ Test proposeTradeStopsBeingLegalAtTheTurnRetryLimit() started.
◇ Test anAttackThatFallsShortWeakensTheDefender() started.
◇ Test expandedRandomizedBoardIsReproducibleFromItsSeed() started.
◇ Suite NavalHarvestProgressTests started.
◇ Test legalMovesOfferEachSingleCardAndTheCheapestWinningSet() started.
◇ Test devCardStatusExplainsRequiredPlacementAndMissingRoadChoices() started.
◇ Suite NavalProductionTests started.
◇ Suite PublicLedgerCheckpointTests started.
◇ Test buildingSettlementOnOpponentRoadRecomputesLongestRoadImmediately() started.
◇ Test noPlayerEverExceedsTheirPieceSupply() started.
◇ Test robberMoveCannotSkipAnEligibleVictim() started.
◇ Test aStandardGameListsNoArmyMovesAndRefusesThem() started.
◇ Test theIdentifierDependsOnEveryPartOfTheOffer() started.
◇ Suite ComposedProposalTests started.
◇ Suite NavalSettlementScopeTests started.
◇ Test oneOfEachStillNeedsAllFive() started.
◇ Test fastSearchAgreesWithTheExhaustiveOneAtThePlayableRoadCap() started.
◇ Test scaledFromBoardReproducesClassicOnAClassicSizedBoard() started.
◇ Test buyingDevCardReportsTheExactCardDrawn(card:) started.
◇ Suite TradeCompetitionTests started.
◇ Test aConquestGameShufflesTheFullClassicArmyDeck() started.
◇ Test everyResourceGetsBankStockAndAFeatureSlot() started.
◇ Test identifiersDoNotShareLongPrefixes() started.
◇ Suite TradeDraftConstraintTests started.
◇ Test theRejectionMessageNamesTheBankRatherThanThePlayersHand() started.
◇ Test rollingSevenWithOverEightCardsRequiresDiscard() started.
◇ Test theDesertCannotBeDeployedTo() started.
◇ Test aTwelvePointGameDoesNotEndAtTen() started.
◇ Test aTribeHeldHexPaysEveryoneAsNormal() started.
◇ Test buyingIsLimitedByDeckSize() started.
◇ Suite BankTradeResourceRuleTests started.
◇ Suite NavalVisibilityVersionTests started.
◇ Test tieKeepsCurrentHolder() started.
◇ Suite RulesVersionReplayTests started.
◇ Suite NavalPortVisibilityTests started.
◇ Test theRobberBlocksAnOccupiedHexIncludingTheBonus() started.
◇ Suite NavalOpeningTests started.
◇ Suite NavalDeterminismTests started.
◇ Test aThreeSeatGameCompletesSetupAcrossExactlyThreeSeats() started.
◇ Test everyPhaseWithASeatReportsIt() started.
◇ Test setupEndDealsEveryPlayerOnePlayableArmyCard() started.
◇ Suite SessionCheckpointValidationTests started.
◇ Test checkForWinnerIsNoOpOnceGameIsAlreadyOver() started.
◇ Suite NavalObservationTests started.
◇ Test theSameSeedProducesTheSameSession() started.
◇ Test expandedDeckIsExactlyTwiceClassic() started.
◇ Test validationAgreesWithWhatApplyingActuallyDoes() started.
◇ Suite TerminalTradeBookkeepingTests started.
◇ Test startingBankIsUniformAcrossEveryResource() started.
◇ Test aSaveWithAnInvalidTargetIsRejectedAsCorrupt() started.
◇ Test yearOfPlentyEnumeratesOnlyPairsTheBankCanSupply() started.
◇ Test occupierBonusRespectsBankShortage() started.
◇ Suite NavalCornerVisibilityTests started.
◇ Test aConquestGameStartsWithEveryProducingHexHeldByATribeAtItsPipCount() started.
◇ Suite DiceFairnessTests started.
◇ Test anExactlyEqualAttackLeavesTheHexUnoccupied() started.
◇ Suite NavalSailingTests started.
◇ Test expandedTokenMultisetIsExactlyTwiceClassic() started.
◇ Test anyThreePriceIsUnaffordableWithTwoCards() started.
◇ Test buildRoadDeductsCostAndReturnsResourcesToBank() started.
◇ Suite VastBoardTests started.
◇ Test fiveConnectedRoadsGrantsLongestRoad() started.
◇ Test victoryPointsMatchesGameStateComputation() started.
◇ Test devCardStatusExplainsTurnLimitAndMissingCard() started.
◇ Test aPlayerAtTheRoadLimitHasNoLegalRoadToBuild() started.
◇ Suite EngineFairnessTests started.
◇ Test serializedSessionKeepsTheAlreadySampledTradeResponse() started.
◇ Suite NavalMapTests started.
◇ Test deckBuildOrderRanksArePreservedAndDistinct() started.
◇ Test vastDoublesTheArmyDeck() started.
◇ Suite NavalGameplayTests started.
◇ Test yearOfPlentyRejectsAnUnavailablePairWithoutConsumingTheCard() started.
◇ Test onlyOneDevCardMayBePlayedPerTurn() started.
◇ Test expandedBoardHasThirtySevenTilesAndOneDesert() started.
◇ Test expandedRulesetMatchesTheSpec() started.
◇ Test buyingDevCardDeductsCostAndDraws() started.
◇ Suite TradingTests started.
◇ Test aSaveMissingTheBoardIsRejectedRatherThanSilentlyDiscarded() started.
◇ Test roadCannotExtendThroughAnOpponentsSettlement() started.
◇ Test aCoherentTerminalTradeQueueCannotReviveTheGame() started.
◇ Test expandedRandomizedBoardNeverAdjoinsSixAndEight() started.
◇ Suite PublicLedgerTests started.
◇ Test tenVictoryPointsEndsGame() started.
◇ Test engineNameIsSet() started.
◇ Test anUnsupportedTableSizeIsRefusedAtConstruction() started.
◇ Test expandedBonusesAreWorthFourPointsInBothFormulas() started.
◇ Test onlyMainTurnCountsAsAPlayableTurnForThatSeat() started.
◇ Test replacingTheStateResetsTurnBookkeeping() started.
◇ Test theRunawayBackstopForcesATurnToEnd() started.
◇ Test theGameEndsAtItsOwnTarget() started.
◇ Test yearOfPlentyRequiresTwoCardsTheBankCanSupply() started.
◇ Test boardHas9Ports() started.
◇ Test monopolyReportsHowManyCardsItSweptUp() started.
◇ Test discardingHalfRoundedDownResolvesPhase() started.
◇ Test aClassicSaveCarryingAnExpandedTargetIsRefused() started.
◇ Test cityProducesTwoResourcesOnMatchingRoll() started.
◇ Test movingRobberCanStealFromAdjacentPlayer() started.
◇ Test aSaveWithoutATargetLoadsAndPlaysToTen() started.
◇ Test aLegalBankTradeReportsNoProblemAndApplies() started.
◇ Test buildingReportsWhatWasBuilt() started.
◇ Test randomizedTerminatesForAFeasibleCountedShape() started.
◇ Test anExternalMoveAdvancesTheSameGame() started.
◇ Test vertexCanonicalizationIsConsistentAcrossSharedTiles() started.
◇ Test scaledFromBoardOnAMuchLargerBoardRoundsDownWhenTheFractionIsBelowHalf() started.
◇ Test playingKnightMovesRobberAndConsumesCard() started.
◇ Test roadBuildingThrowsIfEitherEdgeIsIllegal() started.
◇ Test aTokenCountThatMissesTheProducingTilesIsRejected() started.
◇ Test aSaveResumesTheSameRandomSequenceItWouldHaveHad() started.
◇ Test settlementRespectsDistanceRuleAndRoadConnection() started.
◇ Test phasesNoSingleSeatOwnsReportNobody() started.
◇ Test buildCityUpgradesSettlementAndDeductsCost() started.
◇ Test branchingNetworkScoresOnlyLongestSimplePath() started.
◇ Test illegalPlacementTooCloseIsRejected() started.
◇ Test discardingOffersOnlyTheActingSeatsOwnCombinations() started.
◇ Test classicShapeReproducesTheStandardBoardExactly() started.
◇ Test belowTenVictoryPointsDoesNotEndGame() started.
◇ Test newGameShufflesDevCardDeckDifferentlyForDifferentSeeds() started.
◇ Test bankTradeIsRejectedWhenTheBankCannotSupplyTheWantedResource() started.
◇ Test legacyQueuedReplyResumesWithChartedHarborsWithoutResampling(nearHarbor:) started.
◇ Test expandedHasFourteenPortsOnDistinctCoastalEdges() started.
◇ Test aCardBoughtThisTurnCanBeDeployedAtOnce() started.
◇ Test corruptNavalAuthoritativeStateIsRejected(corruption:) started.
◇ Test anyThreePricePaysFromTheBiggestPilesFirst() started.
◇ Test decodedCheckpointContinuesIdenticalTranscriptAndLedger(table:) started.
◇ Test legacyProjectionDoesNotPermitOtherQueuedReplyCorruption(field:) started.
◇ Test allNewFieldsDecodeDefaultsAndOldModesKeepNilNavalState() started.
◇ Test queuedNavalTradeResponseUsesMaskedSnapshotAndValidatesCounts() started.
◇ Test malformedMaximumShipIDCanDecodeAndBeRejectedWithoutOverflow() started.
◇ Test fragmentedRoadNetworkDoesNotSumAcrossDisconnectedPieces() started.
◇ Test buildRoadWithInsufficientResourcesThrows() started.
◇ Test aPaymentThatIsNotExactlyTheHeldPriceIsRefusedWithoutMutation() started.
◇ Test legalMovesIsAPureFunctionOfTheState() started.
◇ Test case passing 1 argument card → .knight to buyingDevCardReportsTheExactCardDrawn(card:) started.
◇ Test case passing 1 argument card → .yearOfPlenty to buyingDevCardReportsTheExactCardDrawn(card:) started.
◇ Test case passing 1 argument card → .roadBuilding to buyingDevCardReportsTheExactCardDrawn(card:) started.
◇ Test case passing 1 argument card → .monopoly to buyingDevCardReportsTheExactCardDrawn(card:) started.
◇ Test case passing 1 argument card → .victoryPoint to buyingDevCardReportsTheExactCardDrawn(card:) started.
◇ Test knightCanBePlayedBeforeRolling() started.
◇ Test aConquestSaveRoundTripsGarrisonsAndHands() started.
◇ Test newTieBetweenTwoOtherPlayersDisplacesCurrentHolder() started.
◇ Test invalidRobberVictimLeavesTheWholeStateUntouched() started.
◇ Test monopolyTransfersAllMatchingCardsFromEveryOtherPlayer() started.
◇ Test attackingPastATribeTakesTheHexWithTheOverflow() started.
◇ Test aFullyOwnedGameRunsToCompletion() started.
◇ Test expandedAllowsThirtyRoadsWhereClassicStopsAtFifteen() started.
◇ Test secondSettlementGrantsResources() started.
◇ Test pipsMatchTheWaysTwoDiceRollEachNumber() started.
◇ Test knightPlayedBeforeRollingBlocksAnotherCardThatSameTurn() started.
◇ Test rollOfSevenProducesNoResources() started.
◇ Test completedPositionDoesNotReconstructAnOpenTradeResponse() started.
◇ Test movingTheRobberWithNobodyToRobReportsNoSteal() started.
◇ Test aRobberStealReportsWhichCardWasTaken() started.
◇ Test newTieBetweenTwoPlayersAwardsNoOne() started.
◇ Test fastSearchAgreesWithTheExhaustiveOneOnManyRandomNetworks() started.
◇ Test endingATurnReportsIt() started.
◇ Test aThreeSeatGameCyclesTurnsAmongThreeSeats() started.
◇ Test outOfOrderSettlementBeforePendingRoadIsRejected() started.
◇ Test everyModeIsCoherentAndReachable() started.
◇ Test devCardStatusOwnsTurnTimingAndPassiveCardRules() started.
◇ Test aCompositionThatDoesNotFillTheBoardIsRejected() started.
◇ Test theSameOfferAlwaysCarriesTheSameIdentifier() started.
◇ Test aModeWhoseRoadLimitOutrunsTheSearchIsRefused() started.
◇ Test armyCardsCostAnyThreeResourcesByDefault() started.
◇ Test classicRulesetMatchesTheValuesTheEngineShippedWith() started.
◇ Test anOccupiedHexPaysOnlyTheOccupierPlusOne() started.
◇ Test aNegativeRadiusIsRejected() started.
◇ Test anExpandedGamePlaysToTwentyFiveWithoutStalling() started.
◇ Test aSaveMissingFieldsAddedAfterItWasWrittenStillLoads() started.
◇ Test distinctOffersGetDistinctIdentifiers() started.
◇ Test aStandardGameHasNoConquestStateAndDrawsTheSameRandomSequence() started.
◇ Test thirdKnightGrantsLargestArmy() started.
◇ Test scaledFromBoardOnAnExpandedSizedBoardRoundsAwayFromZero() started.
◇ Test aSaveWrittenBeforeModesExistedLoadsAsClassic() started.
◇ Test rollingReportsTheTotalThatWasActuallyRolled() started.
◇ Test setupPlacementsReportThemselves() started.
◇ Test newGameDevCardDeckPreservesStandardComposition() started.
◇ Test standardBoardHas19TilesAndOneDesert() started.
◇ Test cannotPlayDevCardBoughtThisTurn() started.
◇ Test negativeDiscardAmountIsRejected() started.
◇ Test devCardPlayLimitResetsAfterEndTurn() started.
◇ Test endTurnClearsPendingTradeOffers() started.
◇ Test settlementProducesOneResourceOnMatchingRoll() started.
◇ Test devCardStatusDistinguishesNewAndOlderCopiesInOneStack() started.
◇ Test expandedPieceSuppliesAreNeverExceededOverAFullGame() started.
◇ Test fastSearchHandlesTheShapesThatBreakNaiveSearches() started.
◇ Test expandedSeatsAThirtyEightCardBankAndAFiftyCardDeck() started.
◇ Test legalMovesEnumeratesMoveRobberTargetsAndVictims() started.
◇ Test opponentSettlementBreaksRoadChain() started.
◇ Test buyingPaysExactlyTheChosenThreeCardsAndDrawsTheTopCard() started.
◇ Test expandedWinsAtTwentyFiveNotTen() started.
◇ Test roadCannotBeBuiltOnAnEdgeAnotherPlayerAlreadyOwns() started.
◇ Test anyOnePriceTakesASingleCard() started.
◇ Test knightWithoutAResourceHoldingNeighbourConsumesOneCardWithoutTheft(fixture:) started.
◇ Test aSaveWrittenBeforeConquestExistedLoadsAsStandard() started.
◇ Test validHumanActionsBeyondAutomatedCapColdResume(mode:) started.
◇ Test serializedSessionRejectsChangingThePolicyRoster() started.
◇ Test monopolyTransfersOneResourceAndCannotBeReusedAfterResume(fixture:) started.
◇ Test duplicateOfferIDIsExcludedRejectedAndNeverMutates() started.
◇ Test aSecondMatureMonopolyNeedsAnotherTurnAndAZeroGainStillConsumes(fixture:) started.
◇ Test aThreeSeatGameSurvivesASaveAndReload() started.
◇ Test legacyDuplicateOffersStillReplayUnderRecordedRules(version:) started.
◇ Test knightTakesExactlyOneCardFromOnlyTheChosenVictim(fixture:) started.
◇ Test aShapeNoShuffleCanSatisfyIsRepairedRatherThanRefused() started.
◇ Test olderCopyCanBePlayedButNewCopyWaitsUntilNextTurn(fixture:) started.
◇ Test randomizedBoardIsDeterministicForSameSeed() started.
◇ Test invalidKnightVictimCannotConsumeOrPartiallyApply(fixture:) started.
◇ Test anEmptyArmyDeckCannotBeBoughtFrom() started.
◇ Test aHexYourBuildingsDoNotTouchCannotBeDeployedTo() started.
◇ Test cityRequiresExistingOwnSettlement() started.
◇ Test serializedSessionResumesTheSameDecisionsWithoutRestartingPolicyRandomness() started.
◇ Test theAccessorAgreesWithTheSessionsOwnNotionOfWhoActs() started.
◇ Test armyCardsRunFromOneToFourSoTribesAreHardToBreak() started.
◇ Test legalMovesEnumeratesDiscardCombinationsForEachPendingPlayer() started.
◇ Test aRecordedMoveListReplaysToTheSameOutcome() started.
◇ Test roadBuildingBuildsTwoFreeRoads() started.
◇ Test setupPhaseFollowsSnakeOrder() started.
◇ Test expandedDiscardThresholdIsTenNotSeven() started.
◇ Test aSeatWithNoPolicyStopsTheLoop() started.
◇ Test tileCountFollowsTheHexFormulaAtEveryRadius() started.
◇ Test randomLegalPlayReachesGameOverWithoutErrors() started.
◇ Test wrongTurnMoveIsRejected() started.
◇ Test settlementNotTouchingTheRolledTileGetsNothing() started.
◇ Test anUnsupportedTargetIsRefused() started.
◇ Test deployingOnYourOwnHexReinforcesIt() started.
◇ Test classicDiscardThresholdIsStillSeven() started.
◇ Test conquestDoesNotChangeTheDevDeckOrDiceSeedOfTheSameSeed() started.
◇ Test standardBoardHasNoAdjacentSixOrEight() started.
◇ Test aTargetSurvivesASaveAndReload() started.
◇ Test fullSetupSequenceEndsAtRollDiceForPlayerZero() started.
◇ Test playingMonopolyBeforeRollingStillRequiresTheRoll() started.
◇ Test aCompositionExpandsToExactlyTheDeclaredCounts() started.
◇ Test numbersThatAreNotOnTheBoardProduceNothing() started.
◇ Test aWinningMoveReportsTheWinExactlyOnce() started.
◇ Test deployingCardsNotHeldIsRefusedWithoutMutation() started.
◇ Test everyPartialChoiceAndClockwiseSuffixSurvivesColdCheckpoint() started.
◇ Test devCardsBoughtThisTurnBecomePlayableAfterEndTurn() started.
◇ Test yearOfPlentyWithSameResourceTwiceDoesNotCrash() started.
◇ Test captureRequiresElevenButAResolvedElevenHasNoPendingCapture() started.
◇ Test multipleDemandingPlayersGetNothingWhenBankCannotCoverAll() started.
◇ Test impossibleChoiceObligationsAreRejected(corruption:) started.
◇ Test soleDemandingPlayerGetsWhateverBankHasLeft() started.
◇ Test derivedPortsSitOnDistinctCoastalEdgesOfTheBoard() started.
◇ Test aFreshGameCarriesTheCurrentSchemaVersion() started.
◇ Test robberTileProducesNothing() started.
◇ Test deployMovesOfferEveryCardSetOnEveryReachableHex() started.
◇ Test aThreeSeatGameHasThreeSeats() started.
◇ Test externalBankSpendRefreshesCachedObservationWithoutRandomDraws() started.
◇ Test externalEndTurnCancelsCachedReply() started.
◇ Test externalProposalQueuesAndExternalConsumptionClearsResponse() started.
✔ Test aCountedCompositionExpandsToOnePinnedInterleavedOrder() passed after 0.014 seconds.
◇ Test partialCityHarvestKeepsItsOriginalYieldAcrossColdCheckpoint() started.
◇ Test robberBlockedHarvestNeverExposesProgress() started.
◇ Test rejectedChoiceCannotAdvanceProgressAndBankExhaustionRetiresIt() started.
◇ Test producingBuildingsRemainDistinct(kind:) started.
◇ Test unavailableChoicesAreRejectedAndEmptyBankExpiresObligations() started.
◇ Test citiesChooseTwoUnitsClockwiseAfterFixedProduction() started.
◇ Test monopolySurvivesCheckpointRoundTrip(external:) started.
◇ Test robberBlocksFlexibleProductionAndNeverTargetsFogOrShips() started.
◇ Test positionOnlyZeroHoldingsSurviveCheckpointRoundTrip(oreCount:) started.
✔ Test tradingAResourceForItselfIsRejected() passed after 0.021 seconds.
✔ Test theIdentifierDependsOnEveryPartOfTheOffer() passed after 0.021 seconds.
✔ Test tiedKnightCountsKeepCurrentLargestArmyHolder() passed after 0.022 seconds.
✔ Test anAttackThatFallsShortWeakensTheDefender() passed after 0.023 seconds.
◇ Test malformedOrExcessiveCompositionsAreRefused() started.
◇ Test jakesBundleForTheCityIsPermitted() started.
◇ Test noCompositionWhenProposingIsNotAllowed() started.
◇ Test aSessionAcceptsAndTablesAPermittedComposedOffer() started.
◇ Test aComposedOfferMustCarryItsContentDerivedID() started.
◇ Test inlandPaidSettlementRequiresOwnRoadAndShipDoesNotSubstitute() started.
◇ Test resumedSetupOffersInlandSitesWithoutChangingSavedVision(version:) started.
◇ Test foundedIslandCanExpandInlandByRoadAfterItsShipLeaves() started.
◇ Test foundingNeedsAnOwnedShipAtThatExactCoastalCorner() started.
◇ Test bothOpeningSettlementsCanBeInland(family:count:) started.
◇ Test setupStillCannotSkipToAnOverseasIslandOrIgnoreDistance() started.
◇ Test inlandOpeningIsLegalWithEitherFogSetting(family:fog:) started.
✔ Test oneOfEachStillNeedsAllFive() passed after 0.027 seconds.
✔ Test anUnoccupiedHexPaysEveryoneAsNormal() passed after 0.027 seconds.
◇ Test case passing 1 argument nearHarbor → false to legacyQueuedReplyResumesWithChartedHarborsWithoutResampling(nearHarbor:) started.
◇ Test case passing 1 argument nearHarbor → true to legacyQueuedReplyResumesWithChartedHarborsWithoutResampling(nearHarbor:) started.
◇ Test case passing 1 argument corruption → "nil" to corruptNavalAuthoritativeStateIsRejected(corruption:) started.
◇ Test case passing 1 argument corruption → "rulesVersion" to corruptNavalAuthoritativeStateIsRejected(corruption:) started.
◇ Test case passing 1 argument corruption → "mapVersion" to corruptNavalAuthoritativeStateIsRejected(corruption:) started.
◇ Test case passing 1 argument corruption → "unknownReveal" to corruptNavalAuthoritativeStateIsRejected(corruption:) started.
◇ Test case passing 1 argument corruption → "duplicateShip" to corruptNavalAuthoritativeStateIsRejected(corruption:) started.
◇ Test case passing 1 argument corruption → "shipLand" to corruptNavalAuthoritativeStateIsRejected(corruption:) started.
◇ Test case passing 1 argument corruption → "shipSteps" to corruptNavalAuthoritativeStateIsRejected(corruption:) started.
◇ Test case passing 1 argument table → 3 to decodedCheckpointContinuesIdenticalTranscriptAndLedger(table:) started.
◇ Test case passing 1 argument corruption → "shipOwner" to corruptNavalAuthoritativeStateIsRejected(corruption:) started.
◇ Test case passing 1 argument table → 4 to decodedCheckpointContinuesIdenticalTranscriptAndLedger(table:) started.
◇ Test case passing 1 argument corruption → "stock" to corruptNavalAuthoritativeStateIsRejected(corruption:) started.
◇ Test case passing 1 argument corruption → "score" to corruptNavalAuthoritativeStateIsRejected(corruption:) started.
◇ Test case passing 1 argument field → "bank" to legacyProjectionDoesNotPermitOtherQueuedReplyCorruption(field:) started.
◇ Test case passing 1 argument corruption → "topology" to corruptNavalAuthoritativeStateIsRejected(corruption:) started.
◇ Test case passing 1 argument field → "handCounts" to legacyProjectionDoesNotPermitOtherQueuedReplyCorruption(field:) started.
◇ Test case passing 1 argument corruption → "choice" to corruptNavalAuthoritativeStateIsRejected(corruption:) started.
◇ Test case passing 1 argument field → "devCardCounts" to legacyProjectionDoesNotPermitOtherQueuedReplyCorruption(field:) started.
◇ Test case passing 1 argument corruption → "garrison" to corruptNavalAuthoritativeStateIsRejected(corruption:) started.
◇ Test case passing 1 argument field → "devCardDeckCount" to legacyProjectionDoesNotPermitOtherQueuedReplyCorruption(field:) started.
◇ Test case passing 1 argument corruption → "armyDeck" to corruptNavalAuthoritativeStateIsRejected(corruption:) started.
◇ Test case passing 1 argument field → "legalMoves" to legacyProjectionDoesNotPermitOtherQueuedReplyCorruption(field:) started.
◇ Test case passing 1 argument corruption → "armyHand" to corruptNavalAuthoritativeStateIsRejected(corruption:) started.
◇ Test case passing 1 argument field → "seat" to legacyProjectionDoesNotPermitOtherQueuedReplyCorruption(field:) started.
◇ Test case passing 1 argument field → "move" to legacyProjectionDoesNotPermitOtherQueuedReplyCorruption(field:) started.
◇ Test case passing 1 argument field → "evaluationIndex" to legacyProjectionDoesNotPermitOtherQueuedReplyCorruption(field:) started.
◇ Test case passing 1 argument field → "partialPorts" to legacyProjectionDoesNotPermitOtherQueuedReplyCorruption(field:) started.
✔ Test scaledFromBoardReproducesClassicOnAClassicSizedBoard() passed after 0.683 seconds.
◇ Test fundedRejectionAndUnfundedWillingnessNeverReduceTheHumansChance() started.
◇ Test coldPendingCheckpointResolvesIdenticallyAndOrdinaryResponseReplaysExactly() started.
✔ Test robberMoveCannotSkipAnEligibleVictim() passed after 0.697 seconds.
◇ Test competitorsReceiveMaskedNavalObservations() started.
◇ Test humanProposalsAndOrdinaryAutomatedQueueKeepTheirSelectedRecipient() started.
◇ Test alreadyQueuedReplyIsReusedAndReportedOnce() started.
✔ Test roadMustConnectToOwnNetwork() passed after 0.697 seconds.
◇ Test twoAcceptingRecipientsHaveEqualOddsInEveryHumanChair(playerCount:) started.
◇ Test threeAcceptingRecipientsAllParticipateWithoutChangingEngineRandomness() started.
✔ Test legalMovesOfferEachSingleCardAndTheCheapestWinningSet() passed after 0.697 seconds.
✔ Test buildingSettlementOnOpponentRoadRecomputesLongestRoadImmediately() passed after 0.699 seconds.
✔ Test buyingDevCardReportsTheExactCardDrawn(card:) with 5 test cases passed after 0.699 seconds.
✔ Test proposeTradeStopsBeingLegalAtTheTurnRetryLimit() passed after 0.708 seconds.
◇ Test bankDraftChecksEachResourcesOwnRateInACompoundTrade() started.
◇ Test historicalOverlappingDomesticTradesStillApplyAndReplay(_:) started.
◇ Test overlapPrecedesStableResourceOrderForBundleErrorsWithoutMutatingState() started.
◇ Test bankDraftNamesTheRequiredBundleAtThePlayersActualPortRate(_:) started.
◇ Test clearDraftConstraintsAreNotPermissionToCommit() started.
◇ Test sameResourceIsExcludedInEitherDraftMode(_:) started.
✔ Test theRejectionMessageNamesTheBankRatherThanThePlayersHand() passed after 0.718 seconds.
✔ Test expandedTerrainIsExactlyTwiceClassic() passed after 0.718 seconds.
✔ Test everyResourceGetsBankStockAndAFeatureSlot() passed after 0.718 seconds.
◇ Test sameResourceBankTradeIsRejectedWithoutMutation(rate:quantity:) started.
◇ Test emptyAndNonpositiveBankTradesAreRejectedWithoutMutation() started.
◇ Test disjointCompoundBankTradeStillAppliesAtEachResourcesRate(rate:) started.
◇ Test mixedBankTradesWithOverlapAreRejectedWithoutMutation(rate:) started.
◇ Test legacyNavalOneReplaysItsOriginalExactRevealUnderEveryEngineVersion(engineVersion:) started.
◇ Test unsupportedNavalVisionVersionsRemainRejected(version:) started.
◇ Test newGamesUseCornerVisionWithoutChangingOpeningMapOrEngineVersions() started.
◇ Test fogDisabledRetainsTheEntireWorldUnderEitherVisionRule(version:) started.
◇ Test aMissingNavalVersionAlwaysDecodesAsLegacyOneWithoutRefogging() started.
◇ Test coldCheckpointKeepsItsVisionRuleAndPreviouslyDiscoveredTiles(version:) started.
◇ Test versionOnePreservesNilVictimRobberHistory() started.
◇ Test versionOnePreservesNilVictimKnightHistory(beforeRoll:) started.
◇ Test versionOnePreservesPartialYearOfPlentyHistory() started.
◇ Test unsupportedRulesVersionCannotMutateAReplay() started.
◇ Test versionOneStillReplaysAnExplicitRobberVictimExactly() started.
◇ Test ordinaryMovesReplayUnderEverySupportedVersion(rulesVersion:) started.
◇ Test concealedTerrainAndPortsCannotChangeChartedHarbors() started.
◇ Test chartedPortNeedsAnOwnedBuildingAndPreservesActualBankRates(kind:) started.
◇ Test discoveringAnOverseasCoastChartsItsHarborWhileOtherHexesStayFogged() started.
◇ Test openingChartsHomeHarborsWithoutDiscoveringTheirSea(family:) started.
✔ Test aConquestGameShufflesTheFullClassicArmyDeck() passed after 0.729 seconds.
◇ Test firstPlacementAndRoadArePlayable(family:) started.
◇ Test mapFingerprintsRemainStableAcrossTestProcesses() started.
✔ Test buyingIsLimitedByDeckSize() passed after 0.734 seconds.
✔ Test everyPhaseWithASeatReportsIt() passed after 0.734 seconds.
✔ Test devCardStatusExplainsRequiredPlacementAndMissingRoadChoices() passed after 0.734 seconds.
✔ Test rollingSevenWithOverEightCardsRequiresDiscard() passed after 0.786 seconds.
◇ Test rejectsQueuedResponseWithoutActorPolicy() started.
✔ Test theDesertCannotBeDeployedTo() passed after 0.786 seconds.
◇ Test rejectsUnsupportedStateSchema(version:) started.
◇ Test acceptsCheckpointAtTurnBackstop() started.
◇ Test rejectsCurrentTurnSeatWithoutActions() started.
◇ Test rejectsActionsBeyondTurnBackstop(actions:) started.
◇ Test rejectsQueuedResponseWithoutPendingOffer() started.
◇ Test legitimateDecodedSnapshotsResume() started.
◇ Test rejectsInvalidCurrentTurnSeat(index:) started.
◇ Test rejectsCountersThatCannotAdvanceWithoutOverflow(field:) started.
◇ Test rejectsQueuedNonResponseMove() started.
◇ Test rejectsQueuedResponseToUnknownOffer() started.
◇ Test rejectsNegativeCounters(field:) started.
◇ Test rejectsChangedPolicyRosterAfterDecoding() started.
◇ Test rejectsInvalidQueuedResponseActor(index:) started.
◇ Test rejectsZeroEvaluationsWithQueuedDecision() started.
◇ Test rejectsQueuedEvaluationOutsideRecordedRange(index:) started.
◇ Test rejectsUnsupportedCheckpointVersion(version:) started.
◇ Test rejectsQueuedResponseFromProposer() started.
◇ Test rejectsInvalidPhasePlayerIndex(phase:index:) started.
◇ Test rejectsActionsWithoutACurrentTurnSeat() started.
◇ Test decodedRawInputMasksAndKeepsCounts(fog:flexible:) started.
◇ Test unobservedWorldAndFutureRandomnessDoNotChangeAnObservation() started.
◇ Test publicTranscriptHidesUninvolvedTheftIdentity() started.
◇ Test observationsMaskGeographyAndPrivateCardsWithoutLosingPublicCounts() started.
◇ Test responseOnlyInformationDoesNotExposePrivateComposition(fog:flexible:) started.
✔ Test expandedDeckIsExactlyTwiceClassic() passed after 0.806 seconds.
✔ Test aTribeHeldHexPaysEveryoneAsNormal() passed after 0.808 seconds.
✔ Test aTwelvePointGameDoesNotEndAtTen() passed after 0.813 seconds.
◇ Test terminalOfferDoesNotRequestAnotherDecision(restoration:) started.
◇ Test aLiveHumanOfferStillQueuesAndAppliesAPolicyResponse() started.
✔ Test theRobberBlocksAnOccupiedHexIncludingTheBonus() passed after 0.822 seconds.
✔ Test setupEndDealsEveryPlayerOnePlayableArmyCard() passed after 0.839 seconds.
✔ Test aStandardGameListsNoArmyMovesAndRefusesThem() passed after 0.851 seconds.
◇ Test case passing 1 argument fixture → EngineFairnessCase(mode: CatanEngine.GameMode.classic, variant: CatanEngine.GameVariant.standard, seat: 0) to knightWithoutAResourceHoldingNeighbourConsumesOneCardWithoutTheft(fixture:) started.
◇ Test case passing 1 argument fixture → EngineFairnessCase(mode: CatanEngine.GameMode.classic, variant: CatanEngine.GameVariant.standard, seat: 1) to knightWithoutAResourceHoldingNeighbourConsumesOneCardWithoutTheft(fixture:) started.
◇ Test case passing 1 argument fixture → EngineFairnessCase(mode: CatanEngine.GameMode.classic, variant: CatanEngine.GameVariant.standard, seat: 2) to knightWithoutAResourceHoldingNeighbourConsumesOneCardWithoutTheft(fixture:) started.
◇ Test case passing 1 argument mode → .classic to validHumanActionsBeyondAutomatedCapColdResume(mode:) started.
◇ Test case passing 1 argument fixture → EngineFairnessCase(mode: CatanEngine.GameMode.classic, variant: CatanEngine.GameVariant.standard, seat: 3) to knightWithoutAResourceHoldingNeighbourConsumesOneCardWithoutTheft(fixture:) started.
◇ Test case passing 1 argument mode → .naval to validHumanActionsBeyondAutomatedCapColdResume(mode:) started.
◇ Test case passing 1 argument fixture → EngineFairnessCase(mode: CatanEngine.GameMode.classic, variant: CatanEngine.GameVariant.conquest, seat: 0) to knightWithoutAResourceHoldingNeighbourConsumesOneCardWithoutTheft(fixture:) started.
◇ Test case passing 1 argument fixture → EngineFairnessCase(mode: CatanEngine.GameMode.classic, variant: CatanEngine.GameVariant.conquest, seat: 1) to knightWithoutAResourceHoldingNeighbourConsumesOneCardWithoutTheft(fixture:) started.
◇ Test case passing 1 argument fixture → EngineFairnessCase(mode: CatanEngine.GameMode.classic, variant: CatanEngine.GameVariant.conquest, seat: 2) to knightWithoutAResourceHoldingNeighbourConsumesOneCardWithoutTheft(fixture:) started.
◇ Test case passing 1 argument fixture → EngineFairnessCase(mode: CatanEngine.GameMode.classic, variant: CatanEngine.GameVariant.conquest, seat: 3) to knightWithoutAResourceHoldingNeighbourConsumesOneCardWithoutTheft(fixture:) started.
◇ Test case passing 1 argument fixture → EngineFairnessCase(mode: CatanEngine.GameMode.vast, variant: CatanEngine.GameVariant.standard, seat: 0) to knightWithoutAResourceHoldingNeighbourConsumesOneCardWithoutTheft(fixture:) started.
◇ Test case passing 1 argument fixture → EngineFairnessCase(mode: CatanEngine.GameMode.vast, variant: CatanEngine.GameVariant.standard, seat: 1) to knightWithoutAResourceHoldingNeighbourConsumesOneCardWithoutTheft(fixture:) started.
◇ Test case passing 1 argument fixture → EngineFairnessCase(mode: CatanEngine.GameMode.vast, variant: CatanEngine.GameVariant.standard, seat: 2) to knightWithoutAResourceHoldingNeighbourConsumesOneCardWithoutTheft(fixture:) started.
◇ Test case passing 1 argument fixture → EngineFairnessCase(mode: CatanEngine.GameMode.vast, variant: CatanEngine.GameVariant.standard, seat: 3) to knightWithoutAResourceHoldingNeighbourConsumesOneCardWithoutTheft(fixture:) started.
◇ Test case passing 1 argument fixture → EngineFairnessCase(mode: CatanEngine.GameMode.vast, variant: CatanEngine.GameVariant.conquest, seat: 0) to knightWithoutAResourceHoldingNeighbourConsumesOneCardWithoutTheft(fixture:) started.
✔ Test checkForWinnerIsNoOpOnceGameIsAlreadyOver() passed after 0.892 seconds.
◇ Test case passing 1 argument fixture → EngineFairnessCase(mode: CatanEngine.GameMode.vast, variant: CatanEngine.GameVariant.conquest, seat: 1) to knightWithoutAResourceHoldingNeighbourConsumesOneCardWithoutTheft(fixture:) started.
◇ Test case passing 1 argument fixture → EngineFairnessCase(mode: CatanEngine.GameMode.vast, variant: CatanEngine.GameVariant.conquest, seat: 2) to knightWithoutAResourceHoldingNeighbourConsumesOneCardWithoutTheft(fixture:) started.
◇ Test case passing 1 argument fixture → EngineFairnessCase(mode: CatanEngine.GameMode.vast, variant: CatanEngine.GameVariant.conquest, seat: 3) to knightWithoutAResourceHoldingNeighbourConsumesOneCardWithoutTheft(fixture:) started.
◇ Test case passing 1 argument fixture → EngineFairnessCase(mode: CatanEngine.GameMode.classic, variant: CatanEngine.GameVariant.standard, seat: 0) to monopolyTransfersOneResourceAndCannotBeReusedAfterResume(fixture:) started.
◇ Test case passing 1 argument fixture → EngineFairnessCase(mode: CatanEngine.GameMode.classic, variant: CatanEngine.GameVariant.standard, seat: 1) to monopolyTransfersOneResourceAndCannotBeReusedAfterResume(fixture:) started.
◇ Test case passing 1 argument fixture → EngineFairnessCase(mode: CatanEngine.GameMode.classic, variant: CatanEngine.GameVariant.standard, seat: 2) to monopolyTransfersOneResourceAndCannotBeReusedAfterResume(fixture:) started.
◇ Test previousPublicDiscoveriesStayVisibleAndRepeatedDiscoveryProducesNoEvent() started.
◇ Test shipVisionRetainsItsNineteenHexFootprintAndSixCardinalBoundaries(origin:) started.
◇ Test terrainDoesNotChangeTheCornerOriginOrDiscoveryEvents(rotation:landMask:) started.
◇ Test theCompleteCanonicalCornerIncludesSeaAndOffEnvelopeCoordinates() started.
◇ Test cornerFootprintIsCenteredSymmetricAndHasExactCutoff(rotation:origin:) started.
◇ Test case passing 1 argument fixture → EngineFairnessCase(mode: CatanEngine.GameMode.classic, variant: CatanEngine.GameVariant.standard, seat: 3) to monopolyTransfersOneResourceAndCannotBeReusedAfterResume(fixture:) started.
◇ Test case passing 1 argument fixture → EngineFairnessCase(mode: CatanEngine.GameMode.classic, variant: CatanEngine.GameVariant.conquest, seat: 0) to monopolyTransfersOneResourceAndCannotBeReusedAfterResume(fixture:) started.
◇ Test case passing 1 argument fixture → EngineFairnessCase(mode: CatanEngine.GameMode.classic, variant: CatanEngine.GameVariant.conquest, seat: 1) to monopolyTransfersOneResourceAndCannotBeReusedAfterResume(fixture:) started.
◇ Test case passing 1 argument fixture → EngineFairnessCase(mode: CatanEngine.GameMode.classic, variant: CatanEngine.GameVariant.conquest, seat: 2) to monopolyTransfersOneResourceAndCannotBeReusedAfterResume(fixture:) started.
◇ Test case passing 1 argument fixture → EngineFairnessCase(mode: CatanEngine.GameMode.classic, variant: CatanEngine.GameVariant.conquest, seat: 3) to monopolyTransfersOneResourceAndCannotBeReusedAfterResume(fixture:) started.
◇ Test case passing 1 argument fixture → EngineFairnessCase(mode: CatanEngine.GameMode.classic, variant: CatanEngine.GameVariant.standard, seat: 0) to aSecondMatureMonopolyNeedsAnotherTurnAndAZeroGainStillConsumes(fixture:) started.
◇ Test case passing 1 argument fixture → EngineFairnessCase(mode: CatanEngine.GameMode.vast, variant: CatanEngine.GameVariant.standard, seat: 0) to monopolyTransfersOneResourceAndCannotBeReusedAfterResume(fixture:) started.
◇ Test case passing 1 argument fixture → EngineFairnessCase(mode: CatanEngine.GameMode.classic, variant: CatanEngine.GameVariant.standard, seat: 1) to aSecondMatureMonopolyNeedsAnotherTurnAndAZeroGainStillConsumes(fixture:) started.
◇ Test case passing 1 argument fixture → EngineFairnessCase(mode: CatanEngine.GameMode.vast, variant: CatanEngine.GameVariant.standard, seat: 1) to monopolyTransfersOneResourceAndCannotBeReusedAfterResume(fixture:) started.
◇ Test case passing 1 argument fixture → EngineFairnessCase(mode: CatanEngine.GameMode.classic, variant: CatanEngine.GameVariant.standard, seat: 2) to aSecondMatureMonopolyNeedsAnotherTurnAndAZeroGainStillConsumes(fixture:) started.
◇ Test case passing 1 argument fixture → EngineFairnessCase(mode: CatanEngine.GameMode.vast, variant: CatanEngine.GameVariant.standard, seat: 2) to monopolyTransfersOneResourceAndCannotBeReusedAfterResume(fixture:) started.
◇ Test case passing 1 argument fixture → EngineFairnessCase(mode: CatanEngine.GameMode.classic, variant: CatanEngine.GameVariant.standard, seat: 3) to aSecondMatureMonopolyNeedsAnotherTurnAndAZeroGainStillConsumes(fixture:) started.
✔ Test startingBankIsUniformAcrossEveryResource() passed after 0.959 seconds.
◇ Test case passing 1 argument fixture → EngineFairnessCase(mode: CatanEngine.GameMode.vast, variant: CatanEngine.GameVariant.standard, seat: 3) to monopolyTransfersOneResourceAndCannotBeReusedAfterResume(fixture:) started.
◇ Test case passing 1 argument fixture → EngineFairnessCase(mode: CatanEngine.GameMode.classic, variant: CatanEngine.GameVariant.conquest, seat: 0) to aSecondMatureMonopolyNeedsAnotherTurnAndAZeroGainStillConsumes(fixture:) started.
◇ Test case passing 1 argument fixture → EngineFairnessCase(mode: CatanEngine.GameMode.vast, variant: CatanEngine.GameVariant.conquest, seat: 0) to monopolyTransfersOneResourceAndCannotBeReusedAfterResume(fixture:) started.
◇ Test case passing 1 argument fixture → EngineFairnessCase(mode: CatanEngine.GameMode.classic, variant: CatanEngine.GameVariant.conquest, seat: 1) to aSecondMatureMonopolyNeedsAnotherTurnAndAZeroGainStillConsumes(fixture:) started.
◇ Test case passing 1 argument fixture → EngineFairnessCase(mode: CatanEngine.GameMode.vast, variant: CatanEngine.GameVariant.conquest, seat: 1) to monopolyTransfersOneResourceAndCannotBeReusedAfterResume(fixture:) started.
✔ Test tieKeepsCurrentHolder() passed after 0.977 seconds.
◇ Test case passing 1 argument fixture → EngineFairnessCase(mode: CatanEngine.GameMode.classic, variant: CatanEngine.GameVariant.conquest, seat: 2) to aSecondMatureMonopolyNeedsAnotherTurnAndAZeroGainStillConsumes(fixture:) started.
◇ Test case passing 1 argument fixture → EngineFairnessCase(mode: CatanEngine.GameMode.vast, variant: CatanEngine.GameVariant.conquest, seat: 2) to monopolyTransfersOneResourceAndCannotBeReusedAfterResume(fixture:) started.
◇ Test case passing 1 argument fixture → EngineFairnessCase(mode: CatanEngine.GameMode.classic, variant: CatanEngine.GameVariant.conquest, seat: 3) to aSecondMatureMonopolyNeedsAnotherTurnAndAZeroGainStillConsumes(fixture:) started.
◇ Test case passing 1 argument fixture → EngineFairnessCase(mode: CatanEngine.GameMode.vast, variant: CatanEngine.GameVariant.conquest, seat: 3) to monopolyTransfersOneResourceAndCannotBeReusedAfterResume(fixture:) started.
◇ Test case passing 1 argument fixture → EngineFairnessCase(mode: CatanEngine.GameMode.vast, variant: CatanEngine.GameVariant.standard, seat: 0) to aSecondMatureMonopolyNeedsAnotherTurnAndAZeroGainStillConsumes(fixture:) started.
◇ Test case passing 1 argument fixture → EngineFairnessCase(mode: CatanEngine.GameMode.vast, variant: CatanEngine.GameVariant.standard, seat: 1) to aSecondMatureMonopolyNeedsAnotherTurnAndAZeroGainStillConsumes(fixture:) started.
◇ Test case passing 1 argument version → 1 to legacyDuplicateOffersStillReplayUnderRecordedRules(version:) started.
◇ Test case passing 1 argument fixture → EngineFairnessCase(mode: CatanEngine.GameMode.vast, variant: CatanEngine.GameVariant.standard, seat: 2) to aSecondMatureMonopolyNeedsAnotherTurnAndAZeroGainStillConsumes(fixture:) started.
◇ Test case passing 1 argument version → 2 to legacyDuplicateOffersStillReplayUnderRecordedRules(version:) started.
◇ Test case passing 1 argument fixture → EngineFairnessCase(mode: CatanEngine.GameMode.vast, variant: CatanEngine.GameVariant.standard, seat: 3) to aSecondMatureMonopolyNeedsAnotherTurnAndAZeroGainStillConsumes(fixture:) started.
◇ Test case passing 1 argument fixture → EngineFairnessCase(mode: CatanEngine.GameMode.vast, variant: CatanEngine.GameVariant.conquest, seat: 0) to aSecondMatureMonopolyNeedsAnotherTurnAndAZeroGainStillConsumes(fixture:) started.
◇ Test case passing 1 argument fixture → EngineFairnessCase(mode: CatanEngine.GameMode.classic, variant: CatanEngine.GameVariant.standard, seat: 0) to knightTakesExactlyOneCardFromOnlyTheChosenVictim(fixture:) started.
◇ Test case passing 1 argument fixture → EngineFairnessCase(mode: CatanEngine.GameMode.vast, variant: CatanEngine.GameVariant.conquest, seat: 1) to aSecondMatureMonopolyNeedsAnotherTurnAndAZeroGainStillConsumes(fixture:) started.
◇ Test case passing 1 argument fixture → EngineFairnessCase(mode: CatanEngine.GameMode.classic, variant: CatanEngine.GameVariant.standard, seat: 1) to knightTakesExactlyOneCardFromOnlyTheChosenVictim(fixture:) started.
◇ Test case passing 1 argument fixture → EngineFairnessCase(mode: CatanEngine.GameMode.vast, variant: CatanEngine.GameVariant.conquest, seat: 2) to aSecondMatureMonopolyNeedsAnotherTurnAndAZeroGainStillConsumes(fixture:) started.
◇ Test case passing 1 argument fixture → EngineFairnessCase(mode: CatanEngine.GameMode.classic, variant: CatanEngine.GameVariant.standard, seat: 2) to knightTakesExactlyOneCardFromOnlyTheChosenVictim(fixture:) started.
◇ Test case passing 1 argument fixture → EngineFairnessCase(mode: CatanEngine.GameMode.vast, variant: CatanEngine.GameVariant.conquest, seat: 3) to aSecondMatureMonopolyNeedsAnotherTurnAndAZeroGainStillConsumes(fixture:) started.
◇ Test case passing 1 argument fixture → EngineFairnessCase(mode: CatanEngine.GameMode.classic, variant: CatanEngine.GameVariant.standard, seat: 3) to knightTakesExactlyOneCardFromOnlyTheChosenVictim(fixture:) started.
✔ Test yearOfPlentyEnumeratesOnlyPairsTheBankCanSupply() passed after 1.123 seconds.
◇ Test humanAndBotsWithDifferentPolicyDrawCountsGetIdenticalDice(fixture:) started.
◇ Test case passing 1 argument fixture → EngineFairnessCase(mode: CatanEngine.GameMode.classic, variant: CatanEngine.GameVariant.standard, seat: 0) to olderCopyCanBePlayedButNewCopyWaitsUntilNextTurn(fixture:) started.
◇ Test case passing 1 argument fixture → EngineFairnessCase(mode: CatanEngine.GameMode.classic, variant: CatanEngine.GameVariant.conquest, seat: 0) to knightTakesExactlyOneCardFromOnlyTheChosenVictim(fixture:) started.
◇ Test diceMatchTwoUnweightedDrawsRegardlessOfSeatOrHand(fixture:) started.
◇ Test anUnauthorizedRollCannotAdvanceTheRandomSequence(fixture:) started.
◇ Test choosingAMoveDoesNotAdvanceEngineDiceAndResumePreservesThem(fixture:) started.
◇ Test case passing 1 argument fixture → EngineFairnessCase(mode: CatanEngine.GameMode.classic, variant: CatanEngine.GameVariant.standard, seat: 1) to olderCopyCanBePlayedButNewCopyWaitsUntilNextTurn(fixture:) started.
◇ Test case passing 1 argument fixture → EngineFairnessCase(mode: CatanEngine.GameMode.classic, variant: CatanEngine.GameVariant.conquest, seat: 1) to knightTakesExactlyOneCardFromOnlyTheChosenVictim(fixture:) started.
◇ Test case passing 1 argument fixture → EngineFairnessCase(mode: CatanEngine.GameMode.classic, variant: CatanEngine.GameVariant.conquest, seat: 2) to knightTakesExactlyOneCardFromOnlyTheChosenVictim(fixture:) started.
◇ Test case passing 1 argument fixture → EngineFairnessCase(mode: CatanEngine.GameMode.classic, variant: CatanEngine.GameVariant.standard, seat: 2) to olderCopyCanBePlayedButNewCopyWaitsUntilNextTurn(fixture:) started.
◇ Test case passing 1 argument fixture → EngineFairnessCase(mode: CatanEngine.GameMode.classic, variant: CatanEngine.GameVariant.conquest, seat: 3) to knightTakesExactlyOneCardFromOnlyTheChosenVictim(fixture:) started.
◇ Test case passing 1 argument fixture → EngineFairnessCase(mode: CatanEngine.GameMode.classic, variant: CatanEngine.GameVariant.standard, seat: 3) to olderCopyCanBePlayedButNewCopyWaitsUntilNextTurn(fixture:) started.
◇ Test case passing 1 argument fixture → EngineFairnessCase(mode: CatanEngine.GameMode.vast, variant: CatanEngine.GameVariant.standard, seat: 0) to knightTakesExactlyOneCardFromOnlyTheChosenVictim(fixture:) started.
◇ Test case passing 1 argument fixture → EngineFairnessCase(mode: CatanEngine.GameMode.classic, variant: CatanEngine.GameVariant.conquest, seat: 0) to olderCopyCanBePlayedButNewCopyWaitsUntilNextTurn(fixture:) started.
◇ Test case passing 1 argument fixture → EngineFairnessCase(mode: CatanEngine.GameMode.vast, variant: CatanEngine.GameVariant.standard, seat: 1) to knightTakesExactlyOneCardFromOnlyTheChosenVictim(fixture:) started.
◇ Test case passing 1 argument fixture → EngineFairnessCase(mode: CatanEngine.GameMode.classic, variant: CatanEngine.GameVariant.conquest, seat: 1) to olderCopyCanBePlayedButNewCopyWaitsUntilNextTurn(fixture:) started.
◇ Test case passing 1 argument fixture → EngineFairnessCase(mode: CatanEngine.GameMode.vast, variant: CatanEngine.GameVariant.standard, seat: 2) to knightTakesExactlyOneCardFromOnlyTheChosenVictim(fixture:) started.
◇ Test case passing 1 argument fixture → EngineFairnessCase(mode: CatanEngine.GameMode.classic, variant: CatanEngine.GameVariant.standard, seat: 0) to invalidKnightVictimCannotConsumeOrPartiallyApply(fixture:) started.
◇ Test case passing 1 argument fixture → EngineFairnessCase(mode: CatanEngine.GameMode.classic, variant: CatanEngine.GameVariant.conquest, seat: 2) to olderCopyCanBePlayedButNewCopyWaitsUntilNextTurn(fixture:) started.
◇ Test case passing 1 argument fixture → EngineFairnessCase(mode: CatanEngine.GameMode.vast, variant: CatanEngine.GameVariant.standard, seat: 3) to knightTakesExactlyOneCardFromOnlyTheChosenVictim(fixture:) started.
◇ Test case passing 1 argument fixture → EngineFairnessCase(mode: CatanEngine.GameMode.classic, variant: CatanEngine.GameVariant.standard, seat: 1) to invalidKnightVictimCannotConsumeOrPartiallyApply(fixture:) started.
◇ Test case passing 1 argument fixture → EngineFairnessCase(mode: CatanEngine.GameMode.classic, variant: CatanEngine.GameVariant.conquest, seat: 3) to olderCopyCanBePlayedButNewCopyWaitsUntilNextTurn(fixture:) started.
◇ Test case passing 1 argument fixture → EngineFairnessCase(mode: CatanEngine.GameMode.vast, variant: CatanEngine.GameVariant.conquest, seat: 0) to knightTakesExactlyOneCardFromOnlyTheChosenVictim(fixture:) started.
◇ Test case passing 1 argument fixture → EngineFairnessCase(mode: CatanEngine.GameMode.classic, variant: CatanEngine.GameVariant.standard, seat: 2) to invalidKnightVictimCannotConsumeOrPartiallyApply(fixture:) started.
◇ Test case passing 1 argument fixture → EngineFairnessCase(mode: CatanEngine.GameMode.vast, variant: CatanEngine.GameVariant.standard, seat: 0) to olderCopyCanBePlayedButNewCopyWaitsUntilNextTurn(fixture:) started.
◇ Test case passing 1 argument fixture → EngineFairnessCase(mode: CatanEngine.GameMode.vast, variant: CatanEngine.GameVariant.conquest, seat: 1) to knightTakesExactlyOneCardFromOnlyTheChosenVictim(fixture:) started.
◇ Test case passing 1 argument fixture → EngineFairnessCase(mode: CatanEngine.GameMode.classic, variant: CatanEngine.GameVariant.standard, seat: 3) to invalidKnightVictimCannotConsumeOrPartiallyApply(fixture:) started.
◇ Test case passing 1 argument fixture → EngineFairnessCase(mode: CatanEngine.GameMode.vast, variant: CatanEngine.GameVariant.conquest, seat: 2) to knightTakesExactlyOneCardFromOnlyTheChosenVictim(fixture:) started.
◇ Test case passing 1 argument fixture → EngineFairnessCase(mode: CatanEngine.GameMode.vast, variant: CatanEngine.GameVariant.standard, seat: 1) to olderCopyCanBePlayedButNewCopyWaitsUntilNextTurn(fixture:) started.
◇ Test case passing 1 argument fixture → EngineFairnessCase(mode: CatanEngine.GameMode.classic, variant: CatanEngine.GameVariant.conquest, seat: 0) to invalidKnightVictimCannotConsumeOrPartiallyApply(fixture:) started.
◇ Test case passing 1 argument fixture → EngineFairnessCase(mode: CatanEngine.GameMode.vast, variant: CatanEngine.GameVariant.conquest, seat: 3) to knightTakesExactlyOneCardFromOnlyTheChosenVictim(fixture:) started.
◇ Test case passing 1 argument fixture → EngineFairnessCase(mode: CatanEngine.GameMode.vast, variant: CatanEngine.GameVariant.standard, seat: 2) to olderCopyCanBePlayedButNewCopyWaitsUntilNextTurn(fixture:) started.
◇ Test case passing 1 argument fixture → EngineFairnessCase(mode: CatanEngine.GameMode.classic, variant: CatanEngine.GameVariant.conquest, seat: 1) to invalidKnightVictimCannotConsumeOrPartiallyApply(fixture:) started.
◇ Test case passing 1 argument fixture → EngineFairnessCase(mode: CatanEngine.GameMode.vast, variant: CatanEngine.GameVariant.standard, seat: 3) to olderCopyCanBePlayedButNewCopyWaitsUntilNextTurn(fixture:) started.
◇ Test case passing 1 argument fixture → EngineFairnessCase(mode: CatanEngine.GameMode.classic, variant: CatanEngine.GameVariant.conquest, seat: 2) to invalidKnightVictimCannotConsumeOrPartiallyApply(fixture:) started.
◇ Test case passing 1 argument fixture → EngineFairnessCase(mode: CatanEngine.GameMode.vast, variant: CatanEngine.GameVariant.conquest, seat: 0) to olderCopyCanBePlayedButNewCopyWaitsUntilNextTurn(fixture:) started.
✔ Test winningWithAnOpenTradeEndsAutomatedNegotiation() passed after 1.297 seconds.
◇ Test case passing 1 argument fixture → EngineFairnessCase(mode: CatanEngine.GameMode.classic, variant: CatanEngine.GameVariant.conquest, seat: 3) to invalidKnightVictimCannotConsumeOrPartiallyApply(fixture:) started.
◇ Test case passing 1 argument fixture → EngineFairnessCase(mode: CatanEngine.GameMode.vast, variant: CatanEngine.GameVariant.conquest, seat: 1) to olderCopyCanBePlayedButNewCopyWaitsUntilNextTurn(fixture:) started.
◇ Test case passing 1 argument fixture → EngineFairnessCase(mode: CatanEngine.GameMode.vast, variant: CatanEngine.GameVariant.conquest, seat: 2) to olderCopyCanBePlayedButNewCopyWaitsUntilNextTurn(fixture:) started.
◇ Test case passing 1 argument fixture → EngineFairnessCase(mode: CatanEngine.GameMode.vast, variant: CatanEngine.GameVariant.standard, seat: 0) to invalidKnightVictimCannotConsumeOrPartiallyApply(fixture:) started.
◇ Test case passing 1 argument fixture → EngineFairnessCase(mode: CatanEngine.GameMode.vast, variant: CatanEngine.GameVariant.conquest, seat: 3) to olderCopyCanBePlayedButNewCopyWaitsUntilNextTurn(fixture:) started.
◇ Test case passing 1 argument fixture → EngineFairnessCase(mode: CatanEngine.GameMode.vast, variant: CatanEngine.GameVariant.standard, seat: 1) to invalidKnightVictimCannotConsumeOrPartiallyApply(fixture:) started.
◇ Test case passing 1 argument fixture → EngineFairnessCase(mode: CatanEngine.GameMode.vast, variant: CatanEngine.GameVariant.standard, seat: 2) to invalidKnightVictimCannotConsumeOrPartiallyApply(fixture:) started.
◇ Test case passing 1 argument fixture → EngineFairnessCase(mode: CatanEngine.GameMode.vast, variant: CatanEngine.GameVariant.standard, seat: 3) to invalidKnightVictimCannotConsumeOrPartiallyApply(fixture:) started.
◇ Test case passing 1 argument fixture → EngineFairnessCase(mode: CatanEngine.GameMode.vast, variant: CatanEngine.GameVariant.conquest, seat: 0) to invalidKnightVictimCannotConsumeOrPartiallyApply(fixture:) started.
◇ Test case passing 1 argument fixture → EngineFairnessCase(mode: CatanEngine.GameMode.vast, variant: CatanEngine.GameVariant.conquest, seat: 1) to invalidKnightVictimCannotConsumeOrPartiallyApply(fixture:) started.
◇ Test validationRetainsThreeRemainingOnlyForLegacyMatches(version:) started.
◇ Test case passing 1 argument fixture → EngineFairnessCase(mode: CatanEngine.GameMode.vast, variant: CatanEngine.GameVariant.conquest, seat: 2) to invalidKnightVictimCannotConsumeOrPartiallyApply(fixture:) started.
◇ Test invalidDestinationsLeaveMovementFogAndRandomnessUnchanged(target:) started.
◇ Test geometricRangeCannotCrossKnownLand() started.
◇ Test case passing 1 argument fixture → EngineFairnessCase(mode: CatanEngine.GameMode.vast, variant: CatanEngine.GameVariant.conquest, seat: 3) to invalidKnightVictimCannotConsumeOrPartiallyApply(fixture:) started.
◇ Test savedAllowanceSurvivesPurchaseSailingCaptureAndTurnRefresh(version:) started.
◇ Test aCommittedTwoHexVoyageSurvivesColdCheckpointAndContinuesExactly() started.
◇ Test concealedKindsCannotChangeRecomputedRoutesMasksOrObservations() started.
◇ Test legacySailingReplaysThreeOriginalAdjacentActions(version:) started.
◇ Test oneHexVoyageRetainsOneHexAndCannotThenReachTwo() started.
◇ Test twoHexVoyageUsesCanonicalRouteAndRevealsIntermediateSight() started.
◇ Test theBoardIsSixtyOneTilesWithThreeDeserts() started.
◇ Test theBoardHasOneHundredFiftyVertices() started.
◇ Test brickAndOreStayScarcerThanTheOtherThree() started.
◇ Test thePieceLimitsAloneCanReachTheTarget() started.
◇ Test thePortsCoverThreeGenericsPerFiveAndEveryResourceTwice() started.
◇ Test boardsAreDeterministicForOneSeed() started.
◇ Test theRulesetIsPlayable() started.
◇ Test theDeckIsNotRequiredToReachTheTarget() started.
✔ Test occupierBonusRespectsBankShortage() passed after 1.430 seconds.
◇ Test theTokenSpreadIsSymmetricAboutSeven() started.
✔ Test aConquestGameStartsWithEveryProducingHexHeldByATribeAtItsPipCount() passed after 1.430 seconds.
✔ Test anExactlyEqualAttackLeavesTheHexUnoccupied() passed after 1.431 seconds.
✔ Test anExpandedSaveRoundTripsWithItsModeAndTarget() passed after 1.434 seconds.
◇ Test requiredRobberyAndDiscardHaveControllerParity(fixture:) started.
◇ Test humanAndPolicyApplyTheSameLegalCardMoves(fixture:) started.
◇ Test wrongSeatCannotPlayAndNeitherCommitPathMutates(fixture:) started.
✔ Test expandedRandomizedBoardIsReproducibleFromItsSeed() passed after 1.438 seconds.
✔ Test anyThreePriceIsUnaffordableWithTwoCards() passed after 1.441 seconds.
◇ Test case passing 1 argument corruption → "maximum" to impossibleChoiceObligationsAreRejected(corruption:) started.
◇ Test case passing 1 argument corruption → "overYield" to impossibleChoiceObligationsAreRejected(corruption:) started.
◇ Test case passing 1 argument corruption → "wrongRoll" to impossibleChoiceObligationsAreRejected(corruption:) started.
◇ Test case passing 1 argument corruption → "captureFlag" to impossibleChoiceObligationsAreRejected(corruption:) started.
◇ Test case passing 1 argument corruption → "missingLater" to impossibleChoiceObligationsAreRejected(corruption:) started.
◇ Test case passing 1 argument corruption → "reordered" to impossibleChoiceObligationsAreRejected(corruption:) started.
◇ Test case passing 1 argument corruption → "partialLater" to impossibleChoiceObligationsAreRejected(corruption:) started.
◇ Test case passing 1 argument corruption → "emptyBank" to impossibleChoiceObligationsAreRejected(corruption:) started.
◇ Test case passing 1 argument corruption → "wrongPhaseSeat" to impossibleChoiceObligationsAreRejected(corruption:) started.
◇ Test togglesPreserveWorldAndRandomStream(family:) started.
◇ Test seededWorldStudy(family:) started.
◇ Test sameFamilyFallbackIsValidForEitherProductionOption(family:) started.
✔ Test everyActiveDevCardIsOfferedBeforeRolling() passed after 1.958 seconds.
✔ Test deckBuildOrderRanksArePreservedAndDistinct() passed after 1.960 seconds.
✔ Test vastDoublesTheArmyDeck() passed after 1.960 seconds.
◇ Test shipsPayExactCostSailAndRefresh(table:) started.
◇ Test shipsCannotTeleportCrossLandOrMoveForAnotherSeat() started.
◇ Test stockBelongsToBuilderAndSeaHexesAllowStacking() started.
◇ Test captureIsGlobalOptionalAndLastsUntilRecapture() started.
◇ Test landingRequiresSettlementBeforeRoadAndScoresDistinctIslands() started.
◇ Test aFirstColonyBonusCanCompleteTheFourteenPointWin() started.
✔ Test buildRoadDeductsCostAndReturnsResourcesToBank() passed after 1.972 seconds.
✔ Test expandedRulesetMatchesTheSpec() passed after 1.971 seconds.
✔ Test devCardStatusExplainsTurnLimitAndMissingCard() passed after 1.972 seconds.
◇ Test proposeAndAcceptTradeSwapsCardsBetweenPlayers() started.
◇ Test bankTradeRejectsNegativeGetAmount() started.
◇ Test rulesEngineAllowsNonActivePlayerToRespondToTrade() started.
◇ Test acceptFailsIfProposerNoLongerHoldsGiveCards() started.
◇ Test respondRejectsWhenResponderIsProposer() started.
◇ Test endTurnClearsDeclinedTradeHistory() started.
◇ Test proposeAndRejectLeavesResourcesUntouched() started.
◇ Test legalMovesExcludesAcceptWhenProposerNoLongerAffordsGiveCards() started.
◇ Test rulesEngineAppliesProposeTrade() started.
◇ Test bankTradeRejectedWhenRatioWrong() started.
◇ Test bankTradeRejectsNegativeGiveAmount() started.
◇ Test rulesEngineStillRejectsUnrelatedOutOfTurnMoves() started.
◇ Test decliningATradeRecordsItAgainstTheProposer() started.
◇ Test legalMovesIncludeGiveCountsUpToTheGenerousCeiling() started.
◇ Test twoToOneBankTradeWithMatchingResourcePort() started.
◇ Test bankTradeRejectedWhenBankLacksResource() started.
◇ Test threeToOneBankTradeWithGenericPort() started.
◇ Test endTurnClearsTradesAcceptedThisTurn() started.
◇ Test acceptingATradeIncrementsTheProposersAcceptedCountAndRejectingDoesNot() started.
◇ Test fourToOneBankTradeWithNoPort() started.
◇ Test proposeTradeFailsIfProposerLacksGiveCards() started.
◇ Test rulesEngineAppliesBankTrade() started.
◇ Test acceptFailsIfResponderLacksWantedCards() started.
◇ Test legalMovesIncludesAcceptWhenBothSidesCanAfford() started.
◇ Test rulesEngineProposeTradeRejectsWrongProposer() started.
◇ Test proposeTradeRejectsNegativeAmounts() started.
◇ Test legalMovesExcludesAcceptWhenResponderCannotAffordWantedCards() started.
✔ Test victoryPointsMatchesGameStateComputation() passed after 1.973 seconds.
✔ Test identifiersDoNotShareLongPrefixes() passed after 1.973 seconds.
✔ Test fiveConnectedRoadsGrantsLongestRoad() passed after 1.973 seconds.
✔ Test aSaveWithAnInvalidTargetIsRejectedAsCorrupt() passed after 1.973 seconds.
◇ Test case passing 1 argument kind → "settlement" to producingBuildingsRemainDistinct(kind:) started.
◇ Test case passing 1 argument kind → "city" to producingBuildingsRemainDistinct(kind:) started.
◇ Test case passing 1 argument kind → "twoSettlements" to producingBuildingsRemainDistinct(kind:) started.
◇ Test case passing 1 argument kind → "mixed" to producingBuildingsRemainDistinct(kind:) started.
◇ Test aFloorSpentToZeroLeavesNoEntryBehind() started.
◇ Test theEncodedLedgerIsOrderedBySeat() started.
◇ Test aRollPayoutIsCountedExactly() started.
◇ Test equalLedgersEncodeIdentically() started.
◇ Test aStealLeavesTheVictimsCompositionUncertainButTheCountExact() started.
◇ Test aKnightStealIsMaskedTheSameWay() started.
◇ Test everyEventCarryingAPrivateDetailIsMaskedForABystander() started.
◇ Test aLedgerEqualsItselfAfterARoundTrip() started.
◇ Test monopolyEmptiesEveryOtherHandOfThatResource() started.
◇ Test theObserverAlwaysKnowsItsOwnHandExactly() started.
◇ Test aBuildSpendsExactlyWhatItCosts() started.
◇ Test aStealHidesTheResourceFromEveryoneButThiefAndVictim() started.
◇ Test theKnownFloorNeverExceedsTheTruth() started.
✔ Test yearOfPlentyRejectsAnUnavailablePairWithoutConsumingTheCard() passed after 2.399 seconds.
✔ Test onlyOneDevCardMayBePlayedPerTurn() passed after 2.399 seconds.
✔ Test engineNameIsSet() passed after 2.413 seconds.
◇ Test case passing 1 argument external → false to monopolySurvivesCheckpointRoundTrip(external:) started.
◇ Test case passing 1 argument external → true to monopolySurvivesCheckpointRoundTrip(external:) started.
✔ Test anUnsupportedTableSizeIsRefusedAtConstruction() passed after 2.430 seconds.
◇ Test case passing 1 argument oreCount → 0 to positionOnlyZeroHoldingsSurviveCheckpointRoundTrip(oreCount:) started.
◇ Test case passing 1 argument oreCount → 2 to positionOnlyZeroHoldingsSurviveCheckpointRoundTrip(oreCount:) started.
✔ Test buyingDevCardDeductsCostAndDraws() passed after 2.438 seconds.
✔ Test onlyMainTurnCountsAsAPlayableTurnForThatSeat() passed after 2.437 seconds.
✔ Test expandedTokenMultisetIsExactlyTwiceClassic() passed after 2.438 seconds.
✔ Test roadCannotExtendThroughAnOpponentsSettlement() passed after 2.438 seconds.
✔ Test aThreeSeatGameCompletesSetupAcrossExactlyThreeSeats() passed after 2.439 seconds.
✔ Test tenVictoryPointsEndsGame() passed after 2.438 seconds.
✔ Test aPlayerAtTheRoadLimitHasNoLegalRoadToBuild() passed after 2.438 seconds.
✔ Test aCoherentTerminalTradeQueueCannotReviveTheGame() passed after 2.438 seconds.
✔ Test boardHas9Ports() passed after 2.437 seconds.
✔ Test yearOfPlentyRequiresTwoCardsTheBankCanSupply() passed after 2.437 seconds.
✔ Test expandedBoardHasThirtySevenTilesAndOneDesert() passed after 2.438 seconds.
✔ Test monopolyReportsHowManyCardsItSweptUp() passed after 2.437 seconds.
✔ Test discardingHalfRoundedDownResolvesPhase() passed after 2.437 seconds.
✔ Test cityProducesTwoResourcesOnMatchingRoll() passed after 2.437 seconds.
✔ Test movingRobberCanStealFromAdjacentPlayer() passed after 2.437 seconds.
✔ Test expandedBonusesAreWorthFourPointsInBothFormulas() passed after 2.437 seconds.
✔ Test aLegalBankTradeReportsNoProblemAndApplies() passed after 2.437 seconds.
✔ Test scaledFromBoardOnAMuchLargerBoardRoundsDownWhenTheFractionIsBelowHalf() passed after 2.436 seconds.
✔ Test buildingReportsWhatWasBuilt() passed after 2.437 seconds.
✔ Test replacingTheStateResetsTurnBookkeeping() passed after 2.437 seconds.
✔ Test aTokenCountThatMissesTheProducingTilesIsRejected() passed after 2.436 seconds.
✔ Test vertexCanonicalizationIsConsistentAcrossSharedTiles() passed after 2.436 seconds.
✔ Test playingKnightMovesRobberAndConsumesCard() passed after 2.436 seconds.
✔ Test phasesNoSingleSeatOwnsReportNobody() passed after 2.436 seconds.
✔ Test anExternalMoveAdvancesTheSameGame() passed after 2.449 seconds.
✔ Test randomizedTerminatesForAFeasibleCountedShape() passed after 2.449 seconds.
✔ Test buildCityUpgradesSettlementAndDeductsCost() passed after 2.450 seconds.
✔ Test serializedSessionKeepsTheAlreadySampledTradeResponse() passed after 2.452 seconds.
✔ Test aClassicSaveCarryingAnExpandedTargetIsRefused() passed after 2.451 seconds.
◇ Test case passing 1 argument version → 1 to resumedSetupOffersInlandSitesWithoutChangingSavedVision(version:) started.
◇ Test case passing 1 argument version → 2 to resumedSetupOffersInlandSitesWithoutChangingSavedVision(version:) started.
✔ Test settlementRespectsDistanceRuleAndRoadConnection() passed after 2.494 seconds.
◇ Test case passing 2 arguments family → .archipelago, count → 3 to bothOpeningSettlementsCanBeInland(family:count:) started.
◇ Test case passing 2 arguments family → .archipelago, count → 4 to bothOpeningSettlementsCanBeInland(family:count:) started.
✔ Test aSaveWithoutATargetLoadsAndPlaysToTen() passed after 2.579 seconds.
◇ Test case passing 2 arguments family → .peninsula, count → 3 to bothOpeningSettlementsCanBeInland(family:count:) started.
◇ Test case passing 2 arguments family → .peninsula, count → 4 to bothOpeningSettlementsCanBeInland(family:count:) started.
◇ Test case passing 2 arguments family → .twinIslands, count → 3 to bothOpeningSettlementsCanBeInland(family:count:) started.
◇ Test case passing 2 arguments family → .twinIslands, count → 4 to bothOpeningSettlementsCanBeInland(family:count:) started.
✔ Test roadBuildingThrowsIfEitherEdgeIsIllegal() passed after 2.747 seconds.
◇ Test case passing 2 arguments family → .archipelago, fog → false to inlandOpeningIsLegalWithEitherFogSetting(family:fog:) started.
◇ Test case passing 2 arguments family → .archipelago, fog → true to inlandOpeningIsLegalWithEitherFogSetting(family:fog:) started.
◇ Test case passing 2 arguments family → .peninsula, fog → false to inlandOpeningIsLegalWithEitherFogSetting(family:fog:) started.
◇ Test case passing 2 arguments family → .peninsula, fog → true to inlandOpeningIsLegalWithEitherFogSetting(family:fog:) started.
◇ Test case passing 2 arguments family → .twinIslands, fog → false to inlandOpeningIsLegalWithEitherFogSetting(family:fog:) started.
◇ Test case passing 2 arguments family → .twinIslands, fog → true to inlandOpeningIsLegalWithEitherFogSetting(family:fog:) started.
✔ Test theGameEndsAtItsOwnTarget() passed after 2.896 seconds.
✔ Test branchingNetworkScoresOnlyLongestSimplePath() passed after 2.894 seconds.
✔ Test discardingOffersOnlyTheActingSeatsOwnCombinations() passed after 2.894 seconds.
✔ Test classicShapeReproducesTheStandardBoardExactly() passed after 2.894 seconds.
✔ Test belowTenVictoryPointsDoesNotEndGame() passed after 2.894 seconds.
✔ Test bankTradeIsRejectedWhenTheBankCannotSupplyTheWantedResource() passed after 2.894 seconds.
✔ Test aCardBoughtThisTurnCanBeDeployedAtOnce() passed after 2.894 seconds.
✔ Test illegalPlacementTooCloseIsRejected() passed after 2.894 seconds.
✔ Test aSaveMissingTheBoardIsRejectedRatherThanSilentlyDiscarded() passed after 2.897 seconds.
✔ Test newGameShufflesDevCardDeckDifferentlyForDifferentSeeds() passed after 2.894 seconds.
✔ Test anyThreePricePaysFromTheBiggestPilesFirst() passed after 2.894 seconds.
✔ Test expandedHasFourteenPortsOnDistinctCoastalEdges() passed after 2.894 seconds.
✔ Test theRunawayBackstopForcesATurnToEnd() passed after 2.896 seconds.
✔ Test validationAgreesWithWhatApplyingActuallyDoes() passed after 2.897 seconds.
✔ Test legacyQueuedReplyResumesWithChartedHarborsWithoutResampling(nearHarbor:) with 2 test cases passed after 2.894 seconds.
✔ Test theSameSeedProducesTheSameSession() passed after 2.897 seconds.
✔ Test corruptNavalAuthoritativeStateIsRejected(corruption:) with 15 test cases passed after 2.894 seconds.
✔ Test decodedCheckpointContinuesIdenticalTranscriptAndLedger(table:) with 2 test cases passed after 2.894 seconds.
✔ Test legacyProjectionDoesNotPermitOtherQueuedReplyCorruption(field:) with 9 test cases passed after 2.894 seconds.
✔ Test expandedRandomizedBoardNeverAdjoinsSixAndEight() passed after 2.896 seconds.
✔ Test fragmentedRoadNetworkDoesNotSumAcrossDisconnectedPieces() passed after 2.894 seconds.
✔ Test buildRoadWithInsufficientResourcesThrows() passed after 2.894 seconds.
✔ Test aPaymentThatIsNotExactlyTheHeldPriceIsRefusedWithoutMutation() passed after 2.894 seconds.
◇ Test case passing 1 argument playerCount → 3 to twoAcceptingRecipientsHaveEqualOddsInEveryHumanChair(playerCount:) started.
◇ Test case passing 1 argument playerCount → 4 to twoAcceptingRecipientsHaveEqualOddsInEveryHumanChair(playerCount:) started.
✔ Test knightCanBePlayedBeforeRolling() passed after 2.978 seconds.
✔ Test newTieBetweenTwoOtherPlayersDisplacesCurrentHolder() passed after 2.976 seconds.
✔ Test aConquestSaveRoundTripsGarrisonsAndHands() passed after 2.977 seconds.
✔ Test invalidRobberVictimLeavesTheWholeStateUntouched() passed after 2.976 seconds.
✔ Test monopolyTransfersAllMatchingCardsFromEveryOtherPlayer() passed after 2.976 seconds.
✔ Test attackingPastATribeTakesTheHexWithTheOverflow() passed after 2.976 seconds.
✔ Test pipsMatchTheWaysTwoDiceRollEachNumber() passed after 2.976 seconds.
✔ Test knightPlayedBeforeRollingBlocksAnotherCardThatSameTurn() passed after 2.976 seconds.
✔ Test rollOfSevenProducesNoResources() passed after 2.976 seconds.
✔ Test completedPositionDoesNotReconstructAnOpenTradeResponse() passed after 2.976 seconds.
✔ Test expandedAllowsThirtyRoadsWhereClassicStopsAtFifteen() passed after 2.977 seconds.
✔ Test movingTheRobberWithNobodyToRobReportsNoSteal() passed after 2.978 seconds.
◇ Test case passing 1 argument rulesVersion → 1 to historicalOverlappingDomesticTradesStillApplyAndReplay(_:) started.
◇ Test case passing 1 argument rulesVersion → 2 to historicalOverlappingDomesticTradesStillApplyAndReplay(_:) started.
◇ Test case passing 1 argument rate → 2 to bankDraftNamesTheRequiredBundleAtThePlayersActualPortRate(_:) started.
◇ Test case passing 1 argument rate → 3 to bankDraftNamesTheRequiredBundleAtThePlayersActualPortRate(_:) started.
◇ Test case passing 1 argument rate → 4 to bankDraftNamesTheRequiredBundleAtThePlayersActualPortRate(_:) started.
✔ Test aRobberStealReportsWhichCardWasTaken() passed after 2.991 seconds.
◇ Test case passing 1 argument mode → .players to sameResourceIsExcludedInEitherDraftMode(_:) started.
◇ Test case passing 1 argument mode → .bank to sameResourceIsExcludedInEitherDraftMode(_:) started.
✔ Test secondSettlementGrantsResources() passed after 2.995 seconds.
✔ Test newTieBetweenTwoPlayersAwardsNoOne() passed after 2.995 seconds.
◇ Test case passing 2 arguments rate → 2, quantity → 1 to sameResourceBankTradeIsRejectedWithoutMutation(rate:quantity:) started.
◇ Test case passing 2 arguments rate → 2, quantity → 2 to sameResourceBankTradeIsRejectedWithoutMutation(rate:quantity:) started.
◇ Test case passing 2 arguments rate → 3, quantity → 1 to sameResourceBankTradeIsRejectedWithoutMutation(rate:quantity:) started.
◇ Test case passing 2 arguments rate → 3, quantity → 2 to sameResourceBankTradeIsRejectedWithoutMutation(rate:quantity:) started.
◇ Test case passing 2 arguments rate → 4, quantity → 1 to sameResourceBankTradeIsRejectedWithoutMutation(rate:quantity:) started.
◇ Test case passing 2 arguments rate → 4, quantity → 2 to sameResourceBankTradeIsRejectedWithoutMutation(rate:quantity:) started.
◇ Test case passing 1 argument rate → 2 to disjointCompoundBankTradeStillAppliesAtEachResourcesRate(rate:) started.
◇ Test case passing 1 argument rate → 3 to disjointCompoundBankTradeStillAppliesAtEachResourcesRate(rate:) started.
◇ Test case passing 1 argument rate → 4 to disjointCompoundBankTradeStillAppliesAtEachResourcesRate(rate:) started.
◇ Test case passing 1 argument rate → 2 to mixedBankTradesWithOverlapAreRejectedWithoutMutation(rate:) started.
◇ Test case passing 1 argument rate → 3 to mixedBankTradesWithOverlapAreRejectedWithoutMutation(rate:) started.
◇ Test case passing 1 argument rate → 4 to mixedBankTradesWithOverlapAreRejectedWithoutMutation(rate:) started.
◇ Test case passing 1 argument engineVersion → 1 to legacyNavalOneReplaysItsOriginalExactRevealUnderEveryEngineVersion(engineVersion:) started.
◇ Test case passing 1 argument engineVersion → 2 to legacyNavalOneReplaysItsOriginalExactRevealUnderEveryEngineVersion(engineVersion:) started.
◇ Test case passing 1 argument engineVersion → 3 to legacyNavalOneReplaysItsOriginalExactRevealUnderEveryEngineVersion(engineVersion:) started.
◇ Test case passing 1 argument version → 0 to unsupportedNavalVisionVersionsRemainRejected(version:) started.
◇ Test case passing 1 argument version → 4 to unsupportedNavalVisionVersionsRemainRejected(version:) started.
◇ Test case passing 1 argument version → 999 to unsupportedNavalVisionVersionsRemainRejected(version:) started.
◇ Test case passing 1 argument version → 1 to fogDisabledRetainsTheEntireWorldUnderEitherVisionRule(version:) started.
◇ Test case passing 1 argument version → 2 to fogDisabledRetainsTheEntireWorldUnderEitherVisionRule(version:) started.
◇ Test case passing 1 argument version → 3 to fogDisabledRetainsTheEntireWorldUnderEitherVisionRule(version:) started.
◇ Test case passing 1 argument version → 1 to coldCheckpointKeepsItsVisionRuleAndPreviouslyDiscoveredTiles(version:) started.
◇ Test case passing 1 argument version → 2 to coldCheckpointKeepsItsVisionRuleAndPreviouslyDiscoveredTiles(version:) started.
◇ Test case passing 1 argument version → 3 to coldCheckpointKeepsItsVisionRuleAndPreviouslyDiscoveredTiles(version:) started.
✔ Test endingATurnReportsIt() passed after 3.401 seconds.
◇ Test case passing 1 argument beforeRoll → false to versionOnePreservesNilVictimKnightHistory(beforeRoll:) started.
◇ Test case passing 1 argument beforeRoll → true to versionOnePreservesNilVictimKnightHistory(beforeRoll:) started.
◇ Test case passing 1 argument rulesVersion → 1 to ordinaryMovesReplayUnderEverySupportedVersion(rulesVersion:) started.
◇ Test case passing 1 argument rulesVersion → 3 to ordinaryMovesReplayUnderEverySupportedVersion(rulesVersion:) started.
✔ Test outOfOrderSettlementBeforePendingRoadIsRejected() passed after 3.414 seconds.
◇ Test case passing 1 argument kind → .generic to chartedPortNeedsAnOwnedBuildingAndPreservesActualBankRates(kind:) started.
◇ Test case passing 1 argument kind → .resource(CatanEngine.Resource.grain) to chartedPortNeedsAnOwnedBuildingAndPreservesActualBankRates(kind:) started.
◇ Test case passing 1 argument kind → .resource(CatanEngine.Resource.wool) to chartedPortNeedsAnOwnedBuildingAndPreservesActualBankRates(kind:) started.
◇ Test case passing 1 argument family → .archipelago to openingChartsHomeHarborsWithoutDiscoveringTheirSea(family:) started.
◇ Test case passing 1 argument family → .peninsula to openingChartsHomeHarborsWithoutDiscoveringTheirSea(family:) started.
◇ Test case passing 1 argument family → .twinIslands to openingChartsHomeHarborsWithoutDiscoveringTheirSea(family:) started.
✔ Test everyModeIsCoherentAndReachable() passed after 3.571 seconds.
✔ Test devCardStatusOwnsTurnTimingAndPassiveCardRules() passed after 3.571 seconds.
✔ Test aCompositionThatDoesNotFillTheBoardIsRejected() passed after 3.570 seconds.
◇ Test case passing 1 argument family → .archipelago to firstPlacementAndRoadArePlayable(family:) started.
◇ Test case passing 1 argument family → .peninsula to firstPlacementAndRoadArePlayable(family:) started.
◇ Test case passing 1 argument family → .twinIslands to firstPlacementAndRoadArePlayable(family:) started.
✔ Test theSameOfferAlwaysCarriesTheSameIdentifier() passed after 3.624 seconds.
✔ Test aModeWhoseRoadLimitOutrunsTheSearchIsRefused() passed after 3.638 seconds.
✔ Test armyCardsCostAnyThreeResourcesByDefault() passed after 3.638 seconds.
✔ Test classicRulesetMatchesTheValuesTheEngineShippedWith() passed after 3.638 seconds.
✔ Test anOccupiedHexPaysOnlyTheOccupierPlusOne() passed after 3.638 seconds.
✔ Test aNegativeRadiusIsRejected() passed after 3.637 seconds.
✔ Test allNewFieldsDecodeDefaultsAndOldModesKeepNilNavalState() passed after 3.641 seconds.
✔ Test aSaveMissingFieldsAddedAfterItWasWrittenStillLoads() passed after 3.637 seconds.
✔ Test distinctOffersGetDistinctIdentifiers() passed after 3.637 seconds.
✔ Test aStandardGameHasNoConquestStateAndDrawsTheSameRandomSequence() passed after 3.641 seconds.
◇ Test case passing 1 argument version → -1 to rejectsUnsupportedStateSchema(version:) started.
◇ Test case passing 1 argument version → 7 to rejectsUnsupportedStateSchema(version:) started.
◇ Test case passing 1 argument actions → 26 to rejectsActionsBeyondTurnBackstop(actions:) started.
◇ Test case passing 1 argument actions → 1000000 to rejectsActionsBeyondTurnBackstop(actions:) started.
◇ Test case passing 1 argument index → -1 to rejectsInvalidCurrentTurnSeat(index:) started.
◇ Test case passing 1 argument index → 4 to rejectsInvalidCurrentTurnSeat(index:) started.
◇ Test case passing 1 argument field → "actionsThisTurn" to rejectsCountersThatCannotAdvanceWithoutOverflow(field:) started.
◇ Test case passing 1 argument field → "policyEvaluationCount" to rejectsCountersThatCannotAdvanceWithoutOverflow(field:) started.
◇ Test case passing 1 argument field → "actionsThisTurn" to rejectsNegativeCounters(field:) started.
◇ Test case passing 1 argument field → "policyEvaluationCount" to rejectsNegativeCounters(field:) started.
✔ Test thirdKnightGrantsLargestArmy() passed after 3.728 seconds.
◇ Test case passing 1 argument index → -1 to rejectsInvalidQueuedResponseActor(index:) started.
◇ Test case passing 1 argument index → 4 to rejectsInvalidQueuedResponseActor(index:) started.
◇ Test case passing 1 argument index → -1 to rejectsQueuedEvaluationOutsideRecordedRange(index:) started.
◇ Test case passing 1 argument index → 1 to rejectsQueuedEvaluationOutsideRecordedRange(index:) started.
◇ Test case passing 1 argument index → 2 to rejectsQueuedEvaluationOutsideRecordedRange(index:) started.
◇ Test case passing 1 argument version → -1 to rejectsUnsupportedCheckpointVersion(version:) started.
◇ Test case passing 1 argument version → 0 to rejectsUnsupportedCheckpointVersion(version:) started.
◇ Test case passing 1 argument version → 2 to rejectsUnsupportedCheckpointVersion(version:) started.
✔ Test scaledFromBoardOnAnExpandedSizedBoardRoundsAwayFromZero() passed after 3.757 seconds.
◇ Test case passing 2 arguments phase → "setupForward", index → -1 to rejectsInvalidPhasePlayerIndex(phase:index:) started.
◇ Test case passing 2 arguments phase → "setupForward", index → 4 to rejectsInvalidPhasePlayerIndex(phase:index:) started.
◇ Test case passing 2 arguments phase → "setupBackward", index → -1 to rejectsInvalidPhasePlayerIndex(phase:index:) started.
◇ Test case passing 2 arguments phase → "setupBackward", index → 4 to rejectsInvalidPhasePlayerIndex(phase:index:) started.
◇ Test case passing 2 arguments phase → "rollDice", index → -1 to rejectsInvalidPhasePlayerIndex(phase:index:) started.
◇ Test case passing 2 arguments phase → "rollDice", index → 4 to rejectsInvalidPhasePlayerIndex(phase:index:) started.
◇ Test case passing 2 arguments phase → "mainTurn", index → -1 to rejectsInvalidPhasePlayerIndex(phase:index:) started.
◇ Test case passing 2 arguments phase → "mainTurn", index → 4 to rejectsInvalidPhasePlayerIndex(phase:index:) started.
◇ Test case passing 2 arguments phase → "movingRobber", index → -1 to rejectsInvalidPhasePlayerIndex(phase:index:) started.
◇ Test case passing 2 arguments phase → "movingRobber", index → 4 to rejectsInvalidPhasePlayerIndex(phase:index:) started.
◇ Test case passing 2 arguments fog → true, flexible → true to decodedRawInputMasksAndKeepsCounts(fog:flexible:) started.
◇ Test case passing 2 arguments fog → true, flexible → false to decodedRawInputMasksAndKeepsCounts(fog:flexible:) started.
◇ Test case passing 2 arguments fog → false, flexible → true to decodedRawInputMasksAndKeepsCounts(fog:flexible:) started.
◇ Test case passing 2 arguments fog → false, flexible → false to decodedRawInputMasksAndKeepsCounts(fog:flexible:) started.
✔ Test aSaveWrittenBeforeModesExistedLoadsAsClassic() passed after 3.794 seconds.
◇ Test case passing 2 arguments fog → true, flexible → true to responseOnlyInformationDoesNotExposePrivateComposition(fog:flexible:) started.
◇ Test case passing 2 arguments fog → true, flexible → false to responseOnlyInformationDoesNotExposePrivateComposition(fog:flexible:) started.
◇ Test case passing 2 arguments fog → false, flexible → true to responseOnlyInformationDoesNotExposePrivateComposition(fog:flexible:) started.
◇ Test case passing 2 arguments fog → false, flexible → false to responseOnlyInformationDoesNotExposePrivateComposition(fog:flexible:) started.
✔ Test rollingReportsTheTotalThatWasActuallyRolled() passed after 3.871 seconds.
✔ Test setupPlacementsReportThemselves() passed after 3.871 seconds.
✔ Test newGameDevCardDeckPreservesStandardComposition() passed after 3.871 seconds.
✔ Test standardBoardHas19TilesAndOneDesert() passed after 3.870 seconds.
✔ Test cannotPlayDevCardBoughtThisTurn() passed after 3.870 seconds.
✔ Test negativeDiscardAmountIsRejected() passed after 3.870 seconds.
✔ Test devCardPlayLimitResetsAfterEndTurn() passed after 3.870 seconds.
✔ Test endTurnClearsPendingTradeOffers() passed after 3.870 seconds.
✔ Test settlementProducesOneResourceOnMatchingRoll() passed after 3.870 seconds.
✔ Test devCardStatusDistinguishesNewAndOlderCopiesInOneStack() passed after 3.870 seconds.
◇ Test case passing 1 argument restoration → .freshInitialization to terminalOfferDoesNotRequestAnotherDecision(restoration:) started.
◇ Test case passing 1 argument restoration → .replacement to terminalOfferDoesNotRequestAnotherDecision(restoration:) started.
✔ Test malformedMaximumShipIDCanDecodeAndBeRejectedWithoutOverflow() passed after 3.905 seconds.
✔ Test fastSearchHandlesTheShapesThatBreakNaiveSearches() passed after 3.900 seconds.
✔ Test expandedSeatsAThirtyEightCardBankAndAFiftyCardDeck() passed after 3.900 seconds.
✔ Test legalMovesEnumeratesMoveRobberTargetsAndVictims() passed after 3.899 seconds.
✔ Test opponentSettlementBreaksRoadChain() passed after 3.899 seconds.
✔ Test buyingPaysExactlyTheChosenThreeCardsAndDrawsTheTopCard() passed after 3.899 seconds.
✔ Test roadCannotBeBuiltOnAnEdgeAnotherPlayerAlreadyOwns() passed after 3.898 seconds.
✔ Test anyOnePriceTakesASingleCard() passed after 3.898 seconds.
✔ Test expandedWinsAtTwentyFiveNotTen() passed after 3.899 seconds.
✔ Test knightWithoutAResourceHoldingNeighbourConsumesOneCardWithoutTheft(fixture:) with 16 test cases passed after 3.899 seconds.
✔ Test aSaveWrittenBeforeConquestExistedLoadsAsStandard() passed after 3.899 seconds.
✔ Test aSaveResumesTheSameRandomSequenceItWouldHaveHad() passed after 3.905 seconds.
✔ Test validHumanActionsBeyondAutomatedCapColdResume(mode:) with 2 test cases passed after 3.899 seconds.
✔ Test legalMovesIsAPureFunctionOfTheState() passed after 3.905 seconds.
✔ Test serializedSessionRejectsChangingThePolicyRoster() passed after 3.898 seconds.
✔ Test monopolyTransfersOneResourceAndCannotBeReusedAfterResume(fixture:) with 16 test cases passed after 3.898 seconds.
◇ Test case passing 1 argument origin → HexCoordinate(q: 0, r: 0) to shipVisionRetainsItsNineteenHexFootprintAndSixCardinalBoundaries(origin:) started.
◇ Test case passing 1 argument origin → HexCoordinate(q: 4, r: -3) to shipVisionRetainsItsNineteenHexFootprintAndSixCardinalBoundaries(origin:) started.
◇ Test case passing 2 arguments rotation → 0, landMask → 1 to terrainDoesNotChangeTheCornerOriginOrDiscoveryEvents(rotation:landMask:) started.
◇ Test case passing 2 arguments rotation → 0, landMask → 2 to terrainDoesNotChangeTheCornerOriginOrDiscoveryEvents(rotation:landMask:) started.
◇ Test case passing 2 arguments rotation → 0, landMask → 3 to terrainDoesNotChangeTheCornerOriginOrDiscoveryEvents(rotation:landMask:) started.
◇ Test case passing 2 arguments rotation → 0, landMask → 4 to terrainDoesNotChangeTheCornerOriginOrDiscoveryEvents(rotation:landMask:) started.
◇ Test case passing 2 arguments rotation → 0, landMask → 5 to terrainDoesNotChangeTheCornerOriginOrDiscoveryEvents(rotation:landMask:) started.
◇ Test case passing 2 arguments rotation → 0, landMask → 6 to terrainDoesNotChangeTheCornerOriginOrDiscoveryEvents(rotation:landMask:) started.
◇ Test case passing 2 arguments rotation → 0, landMask → 7 to terrainDoesNotChangeTheCornerOriginOrDiscoveryEvents(rotation:landMask:) started.
◇ Test case passing 2 arguments rotation → 1, landMask → 1 to terrainDoesNotChangeTheCornerOriginOrDiscoveryEvents(rotation:landMask:) started.
◇ Test case passing 2 arguments rotation → 1, landMask → 2 to terrainDoesNotChangeTheCornerOriginOrDiscoveryEvents(rotation:landMask:) started.
◇ Test case passing 2 arguments rotation → 1, landMask → 3 to terrainDoesNotChangeTheCornerOriginOrDiscoveryEvents(rotation:landMask:) started.
◇ Test case passing 2 arguments rotation → 1, landMask → 4 to terrainDoesNotChangeTheCornerOriginOrDiscoveryEvents(rotation:landMask:) started.
◇ Test case passing 2 arguments rotation → 1, landMask → 5 to terrainDoesNotChangeTheCornerOriginOrDiscoveryEvents(rotation:landMask:) started.
◇ Test case passing 2 arguments rotation → 1, landMask → 6 to terrainDoesNotChangeTheCornerOriginOrDiscoveryEvents(rotation:landMask:) started.
◇ Test case passing 2 arguments rotation → 1, landMask → 7 to terrainDoesNotChangeTheCornerOriginOrDiscoveryEvents(rotation:landMask:) started.
◇ Test case passing 2 arguments rotation → 2, landMask → 1 to terrainDoesNotChangeTheCornerOriginOrDiscoveryEvents(rotation:landMask:) started.
◇ Test case passing 2 arguments rotation → 2, landMask → 2 to terrainDoesNotChangeTheCornerOriginOrDiscoveryEvents(rotation:landMask:) started.
◇ Test case passing 2 arguments rotation → 2, landMask → 3 to terrainDoesNotChangeTheCornerOriginOrDiscoveryEvents(rotation:landMask:) started.
◇ Test case passing 2 arguments rotation → 2, landMask → 4 to terrainDoesNotChangeTheCornerOriginOrDiscoveryEvents(rotation:landMask:) started.
◇ Test case passing 2 arguments rotation → 2, landMask → 5 to terrainDoesNotChangeTheCornerOriginOrDiscoveryEvents(rotation:landMask:) started.
◇ Test case passing 2 arguments rotation → 2, landMask → 6 to terrainDoesNotChangeTheCornerOriginOrDiscoveryEvents(rotation:landMask:) started.
◇ Test case passing 2 arguments rotation → 2, landMask → 7 to terrainDoesNotChangeTheCornerOriginOrDiscoveryEvents(rotation:landMask:) started.
◇ Test case passing 2 arguments rotation → 3, landMask → 1 to terrainDoesNotChangeTheCornerOriginOrDiscoveryEvents(rotation:landMask:) started.
◇ Test case passing 2 arguments rotation → 3, landMask → 2 to terrainDoesNotChangeTheCornerOriginOrDiscoveryEvents(rotation:landMask:) started.
◇ Test case passing 2 arguments rotation → 3, landMask → 3 to terrainDoesNotChangeTheCornerOriginOrDiscoveryEvents(rotation:landMask:) started.
◇ Test case passing 2 arguments rotation → 3, landMask → 4 to terrainDoesNotChangeTheCornerOriginOrDiscoveryEvents(rotation:landMask:) started.
◇ Test case passing 2 arguments rotation → 3, landMask → 5 to terrainDoesNotChangeTheCornerOriginOrDiscoveryEvents(rotation:landMask:) started.
◇ Test case passing 2 arguments rotation → 3, landMask → 6 to terrainDoesNotChangeTheCornerOriginOrDiscoveryEvents(rotation:landMask:) started.
◇ Test case passing 2 arguments rotation → 3, landMask → 7 to terrainDoesNotChangeTheCornerOriginOrDiscoveryEvents(rotation:landMask:) started.
◇ Test case passing 2 arguments rotation → 4, landMask → 1 to terrainDoesNotChangeTheCornerOriginOrDiscoveryEvents(rotation:landMask:) started.
◇ Test case passing 2 arguments rotation → 4, landMask → 2 to terrainDoesNotChangeTheCornerOriginOrDiscoveryEvents(rotation:landMask:) started.
◇ Test case passing 2 arguments rotation → 4, landMask → 3 to terrainDoesNotChangeTheCornerOriginOrDiscoveryEvents(rotation:landMask:) started.
◇ Test case passing 2 arguments rotation → 4, landMask → 4 to terrainDoesNotChangeTheCornerOriginOrDiscoveryEvents(rotation:landMask:) started.
◇ Test case passing 2 arguments rotation → 4, landMask → 5 to terrainDoesNotChangeTheCornerOriginOrDiscoveryEvents(rotation:landMask:) started.
◇ Test case passing 2 arguments rotation → 4, landMask → 6 to terrainDoesNotChangeTheCornerOriginOrDiscoveryEvents(rotation:landMask:) started.
◇ Test case passing 2 arguments rotation → 4, landMask → 7 to terrainDoesNotChangeTheCornerOriginOrDiscoveryEvents(rotation:landMask:) started.
◇ Test case passing 2 arguments rotation → 5, landMask → 1 to terrainDoesNotChangeTheCornerOriginOrDiscoveryEvents(rotation:landMask:) started.
◇ Test case passing 2 arguments rotation → 5, landMask → 2 to terrainDoesNotChangeTheCornerOriginOrDiscoveryEvents(rotation:landMask:) started.
◇ Test case passing 2 arguments rotation → 5, landMask → 3 to terrainDoesNotChangeTheCornerOriginOrDiscoveryEvents(rotation:landMask:) started.
◇ Test case passing 2 arguments rotation → 5, landMask → 4 to terrainDoesNotChangeTheCornerOriginOrDiscoveryEvents(rotation:landMask:) started.
◇ Test case passing 2 arguments rotation → 5, landMask → 5 to terrainDoesNotChangeTheCornerOriginOrDiscoveryEvents(rotation:landMask:) started.
◇ Test case passing 2 arguments rotation → 5, landMask → 6 to terrainDoesNotChangeTheCornerOriginOrDiscoveryEvents(rotation:landMask:) started.
◇ Test case passing 2 arguments rotation → 5, landMask → 7 to terrainDoesNotChangeTheCornerOriginOrDiscoveryEvents(rotation:landMask:) started.
◇ Test case passing 2 arguments rotation → 0, origin → HexCoordinate(q: 0, r: 0) to cornerFootprintIsCenteredSymmetricAndHasExactCutoff(rotation:origin:) started.
◇ Test case passing 2 arguments rotation → 0, origin → HexCoordinate(q: 4, r: -3) to cornerFootprintIsCenteredSymmetricAndHasExactCutoff(rotation:origin:) started.
◇ Test case passing 2 arguments rotation → 1, origin → HexCoordinate(q: 0, r: 0) to cornerFootprintIsCenteredSymmetricAndHasExactCutoff(rotation:origin:) started.
◇ Test case passing 2 arguments rotation → 1, origin → HexCoordinate(q: 4, r: -3) to cornerFootprintIsCenteredSymmetricAndHasExactCutoff(rotation:origin:) started.
◇ Test case passing 2 arguments rotation → 2, origin → HexCoordinate(q: 0, r: 0) to cornerFootprintIsCenteredSymmetricAndHasExactCutoff(rotation:origin:) started.
◇ Test case passing 2 arguments rotation → 2, origin → HexCoordinate(q: 4, r: -3) to cornerFootprintIsCenteredSymmetricAndHasExactCutoff(rotation:origin:) started.
◇ Test case passing 2 arguments rotation → 3, origin → HexCoordinate(q: 0, r: 0) to cornerFootprintIsCenteredSymmetricAndHasExactCutoff(rotation:origin:) started.
◇ Test case passing 2 arguments rotation → 3, origin → HexCoordinate(q: 4, r: -3) to cornerFootprintIsCenteredSymmetricAndHasExactCutoff(rotation:origin:) started.
◇ Test case passing 2 arguments rotation → 4, origin → HexCoordinate(q: 0, r: 0) to cornerFootprintIsCenteredSymmetricAndHasExactCutoff(rotation:origin:) started.
◇ Test case passing 2 arguments rotation → 4, origin → HexCoordinate(q: 4, r: -3) to cornerFootprintIsCenteredSymmetricAndHasExactCutoff(rotation:origin:) started.
◇ Test case passing 2 arguments rotation → 5, origin → HexCoordinate(q: 0, r: 0) to cornerFootprintIsCenteredSymmetricAndHasExactCutoff(rotation:origin:) started.
◇ Test case passing 2 arguments rotation → 5, origin → HexCoordinate(q: 4, r: -3) to cornerFootprintIsCenteredSymmetricAndHasExactCutoff(rotation:origin:) started.
✔ Test aSecondMatureMonopolyNeedsAnotherTurnAndAZeroGainStillConsumes(fixture:) with 16 test cases passed after 3.913 seconds.
✔ Test aThreeSeatGameSurvivesASaveAndReload() passed after 3.912 seconds.
✔ Test legacyDuplicateOffersStillReplayUnderRecordedRules(version:) with 2 test cases passed after 3.912 seconds.
✔ Test queuedNavalTradeResponseUsesMaskedSnapshotAndValidatesCounts() passed after 3.919 seconds.
✔ Test knightTakesExactlyOneCardFromOnlyTheChosenVictim(fixture:) with 16 test cases passed after 3.912 seconds.
✔ Test aShapeNoShuffleCanSatisfyIsRepairedRatherThanRefused() passed after 3.913 seconds.
◇ Test case passing 1 argument fixture → EngineFairnessCase(mode: CatanEngine.GameMode.classic, variant: CatanEngine.GameVariant.standard, seat: 0) to humanAndBotsWithDifferentPolicyDrawCountsGetIdenticalDice(fixture:) started.
◇ Test case passing 1 argument fixture → EngineFairnessCase(mode: CatanEngine.GameMode.classic, variant: CatanEngine.GameVariant.standard, seat: 1) to humanAndBotsWithDifferentPolicyDrawCountsGetIdenticalDice(fixture:) started.
◇ Test case passing 1 argument fixture → EngineFairnessCase(mode: CatanEngine.GameMode.classic, variant: CatanEngine.GameVariant.standard, seat: 2) to humanAndBotsWithDifferentPolicyDrawCountsGetIdenticalDice(fixture:) started.
◇ Test case passing 1 argument fixture → EngineFairnessCase(mode: CatanEngine.GameMode.classic, variant: CatanEngine.GameVariant.standard, seat: 3) to humanAndBotsWithDifferentPolicyDrawCountsGetIdenticalDice(fixture:) started.
◇ Test case passing 1 argument fixture → EngineFairnessCase(mode: CatanEngine.GameMode.classic, variant: CatanEngine.GameVariant.conquest, seat: 0) to humanAndBotsWithDifferentPolicyDrawCountsGetIdenticalDice(fixture:) started.
◇ Test case passing 1 argument fixture → EngineFairnessCase(mode: CatanEngine.GameMode.classic, variant: CatanEngine.GameVariant.conquest, seat: 1) to humanAndBotsWithDifferentPolicyDrawCountsGetIdenticalDice(fixture:) started.
◇ Test case passing 1 argument fixture → EngineFairnessCase(mode: CatanEngine.GameMode.classic, variant: CatanEngine.GameVariant.conquest, seat: 2) to humanAndBotsWithDifferentPolicyDrawCountsGetIdenticalDice(fixture:) started.
◇ Test case passing 1 argument fixture → EngineFairnessCase(mode: CatanEngine.GameMode.classic, variant: CatanEngine.GameVariant.conquest, seat: 3) to humanAndBotsWithDifferentPolicyDrawCountsGetIdenticalDice(fixture:) started.
◇ Test case passing 1 argument fixture → EngineFairnessCase(mode: CatanEngine.GameMode.vast, variant: CatanEngine.GameVariant.standard, seat: 0) to humanAndBotsWithDifferentPolicyDrawCountsGetIdenticalDice(fixture:) started.
◇ Test case passing 1 argument fixture → EngineFairnessCase(mode: CatanEngine.GameMode.vast, variant: CatanEngine.GameVariant.standard, seat: 1) to humanAndBotsWithDifferentPolicyDrawCountsGetIdenticalDice(fixture:) started.
◇ Test case passing 1 argument fixture → EngineFairnessCase(mode: CatanEngine.GameMode.vast, variant: CatanEngine.GameVariant.standard, seat: 2) to humanAndBotsWithDifferentPolicyDrawCountsGetIdenticalDice(fixture:) started.
◇ Test case passing 1 argument fixture → EngineFairnessCase(mode: CatanEngine.GameMode.vast, variant: CatanEngine.GameVariant.standard, seat: 3) to humanAndBotsWithDifferentPolicyDrawCountsGetIdenticalDice(fixture:) started.
◇ Test case passing 1 argument fixture → EngineFairnessCase(mode: CatanEngine.GameMode.vast, variant: CatanEngine.GameVariant.conquest, seat: 0) to humanAndBotsWithDifferentPolicyDrawCountsGetIdenticalDice(fixture:) started.
◇ Test case passing 1 argument fixture → EngineFairnessCase(mode: CatanEngine.GameMode.vast, variant: CatanEngine.GameVariant.conquest, seat: 1) to humanAndBotsWithDifferentPolicyDrawCountsGetIdenticalDice(fixture:) started.
◇ Test case passing 1 argument fixture → EngineFairnessCase(mode: CatanEngine.GameMode.vast, variant: CatanEngine.GameVariant.conquest, seat: 2) to humanAndBotsWithDifferentPolicyDrawCountsGetIdenticalDice(fixture:) started.
◇ Test case passing 1 argument fixture → EngineFairnessCase(mode: CatanEngine.GameMode.vast, variant: CatanEngine.GameVariant.conquest, seat: 3) to humanAndBotsWithDifferentPolicyDrawCountsGetIdenticalDice(fixture:) started.
✔ Test olderCopyCanBePlayedButNewCopyWaitsUntilNextTurn(fixture:) with 16 test cases passed after 3.964 seconds.
◇ Test case passing 1 argument fixture → EngineFairnessCase(mode: CatanEngine.GameMode.classic, variant: CatanEngine.GameVariant.standard, seat: 0) to diceMatchTwoUnweightedDrawsRegardlessOfSeatOrHand(fixture:) started.
◇ Test case passing 1 argument fixture → EngineFairnessCase(mode: CatanEngine.GameMode.classic, variant: CatanEngine.GameVariant.standard, seat: 1) to diceMatchTwoUnweightedDrawsRegardlessOfSeatOrHand(fixture:) started.
◇ Test case passing 1 argument fixture → EngineFairnessCase(mode: CatanEngine.GameMode.classic, variant: CatanEngine.GameVariant.standard, seat: 2) to diceMatchTwoUnweightedDrawsRegardlessOfSeatOrHand(fixture:) started.
◇ Test case passing 1 argument fixture → EngineFairnessCase(mode: CatanEngine.GameMode.classic, variant: CatanEngine.GameVariant.standard, seat: 3) to diceMatchTwoUnweightedDrawsRegardlessOfSeatOrHand(fixture:) started.
◇ Test case passing 1 argument fixture → EngineFairnessCase(mode: CatanEngine.GameMode.classic, variant: CatanEngine.GameVariant.conquest, seat: 0) to diceMatchTwoUnweightedDrawsRegardlessOfSeatOrHand(fixture:) started.
◇ Test case passing 1 argument fixture → EngineFairnessCase(mode: CatanEngine.GameMode.classic, variant: CatanEngine.GameVariant.conquest, seat: 1) to diceMatchTwoUnweightedDrawsRegardlessOfSeatOrHand(fixture:) started.
◇ Test case passing 1 argument fixture → EngineFairnessCase(mode: CatanEngine.GameMode.classic, variant: CatanEngine.GameVariant.conquest, seat: 2) to diceMatchTwoUnweightedDrawsRegardlessOfSeatOrHand(fixture:) started.
◇ Test case passing 1 argument fixture → EngineFairnessCase(mode: CatanEngine.GameMode.classic, variant: CatanEngine.GameVariant.conquest, seat: 3) to diceMatchTwoUnweightedDrawsRegardlessOfSeatOrHand(fixture:) started.
◇ Test case passing 1 argument fixture → EngineFairnessCase(mode: CatanEngine.GameMode.vast, variant: CatanEngine.GameVariant.standard, seat: 0) to diceMatchTwoUnweightedDrawsRegardlessOfSeatOrHand(fixture:) started.
◇ Test case passing 1 argument fixture → EngineFairnessCase(mode: CatanEngine.GameMode.vast, variant: CatanEngine.GameVariant.standard, seat: 1) to diceMatchTwoUnweightedDrawsRegardlessOfSeatOrHand(fixture:) started.
◇ Test case passing 1 argument fixture → EngineFairnessCase(mode: CatanEngine.GameMode.vast, variant: CatanEngine.GameVariant.standard, seat: 2) to diceMatchTwoUnweightedDrawsRegardlessOfSeatOrHand(fixture:) started.
◇ Test case passing 1 argument fixture → EngineFairnessCase(mode: CatanEngine.GameMode.vast, variant: CatanEngine.GameVariant.standard, seat: 3) to diceMatchTwoUnweightedDrawsRegardlessOfSeatOrHand(fixture:) started.
◇ Test case passing 1 argument fixture → EngineFairnessCase(mode: CatanEngine.GameMode.vast, variant: CatanEngine.GameVariant.conquest, seat: 0) to diceMatchTwoUnweightedDrawsRegardlessOfSeatOrHand(fixture:) started.
◇ Test case passing 1 argument fixture → EngineFairnessCase(mode: CatanEngine.GameMode.vast, variant: CatanEngine.GameVariant.conquest, seat: 2) to diceMatchTwoUnweightedDrawsRegardlessOfSeatOrHand(fixture:) started.
◇ Test case passing 1 argument fixture → EngineFairnessCase(mode: CatanEngine.GameMode.vast, variant: CatanEngine.GameVariant.conquest, seat: 1) to diceMatchTwoUnweightedDrawsRegardlessOfSeatOrHand(fixture:) started.
◇ Test case passing 1 argument fixture → EngineFairnessCase(mode: CatanEngine.GameMode.vast, variant: CatanEngine.GameVariant.conquest, seat: 3) to diceMatchTwoUnweightedDrawsRegardlessOfSeatOrHand(fixture:) started.
◇ Test case passing 1 argument fixture → EngineFairnessCase(mode: CatanEngine.GameMode.classic, variant: CatanEngine.GameVariant.standard, seat: 0) to anUnauthorizedRollCannotAdvanceTheRandomSequence(fixture:) started.
◇ Test case passing 1 argument fixture → EngineFairnessCase(mode: CatanEngine.GameMode.classic, variant: CatanEngine.GameVariant.standard, seat: 1) to anUnauthorizedRollCannotAdvanceTheRandomSequence(fixture:) started.
◇ Test case passing 1 argument fixture → EngineFairnessCase(mode: CatanEngine.GameMode.classic, variant: CatanEngine.GameVariant.standard, seat: 2) to anUnauthorizedRollCannotAdvanceTheRandomSequence(fixture:) started.
◇ Test case passing 1 argument fixture → EngineFairnessCase(mode: CatanEngine.GameMode.classic, variant: CatanEngine.GameVariant.standard, seat: 3) to anUnauthorizedRollCannotAdvanceTheRandomSequence(fixture:) started.
◇ Test case passing 1 argument fixture → EngineFairnessCase(mode: CatanEngine.GameMode.classic, variant: CatanEngine.GameVariant.conquest, seat: 0) to anUnauthorizedRollCannotAdvanceTheRandomSequence(fixture:) started.
◇ Test case passing 1 argument fixture → EngineFairnessCase(mode: CatanEngine.GameMode.classic, variant: CatanEngine.GameVariant.conquest, seat: 1) to anUnauthorizedRollCannotAdvanceTheRandomSequence(fixture:) started.
◇ Test case passing 1 argument fixture → EngineFairnessCase(mode: CatanEngine.GameMode.classic, variant: CatanEngine.GameVariant.conquest, seat: 2) to anUnauthorizedRollCannotAdvanceTheRandomSequence(fixture:) started.
◇ Test case passing 1 argument fixture → EngineFairnessCase(mode: CatanEngine.GameMode.classic, variant: CatanEngine.GameVariant.conquest, seat: 3) to anUnauthorizedRollCannotAdvanceTheRandomSequence(fixture:) started.
◇ Test case passing 1 argument fixture → EngineFairnessCase(mode: CatanEngine.GameMode.vast, variant: CatanEngine.GameVariant.standard, seat: 0) to anUnauthorizedRollCannotAdvanceTheRandomSequence(fixture:) started.
◇ Test case passing 1 argument fixture → EngineFairnessCase(mode: CatanEngine.GameMode.vast, variant: CatanEngine.GameVariant.standard, seat: 1) to anUnauthorizedRollCannotAdvanceTheRandomSequence(fixture:) started.
◇ Test case passing 1 argument fixture → EngineFairnessCase(mode: CatanEngine.GameMode.vast, variant: CatanEngine.GameVariant.standard, seat: 2) to anUnauthorizedRollCannotAdvanceTheRandomSequence(fixture:) started.
◇ Test case passing 1 argument fixture → EngineFairnessCase(mode: CatanEngine.GameMode.vast, variant: CatanEngine.GameVariant.standard, seat: 3) to anUnauthorizedRollCannotAdvanceTheRandomSequence(fixture:) started.
◇ Test case passing 1 argument fixture → EngineFairnessCase(mode: CatanEngine.GameMode.vast, variant: CatanEngine.GameVariant.conquest, seat: 0) to anUnauthorizedRollCannotAdvanceTheRandomSequence(fixture:) started.
◇ Test case passing 1 argument fixture → EngineFairnessCase(mode: CatanEngine.GameMode.vast, variant: CatanEngine.GameVariant.conquest, seat: 1) to anUnauthorizedRollCannotAdvanceTheRandomSequence(fixture:) started.
◇ Test case passing 1 argument fixture → EngineFairnessCase(mode: CatanEngine.GameMode.vast, variant: CatanEngine.GameVariant.conquest, seat: 2) to anUnauthorizedRollCannotAdvanceTheRandomSequence(fixture:) started.
◇ Test case passing 1 argument fixture → EngineFairnessCase(mode: CatanEngine.GameMode.vast, variant: CatanEngine.GameVariant.conquest, seat: 3) to anUnauthorizedRollCannotAdvanceTheRandomSequence(fixture:) started.
◇ Test case passing 1 argument fixture → EngineFairnessCase(mode: CatanEngine.GameMode.classic, variant: CatanEngine.GameVariant.standard, seat: 0) to choosingAMoveDoesNotAdvanceEngineDiceAndResumePreservesThem(fixture:) started.
◇ Test case passing 1 argument fixture → EngineFairnessCase(mode: CatanEngine.GameMode.classic, variant: CatanEngine.GameVariant.standard, seat: 1) to choosingAMoveDoesNotAdvanceEngineDiceAndResumePreservesThem(fixture:) started.
◇ Test case passing 1 argument fixture → EngineFairnessCase(mode: CatanEngine.GameMode.classic, variant: CatanEngine.GameVariant.standard, seat: 2) to choosingAMoveDoesNotAdvanceEngineDiceAndResumePreservesThem(fixture:) started.
◇ Test case passing 1 argument fixture → EngineFairnessCase(mode: CatanEngine.GameMode.classic, variant: CatanEngine.GameVariant.standard, seat: 3) to choosingAMoveDoesNotAdvanceEngineDiceAndResumePreservesThem(fixture:) started.
◇ Test case passing 1 argument fixture → EngineFairnessCase(mode: CatanEngine.GameMode.classic, variant: CatanEngine.GameVariant.conquest, seat: 0) to choosingAMoveDoesNotAdvanceEngineDiceAndResumePreservesThem(fixture:) started.
◇ Test case passing 1 argument fixture → EngineFairnessCase(mode: CatanEngine.GameMode.classic, variant: CatanEngine.GameVariant.conquest, seat: 1) to choosingAMoveDoesNotAdvanceEngineDiceAndResumePreservesThem(fixture:) started.
◇ Test case passing 1 argument fixture → EngineFairnessCase(mode: CatanEngine.GameMode.classic, variant: CatanEngine.GameVariant.conquest, seat: 2) to choosingAMoveDoesNotAdvanceEngineDiceAndResumePreservesThem(fixture:) started.
◇ Test case passing 1 argument fixture → EngineFairnessCase(mode: CatanEngine.GameMode.classic, variant: CatanEngine.GameVariant.conquest, seat: 3) to choosingAMoveDoesNotAdvanceEngineDiceAndResumePreservesThem(fixture:) started.
◇ Test case passing 1 argument fixture → EngineFairnessCase(mode: CatanEngine.GameMode.vast, variant: CatanEngine.GameVariant.standard, seat: 0) to choosingAMoveDoesNotAdvanceEngineDiceAndResumePreservesThem(fixture:) started.
◇ Test case passing 1 argument fixture → EngineFairnessCase(mode: CatanEngine.GameMode.vast, variant: CatanEngine.GameVariant.standard, seat: 1) to choosingAMoveDoesNotAdvanceEngineDiceAndResumePreservesThem(fixture:) started.
◇ Test case passing 1 argument fixture → EngineFairnessCase(mode: CatanEngine.GameMode.vast, variant: CatanEngine.GameVariant.standard, seat: 2) to choosingAMoveDoesNotAdvanceEngineDiceAndResumePreservesThem(fixture:) started.
◇ Test case passing 1 argument fixture → EngineFairnessCase(mode: CatanEngine.GameMode.vast, variant: CatanEngine.GameVariant.standard, seat: 3) to choosingAMoveDoesNotAdvanceEngineDiceAndResumePreservesThem(fixture:) started.
◇ Test case passing 1 argument fixture → EngineFairnessCase(mode: CatanEngine.GameMode.vast, variant: CatanEngine.GameVariant.conquest, seat: 0) to choosingAMoveDoesNotAdvanceEngineDiceAndResumePreservesThem(fixture:) started.
◇ Test case passing 1 argument fixture → EngineFairnessCase(mode: CatanEngine.GameMode.vast, variant: CatanEngine.GameVariant.conquest, seat: 1) to choosingAMoveDoesNotAdvanceEngineDiceAndResumePreservesThem(fixture:) started.
◇ Test case passing 1 argument fixture → EngineFairnessCase(mode: CatanEngine.GameMode.vast, variant: CatanEngine.GameVariant.conquest, seat: 2) to choosingAMoveDoesNotAdvanceEngineDiceAndResumePreservesThem(fixture:) started.
◇ Test case passing 1 argument fixture → EngineFairnessCase(mode: CatanEngine.GameMode.vast, variant: CatanEngine.GameVariant.conquest, seat: 3) to choosingAMoveDoesNotAdvanceEngineDiceAndResumePreservesThem(fixture:) started.
✔ Test randomizedBoardIsDeterministicForSameSeed() passed after 4.116 seconds.
✔ Test aThreeSeatGameCyclesTurnsAmongThreeSeats() passed after 4.120 seconds.
✔ Test anEmptyArmyDeckCannotBeBoughtFrom() passed after 4.116 seconds.
✔ Test invalidKnightVictimCannotConsumeOrPartiallyApply(fixture:) with 16 test cases passed after 4.116 seconds.
✔ Test aHexYourBuildingsDoNotTouchCannotBeDeployedTo() passed after 4.116 seconds.
✔ Test duplicateOfferIDIsExcludedRejectedAndNeverMutates() passed after 4.116 seconds.
✔ Test cityRequiresExistingOwnSettlement() passed after 4.116 seconds.
✔ Test theAccessorAgreesWithTheSessionsOwnNotionOfWhoActs() passed after 4.116 seconds.
✔ Test armyCardsRunFromOneToFourSoTribesAreHardToBreak() passed after 4.116 seconds.
◇ Test case passing 1 argument version → 1 to validationRetainsThreeRemainingOnlyForLegacyMatches(version:) started.
◇ Test case passing 1 argument version → 2 to validationRetainsThreeRemainingOnlyForLegacyMatches(version:) started.
◇ Test case passing 1 argument version → 3 to validationRetainsThreeRemainingOnlyForLegacyMatches(version:) started.
✔ Test legalMovesEnumeratesDiscardCombinationsForEachPendingPlayer() passed after 4.135 seconds.
◇ Test case passing 1 argument target → 0 to invalidDestinationsLeaveMovementFogAndRandomnessUnchanged(target:) started.
◇ Test case passing 1 argument target → 1 to invalidDestinationsLeaveMovementFogAndRandomnessUnchanged(target:) started.
◇ Test case passing 1 argument target → 2 to invalidDestinationsLeaveMovementFogAndRandomnessUnchanged(target:) started.
◇ Test case passing 1 argument target → 3 to invalidDestinationsLeaveMovementFogAndRandomnessUnchanged(target:) started.
◇ Test case passing 1 argument version → 1 to savedAllowanceSurvivesPurchaseSailingCaptureAndTurnRefresh(version:) started.
◇ Test case passing 1 argument version → 2 to savedAllowanceSurvivesPurchaseSailingCaptureAndTurnRefresh(version:) started.
◇ Test case passing 1 argument version → 3 to savedAllowanceSurvivesPurchaseSailingCaptureAndTurnRefresh(version:) started.
◇ Test case passing 1 argument version → 1 to legacySailingReplaysThreeOriginalAdjacentActions(version:) started.
◇ Test case passing 1 argument version → 2 to legacySailingReplaysThreeOriginalAdjacentActions(version:) started.
✔ Test roadBuildingBuildsTwoFreeRoads() passed after 4.452 seconds.
✔ Test setupPhaseFollowsSnakeOrder() passed after 4.452 seconds.
✔ Test tileCountFollowsTheHexFormulaAtEveryRadius() passed after 4.452 seconds.
✔ Test aSeatWithNoPolicyStopsTheLoop() passed after 4.452 seconds.
✔ Test settlementNotTouchingTheRolledTileGetsNothing() passed after 4.452 seconds.
✔ Test anUnsupportedTargetIsRefused() passed after 4.452 seconds.
✔ Test expandedDiscardThresholdIsTenNotSeven() passed after 4.452 seconds.
✔ Test wrongTurnMoveIsRejected() passed after 4.452 seconds.
✔ Test deployingOnYourOwnHexReinforcesIt() passed after 4.452 seconds.
✔ Test classicDiscardThresholdIsStillSeven() passed after 4.452 seconds.
✔ Test standardBoardHasNoAdjacentSixOrEight() passed after 4.452 seconds.
✔ Test conquestDoesNotChangeTheDevDeckOrDiceSeedOfTheSameSeed() passed after 4.480 seconds.
✔ Test playingMonopolyBeforeRollingStillRequiresTheRoll() passed after 4.491 seconds.
✔ Test numbersThatAreNotOnTheBoardProduceNothing() passed after 4.490 seconds.
✔ Test aTargetSurvivesASaveAndReload() passed after 4.491 seconds.
✔ Test aWinningMoveReportsTheWinExactlyOnce() passed after 4.490 seconds.
✔ Test aCompositionExpandsToExactlyTheDeclaredCounts() passed after 4.491 seconds.
◇ Test case passing 1 argument fixture → EngineFairnessCase(mode: CatanEngine.GameMode.classic, variant: CatanEngine.GameVariant.standard, seat: 0) to requiredRobberyAndDiscardHaveControllerParity(fixture:) started.
◇ Test case passing 1 argument fixture → EngineFairnessCase(mode: CatanEngine.GameMode.classic, variant: CatanEngine.GameVariant.standard, seat: 1) to requiredRobberyAndDiscardHaveControllerParity(fixture:) started.
◇ Test case passing 1 argument fixture → EngineFairnessCase(mode: CatanEngine.GameMode.classic, variant: CatanEngine.GameVariant.standard, seat: 2) to requiredRobberyAndDiscardHaveControllerParity(fixture:) started.
◇ Test case passing 1 argument fixture → EngineFairnessCase(mode: CatanEngine.GameMode.classic, variant: CatanEngine.GameVariant.standard, seat: 3) to requiredRobberyAndDiscardHaveControllerParity(fixture:) started.
◇ Test case passing 1 argument fixture → EngineFairnessCase(mode: CatanEngine.GameMode.classic, variant: CatanEngine.GameVariant.conquest, seat: 0) to requiredRobberyAndDiscardHaveControllerParity(fixture:) started.
◇ Test case passing 1 argument fixture → EngineFairnessCase(mode: CatanEngine.GameMode.classic, variant: CatanEngine.GameVariant.conquest, seat: 1) to requiredRobberyAndDiscardHaveControllerParity(fixture:) started.
◇ Test case passing 1 argument fixture → EngineFairnessCase(mode: CatanEngine.GameMode.classic, variant: CatanEngine.GameVariant.conquest, seat: 2) to requiredRobberyAndDiscardHaveControllerParity(fixture:) started.
◇ Test case passing 1 argument fixture → EngineFairnessCase(mode: CatanEngine.GameMode.classic, variant: CatanEngine.GameVariant.conquest, seat: 3) to requiredRobberyAndDiscardHaveControllerParity(fixture:) started.
◇ Test case passing 1 argument fixture → EngineFairnessCase(mode: CatanEngine.GameMode.vast, variant: CatanEngine.GameVariant.standard, seat: 0) to requiredRobberyAndDiscardHaveControllerParity(fixture:) started.
◇ Test case passing 1 argument fixture → EngineFairnessCase(mode: CatanEngine.GameMode.vast, variant: CatanEngine.GameVariant.standard, seat: 1) to requiredRobberyAndDiscardHaveControllerParity(fixture:) started.
◇ Test case passing 1 argument fixture → EngineFairnessCase(mode: CatanEngine.GameMode.vast, variant: CatanEngine.GameVariant.standard, seat: 2) to requiredRobberyAndDiscardHaveControllerParity(fixture:) started.
◇ Test case passing 1 argument fixture → EngineFairnessCase(mode: CatanEngine.GameMode.vast, variant: CatanEngine.GameVariant.standard, seat: 3) to requiredRobberyAndDiscardHaveControllerParity(fixture:) started.
◇ Test case passing 1 argument fixture → EngineFairnessCase(mode: CatanEngine.GameMode.vast, variant: CatanEngine.GameVariant.conquest, seat: 0) to requiredRobberyAndDiscardHaveControllerParity(fixture:) started.
◇ Test case passing 1 argument fixture → EngineFairnessCase(mode: CatanEngine.GameMode.vast, variant: CatanEngine.GameVariant.conquest, seat: 1) to requiredRobberyAndDiscardHaveControllerParity(fixture:) started.
◇ Test case passing 1 argument fixture → EngineFairnessCase(mode: CatanEngine.GameMode.vast, variant: CatanEngine.GameVariant.conquest, seat: 2) to requiredRobberyAndDiscardHaveControllerParity(fixture:) started.
◇ Test case passing 1 argument fixture → EngineFairnessCase(mode: CatanEngine.GameMode.vast, variant: CatanEngine.GameVariant.conquest, seat: 3) to requiredRobberyAndDiscardHaveControllerParity(fixture:) started.
✔ Test devCardsBoughtThisTurnBecomePlayableAfterEndTurn() passed after 4.542 seconds.
◇ Test case passing 1 argument fixture → EngineFairnessCase(mode: CatanEngine.GameMode.classic, variant: CatanEngine.GameVariant.standard, seat: 0) to humanAndPolicyApplyTheSameLegalCardMoves(fixture:) started.
◇ Test case passing 1 argument fixture → EngineFairnessCase(mode: CatanEngine.GameMode.classic, variant: CatanEngine.GameVariant.standard, seat: 1) to humanAndPolicyApplyTheSameLegalCardMoves(fixture:) started.
◇ Test case passing 1 argument fixture → EngineFairnessCase(mode: CatanEngine.GameMode.classic, variant: CatanEngine.GameVariant.standard, seat: 2) to humanAndPolicyApplyTheSameLegalCardMoves(fixture:) started.
◇ Test case passing 1 argument fixture → EngineFairnessCase(mode: CatanEngine.GameMode.classic, variant: CatanEngine.GameVariant.standard, seat: 3) to humanAndPolicyApplyTheSameLegalCardMoves(fixture:) started.
◇ Test case passing 1 argument fixture → EngineFairnessCase(mode: CatanEngine.GameMode.classic, variant: CatanEngine.GameVariant.conquest, seat: 0) to humanAndPolicyApplyTheSameLegalCardMoves(fixture:) started.
◇ Test case passing 1 argument fixture → EngineFairnessCase(mode: CatanEngine.GameMode.classic, variant: CatanEngine.GameVariant.conquest, seat: 1) to humanAndPolicyApplyTheSameLegalCardMoves(fixture:) started.
◇ Test case passing 1 argument fixture → EngineFairnessCase(mode: CatanEngine.GameMode.classic, variant: CatanEngine.GameVariant.conquest, seat: 2) to humanAndPolicyApplyTheSameLegalCardMoves(fixture:) started.
◇ Test case passing 1 argument fixture → EngineFairnessCase(mode: CatanEngine.GameMode.classic, variant: CatanEngine.GameVariant.conquest, seat: 3) to humanAndPolicyApplyTheSameLegalCardMoves(fixture:) started.
◇ Test case passing 1 argument fixture → EngineFairnessCase(mode: CatanEngine.GameMode.vast, variant: CatanEngine.GameVariant.standard, seat: 0) to humanAndPolicyApplyTheSameLegalCardMoves(fixture:) started.
◇ Test case passing 1 argument fixture → EngineFairnessCase(mode: CatanEngine.GameMode.vast, variant: CatanEngine.GameVariant.standard, seat: 1) to humanAndPolicyApplyTheSameLegalCardMoves(fixture:) started.
◇ Test case passing 1 argument fixture → EngineFairnessCase(mode: CatanEngine.GameMode.vast, variant: CatanEngine.GameVariant.standard, seat: 2) to humanAndPolicyApplyTheSameLegalCardMoves(fixture:) started.
◇ Test case passing 1 argument fixture → EngineFairnessCase(mode: CatanEngine.GameMode.vast, variant: CatanEngine.GameVariant.standard, seat: 3) to humanAndPolicyApplyTheSameLegalCardMoves(fixture:) started.
◇ Test case passing 1 argument fixture → EngineFairnessCase(mode: CatanEngine.GameMode.vast, variant: CatanEngine.GameVariant.conquest, seat: 0) to humanAndPolicyApplyTheSameLegalCardMoves(fixture:) started.
◇ Test case passing 1 argument fixture → EngineFairnessCase(mode: CatanEngine.GameMode.vast, variant: CatanEngine.GameVariant.conquest, seat: 1) to humanAndPolicyApplyTheSameLegalCardMoves(fixture:) started.
◇ Test case passing 1 argument fixture → EngineFairnessCase(mode: CatanEngine.GameMode.vast, variant: CatanEngine.GameVariant.conquest, seat: 2) to humanAndPolicyApplyTheSameLegalCardMoves(fixture:) started.
◇ Test case passing 1 argument fixture → EngineFairnessCase(mode: CatanEngine.GameMode.vast, variant: CatanEngine.GameVariant.conquest, seat: 3) to humanAndPolicyApplyTheSameLegalCardMoves(fixture:) started.
◇ Test case passing 1 argument fixture → EngineFairnessCase(mode: CatanEngine.GameMode.classic, variant: CatanEngine.GameVariant.standard, seat: 0) to wrongSeatCannotPlayAndNeitherCommitPathMutates(fixture:) started.
◇ Test case passing 1 argument fixture → EngineFairnessCase(mode: CatanEngine.GameMode.classic, variant: CatanEngine.GameVariant.standard, seat: 1) to wrongSeatCannotPlayAndNeitherCommitPathMutates(fixture:) started.
◇ Test case passing 1 argument fixture → EngineFairnessCase(mode: CatanEngine.GameMode.classic, variant: CatanEngine.GameVariant.standard, seat: 2) to wrongSeatCannotPlayAndNeitherCommitPathMutates(fixture:) started.
◇ Test case passing 1 argument fixture → EngineFairnessCase(mode: CatanEngine.GameMode.classic, variant: CatanEngine.GameVariant.standard, seat: 3) to wrongSeatCannotPlayAndNeitherCommitPathMutates(fixture:) started.
◇ Test case passing 1 argument fixture → EngineFairnessCase(mode: CatanEngine.GameMode.classic, variant: CatanEngine.GameVariant.conquest, seat: 0) to wrongSeatCannotPlayAndNeitherCommitPathMutates(fixture:) started.
◇ Test case passing 1 argument fixture → EngineFairnessCase(mode: CatanEngine.GameMode.classic, variant: CatanEngine.GameVariant.conquest, seat: 1) to wrongSeatCannotPlayAndNeitherCommitPathMutates(fixture:) started.
◇ Test case passing 1 argument fixture → EngineFairnessCase(mode: CatanEngine.GameMode.classic, variant: CatanEngine.GameVariant.conquest, seat: 2) to wrongSeatCannotPlayAndNeitherCommitPathMutates(fixture:) started.
◇ Test case passing 1 argument fixture → EngineFairnessCase(mode: CatanEngine.GameMode.classic, variant: CatanEngine.GameVariant.conquest, seat: 3) to wrongSeatCannotPlayAndNeitherCommitPathMutates(fixture:) started.
◇ Test case passing 1 argument fixture → EngineFairnessCase(mode: CatanEngine.GameMode.vast, variant: CatanEngine.GameVariant.standard, seat: 0) to wrongSeatCannotPlayAndNeitherCommitPathMutates(fixture:) started.
◇ Test case passing 1 argument fixture → EngineFairnessCase(mode: CatanEngine.GameMode.vast, variant: CatanEngine.GameVariant.standard, seat: 1) to wrongSeatCannotPlayAndNeitherCommitPathMutates(fixture:) started.
◇ Test case passing 1 argument fixture → EngineFairnessCase(mode: CatanEngine.GameMode.vast, variant: CatanEngine.GameVariant.standard, seat: 2) to wrongSeatCannotPlayAndNeitherCommitPathMutates(fixture:) started.
◇ Test case passing 1 argument fixture → EngineFairnessCase(mode: CatanEngine.GameMode.vast, variant: CatanEngine.GameVariant.standard, seat: 3) to wrongSeatCannotPlayAndNeitherCommitPathMutates(fixture:) started.
◇ Test case passing 1 argument fixture → EngineFairnessCase(mode: CatanEngine.GameMode.vast, variant: CatanEngine.GameVariant.conquest, seat: 0) to wrongSeatCannotPlayAndNeitherCommitPathMutates(fixture:) started.
◇ Test case passing 1 argument fixture → EngineFairnessCase(mode: CatanEngine.GameMode.vast, variant: CatanEngine.GameVariant.conquest, seat: 1) to wrongSeatCannotPlayAndNeitherCommitPathMutates(fixture:) started.
◇ Test case passing 1 argument fixture → EngineFairnessCase(mode: CatanEngine.GameMode.vast, variant: CatanEngine.GameVariant.conquest, seat: 2) to wrongSeatCannotPlayAndNeitherCommitPathMutates(fixture:) started.
◇ Test case passing 1 argument fixture → EngineFairnessCase(mode: CatanEngine.GameMode.vast, variant: CatanEngine.GameVariant.conquest, seat: 3) to wrongSeatCannotPlayAndNeitherCommitPathMutates(fixture:) started.
✔ Test yearOfPlentyWithSameResourceTwiceDoesNotCrash() passed after 4.891 seconds.
✔ Test deployingCardsNotHeldIsRefusedWithoutMutation() passed after 4.892 seconds.
✔ Test multipleDemandingPlayersGetNothingWhenBankCannotCoverAll() passed after 4.891 seconds.
✔ Test fullSetupSequenceEndsAtRollDiceForPlayerZero() passed after 4.893 seconds.
✔ Test aFullyOwnedGameRunsToCompletion() passed after 4.900 seconds.
✔ Test serializedSessionResumesTheSameDecisionsWithoutRestartingPolicyRandomness() passed after 4.895 seconds.
✔ Test impossibleChoiceObligationsAreRejected(corruption:) with 9 test cases passed after 4.892 seconds.
✔ Test soleDemandingPlayerGetsWhateverBankHasLeft() passed after 4.892 seconds.
✔ Test derivedPortsSitOnDistinctCoastalEdgesOfTheBoard() passed after 4.892 seconds.
◇ Test case passing 1 argument family → .archipelago to togglesPreserveWorldAndRandomStream(family:) started.
◇ Test case passing 1 argument family → .peninsula to togglesPreserveWorldAndRandomStream(family:) started.
◇ Test case passing 1 argument family → .twinIslands to togglesPreserveWorldAndRandomStream(family:) started.
NAVAL DETERMINISM FINGERPRINT 9763491777621528290
◇ Test case passing 1 argument family → .archipelago to seededWorldStudy(family:) started.
◇ Test case passing 1 argument family → .peninsula to seededWorldStudy(family:) started.
◇ Test case passing 1 argument family → .twinIslands to seededWorldStudy(family:) started.
◇ Test case passing 1 argument family → .archipelago to sameFamilyFallbackIsValidForEitherProductionOption(family:) started.
◇ Test case passing 1 argument family → .peninsula to sameFamilyFallbackIsValidForEitherProductionOption(family:) started.
◇ Test case passing 1 argument family → .twinIslands to sameFamilyFallbackIsValidForEitherProductionOption(family:) started.
✔ Test aFreshGameCarriesTheCurrentSchemaVersion() passed after 6.357 seconds.
✔ Test robberTileProducesNothing() passed after 6.357 seconds.
✔ Test deployMovesOfferEveryCardSetOnEveryReachableHex() passed after 6.357 seconds.
✔ Test aThreeSeatGameHasThreeSeats() passed after 6.357 seconds.
◇ Test case passing 1 argument table → 3 to shipsPayExactCostSailAndRefresh(table:) started.
◇ Test case passing 1 argument table → 4 to shipsPayExactCostSailAndRefresh(table:) started.
✔ Test captureRequiresElevenButAResolvedElevenHasNoPendingCapture() passed after 7.118 seconds.
✔ Test fastSearchAgreesWithTheExhaustiveOneAtThePlayableRoadCap() passed after 7.132 seconds.
✔ Test everyPartialChoiceAndClockwiseSuffixSurvivesColdCheckpoint() passed after 7.119 seconds.
✔ Test robberBlockedHarvestNeverExposesProgress() passed after 7.117 seconds.
✔ Test externalEndTurnCancelsCachedReply() passed after 7.329 seconds.
✔ Test rejectedChoiceCannotAdvanceProgressAndBankExhaustionRetiresIt() passed after 7.328 seconds.
✔ Test producingBuildingsRemainDistinct(kind:) with 4 test cases passed after 7.328 seconds.
✔ Test monopolySurvivesCheckpointRoundTrip(external:) with 2 test cases passed after 7.328 seconds.
✔ Test positionOnlyZeroHoldingsSurviveCheckpointRoundTrip(oreCount:) with 2 test cases passed after 7.328 seconds.
✔ Test noCompositionWhenProposingIsNotAllowed() passed after 7.320 seconds.
✔ Test jakesBundleForTheCityIsPermitted() passed after 7.320 seconds.
✔ Test aSessionAcceptsAndTablesAPermittedComposedOffer() passed after 7.320 seconds.
✔ Test partialCityHarvestKeepsItsOriginalYieldAcrossColdCheckpoint() passed after 7.328 seconds.
✔ Test aComposedOfferMustCarryItsContentDerivedID() passed after 7.320 seconds.
✔ Test malformedOrExcessiveCompositionsAreRefused() passed after 7.320 seconds.
✔ Test externalBankSpendRefreshesCachedObservationWithoutRandomDraws() passed after 7.330 seconds.
✔ Test externalProposalQueuesAndExternalConsumptionClearsResponse() passed after 7.330 seconds.
✔ Test foundedIslandCanExpandInlandByRoadAfterItsShipLeaves() passed after 7.317 seconds.
✔ Test inlandPaidSettlementRequiresOwnRoadAndShipDoesNotSubstitute() passed after 7.318 seconds.
✔ Test robberBlocksFlexibleProductionAndNeverTargetsFogOrShips() passed after 7.328 seconds.
✔ Test foundingNeedsAnOwnedShipAtThatExactCoastalCorner() passed after 7.317 seconds.
✔ Test resumedSetupOffersInlandSitesWithoutChangingSavedVision(version:) with 2 test cases passed after 7.317 seconds.
✔ Test unavailableChoicesAreRejectedAndEmptyBankExpiresObligations() passed after 7.328 seconds.
✔ Test citiesChooseTwoUnitsClockwiseAfterFixedProduction() passed after 7.328 seconds.
✔ Test bothOpeningSettlementsCanBeInland(family:count:) with 6 test cases passed after 7.317 seconds.
✔ Test fundedRejectionAndUnfundedWillingnessNeverReduceTheHumansChance() passed after 6.647 seconds.
✔ Test coldPendingCheckpointResolvesIdenticallyAndOrdinaryResponseReplaysExactly() passed after 6.647 seconds.
✔ Test humanProposalsAndOrdinaryAutomatedQueueKeepTheirSelectedRecipient() passed after 6.647 seconds.
✔ Test alreadyQueuedReplyIsReusedAndReportedOnce() passed after 6.647 seconds.
✔ Test inlandOpeningIsLegalWithEitherFogSetting(family:fog:) with 6 test cases passed after 7.317 seconds.
✔ Test bankDraftChecksEachResourcesOwnRateInACompoundTrade() passed after 6.627 seconds.
✔ Test historicalOverlappingDomesticTradesStillApplyAndReplay(_:) with 2 test cases passed after 6.626 seconds.
✔ Test overlapPrecedesStableResourceOrderForBundleErrorsWithoutMutatingState() passed after 6.626 seconds.
✔ Test bankDraftNamesTheRequiredBundleAtThePlayersActualPortRate(_:) with 3 test cases passed after 6.625 seconds.
✔ Test clearDraftConstraintsAreNotPermissionToCommit() passed after 6.625 seconds.
✔ Test sameResourceIsExcludedInEitherDraftMode(_:) with 2 test cases passed after 6.625 seconds.
✔ Test sameResourceBankTradeIsRejectedWithoutMutation(rate:quantity:) with 6 test cases passed after 6.624 seconds.
✔ Test setupStillCannotSkipToAnOverseasIslandOrIgnoreDistance() passed after 7.317 seconds.
✔ Test disjointCompoundBankTradeStillAppliesAtEachResourcesRate(rate:) with 3 test cases passed after 6.624 seconds.
✔ Test randomLegalPlayReachesGameOverWithoutErrors() passed after 7.333 seconds.
✔ Test mixedBankTradesWithOverlapAreRejectedWithoutMutation(rate:) with 3 test cases passed after 6.624 seconds.
✔ Test emptyAndNonpositiveBankTradesAreRejectedWithoutMutation() passed after 6.624 seconds.
✔ Test threeAcceptingRecipientsAllParticipateWithoutChangingEngineRandomness() passed after 6.647 seconds.
✔ Test twoAcceptingRecipientsHaveEqualOddsInEveryHumanChair(playerCount:) with 2 test cases passed after 6.647 seconds.
✔ Test competitorsReceiveMaskedNavalObservations() passed after 6.647 seconds.
✔ Test unsupportedNavalVisionVersionsRemainRejected(version:) with 3 test cases passed after 6.624 seconds.
✔ Test versionOnePreservesNilVictimRobberHistory() passed after 6.623 seconds.
✔ Test versionOnePreservesNilVictimKnightHistory(beforeRoll:) with 2 test cases passed after 6.623 seconds.
✔ Test versionOnePreservesPartialYearOfPlentyHistory() passed after 6.623 seconds.
✔ Test unsupportedRulesVersionCannotMutateAReplay() passed after 6.623 seconds.
✔ Test versionOneStillReplaysAnExplicitRobberVictimExactly() passed after 6.623 seconds.
✔ Test legacyNavalOneReplaysItsOriginalExactRevealUnderEveryEngineVersion(engineVersion:) with 3 test cases passed after 6.624 seconds.
✔ Test ordinaryMovesReplayUnderEverySupportedVersion(rulesVersion:) with 2 test cases passed after 6.623 seconds.
✔ Test newGamesUseCornerVisionWithoutChangingOpeningMapOrEngineVersions() passed after 6.624 seconds.
✔ Test fogDisabledRetainsTheEntireWorldUnderEitherVisionRule(version:) with 3 test cases passed after 6.624 seconds.
✔ Test chartedPortNeedsAnOwnedBuildingAndPreservesActualBankRates(kind:) with 3 test cases passed after 6.618 seconds.
✔ Test concealedTerrainAndPortsCannotChangeChartedHarbors() passed after 6.618 seconds.
✔ Test openingChartsHomeHarborsWithoutDiscoveringTheirSea(family:) with 3 test cases passed after 6.618 seconds.
✔ Test discoveringAnOverseasCoastChartsItsHarborWhileOtherHexesStayFogged() passed after 6.618 seconds.
✔ Test rejectsQueuedResponseWithoutActorPolicy() passed after 6.558 seconds.
✔ Test rejectsUnsupportedStateSchema(version:) with 2 test cases passed after 6.555 seconds.
✔ Test firstPlacementAndRoadArePlayable(family:) with 3 test cases passed after 6.615 seconds.
✔ Test rejectsCurrentTurnSeatWithoutActions() passed after 6.555 seconds.
✔ Test acceptsCheckpointAtTurnBackstop() passed after 6.555 seconds.
✔ Test aMissingNavalVersionAlwaysDecodesAsLegacyOneWithoutRefogging() passed after 6.624 seconds.
✔ Test rejectsActionsBeyondTurnBackstop(actions:) with 2 test cases passed after 6.555 seconds.
✔ Test rejectsQueuedResponseWithoutPendingOffer() passed after 6.555 seconds.
✔ Test rejectsCountersThatCannotAdvanceWithoutOverflow(field:) with 2 test cases passed after 6.555 seconds.
✔ Test rejectsInvalidCurrentTurnSeat(index:) with 2 test cases passed after 6.555 seconds.
✔ Test legitimateDecodedSnapshotsResume() passed after 6.555 seconds.
✔ Test rejectsChangedPolicyRosterAfterDecoding() passed after 6.553 seconds.
✔ Test rejectsQueuedNonResponseMove() passed after 6.555 seconds.
✔ Test rejectsQueuedResponseToUnknownOffer() passed after 6.555 seconds.
✔ Test rejectsNegativeCounters(field:) with 2 test cases passed after 6.555 seconds.
✔ Test rejectsInvalidQueuedResponseActor(index:) with 2 test cases passed after 6.553 seconds.
✔ Test rejectsZeroEvaluationsWithQueuedDecision() passed after 6.553 seconds.
✔ Test rejectsQueuedEvaluationOutsideRecordedRange(index:) with 3 test cases passed after 6.553 seconds.
✔ Test rejectsUnsupportedCheckpointVersion(version:) with 3 test cases passed after 6.553 seconds.
✔ Test rejectsInvalidPhasePlayerIndex(phase:index:) with 10 test cases passed after 6.553 seconds.
✔ Test rejectsQueuedResponseFromProposer() passed after 6.553 seconds.
✔ Test rejectsActionsWithoutACurrentTurnSeat() passed after 6.553 seconds.
✔ Test publicTranscriptHidesUninvolvedTheftIdentity() passed after 6.552 seconds.
✔ Test coldCheckpointKeepsItsVisionRuleAndPreviouslyDiscoveredTiles(version:) with 3 test cases passed after 6.624 seconds.
✔ Test responseOnlyInformationDoesNotExposePrivateComposition(fog:flexible:) with 4 test cases passed after 6.544 seconds.
✔ Test terminalOfferDoesNotRequestAnotherDecision(restoration:) with 2 test cases passed after 6.522 seconds.
✔ Test previousPublicDiscoveriesStayVisibleAndRepeatedDiscoveryProducesNoEvent() passed after 6.427 seconds.
✔ Test shipVisionRetainsItsNineteenHexFootprintAndSixCardinalBoundaries(origin:) with 2 test cases passed after 6.427 seconds.
✔ Test terrainDoesNotChangeTheCornerOriginOrDiscoveryEvents(rotation:landMask:) with 42 test cases passed after 6.427 seconds.
✔ Test aLiveHumanOfferStillQueuesAndAppliesAPolicyResponse() passed after 6.522 seconds.
✔ Test theCompleteCanonicalCornerIncludesSeaAndOffEnvelopeCoordinates() passed after 6.426 seconds.
✔ Test cornerFootprintIsCenteredSymmetricAndHasExactCutoff(rotation:origin:) with 12 test cases passed after 6.426 seconds.
✔ Test humanAndBotsWithDifferentPolicyDrawCountsGetIdenticalDice(fixture:) with 16 test cases passed after 6.221 seconds.
✔ Test decodedRawInputMasksAndKeepsCounts(fog:flexible:) with 4 test cases passed after 6.553 seconds.
✔ Test diceMatchTwoUnweightedDrawsRegardlessOfSeatOrHand(fixture:) with 16 test cases passed after 6.211 seconds.
✔ Test anUnauthorizedRollCannotAdvanceTheRandomSequence(fixture:) with 16 test cases passed after 6.210 seconds.
✔ Test unobservedWorldAndFutureRandomnessDoNotChangeAnObservation() passed after 6.553 seconds.
✔ Test choosingAMoveDoesNotAdvanceEngineDiceAndResumePreservesThem(fixture:) with 16 test cases passed after 6.210 seconds.
✔ Test observationsMaskGeographyAndPrivateCardsWithoutLosingPublicCounts() passed after 6.553 seconds.
✔ Test invalidDestinationsLeaveMovementFogAndRandomnessUnchanged(target:) with 4 test cases passed after 5.931 seconds.
✔ Test geometricRangeCannotCrossKnownLand() passed after 5.931 seconds.
✔ Test oneHexVoyageRetainsOneHexAndCannotThenReachTwo() passed after 5.926 seconds.
✔ Test legacySailingReplaysThreeOriginalAdjacentActions(version:) with 2 test cases passed after 5.927 seconds.
✔ Test concealedKindsCannotChangeRecomputedRoutesMasksOrObservations() passed after 5.927 seconds.
✔ Test theBoardIsSixtyOneTilesWithThreeDeserts() passed after 5.916 seconds.
✔ Test thePieceLimitsAloneCanReachTheTarget() passed after 5.916 seconds.
✔ Test brickAndOreStayScarcerThanTheOtherThree() passed after 5.916 seconds.
✔ Test theBoardHasOneHundredFiftyVertices() passed after 5.916 seconds.
✔ Test theRulesetIsPlayable() passed after 5.916 seconds.
✔ Test theDeckIsNotRequiredToReachTheTarget() passed after 5.916 seconds.
✔ Test validationRetainsThreeRemainingOnlyForLegacyMatches(version:) with 3 test cases passed after 5.940 seconds.
✔ Test requiredRobberyAndDiscardHaveControllerParity(fixture:) with 16 test cases passed after 5.910 seconds.
✔ Test theTokenSpreadIsSymmetricAboutSeven() passed after 5.916 seconds.
✔ Test thePortsCoverThreeGenericsPerFiveAndEveryResourceTwice() passed after 5.916 seconds.
✔ Test boardsAreDeterministicForOneSeed() passed after 5.916 seconds.
✔ Test twoHexVoyageUsesCanonicalRouteAndRevealsIntermediateSight() passed after 5.926 seconds.
✔ Test savedAllowanceSurvivesPurchaseSailingCaptureAndTurnRefresh(version:) with 3 test cases passed after 5.929 seconds.
✔ Test aCommittedTwoHexVoyageSurvivesColdCheckpointAndContinuesExactly() passed after 5.927 seconds.
✔ Test humanAndPolicyApplyTheSameLegalCardMoves(fixture:) with 16 test cases passed after 5.908 seconds.
✔ Test wrongSeatCannotPlayAndNeitherCommitPathMutates(fixture:) with 16 test cases passed after 5.908 seconds.
✔ Test mapFingerprintsRemainStableAcrossTestProcesses() passed after 6.617 seconds.
✔ Test shipsPayExactCostSailAndRefresh(table:) with 2 test cases passed after 5.384 seconds.
✔ Test shipsCannotTeleportCrossLandOrMoveForAnotherSeat() passed after 5.384 seconds.
✔ Test stockBelongsToBuilderAndSeaHexesAllowStacking() passed after 5.384 seconds.
✔ Test captureIsGlobalOptionalAndLastsUntilRecapture() passed after 5.384 seconds.
✔ Test proposeAndAcceptTradeSwapsCardsBetweenPlayers() passed after 5.373 seconds.
✔ Test bankTradeRejectsNegativeGetAmount() passed after 5.373 seconds.
✔ Test rulesEngineAllowsNonActivePlayerToRespondToTrade() passed after 5.373 seconds.
✔ Test acceptFailsIfProposerNoLongerHoldsGiveCards() passed after 5.373 seconds.
✔ Test respondRejectsWhenResponderIsProposer() passed after 5.373 seconds.
✔ Test endTurnClearsDeclinedTradeHistory() passed after 5.373 seconds.
✔ Test proposeAndRejectLeavesResourcesUntouched() passed after 5.373 seconds.
✔ Test legalMovesExcludesAcceptWhenProposerNoLongerAffordsGiveCards() passed after 5.373 seconds.
✔ Test rulesEngineAppliesProposeTrade() passed after 5.373 seconds.
✔ Test bankTradeRejectedWhenRatioWrong() passed after 5.373 seconds.
✔ Test bankTradeRejectsNegativeGiveAmount() passed after 5.373 seconds.
✔ Test rulesEngineStillRejectsUnrelatedOutOfTurnMoves() passed after 5.373 seconds.
✔ Test decliningATradeRecordsItAgainstTheProposer() passed after 5.373 seconds.
✔ Test legalMovesIncludeGiveCountsUpToTheGenerousCeiling() passed after 5.373 seconds.
✔ Test twoToOneBankTradeWithMatchingResourcePort() passed after 5.373 seconds.
✔ Test bankTradeRejectedWhenBankLacksResource() passed after 5.373 seconds.
✔ Test threeToOneBankTradeWithGenericPort() passed after 5.373 seconds.
✔ Test endTurnClearsTradesAcceptedThisTurn() passed after 5.373 seconds.
✔ Test acceptingATradeIncrementsTheProposersAcceptedCountAndRejectingDoesNot() passed after 5.373 seconds.
✔ Test fourToOneBankTradeWithNoPort() passed after 5.373 seconds.
✔ Test proposeTradeFailsIfProposerLacksGiveCards() passed after 5.373 seconds.
✔ Test rulesEngineAppliesBankTrade() passed after 5.373 seconds.
✔ Test acceptFailsIfResponderLacksWantedCards() passed after 5.373 seconds.
✔ Test legalMovesIncludesAcceptWhenBothSidesCanAfford() passed after 5.373 seconds.
✔ Test rulesEngineProposeTradeRejectsWrongProposer() passed after 5.373 seconds.
✔ Test proposeTradeRejectsNegativeAmounts() passed after 5.373 seconds.
✔ Test legalMovesExcludesAcceptWhenResponderCannotAffordWantedCards() passed after 5.373 seconds.
✔ Test aFloorSpentToZeroLeavesNoEntryBehind() passed after 4.953 seconds.
✔ Test theEncodedLedgerIsOrderedBySeat() passed after 4.953 seconds.
✔ Test aRollPayoutIsCountedExactly() passed after 4.953 seconds.
✔ Test equalLedgersEncodeIdentically() passed after 4.953 seconds.
✔ Test aStealLeavesTheVictimsCompositionUncertainButTheCountExact() passed after 4.953 seconds.
✔ Test aKnightStealIsMaskedTheSameWay() passed after 4.953 seconds.
✔ Test everyEventCarryingAPrivateDetailIsMaskedForABystander() passed after 4.953 seconds.
✔ Test landingRequiresSettlementBeforeRoadAndScoresDistinctIslands() passed after 5.384 seconds.
✔ Test monopolyEmptiesEveryOtherHandOfThatResource() passed after 4.953 seconds.
✔ Test theObserverAlwaysKnowsItsOwnHandExactly() passed after 4.953 seconds.
✔ Test aBuildSpendsExactlyWhatItCosts() passed after 4.953 seconds.
✔ Test aStealHidesTheResourceFromEveryoneButThiefAndVictim() passed after 4.953 seconds.
✔ Test aLedgerEqualsItselfAfterARoundTrip() passed after 4.953 seconds.
✔ Suite NavalPortCheckpointTests passed after 7.347 seconds.
✔ Suite NavalSaveTests passed after 7.347 seconds.
✔ Suite DevCardConservationTests passed after 7.347 seconds.
✔ Suite ExternalActionCheckpointTests passed after 7.347 seconds.
✔ Suite NavalProductionValidationTests passed after 7.347 seconds.
✔ Suite NavalHarvestProgressTests passed after 7.347 seconds.
✔ Suite NavalTradeCheckpointTests passed after 7.348 seconds.
✔ Suite PublicLedgerCheckpointTests passed after 7.347 seconds.
✔ Suite ComposedProposalTests passed after 7.348 seconds.
✔ Suite NavalSettlementScopeTests passed after 7.347 seconds.
✔ Suite NavalProductionTests passed after 7.348 seconds.
✔ Suite TradeCompetitionTests passed after 7.347 seconds.
✔ Suite TradeDraftConstraintTests passed after 7.347 seconds.
✔ Suite BankTradeResourceRuleTests passed after 7.347 seconds.
✔ Suite NavalVisibilityVersionTests passed after 7.347 seconds.
✔ Suite RulesVersionReplayTests passed after 7.347 seconds.
✔ Suite NavalPortVisibilityTests passed after 7.347 seconds.
✔ Suite SessionCheckpointValidationTests passed after 7.348 seconds.
✔ Suite NavalOpeningTests passed after 7.347 seconds.
✔ Suite NavalObservationTests passed after 7.347 seconds.
✔ Suite TerminalTradeBookkeepingTests passed after 7.347 seconds.
✔ Suite NavalCornerVisibilityTests passed after 7.347 seconds.
✔ Suite DiceFairnessTests passed after 7.347 seconds.
✔ Suite NavalSailingTests passed after 7.347 seconds.
✔ Suite VastBoardTests passed after 7.347 seconds.
✔ Suite EngineFairnessTests passed after 7.347 seconds.
✔ Suite NavalDeterminismTests passed after 7.348 seconds.
✔ Suite TradingTests passed after 7.347 seconds.
✔ Test aFirstColonyBonusCanCompleteTheFourteenPointWin() passed after 5.443 seconds.
✔ Suite NavalGameplayTests passed after 7.404 seconds.
✔ Test theKnownFloorNeverExceedsTheTruth() passed after 5.150 seconds.
✔ Suite PublicLedgerTests passed after 7.543 seconds.
✔ Test aRecordedMoveListReplaysToTheSameOutcome() passed after 7.781 seconds.
✔ Test sameFamilyFallbackIsValidForEitherProductionOption(family:) with 3 test cases passed after 6.526 seconds.
✔ Test expandedPieceSuppliesAreNeverExceededOverAFullGame() passed after 9.143 seconds.
✔ Test noPlayerEverExceedsTheirPieceSupply() passed after 9.906 seconds.
NAVAL MAP ECONOMY family=archipelago ["size7:production=15...29,landing=6...9"]
NAVAL MAP STUDY family=archipelago seeds=25 geometries=25 fallbacks=0 meanAttempts=2.92 minimumBestLandingPips=6 routeSteps=[(key: 1, value: 262), (key: 2, value: 484), (key: 3, value: 328), (key: 4, value: 277), (key: 5, value: 399), (key: 6, value: 324), (key: 7, value: 277), (key: 8, value: 399), (key: 9, value: 249), (key: 10, value: 1)]
✔ Test sameSeedProducesAnIdenticalGame() passed after 11.111 seconds.
NAVAL MAP ECONOMY family=twinIslands ["size3:production=8...14,landing=6...9", "size11:production=28...39,landing=7...9"]
NAVAL MAP STUDY family=twinIslands seeds=25 geometries=25 fallbacks=0 meanAttempts=2.92 minimumBestLandingPips=6 routeSteps=[(key: 1, value: 300), (key: 2, value: 436), (key: 3, value: 295), (key: 4, value: 342), (key: 5, value: 363), (key: 6, value: 295), (key: 7, value: 342), (key: 8, value: 363), (key: 9, value: 192), (key: 10, value: 72)]
NAVAL MAP ECONOMY family=peninsula ["size3:production=7...13,landing=6...9", "size4:production=9...16,landing=6...9", "size7:production=17...26,landing=6...9", "size14:production=38...53,landing=7...9"]
NAVAL MAP STUDY family=peninsula seeds=25 geometries=25 fallbacks=0 meanAttempts=4.16 minimumBestLandingPips=6 routeSteps=[(key: 1, value: 180), (key: 2, value: 501), (key: 3, value: 376), (key: 4, value: 279), (key: 5, value: 351), (key: 6, value: 370), (key: 7, value: 279), (key: 8, value: 351), (key: 9, value: 266), (key: 10, value: 47)]
✔ Test seededWorldStudy(family:) with 3 test cases passed after 9.512 seconds.
✔ Test anExpandedGamePlaysToTwentyFiveWithoutStalling() passed after 11.980 seconds.
✔ Test togglesPreserveWorldAndRandomStream(family:) with 3 test cases passed after 11.215 seconds.
✔ Suite NavalMapTests passed after 13.172 seconds.
✔ Test fastSearchAgreesWithTheExhaustiveOneOnManyRandomNetworks() passed after 18.028 seconds.
✔ Test run with 391 tests in 31 suites passed after 18.035 seconds.

[1m▸ CatanAI tests[0m
[0/1] Planning build
Building for debugging...
[0/17] Write swift-version--58304C5D6DBC2206.txt
[2/42] Compiling CatanEngine Board.swift
[3/42] Compiling CatanEngine BoardGeneration.swift
[4/42] Compiling CatanEngine BoardShape.swift
[5/42] Compiling CatanEngine Building.swift
[6/42] Compiling CatanEngine CatanEngine.swift
[7/42] Compiling CatanEngine Conquest.swift
[8/42] Compiling CatanEngine DevCards.swift
[9/42] Compiling CatanEngine DiceOdds.swift
[10/42] Compiling CatanEngine GameSession.swift
[11/42] Compiling CatanEngine LongestRoad.swift
[12/42] Compiling CatanEngine MainPhase.swift
[13/42] Compiling CatanEngine DevCardPlayStatus.swift
[14/42] Compiling CatanEngine DevCardType.swift
[15/42] Compiling CatanEngine EdgeID.swift
[16/42] Compiling CatanEngine GameEvent.swift
[17/42] Compiling CatanEngine GameMode.swift
[18/42] Compiling CatanEngine GamePhase.swift
[19/42] Compiling CatanEngine GameState.swift
[20/42] Compiling CatanEngine GameVariant.swift
[21/42] Compiling CatanEngine HexCoordinate.swift
[22/42] Compiling CatanEngine Move.swift
[23/42] Compiling CatanEngine Player.swift
[24/42] Compiling CatanEngine PlayerID.swift
[25/42] Compiling CatanEngine Port.swift
[26/42] Emitting module CatanEngine
[27/66] Compiling CatanEngine RandomSource.swift
[28/66] Compiling CatanEngine Resource.swift
[29/66] Compiling CatanEngine Tile.swift
[30/66] Compiling CatanEngine VertexID.swift
[31/66] Compiling CatanEngine Naval.swift
[32/66] Compiling CatanEngine NavalFallback.swift
[33/66] Compiling CatanEngine NavalMapGenerator.swift
[34/66] Compiling CatanEngine NavalMapValidation.swift
[35/66] Compiling CatanEngine NavalModels.swift
[36/66] Compiling CatanEngine NavalMoves.swift
[37/66] Compiling CatanEngine NavalPorts.swift
[38/66] Compiling CatanEngine NavalProduction.swift
[39/66] Compiling CatanEngine NavalSailing.swift
[40/66] Compiling CatanEngine NavalSightGeometry.swift
[41/66] Compiling CatanEngine NavalStateValidation.swift
[42/66] Compiling CatanEngine NavalTerrain.swift
[43/66] Compiling CatanEngine NavalVisibility.swift
[44/66] Compiling CatanEngine PublicLedger.swift
[45/66] Compiling CatanEngine Robber.swift
[46/66] Compiling CatanEngine RulesEngine.swift
[47/66] Compiling CatanEngine Ruleset.swift
[48/66] Compiling CatanEngine SetupPhase.swift
[49/66] Compiling CatanEngine Trading.swift
[50/66] Compiling CatanEngine WinCondition.swift
[51/92] Emitting module CatanAI
[52/92] Compiling CatanAI Bot.swift
[53/92] Compiling CatanAI BotPersonality.swift
[54/92] Compiling CatanAI BotWeights.swift
[55/92] Compiling CatanAI BuildPlanner.swift
[56/92] Compiling CatanAI CatanAI.swift
[57/92] Compiling CatanAI ConquestHeuristics.swift
[58/92] Compiling CatanAI DevCardHeuristics.swift
[59/92] Compiling CatanAI BoardIndex.swift
[60/92] Compiling CatanAI EvaluationPolicy.swift
[61/92] Compiling CatanAI EvaluationProjections.swift
[62/92] Compiling CatanAI EvaluationWeights.swift
[63/92] Compiling CatanAI ExpertRevision.swift
[64/92] Compiling CatanAI HandDiscipline.swift
[65/92] Compiling CatanAI PointCompletingCards.swift
[66/92] Compiling CatanAI PositionEvaluator.swift
[67/92] Compiling CatanAI TradeCascade.swift
[68/92] Compiling CatanAI TradeValuation.swift
[69/92] Compiling CatanAI CandidateScoring.swift
[70/92] Compiling CatanAI DecisionExtractor.swift
[71/92] Compiling CatanAI DecisionRecord.swift
[72/92] Compiling CatanAI GhostPolicy.swift
[73/92] Compiling CatanAI GhostProfile.swift
[74/92] Compiling CatanAI PersonFitter.swift
[75/92] Compiling CatanAI PersonModel.swift
[76/92] Compiling CatanAI SeatStats.swift
[77/116] Compiling CatanAI StyleFeatures.swift
[78/116] Compiling CatanAI GreedyPolicy.swift
[79/116] Compiling CatanAI HeuristicPolicy.swift
[80/116] Compiling CatanAI JointTradeResponsePolicy.swift
[81/116] Compiling CatanAI NavalCards.swift
[82/116] Compiling CatanAI NavalDecisionContext.swift
[83/116] Compiling CatanAI NavalEconomy.swift
[84/116] Compiling CatanAI NavalLandControl.swift
[85/116] Compiling CatanAI NavalNavigation.swift
[86/116] Compiling CatanAI NavalNavigationDiagnostics.swift
[87/116] Compiling CatanAI NavalPolicy.swift
[88/116] Compiling CatanAI NavalTrading.swift
[89/116] Compiling CatanAI PlacementHeuristics.swift
[90/116] Compiling CatanAI PlannerTradeEvaluator.swift
[91/116] Compiling CatanAI ProductionModel.swift
[92/116] Compiling CatanAI PlanningContext.swift
[93/116] Compiling CatanAI PolicyBehaviorMetrics.swift
[94/116] Compiling CatanAI RobberHeuristics.swift
[95/116] Compiling CatanAI ThreatAssessment.swift
[96/116] Compiling CatanAI TradeAssessment.swift
[97/116] Compiling CatanAI TradeHeuristics.swift
[98/116] Compiling CatanAI TradeMessages.swift
[99/116] Compiling CatanAI TradeRefusingPolicy.swift
[100/116] Compiling CatanAI TradeReviewContext.swift
[101/121] Emitting module trade_bench
[102/121] Compiling trade_bench main.swift
[103/125] Emitting module naval_sim
[104/128] Compiling sim main.swift
[105/128] Emitting module sim
[106/131] Compiling ghost LogFile.swift
[107/131] Compiling ghost Selftest.swift
[108/131] Compiling naval_sim EvaluationProtocol.swift
[111/131] Emitting module ghost
[112/133] Compiling ghost main.swift
[113/133] Compiling naval_sim Rendering.swift
[114/133] Compiling naval_sim main.swift
[115/135] Compiling ghost Strength.swift
[116/135] Write Objects.LinkFileList
[119/135] Emitting module arena
[120/135] Compiling arena main.swift
[120/135] Linking trade-bench
[121/135] Write Objects.LinkFileList
[122/135] Applying trade-bench
[123/135] Linking sim
[124/135] Write Objects.LinkFileList
[125/135] Applying sim
[126/135] Linking naval-sim
[127/135] Write Objects.LinkFileList
[128/135] Applying naval-sim
[129/135] Linking ghost
[130/135] Write Objects.LinkFileList
[131/135] Applying ghost
[132/135] Linking arena
[133/135] Applying arena
[134/135] Linking CatanAIPackageTests
Build complete! (8.25s)
Test Suite 'All tests' started at 2026-10-07 07:46:08.034.
Test Suite 'All tests' passed at 2026-10-07 07:46:08.035.
	 Executed 0 tests, with 0 failures (0 unexpected) in 0.000 (0.001) seconds
◇ Test run started.
↳ Testing Library Version: 1902
↳ Target Platform: arm64e-apple-macos14.0
◇ Suite NavalNavigationDiagnosticsTests started.
◇ Suite NavalSailingPolicyTests started.
◇ Suite GhostPersonModelTests started.
◇ Suite TradeAccountingBoundaryTests started.
◇ Test relativeWeightIsAboveOneForAnAboveAverageOpponent() started.
◇ Suite EvaluationTradeGainTests started.
◇ Test threeSeatGamesReachAWinner() started.
◇ Test pitchIsDeterministicForTheSameOfferID() started.
◇ Suite GhostSeatStatsTests started.
◇ Suite TradeContributionTests started.
◇ Suite JointTradeResponsePolicyTests started.
◇ Test botsOnlyGameReachesGameOverAcrossSeveralSeeds() started.
◇ Test silencingTheLeaderIsWorthMoreThanSilencingAnyoneElse() started.
◇ Suite ExpertRevisionTests started.
◇ Test cautiousBotAsksAPlayerBeforePayingTheBankWhileBalancedUsesTheBank() started.
◇ Suite NavalMixedSessionTests started.
◇ Suite HandDisciplineTests started.
◇ Suite GhostStyleFeaturesTests started.
◇ Test replacingStateRestoresAPendingBotResponse() started.
◇ Test theGreedyAnchorSitsBetweenRandomAndTheHeuristic() started.
◇ Test heuristicPolicyCarriesAnIdentifierNamingItsPersonality() started.
◇ Test bestBankTradeIsNilWhenNothingIsBlockingTheNearestBuild() started.
◇ Suite GhostCandidateScoringTests started.
◇ Suite EvaluationTradeRepeatTests started.
◇ Suite EvaluationCounterpartyTests started.
◇ Suite PositionEvaluatorTests started.
◇ Suite GhostDecisionExtractorTests started.
◇ Test choosePlayDoesNotRushLargestArmyAgainstAFarAheadHolderMidGame() started.
◇ Test everySupportedRulesConfigurationCompletesWithOnlyLegalMoves(game:) started.
◇ Suite TradeReviewContextTests started.
◇ Test longestRoadDefenseBonusAppliesWhenARivalIsCloseBehind() started.
◇ Suite TradeAssessmentTests started.
◇ Suite EvaluationPolicyTests started.
◇ Suite GhostTrainingProvenanceTests started.
◇ Suite GhostProfileTests started.
◇ Suite NavalPolicyTests started.
◇ Suite SelfPlayReproducibility started.
◇ Test bestBankTradeConvertsSurplusTowardTheNearestBuild() started.
◇ Suite EvaluationBankTradeTests started.
◇ Test buildRoadScoreIsHigherWhenItDeniesAHighThreatOpponentsImmediateFrontier() started.
◇ Test newlyReachableVerticesExcludesOneAlreadyReachableViaExistingNetwork() started.
◇ Test randomPolicyOnlyEverPlaysLegalMoves() started.
◇ Suite TradeCascadeTests started.
◇ Test scoreAddsLongestRoadSwingBonusWhenOneSegmentFromQualifying() started.
◇ Suite PlannerTradeTests started.
◇ Test expertSpendsItsFreeCardTakingAHex() started.
◇ Suite PointCompletingCardsTests started.
◇ Test aHandThatCanTakeAPrimeHexIsWorthMoreThanItsCards() started.
◇ Test decisionMetricsRecordTradeResponsesAndProposalShape() started.
◇ Test buildRoadScoreIncludesLongestRoadBonusOnlyWhenItWouldBeClaimed() started.
◇ Test opponentFrontierExcludesVerticesTooCloseToAnyExistingBuilding() started.
◇ Test choosePlayFollowsAggressivePersonalitysSettlementPriority() started.
◇ Test claimsLongestRoadWhenAnEdgeWouldReachFiveAndNobodyElseHoldsIt() started.
◇ Suite HumanReviewStrategyDiagnosticsTests started.
◇ Suite TradeRefusingPolicyTests started.
◇ Test aShortGameEndsSooner() started.
◇ Test scoreAddsLargestArmySwingBonusWhenOneKnightAway() started.
◇ Test buyDevCardScoreIgnoresHeldVictoryPointCards() started.
◇ Test buyingValuesTheCaptureTheNewCardCouldEnable() started.
◇ Test theHeuristicBotBeatsRandomPlayFromEverySeat() started.
◇ Test greedyRefusesEveryTradeItIsOffered() started.
◇ Test evaluateRequiresAMeaningfulBenefitNotJustAnyPositiveMargin() started.
◇ Test robberDisruptionScalesWithRelativeThreatNotJustRawVictoryPoints() started.
◇ Test expandedDevelopmentCardFallbackHonorsPermanentBuildReserve() started.
◇ Test alreadyCoveredResourceScoresLowerThanNewResourceAtEqualPips() started.
◇ Test bridgesOwnFragmentsDetectsAGenuineBridgeBetweenTwoDisconnectedPieces() started.
◇ Test buyDevCardScoreIsBoostedTwoKnightsFromLargestArmy() started.
◇ Test scoreIncludesProductionStrengthWeightedByPips() started.
◇ Test aStandardGameNeverAsksForArmyMoves() started.
◇ Test aSeatStillCountsItsOwnHeldVictoryPointCards() started.
◇ Test heldVictoryPointCardsAreInvisibleToOpponents() started.
◇ Test evaluateRequiresABetterDealWhenReceiverIsComfortablyAhead() started.
◇ Test aFootholdOnACrowdedPrimeHexIsWorthSettlingFor() started.
◇ Test claimsLongestRoadIsFalseWhenAlreadyTheHolder() started.
◇ Test ownStandingIsOneWhenAllScoresAreZero() started.
◇ Test choosePlayAlwaysPlaysAHeldRoadBuildingCardWhenARoadIsLegal() started.
◇ Test scoreSkipsLongestRoadSwingBonusWhenFarBehindTheHolder() started.
◇ Test generousUnlockCeilingCollapsesWithAGoodPort() started.
◇ Test aThinGarrisonNextToAnArmedRivalCostsSomething() started.
◇ Suite GhostPolicyTests started.
◇ Test differentOffersCanSampleDifferentLinesFromThePool() started.
◇ Test scoreWeighsVictoryPointsHeavily() started.
◇ Test ownStandingIsAboveOneWhenAheadOfTheField() started.
◇ Test proposeTradesGivesUpAfterTheTurnRetryLimit() started.
◇ Test evaluateSuspicionShiftRejectsARepeatTradeFromTheSameProposerThisTurn() started.
◇ Test aResumedBotProposalStillReceivesAResponse() started.
◇ Test expandedSetupRoadPointsTowardTheBestOutwardEndpoint() started.
◇ Test aiNameIsSet() started.
◇ Test scoreSkipsLargestArmySwingBonusWhenHolderIsFarAhead() started.
◇ Test buyDevCardScoreIsNotBoostedWhenTheHolderIsFarAhead() started.
◇ Test relativeWeightClampsExtremeOutliers() started.
◇ Test evaluateRejectsATradeThatWouldHandTheProposerAnImmediateBuild() started.
◇ Test buildRoadScoreExcludesReachableVertexThatIsAlreadyOccupied() started.
◇ Test scoreIncludesHeldDevCardCount() started.
◇ Test scoreCountsCityProductionAtDoubleWeight() started.
◇ Test noPoolHasBlankOrDuplicateLines() started.
◇ Test evaluateRequiresABetterDealFromAHighThreatProposer() started.
◇ Test theShippedConquestExpertIsTheAdoptedFit() started.
◇ Test botAlwaysReturnsALegalMove() started.
◇ Test opponentFrontierIncludesVacantVertexTwoHopsFromTheirSettlementButNotOneHop() started.
◇ Test longestRoadPursuitBonusCreditsABridgeEvenBelowThePursuitGate() started.
◇ Test aBoldBotBuysAnArmyCardBeforeBuildingAndAnIdleOneDoesNot() started.
◇ Test expandedBotReservesNearTermPermanentBuildResourcesBeforeBuyingDevelopmentCards() started.
◇ Test proposeTradesRetriesWithADifferentOfferAfterADecline() started.
◇ Test acceptedAndRejectedResponsesDrawFromDisjointPools() started.
◇ Test chooseBuildIsDeterministicWhenOneMoveClearlyDominates() started.
◇ Test relativeWeightIsOneForEveryoneWhenAllScoresAreZero() started.
◇ Test longestRoadDefenseBonusIsAbsentWhenLeadIsUncontested() started.
◇ Test concurrentHumanAndBotDiscardTurnsNeverCrash() started.
◇ Test seededConquestGamesFinishWithOnlyLegalMoves() started.
◇ Test longestRoadDefenseBonusRewardsBridgingEvenWithAnUncontestedLead() started.
◇ Test robberTargetsLeadingOpponentsTile() started.
◇ Test heuristicHonoursATradeResponseOnlyActionMask() started.
◇ Test aBotTakesAHexWhenItHoldsEnoughToWinIt() started.
◇ Test monopolyTargetsResourceHeldByTheHigherThreatOpponent() started.
◇ Test longestRoadClaimBonusIsLargerWhenTakingItFromAHighThreatHolder() started.
◇ Test buildRoadScoreIsUnaffectedByMerelyTouchingAnOpponentsOwnVertex() started.
◇ Test generousUnlockOffersAllThreeOreWhenThatsAllThatsHeld() started.
◇ Test tradeWillingnessShiftsTheAcceptanceBar() started.
◇ Test buildSettlementScoreIsHigherWhenItDeniesAHighThreatOpponentsFrontier() started.
◇ Test consolidationMetricRecordsEveryDecisionWhereACityIsBuildable() started.
◇ Test decisionMetricsRecordDisruptionAndProposalOpportunities() started.
◇ Test heuristicHonoursANarrowedRollPhaseActionMask() started.
◇ Test neverAcceptsANetLossEvenAtHighTradeWillingness() started.
◇ Test aBotDoesNotThrowCardsAtAHexItCannotTake() started.
◇ Test choosePlayPursuesLargestArmyWithARealShotEvenWithoutRobberOnOwnTile() started.
◇ Test generousUnlockDoesNotApplyToARoad() started.
◇ Test everyLineFitsTheIncomingCardsCharacterBudget() started.
◇ Test aggressivePersonalityProactivelyUsesAKnightButCautiousDoesNot() started.
◇ Test case passing 1 argument game → MatrixGame(playerCount: 3, target: 8, boardMode: CatanAITests.(unknown context at $108713c94).MatrixBoardMode.standard, seed: 211) to everySupportedRulesConfigurationCompletesWithOnlyLegalMoves(game:) started.
◇ Test aBotProposalIsAnsweredBeforeTheProposerContinues() started.
◇ Test botEndsTurnRatherThanReproposingAnIdenticalPendingOffer() started.
◇ Test aTargetedBotBuysOnlyWhenOneMoreCardWouldTakeAGoodHex() started.
◇ Test productionCountsTheTakeover() started.
◇ Test proposeTradesSkipsWhenIdenticalOfferAlreadyPending() started.
◇ Test case passing 1 argument game → MatrixGame(playerCount: 3, target: 8, boardMode: CatanAITests.(unknown context at $108713c94).MatrixBoardMode.standard, seed: 977) to everySupportedRulesConfigurationCompletesWithOnlyLegalMoves(game:) started.
◇ Test aGenerousUnlockOfferIsAcceptedByAPlausibleReceiver() started.
◇ Test actualDiscoveryIsIndependentDestinationProgress() started.
◇ Test tradeHeuristicsRejectsTradeAwayFromNextBuild() started.
◇ Test case passing 1 argument game → MatrixGame(playerCount: 3, target: 8, boardMode: CatanAITests.(unknown context at $108713c94).MatrixBoardMode.randomized, seed: 211) to everySupportedRulesConfigurationCompletesWithOnlyLegalMoves(game:) started.
◇ Test choosePlayDoesNotPursueLargestArmyWithoutARealShot() started.
◇ Test telemetryKeepsEveryEvaluatedTradeReplyWithoutCountingTheCommittedReplyTwice() started.
◇ Test responseIsDeterministicForTheSameOfferID() started.
◇ Test aHomeCoastIsNotAnOverseasColony() started.
◇ Test launchAndCaptureWinningPlansRespectTheSavedAllowance() started.
◇ Test recomputedMasksAndChoicesIgnoreConcealedWorldChanges(tier:) started.
◇ Test aTwoHexActionCannotClaimAThirdHexWinningMove() started.
◇ Test case passing 1 argument game → MatrixGame(playerCount: 3, target: 8, boardMode: CatanAITests.(unknown context at $108713c94).MatrixBoardMode.randomized, seed: 977) to everySupportedRulesConfigurationCompletesWithOnlyLegalMoves(game:) started.
◇ Test foundingAColonyJustifiesProductiveBacktracking() started.
◇ Test tradeHeuristicsAcceptsClearNetGainTowardNextBuild() started.
◇ Test anIdleReturnCannotHideBehindResourceStepOrCounterChanges() started.
◇ Test aCityUpgradeDoesNotInventNewExpeditionAccess() started.
◇ Test buyingIsPricedWithoutPeekingAtTheDeck() started.
◇ Test buildRoadScoreIsHigherWhenItClosesDistanceToTheExpansionTarget() started.
◇ Test sailingValuesTheUnionOfCanonicalIntermediateSight() started.
◇ Test case passing 1 argument game → MatrixGame(playerCount: 3, target: 10, boardMode: CatanAITests.(unknown context at $108713c94).MatrixBoardMode.standard, seed: 211) to everySupportedRulesConfigurationCompletesWithOnlyLegalMoves(game:) started.
◇ Test navigationEvidenceCountsBothTravelledHexesOfOneVoyage() started.
◇ Test behaviorMetricsCountOnlyTheObservedSeat() started.
◇ Test choosePlayFollowsCautiousPersonalitysCityPriority() started.
◇ Test botsOnlyGameReachesGameOverWithOnlyLegalMoves() started.
◇ Test proposeTradeRetriesThenEventuallyEndsTheTurn() started.
◇ Test greedySeatsActuallyFinishTheirGames() started.
◇ Test highPipVertexScoresHigherThanLowPipVertex() started.
◇ Test case passing 1 argument game → MatrixGame(playerCount: 3, target: 10, boardMode: CatanAITests.(unknown context at $108713c94).MatrixBoardMode.standard, seed: 977) to everySupportedRulesConfigurationCompletesWithOnlyLegalMoves(game:) started.
◇ Test scoresExcludesTheGivenPlayerAndSortsHighestFirst() started.
◇ Test everyEmpireHasALargePitchAndResponsePool() started.
◇ Test case passing 1 argument game → MatrixGame(playerCount: 3, target: 10, boardMode: CatanAITests.(unknown context at $108713c94).MatrixBoardMode.randomized, seed: 211) to everySupportedRulesConfigurationCompletesWithOnlyLegalMoves(game:) started.
◇ Test buyDevCardScoreDecreasesWithEachUnplayedCardAlreadyHeld() started.
◇ Test case passing 1 argument game → MatrixGame(playerCount: 3, target: 10, boardMode: CatanAITests.(unknown context at $108713c94).MatrixBoardMode.randomized, seed: 977) to everySupportedRulesConfigurationCompletesWithOnlyLegalMoves(game:) started.
◇ Test proposesAGenerousUnlockTradeAfterTheOrdinaryOfferIsDeclined() started.
◇ Test ownStandingIsBelowOneWhenBehindTheField() started.
◇ Test case passing 1 argument game → MatrixGame(playerCount: 3, target: 12, boardMode: CatanAITests.(unknown context at $108713c94).MatrixBoardMode.standard, seed: 211) to everySupportedRulesConfigurationCompletesWithOnlyLegalMoves(game:) started.
◇ Test anExternalResponderKeepsTheOfferForTheUI() started.
◇ Test robberAvoidsOwnTilesWhenAlternativeExists() started.
◇ Test case passing 1 argument game → MatrixGame(playerCount: 3, target: 12, boardMode: CatanAITests.(unknown context at $108713c94).MatrixBoardMode.standard, seed: 977) to everySupportedRulesConfigurationCompletesWithOnlyLegalMoves(game:) started.
◇ Test case passing 1 argument game → MatrixGame(playerCount: 3, target: 12, boardMode: CatanAITests.(unknown context at $108713c94).MatrixBoardMode.randomized, seed: 211) to everySupportedRulesConfigurationCompletesWithOnlyLegalMoves(game:) started.
◇ Test conquestWeightsPriceArmiesAndStandardWeightsDoNot() started.
◇ Test decisionMetricsRecordChoiceOpportunities() started.
◇ Test case passing 1 argument game → MatrixGame(playerCount: 3, target: 12, boardMode: CatanAITests.(unknown context at $108713c94).MatrixBoardMode.randomized, seed: 977) to everySupportedRulesConfigurationCompletesWithOnlyLegalMoves(game:) started.
◇ Test case passing 1 argument game → MatrixGame(playerCount: 4, target: 8, boardMode: CatanAITests.(unknown context at $108713c94).MatrixBoardMode.standard, seed: 211) to everySupportedRulesConfigurationCompletesWithOnlyLegalMoves(game:) started.
◇ Test case passing 1 argument game → MatrixGame(playerCount: 4, target: 8, boardMode: CatanAITests.(unknown context at $108713c94).MatrixBoardMode.standard, seed: 977) to everySupportedRulesConfigurationCompletesWithOnlyLegalMoves(game:) started.
◇ Test probabilitiesSumToOne() started.
◇ Test case passing 1 argument game → MatrixGame(playerCount: 4, target: 8, boardMode: CatanAITests.(unknown context at $108713c94).MatrixBoardMode.randomized, seed: 211) to everySupportedRulesConfigurationCompletesWithOnlyLegalMoves(game:) started.
◇ Test case passing 1 argument game → MatrixGame(playerCount: 4, target: 8, boardMode: CatanAITests.(unknown context at $108713c94).MatrixBoardMode.randomized, seed: 977) to everySupportedRulesConfigurationCompletesWithOnlyLegalMoves(game:) started.
◇ Test case passing 1 argument game → MatrixGame(playerCount: 4, target: 10, boardMode: CatanAITests.(unknown context at $108713c94).MatrixBoardMode.standard, seed: 211) to everySupportedRulesConfigurationCompletesWithOnlyLegalMoves(game:) started.
◇ Test case passing 1 argument game → MatrixGame(playerCount: 4, target: 10, boardMode: CatanAITests.(unknown context at $108713c94).MatrixBoardMode.standard, seed: 977) to everySupportedRulesConfigurationCompletesWithOnlyLegalMoves(game:) started.
◇ Test neededPaymentStillEarnsCompletionCredit(payment:quantity:) started.
◇ Test irrelevantPaymentReallyCompletesPurchase(payment:quantity:) started.
◇ Test theFitRecoversAKnownPerson() started.
◇ Test case passing 1 argument game → MatrixGame(playerCount: 4, target: 10, boardMode: CatanAITests.(unknown context at $108713c94).MatrixBoardMode.randomized, seed: 211) to everySupportedRulesConfigurationCompletesWithOnlyLegalMoves(game:) started.
◇ Test emptyDeckBlocksPurchaseButNotBaselineCredit(payment:quantity:) started.
◇ Test fittingNothingReturnsTheAnchor() started.
◇ Test aFewAbsurdlyScoredOptionsDoNotCollapseBeta() started.
◇ Test case passing 1 argument game → MatrixGame(playerCount: 4, target: 10, boardMode: CatanAITests.(unknown context at $108713c94).MatrixBoardMode.randomized, seed: 977) to everySupportedRulesConfigurationCompletesWithOnlyLegalMoves(game:) started.
◇ Test aTradeThatCompletesACityIsAccepted() started.
◇ Test anIncrementalFitStaysNearThePreviousGhost() started.
◇ Test case passing 1 argument game → MatrixGame(playerCount: 4, target: 12, boardMode: CatanAITests.(unknown context at $108713c94).MatrixBoardMode.standard, seed: 211) to everySupportedRulesConfigurationCompletesWithOnlyLegalMoves(game:) started.
◇ Test anAcceptanceThatDoesNotClearTheMarginIsRefused() started.
◇ Test theGradientMatchesTheLikelihoodOnRelinearisedRecords() started.
◇ Test case passing 1 argument game → MatrixGame(playerCount: 4, target: 12, boardMode: CatanAITests.(unknown context at $108713c94).MatrixBoardMode.standard, seed: 977) to everySupportedRulesConfigurationCompletesWithOnlyLegalMoves(game:) started.
◇ Test weightsKeepTheirSignAndStayInTheTrustRegion() started.
◇ Test case passing 1 argument game → MatrixGame(playerCount: 4, target: 12, boardMode: CatanAITests.(unknown context at $108713c94).MatrixBoardMode.randomized, seed: 211) to everySupportedRulesConfigurationCompletesWithOnlyLegalMoves(game:) started.
◇ Test anIncrementalFitKeepsBetaNearThePreviousGhost() started.
◇ Test case passing 1 argument game → MatrixGame(playerCount: 4, target: 12, boardMode: CatanAITests.(unknown context at $108713c94).MatrixBoardMode.randomized, seed: 977) to everySupportedRulesConfigurationCompletesWithOnlyLegalMoves(game:) started.
◇ Test frozenSlotsNeverMove() started.
◇ Test aFitResumesFromItsStartingPoint() started.
◇ Test robbingTheLeaderIsCounted() started.
◇ Test workedTargetsExplainZeroAndPositiveMarginalValues() started.
◇ Test countsAgreeWithTheFinalBoard() started.
◇ Test offlineExplanationLeavesBotMovesAndRNGUnchanged() started.
◇ Test radarMeasuresAverageAcrossGames() started.
◇ Test emptyOffersHaveAvailableEmptyComponentsAndMissingReceiversHaveNoAssessment() started.
◇ Test otherPhasesPreservePlainPolicyAndRNG(phaseIndex:seed:) started.
◇ Test bundleAndQuantityUseFinalInventory(quantity:) started.
◇ Test costUsesOriginalHandNotTheDeficitCreatedByLosingCards() started.
◇ Test mixedAndAcceptOnlyMasksUseUnchangedFallback(acceptOnly:) started.
◇ Test diagnosticsAreOptInAndPreserveEveryRecordedScalar() started.
◇ Test strictNativeThresholdBoundaryIsUnchanged(offset:) started.
◇ Test matchesOfflineWorkedExamples(example:) started.
◇ Test oldJSONDecodesScalarsVerbatimWithoutInventingComponents() started.
◇ Test componentsReconstructTheActualReductions() started.
◇ Test availabilityControlsNeverInventAcceptanceOrBuilds(depletedSeat:) started.
◇ Test rivalProductionIsValuedWithoutReadingTheirResourceComposition() started.
◇ Test blockedCityIngredientEarnsNoExtraStanding() started.
◇ Test matchedProductionAddsTheFrozenValueAndCitiesDoubleIt() started.
◇ Test diagnosticsForwardRevisionWhileUnselectedCallersStayLegacy() started.
◇ Test currentExpertCheckpointContinuesTheSameMovesAndRejectsOtherRevisions(revision:) started.
◇ Test revisionsHaveDistinctCheckpointIdentities() started.
◇ Test aCompleteExternalSeatMatchStaysReloadable(players:) started.
◇ Test aGhostSpendsDownEvenWhenItsHabitsSayEndTheTurn() started.
◇ Test expertSpendsDownAHoardedHand() started.
◇ Test atSevenAGhostMayEndItsTurn() started.
◇ Test aHoardedTurnPlaysDownAndEnds() started.
◇ Test onlyAnOwnTurnOverTheThresholdMustSpend() started.
◇ Test robbingTheBiggestHandIsFlagged() started.
◇ Test reOfferingAfterARefusalIsFlagged() started.
◇ Test everyMoveHasOneValuePerLabel() started.
◇ Test robbingTheLeaderIsFlagged() started.
◇ Test aLopsidedProposalIsDescribed() started.
✔ Test pitchIsDeterministicForTheSameOfferID() passed after 2.080 seconds.
✔ Test heuristicPolicyCarriesAnIdentifierNamingItsPersonality() passed after 2.215 seconds.
◇ Test everyNonProposalLegalMoveIsScored() started.
◇ Test aPersonMayOfferTheirLastCardOfAKind() started.
◇ Test aHumanOfferExpertWouldNeverMakeIsScored() started.
◇ Test aBadOfferCanStillBeAccepted() started.
◇ Test aWorseReAskIsRefused() started.
◇ Test aDifferentTradeIsStillAllowed() started.
◇ Test aPersonMayOfferMoreThanTheBotLimit() started.
◇ Test aMoveTheEngineAcceptsButNeverListsIsScored() started.
◇ Test theIdenticalOfferIsNeverAskedTwice() started.
◇ Test offeringMoreForTheSameAskIsAllowed() started.
◇ Test candidateOrderDoesNotDependOnWeights() started.
◇ Test aRegeneratedOfferCountsAsTheSameProposition() started.
◇ Test handingTheLeaderWhatItNeedsCostsMoreThanHandingItToATrailingSeat() started.
◇ Test aPayersRealHandDoesNotDecideWhetherATradeIsProjected() started.
◇ Test aPointTheLeaderAlsoGainsIsWorthLessThanAPointWeGainAlone() started.
◇ Test anAvailableSettlementBeatsEndingTheTurn() started.
◇ Test reachingTheTargetOutweighsEveryOtherTerm() started.
◇ Test aDevelopmentCardInHandIsWorthSomething() started.
◇ Test aPointOnTheBoardRaisesTheStanding() started.
◇ Test theEvaluatorBuysDevelopmentCardsOverAGame() started.
◇ Test weightsRoundTripThroughTheirVector() started.
◇ Test aMoveThatDoesNotReplayThrowsWithItsIndex() started.
◇ Test botRulesDropProposalsAfterThreeRefusals() started.
◇ Test everyRecordNamesAChosenCandidateAndHasFullVectors() started.
◇ Test givingAwayOwnedOreCanDestroyExistingDevCardOption() started.
◇ Test gradientPredictsARescore() started.
◇ Test frozenWeightsHaveZeroGradient() started.
◇ Test atomicPaymentDoesNotInventDevelopmentCardAffordability() started.
◇ Test affordableCityWithNoSettlementIsNotBuildable() started.
◇ Test productionReflectsNativeBankShortageWithoutChangingState() started.
◇ Test unaffordableAcceptanceHasNoFabricatedAfterState() started.
◇ Test woolForOreCompletesPurchaseOnlyWhenPaymentLeavesOre(oreHeld:) started.
◇ Test negativeShiftClampsThresholdWithoutAcceptingBreakEven() started.
◇ Test scopedRejectionOnlyAndAbsentOfferDoNotInventAssessments() started.
◇ Test reportsWorkedResourceArithmetic() started.
◇ Test scopedRejectionRecordsTheActualFailedAssessment() started.
◇ Test buildPathPreservesRNGConsumptionAndOmitsUnvisitedFallback() started.
◇ Test nonTradePhaseLeavesTraceEmpty() started.
◇ Test invalidAutomaticMoveStillFailsExtractionWithItsIndex() started.
◇ Test everyMoveComesFromTheSuppliedMask() started.
◇ Test scopedTradeStopsAfterFirstAcceptanceAcrossPersonalities() started.
◇ Test mainTurnTraceAppendsActualEvaluationsIncludingFallbackPass() started.
◇ Test theEvaluatorIgnoresWhatItIsNotEntitledToSee() started.
◇ Test exactThresholdTieRejectsButNextLowerThresholdAccepts() started.
◇ Test automaticRejectionStillAppliesBeforeTheNextProposalAndHumanChoice() started.
◇ Test reportsAllThresholdShiftsAndCostOnlyUnlock() started.
◇ Test missingReceiverHasNoArithmeticAndEvaluatesFalse() started.
◇ Test manualResponsesTrainButTheSameAutomaticMoveDoesNot(accept:) started.
◇ Test aFullGameReachesAWinner(mode:) started.
◇ Test theSameSeedProducesTheSameGame() started.
◇ Test decodesWithoutACivilization() started.
◇ Test roundTripsThroughJSON() started.
◇ Test case passing 1 argument tier → .traditional to recomputedMasksAndChoicesIgnoreConcealedWorldChanges(tier:) started.
◇ Test case passing 1 argument tier → .expert to recomputedMasksAndChoicesIgnoreConcealedWorldChanges(tier:) started.
◇ Test aPersonModelWithoutALapseDecodes() started.
◇ Test externalResponsesCannotLeaveAStaleDurableBotAnswer(tier:) started.
◇ Test unknownComponentConnectionsCannotPromiseAColonyPoint() started.
◇ Test expertFundsAWinnableRoadEvenWithNoSettlementSupplyOrApproach() started.
◇ Test expertFundsTheSameFinishingDrawThatItValuesWhenAvailable() started.
◇ Test aWinningLargestArmyKnightClosesTheGame(tier:) started.
◇ Test aCertainSailingWinBeatsEvenANinetyOnePercentFinishingDraw() started.
◇ Test acceptsFundingButPreservesAnAlreadyFundedRecipe(tier:) started.
◇ Test expertLaunchPlansAProvableWinningColonyWithinThisTurn() started.
◇ Test expertReplacementHullDoesNotRenewTheFirstExpeditionPremium() started.
◇ Test flexibleProductionIsAllocatedOnceAcrossRecipeDeficits() started.
◇ Test fundedInlandOpeningMakesUsefulRoadProgress(tier:) started.
◇ Test responseOnlyMasksPreservePolicyRNG(tier:) started.
◇ Test roadsCannotPromiseASiteWhoseCoastIsStillHidden() started.
◇ Test aBankTradeThatUnlocksACityIsTaken() started.
◇ Test expertDiscountsAnUnfundedVoyageExposedToCapture() started.
✔ Test bestBankTradeIsNilWhenNothingIsBlockingTheNearestBuild() passed after 3.389 seconds.
◇ Test aBankTradeThatUnlocksNothingIsRefused() started.
◇ Test yearOfPlentyFundsTheMissingExpeditionIngredients(tier:) started.
✔ Test relativeWeightIsAboveOneForAnAboveAverageOpponent() passed after 3.390 seconds.
◇ Test aPubliclyCertainColonyWinBeatsAProductiveNonwinningCity(tier:) started.
◇ Test aPermanentWinningUpgradeBeatsAnotherExpedition(tier:) started.
◇ Test sailsTowardKnownLandingAndFundsAColony(tier:) started.
◇ Test buysAFirstHullThenExplores(tier:) started.
◇ Test hiddenWorldHandsDeckAndFutureRNGCannotChangeDecision(tier:) started.
◇ Test aCertainPurchaseAndLandingWinBeatsAHigherThanNinetyPercentDraw() started.
✔ Test choosePlayDoesNotRushLargestArmyAgainstAFarAheadHolderMidGame() passed after 3.392 seconds.
◇ Test capturePrefersAnOverseasLanding(tier:) started.
◇ Test discardsSurplusWithoutDismantlingAFundedVoyage(tier:) started.
◇ Test exchangesOnlyTheSurplusToCompleteAShip(tier:) started.
◇ Test owningEveryVictoryCardRemovesTheFalseImmediateDrawPremium(tier:) started.
◇ Test flexibleYieldFundsAShipAndRespectsScarceBank(tier:) started.
✔ Test replacingStateRestoresAPendingBotResponse() passed after 3.392 seconds.
◇ Test anUnfundedVoyageCanImproveAPoorLandingWithoutGivingUpAccess(tier:) started.
◇ Test inlandOpeningChoicesCompleteOrdinaryUnfilteredSetup(tier:family:) started.
✔ Test bestBankTradeConvertsSurplusTowardTheNearestBuild() passed after 3.397 seconds.
◇ Test unscopedDirectCallsDoNotRepeatAnOutstandingNegotiation(tier:) started.
◇ Test adaptersDeliberatelySelectNavalBrains() started.
◇ Test expertDoesNotBuyDuplicateAccessWhileAnExistingHullCanDoTheJob() started.
✔ Test cautiousBotAsksAPlayerBeforePayingTheBankWhileBalancedUsesTheBank() passed after 3.403 seconds.
◇ Test seededSelfPlayReproducesExactly() started.
✔ Test longestRoadDefenseBonusAppliesWhenARivalIsCloseBehind() passed after 3.403 seconds.
◇ Test worthItKeepsOfferingOnItsOwnTermsAfterARefusal() started.
◇ Test noOfferWhenNothingWouldHelp() started.
◇ Test pricingTwoHandsEqualsScoringTheSettledPosition() started.
◇ Test theCascadeNeverProposesATradeThatDoesNotHelpTheBot() started.
◇ Test theComposerOffersReservedCardsAndLetsScoringDecide() started.
◇ Test composedOffersIncludeJakesBundle() started.
◇ Test oneWheatShortOfACityAsksForTheWheat() started.
◇ Test eachRefusalEscalatesTheNextOfferUnderTheLadder() started.
✔ Test newlyReachableVerticesExcludesOneAlreadyReachableViaExistingNetwork() passed after 3.403 seconds.
✔ Test buildRoadScoreIsHigherWhenItDeniesAHighThreatOpponentsImmediateFrontier() passed after 3.403 seconds.
✔ Test scoreAddsLongestRoadSwingBonusWhenOneSegmentFromQualifying() passed after 3.406 seconds.
◇ Test anUnseenHandIsTreatedAsPossiblyHoldingAnything() started.
◇ Test aSeatBelievedToHoldNothingIsNeverAskedToPay() started.
✔ Test silencingTheLeaderIsWorthMoreThanSilencingAnyoneElse() passed after 3.406 seconds.
✔ Test expertSpendsItsFreeCardTakingAHex() passed after 3.406 seconds.
◇ Test freeRoadsOpenOnlyAnAffordableLegalSettlement() started.
◇ Test oldRevisionsPreRollAndDiscardRemainUnchanged() started.
◇ Test winningReadinessClosesTheExistingTerminalGap() started.
◇ Test plentyCompletesACityInsteadOfKeepingTheCardOrTakingAMixedPair() started.
◇ Test anAlreadyAffordablePurchaseOrExhaustedCitySupplyEarnsNoNewCredit() started.
◇ Test hiddenHandsCardFacesDeckOrderAndRNGDoNotChangeCredit() started.
◇ Test case passing 2 arguments payment → Payment(received: CatanEngine.Resource.ore, sold: CatanEngine.Resource.grain, retainsCost: false), quantity → 1 to neededPaymentStillEarnsCompletionCredit(payment:quantity:) started.
◇ Test case passing 2 arguments payment → Payment(received: CatanEngine.Resource.ore, sold: CatanEngine.Resource.grain, retainsCost: false), quantity → 2 to neededPaymentStillEarnsCompletionCredit(payment:quantity:) started.
◇ Test case passing 2 arguments payment → Payment(received: CatanEngine.Resource.ore, sold: CatanEngine.Resource.grain, retainsCost: true), quantity → 1 to neededPaymentStillEarnsCompletionCredit(payment:quantity:) started.
◇ Test case passing 2 arguments payment → Payment(received: CatanEngine.Resource.ore, sold: CatanEngine.Resource.grain, retainsCost: true), quantity → 2 to neededPaymentStillEarnsCompletionCredit(payment:quantity:) started.
◇ Test case passing 2 arguments payment → Payment(received: CatanEngine.Resource.ore, sold: CatanEngine.Resource.wool, retainsCost: false), quantity → 1 to neededPaymentStillEarnsCompletionCredit(payment:quantity:) started.
◇ Test case passing 2 arguments payment → Payment(received: CatanEngine.Resource.ore, sold: CatanEngine.Resource.wool, retainsCost: false), quantity → 2 to neededPaymentStillEarnsCompletionCredit(payment:quantity:) started.
◇ Test case passing 2 arguments payment → Payment(received: CatanEngine.Resource.ore, sold: CatanEngine.Resource.wool, retainsCost: true), quantity → 1 to neededPaymentStillEarnsCompletionCredit(payment:quantity:) started.
◇ Test case passing 2 arguments payment → Payment(received: CatanEngine.Resource.ore, sold: CatanEngine.Resource.wool, retainsCost: true), quantity → 2 to neededPaymentStillEarnsCompletionCredit(payment:quantity:) started.
◇ Test case passing 2 arguments payment → Payment(received: CatanEngine.Resource.grain, sold: CatanEngine.Resource.ore, retainsCost: false), quantity → 1 to neededPaymentStillEarnsCompletionCredit(payment:quantity:) started.
◇ Test case passing 2 arguments payment → Payment(received: CatanEngine.Resource.grain, sold: CatanEngine.Resource.ore, retainsCost: false), quantity → 2 to neededPaymentStillEarnsCompletionCredit(payment:quantity:) started.
◇ Test case passing 2 arguments payment → Payment(received: CatanEngine.Resource.grain, sold: CatanEngine.Resource.ore, retainsCost: true), quantity → 1 to neededPaymentStillEarnsCompletionCredit(payment:quantity:) started.
◇ Test case passing 2 arguments payment → Payment(received: CatanEngine.Resource.grain, sold: CatanEngine.Resource.ore, retainsCost: true), quantity → 2 to neededPaymentStillEarnsCompletionCredit(payment:quantity:) started.
◇ Test case passing 2 arguments payment → Payment(received: CatanEngine.Resource.grain, sold: CatanEngine.Resource.wool, retainsCost: false), quantity → 1 to neededPaymentStillEarnsCompletionCredit(payment:quantity:) started.
◇ Test case passing 2 arguments payment → Payment(received: CatanEngine.Resource.grain, sold: CatanEngine.Resource.wool, retainsCost: false), quantity → 2 to neededPaymentStillEarnsCompletionCredit(payment:quantity:) started.
◇ Test case passing 2 arguments payment → Payment(received: CatanEngine.Resource.grain, sold: CatanEngine.Resource.wool, retainsCost: true), quantity → 1 to neededPaymentStillEarnsCompletionCredit(payment:quantity:) started.
◇ Test case passing 2 arguments payment → Payment(received: CatanEngine.Resource.grain, sold: CatanEngine.Resource.wool, retainsCost: true), quantity → 2 to neededPaymentStillEarnsCompletionCredit(payment:quantity:) started.
◇ Test case passing 2 arguments payment → Payment(received: CatanEngine.Resource.wool, sold: CatanEngine.Resource.ore, retainsCost: false), quantity → 1 to neededPaymentStillEarnsCompletionCredit(payment:quantity:) started.
◇ Test case passing 2 arguments payment → Payment(received: CatanEngine.Resource.wool, sold: CatanEngine.Resource.ore, retainsCost: false), quantity → 2 to neededPaymentStillEarnsCompletionCredit(payment:quantity:) started.
◇ Test case passing 2 arguments payment → Payment(received: CatanEngine.Resource.wool, sold: CatanEngine.Resource.ore, retainsCost: true), quantity → 1 to neededPaymentStillEarnsCompletionCredit(payment:quantity:) started.
◇ Test case passing 2 arguments payment → Payment(received: CatanEngine.Resource.wool, sold: CatanEngine.Resource.ore, retainsCost: true), quantity → 2 to neededPaymentStillEarnsCompletionCredit(payment:quantity:) started.
◇ Test case passing 2 arguments payment → Payment(received: CatanEngine.Resource.wool, sold: CatanEngine.Resource.grain, retainsCost: false), quantity → 1 to neededPaymentStillEarnsCompletionCredit(payment:quantity:) started.
◇ Test case passing 2 arguments payment → Payment(received: CatanEngine.Resource.wool, sold: CatanEngine.Resource.grain, retainsCost: false), quantity → 2 to neededPaymentStillEarnsCompletionCredit(payment:quantity:) started.
◇ Test case passing 2 arguments payment → Payment(received: CatanEngine.Resource.wool, sold: CatanEngine.Resource.grain, retainsCost: true), quantity → 1 to neededPaymentStillEarnsCompletionCredit(payment:quantity:) started.
◇ Test case passing 2 arguments payment → Payment(received: CatanEngine.Resource.wool, sold: CatanEngine.Resource.grain, retainsCost: true), quantity → 2 to neededPaymentStillEarnsCompletionCredit(payment:quantity:) started.
◇ Test case passing 2 arguments payment → Payment(received: CatanEngine.Resource.ore, sold: CatanEngine.Resource.brick, retainsCost: false), quantity → 1 to irrelevantPaymentReallyCompletesPurchase(payment:quantity:) started.
◇ Test case passing 2 arguments payment → Payment(received: CatanEngine.Resource.ore, sold: CatanEngine.Resource.brick, retainsCost: false), quantity → 2 to irrelevantPaymentReallyCompletesPurchase(payment:quantity:) started.
◇ Test case passing 2 arguments payment → Payment(received: CatanEngine.Resource.ore, sold: CatanEngine.Resource.lumber, retainsCost: false), quantity → 1 to irrelevantPaymentReallyCompletesPurchase(payment:quantity:) started.
◇ Test case passing 2 arguments payment → Payment(received: CatanEngine.Resource.ore, sold: CatanEngine.Resource.lumber, retainsCost: false), quantity → 2 to irrelevantPaymentReallyCompletesPurchase(payment:quantity:) started.
◇ Test case passing 2 arguments payment → Payment(received: CatanEngine.Resource.grain, sold: CatanEngine.Resource.brick, retainsCost: false), quantity → 1 to irrelevantPaymentReallyCompletesPurchase(payment:quantity:) started.
◇ Test case passing 2 arguments payment → Payment(received: CatanEngine.Resource.grain, sold: CatanEngine.Resource.brick, retainsCost: false), quantity → 2 to irrelevantPaymentReallyCompletesPurchase(payment:quantity:) started.
◇ Test case passing 2 arguments payment → Payment(received: CatanEngine.Resource.grain, sold: CatanEngine.Resource.lumber, retainsCost: false), quantity → 1 to irrelevantPaymentReallyCompletesPurchase(payment:quantity:) started.
◇ Test case passing 2 arguments payment → Payment(received: CatanEngine.Resource.grain, sold: CatanEngine.Resource.lumber, retainsCost: false), quantity → 2 to irrelevantPaymentReallyCompletesPurchase(payment:quantity:) started.
◇ Test case passing 2 arguments payment → Payment(received: CatanEngine.Resource.wool, sold: CatanEngine.Resource.brick, retainsCost: false), quantity → 1 to irrelevantPaymentReallyCompletesPurchase(payment:quantity:) started.
◇ Test case passing 2 arguments payment → Payment(received: CatanEngine.Resource.wool, sold: CatanEngine.Resource.brick, retainsCost: false), quantity → 2 to irrelevantPaymentReallyCompletesPurchase(payment:quantity:) started.
◇ Test case passing 2 arguments payment → Payment(received: CatanEngine.Resource.wool, sold: CatanEngine.Resource.lumber, retainsCost: false), quantity → 1 to irrelevantPaymentReallyCompletesPurchase(payment:quantity:) started.
◇ Test case passing 2 arguments payment → Payment(received: CatanEngine.Resource.wool, sold: CatanEngine.Resource.lumber, retainsCost: false), quantity → 2 to irrelevantPaymentReallyCompletesPurchase(payment:quantity:) started.
✔ Test aHandThatCanTakeAPrimeHexIsWorthMoreThanItsCards() passed after 3.617 seconds.
◇ Test case passing 2 arguments payment → Payment(received: CatanEngine.Resource.ore, sold: CatanEngine.Resource.grain, retainsCost: true), quantity → 1 to emptyDeckBlocksPurchaseButNotBaselineCredit(payment:quantity:) started.
◇ Test case passing 2 arguments payment → Payment(received: CatanEngine.Resource.ore, sold: CatanEngine.Resource.grain, retainsCost: true), quantity → 2 to emptyDeckBlocksPurchaseButNotBaselineCredit(payment:quantity:) started.
◇ Test case passing 2 arguments payment → Payment(received: CatanEngine.Resource.ore, sold: CatanEngine.Resource.wool, retainsCost: true), quantity → 1 to emptyDeckBlocksPurchaseButNotBaselineCredit(payment:quantity:) started.
◇ Test case passing 2 arguments payment → Payment(received: CatanEngine.Resource.ore, sold: CatanEngine.Resource.wool, retainsCost: true), quantity → 2 to emptyDeckBlocksPurchaseButNotBaselineCredit(payment:quantity:) started.
◇ Test case passing 2 arguments payment → Payment(received: CatanEngine.Resource.grain, sold: CatanEngine.Resource.ore, retainsCost: true), quantity → 1 to emptyDeckBlocksPurchaseButNotBaselineCredit(payment:quantity:) started.
◇ Test case passing 2 arguments payment → Payment(received: CatanEngine.Resource.grain, sold: CatanEngine.Resource.ore, retainsCost: true), quantity → 2 to emptyDeckBlocksPurchaseButNotBaselineCredit(payment:quantity:) started.
◇ Test case passing 2 arguments payment → Payment(received: CatanEngine.Resource.grain, sold: CatanEngine.Resource.wool, retainsCost: true), quantity → 1 to emptyDeckBlocksPurchaseButNotBaselineCredit(payment:quantity:) started.
◇ Test case passing 2 arguments payment → Payment(received: CatanEngine.Resource.grain, sold: CatanEngine.Resource.wool, retainsCost: true), quantity → 2 to emptyDeckBlocksPurchaseButNotBaselineCredit(payment:quantity:) started.
◇ Test case passing 2 arguments payment → Payment(received: CatanEngine.Resource.wool, sold: CatanEngine.Resource.ore, retainsCost: true), quantity → 1 to emptyDeckBlocksPurchaseButNotBaselineCredit(payment:quantity:) started.
◇ Test case passing 2 arguments payment → Payment(received: CatanEngine.Resource.wool, sold: CatanEngine.Resource.ore, retainsCost: true), quantity → 2 to emptyDeckBlocksPurchaseButNotBaselineCredit(payment:quantity:) started.
◇ Test case passing 2 arguments payment → Payment(received: CatanEngine.Resource.wool, sold: CatanEngine.Resource.grain, retainsCost: true), quantity → 1 to emptyDeckBlocksPurchaseButNotBaselineCredit(payment:quantity:) started.
◇ Test case passing 2 arguments payment → Payment(received: CatanEngine.Resource.wool, sold: CatanEngine.Resource.grain, retainsCost: true), quantity → 2 to emptyDeckBlocksPurchaseButNotBaselineCredit(payment:quantity:) started.
◇ Test case passing 2 arguments payment → Payment(received: CatanEngine.Resource.ore, sold: CatanEngine.Resource.brick, retainsCost: false), quantity → 1 to emptyDeckBlocksPurchaseButNotBaselineCredit(payment:quantity:) started.
◇ Test case passing 2 arguments payment → Payment(received: CatanEngine.Resource.ore, sold: CatanEngine.Resource.brick, retainsCost: false), quantity → 2 to emptyDeckBlocksPurchaseButNotBaselineCredit(payment:quantity:) started.
◇ Test case passing 2 arguments payment → Payment(received: CatanEngine.Resource.ore, sold: CatanEngine.Resource.lumber, retainsCost: false), quantity → 1 to emptyDeckBlocksPurchaseButNotBaselineCredit(payment:quantity:) started.
◇ Test case passing 2 arguments payment → Payment(received: CatanEngine.Resource.ore, sold: CatanEngine.Resource.lumber, retainsCost: false), quantity → 2 to emptyDeckBlocksPurchaseButNotBaselineCredit(payment:quantity:) started.
◇ Test case passing 2 arguments payment → Payment(received: CatanEngine.Resource.grain, sold: CatanEngine.Resource.brick, retainsCost: false), quantity → 1 to emptyDeckBlocksPurchaseButNotBaselineCredit(payment:quantity:) started.
◇ Test case passing 2 arguments payment → Payment(received: CatanEngine.Resource.grain, sold: CatanEngine.Resource.brick, retainsCost: false), quantity → 2 to emptyDeckBlocksPurchaseButNotBaselineCredit(payment:quantity:) started.
◇ Test case passing 2 arguments payment → Payment(received: CatanEngine.Resource.grain, sold: CatanEngine.Resource.lumber, retainsCost: false), quantity → 1 to emptyDeckBlocksPurchaseButNotBaselineCredit(payment:quantity:) started.
◇ Test case passing 2 arguments payment → Payment(received: CatanEngine.Resource.grain, sold: CatanEngine.Resource.lumber, retainsCost: false), quantity → 2 to emptyDeckBlocksPurchaseButNotBaselineCredit(payment:quantity:) started.
◇ Test case passing 2 arguments payment → Payment(received: CatanEngine.Resource.wool, sold: CatanEngine.Resource.brick, retainsCost: false), quantity → 1 to emptyDeckBlocksPurchaseButNotBaselineCredit(payment:quantity:) started.
◇ Test case passing 2 arguments payment → Payment(received: CatanEngine.Resource.wool, sold: CatanEngine.Resource.brick, retainsCost: false), quantity → 2 to emptyDeckBlocksPurchaseButNotBaselineCredit(payment:quantity:) started.
◇ Test case passing 2 arguments payment → Payment(received: CatanEngine.Resource.wool, sold: CatanEngine.Resource.lumber, retainsCost: false), quantity → 1 to emptyDeckBlocksPurchaseButNotBaselineCredit(payment:quantity:) started.
◇ Test case passing 2 arguments payment → Payment(received: CatanEngine.Resource.wool, sold: CatanEngine.Resource.lumber, retainsCost: false), quantity → 2 to emptyDeckBlocksPurchaseButNotBaselineCredit(payment:quantity:) started.
✔ Test decisionMetricsRecordTradeResponsesAndProposalShape() passed after 3.833 seconds.
✔ Test buildRoadScoreIncludesLongestRoadBonusOnlyWhenItWouldBeClaimed() passed after 3.980 seconds.
✔ Test opponentFrontierExcludesVerticesTooCloseToAnyExistingBuilding() passed after 3.980 seconds.
✔ Test choosePlayFollowsAggressivePersonalitysSettlementPriority() passed after 4.130 seconds.
✔ Test claimsLongestRoadWhenAnEdgeWouldReachFiveAndNobodyElseHoldsIt() passed after 4.130 seconds.
◇ Test roadProgressFindsARealDistanceLegalSettlement() started.
◇ Test robberBlocksProbabilityTimesBuildingYield() started.
◇ Test settlementSupplyFiltersSitesAndACityReturnsAPiece() started.
◇ Test publicRivalStandingAndHiddenVictoryPointsStaySeparate() started.
◇ Test expertConvertsAnAffordableReachableSiteIntoAPoint() started.
◇ Test sharedTileChargesTheRobberMoverForItsOwnCity() started.
◇ Test robberPolicyTraceUsesItsCompleteLegalMask(selfCollateral:steal:) started.
◇ Test roadAndSpendDownTraceUsesActualExpertChoice(handSize:) started.
◇ Test blockedPathsAgreeWithEngineAndKeepLegalDetours(blockWithCity:) started.
◇ Test anOpponentsRoadCannotBecomeAnApproachShortcut() started.
◇ Test approachDistanceCannotExceedRemainingRoadPieces() started.
◇ Test itNamesItselfAfterWhatItWraps() started.
◇ Test anAcceptanceOnlyMaskIsPassedThroughRatherThanEmptied() started.
◇ Test itHidesAcceptanceFromTheWrappedPolicy() started.
✔ Test scoreAddsLargestArmySwingBonusWhenOneKnightAway() passed after 4.130 seconds.
✔ Test buyDevCardScoreIgnoresHeldVictoryPointCards() passed after 4.319 seconds.
◇ Test case passing 2 arguments phaseIndex → 0, seed → 41 to otherPhasesPreservePlainPolicyAndRNG(phaseIndex:seed:) started.
◇ Test case passing 2 arguments phaseIndex → 0, seed → 43 to otherPhasesPreservePlainPolicyAndRNG(phaseIndex:seed:) started.
◇ Test case passing 2 arguments phaseIndex → 1, seed → 41 to otherPhasesPreservePlainPolicyAndRNG(phaseIndex:seed:) started.
◇ Test case passing 2 arguments phaseIndex → 1, seed → 43 to otherPhasesPreservePlainPolicyAndRNG(phaseIndex:seed:) started.
◇ Test case passing 2 arguments phaseIndex → 2, seed → 41 to otherPhasesPreservePlainPolicyAndRNG(phaseIndex:seed:) started.
◇ Test case passing 2 arguments phaseIndex → 2, seed → 43 to otherPhasesPreservePlainPolicyAndRNG(phaseIndex:seed:) started.
◇ Test case passing 2 arguments phaseIndex → 3, seed → 41 to otherPhasesPreservePlainPolicyAndRNG(phaseIndex:seed:) started.
◇ Test case passing 2 arguments phaseIndex → 3, seed → 43 to otherPhasesPreservePlainPolicyAndRNG(phaseIndex:seed:) started.
◇ Test case passing 2 arguments phaseIndex → 4, seed → 41 to otherPhasesPreservePlainPolicyAndRNG(phaseIndex:seed:) started.
◇ Test case passing 2 arguments phaseIndex → 4, seed → 43 to otherPhasesPreservePlainPolicyAndRNG(phaseIndex:seed:) started.
◇ Test case passing 1 argument quantity → 1 to bundleAndQuantityUseFinalInventory(quantity:) started.
◇ Test case passing 1 argument quantity → 2 to bundleAndQuantityUseFinalInventory(quantity:) started.
◇ Test case passing 1 argument quantity → 3 to bundleAndQuantityUseFinalInventory(quantity:) started.
✔ Test buyingValuesTheCaptureTheNewCardCouldEnable() passed after 4.417 seconds.
◇ Test case passing 1 argument acceptOnly → false to mixedAndAcceptOnlyMasksUseUnchangedFallback(acceptOnly:) started.
◇ Test case passing 1 argument acceptOnly → true to mixedAndAcceptOnlyMasksUseUnchangedFallback(acceptOnly:) started.
◇ Test case passing 1 argument offset → -1 to strictNativeThresholdBoundaryIsUnchanged(offset:) started.
◇ Test case passing 1 argument offset → 0 to strictNativeThresholdBoundaryIsUnchanged(offset:) started.
◇ Test case passing 1 argument offset → 1 to strictNativeThresholdBoundaryIsUnchanged(offset:) started.
✔ Test greedyRefusesEveryTradeItIsOffered() passed after 4.435 seconds.
✔ Test evaluateRequiresAMeaningfulBenefitNotJustAnyPositiveMargin() passed after 4.435 seconds.
◇ Test case passing 1 argument example → WorkedExample(before: [CatanEngine.Resource.grain: 1, CatanEngine.Resource.ore: 1], give: [CatanEngine.Resource.wool: 1], want: [CatanEngine.Resource.ore: 1], devDelta: 0.0, totalDelta: 0.25, accepts: false) to matchesOfflineWorkedExamples(example:) started.
◇ Test case passing 1 argument example → WorkedExample(before: [CatanEngine.Resource.ore: 2, CatanEngine.Resource.grain: 1], give: [CatanEngine.Resource.wool: 1], want: [CatanEngine.Resource.ore: 1], devDelta: 1.5, totalDelta: 1.5833333333333333, accepts: true) to matchesOfflineWorkedExamples(example:) started.
◇ Test case passing 1 argument example → WorkedExample(before: [CatanEngine.Resource.ore: 1, CatanEngine.Resource.wool: 1, CatanEngine.Resource.grain: 1], give: [CatanEngine.Resource.lumber: 1], want: [CatanEngine.Resource.ore: 1], devDelta: -1.5, totalDelta: -0.4166666666666667, accepts: false) to matchesOfflineWorkedExamples(example:) started.
✔ Test robberDisruptionScalesWithRelativeThreatNotJustRawVictoryPoints() passed after 4.442 seconds.
✔ Test expandedDevelopmentCardFallbackHonorsPermanentBuildReserve() passed after 4.442 seconds.
✔ Test alreadyCoveredResourceScoresLowerThanNewResourceAtEqualPips() passed after 4.444 seconds.
◇ Test case passing 1 argument depletedSeat → 0 to availabilityControlsNeverInventAcceptanceOrBuilds(depletedSeat:) started.
◇ Test case passing 1 argument depletedSeat → 1 to availabilityControlsNeverInventAcceptanceOrBuilds(depletedSeat:) started.
◇ Test case passing 1 argument depletedSeat → 2 to availabilityControlsNeverInventAcceptanceOrBuilds(depletedSeat:) started.
✔ Test bridgesOwnFragmentsDetectsAGenuineBridgeBetweenTwoDisconnectedPieces() passed after 4.462 seconds.
✔ Test scoreIncludesProductionStrengthWeightedByPips() passed after 4.462 seconds.
✔ Test buyDevCardScoreIsBoostedTwoKnightsFromLargestArmy() passed after 4.462 seconds.
✔ Test aStandardGameNeverAsksForArmyMoves() passed after 4.462 seconds.
◇ Test case passing 1 argument revision → .cityProductionV1 to currentExpertCheckpointContinuesTheSameMovesAndRejectsOtherRevisions(revision:) started.
◇ Test case passing 1 argument revision → .pointCompletingCardsV1 to currentExpertCheckpointContinuesTheSameMovesAndRejectsOtherRevisions(revision:) started.
✔ Test aSeatStillCountsItsOwnHeldVictoryPointCards() passed after 4.612 seconds.
✔ Test heldVictoryPointCardsAreInvisibleToOpponents() passed after 4.613 seconds.
◇ Test case passing 1 argument players → 3 to aCompleteExternalSeatMatchStaysReloadable(players:) started.
◇ Test case passing 1 argument players → 4 to aCompleteExternalSeatMatchStaysReloadable(players:) started.
✔ Test evaluateRequiresABetterDealWhenReceiverIsComfortablyAhead() passed after 5.189 seconds.
✔ Test claimsLongestRoadIsFalseWhenAlreadyTheHolder() passed after 5.364 seconds.
✔ Test aFootholdOnACrowdedPrimeHexIsWorthSettlingFor() passed after 5.364 seconds.
✔ Test ownStandingIsOneWhenAllScoresAreZero() passed after 5.971 seconds.
✔ Test choosePlayAlwaysPlaysAHeldRoadBuildingCardWhenARoadIsLegal() passed after 5.995 seconds.
✔ Test scoreSkipsLongestRoadSwingBonusWhenFarBehindTheHolder() passed after 5.995 seconds.
✔ Test generousUnlockCeilingCollapsesWithAGoodPort() passed after 6.010 seconds.
✔ Test aThinGarrisonNextToAnArmedRivalCostsSomething() passed after 6.010 seconds.
◇ Test aGhostFinishesAGame() started.
◇ Test lambdaZeroIgnoresThePerson() started.
◇ Test lambdaZeroPlaysExactlyLikeExpert() started.
◇ Test aStrongHabitDominatesAtHighLambda() started.
✔ Test differentOffersCanSampleDifferentLinesFromThePool() passed after 6.010 seconds.
✔ Test scoreWeighsVictoryPointsHeavily() passed after 6.010 seconds.
✔ Test ownStandingIsAboveOneWhenAheadOfTheField() passed after 6.010 seconds.
✔ Test proposeTradesGivesUpAfterTheTurnRetryLimit() passed after 6.010 seconds.
✔ Test evaluateSuspicionShiftRejectsARepeatTradeFromTheSameProposerThisTurn() passed after 6.010 seconds.
✔ Test aResumedBotProposalStillReceivesAResponse() passed after 6.010 seconds.
✔ Test expandedSetupRoadPointsTowardTheBestOutwardEndpoint() passed after 6.010 seconds.
✔ Test aiNameIsSet() passed after 6.010 seconds.
✔ Test scoreSkipsLargestArmySwingBonusWhenHolderIsFarAhead() passed after 6.010 seconds.
✔ Test buyDevCardScoreIsNotBoostedWhenTheHolderIsFarAhead() passed after 6.010 seconds.
✔ Test relativeWeightClampsExtremeOutliers() passed after 6.010 seconds.
✔ Test evaluateRejectsATradeThatWouldHandTheProposerAnImmediateBuild() passed after 6.010 seconds.
✔ Test buildRoadScoreExcludesReachableVertexThatIsAlreadyOccupied() passed after 6.010 seconds.
✔ Test scoreIncludesHeldDevCardCount() passed after 6.010 seconds.
✔ Test scoreCountsCityProductionAtDoubleWeight() passed after 6.010 seconds.
✔ Test noPoolHasBlankOrDuplicateLines() passed after 6.010 seconds.
✔ Test evaluateRequiresABetterDealFromAHighThreatProposer() passed after 6.010 seconds.
✔ Test theShippedConquestExpertIsTheAdoptedFit() passed after 6.010 seconds.
✔ Test opponentFrontierIncludesVacantVertexTwoHopsFromTheirSettlementButNotOneHop() passed after 6.010 seconds.
✔ Test longestRoadPursuitBonusCreditsABridgeEvenBelowThePursuitGate() passed after 6.010 seconds.
✔ Test aBoldBotBuysAnArmyCardBeforeBuildingAndAnIdleOneDoesNot() passed after 6.010 seconds.
✔ Test expandedBotReservesNearTermPermanentBuildResourcesBeforeBuyingDevelopmentCards() passed after 6.010 seconds.
✔ Test proposeTradesRetriesWithADifferentOfferAfterADecline() passed after 6.011 seconds.
✔ Test acceptedAndRejectedResponsesDrawFromDisjointPools() passed after 6.010 seconds.
✔ Test chooseBuildIsDeterministicWhenOneMoveClearlyDominates() passed after 6.010 seconds.
✔ Test relativeWeightIsOneForEveryoneWhenAllScoresAreZero() passed after 6.010 seconds.
✔ Test longestRoadDefenseBonusIsAbsentWhenLeadIsUncontested() passed after 6.010 seconds.
✔ Test longestRoadDefenseBonusRewardsBridgingEvenWithAnUncontestedLead() passed after 6.106 seconds.
✔ Test robberTargetsLeadingOpponentsTile() passed after 6.304 seconds.
✔ Test heuristicHonoursATradeResponseOnlyActionMask() passed after 6.412 seconds.
✔ Test aBotTakesAHexWhenItHoldsEnoughToWinIt() passed after 6.539 seconds.
✔ Test monopolyTargetsResourceHeldByTheHigherThreatOpponent() passed after 6.558 seconds.
✔ Test longestRoadClaimBonusIsLargerWhenTakingItFromAHighThreatHolder() passed after 6.645 seconds.
✔ Test buildRoadScoreIsUnaffectedByMerelyTouchingAnOpponentsOwnVertex() passed after 6.679 seconds.
✔ Test generousUnlockOffersAllThreeOreWhenThatsAllThatsHeld() passed after 6.724 seconds.
✔ Test tradeWillingnessShiftsTheAcceptanceBar() passed after 6.748 seconds.
✔ Test buildSettlementScoreIsHigherWhenItDeniesAHighThreatOpponentsFrontier() passed after 6.748 seconds.
✔ Test consolidationMetricRecordsEveryDecisionWhereACityIsBuildable() passed after 7.457 seconds.
✔ Test decisionMetricsRecordDisruptionAndProposalOpportunities() passed after 7.457 seconds.
✔ Test heuristicHonoursANarrowedRollPhaseActionMask() passed after 7.479 seconds.
✔ Test neverAcceptsANetLossEvenAtHighTradeWillingness() passed after 8.364 seconds.
✔ Test aBotDoesNotThrowCardsAtAHexItCannotTake() passed after 8.378 seconds.
✔ Test choosePlayPursuesLargestArmyWithARealShotEvenWithoutRobberOnOwnTile() passed after 8.410 seconds.
◇ Test case passing 1 argument oreHeld → 1 to woolForOreCompletesPurchaseOnlyWhenPaymentLeavesOre(oreHeld:) started.
◇ Test case passing 1 argument oreHeld → 2 to woolForOreCompletesPurchaseOnlyWhenPaymentLeavesOre(oreHeld:) started.
✔ Test generousUnlockDoesNotApplyToARoad() passed after 9.212 seconds.
✔ Test everyLineFitsTheIncomingCardsCharacterBudget() passed after 9.212 seconds.
✔ Test aggressivePersonalityProactivelyUsesAKnightButCautiousDoesNot() passed after 9.212 seconds.
✔ Test aBotProposalIsAnsweredBeforeTheProposerContinues() passed after 9.212 seconds.
✔ Test botEndsTurnRatherThanReproposingAnIdenticalPendingOffer() passed after 9.212 seconds.
✔ Test aTargetedBotBuysOnlyWhenOneMoreCardWouldTakeAGoodHex() passed after 9.212 seconds.
✔ Test productionCountsTheTakeover() passed after 9.212 seconds.
✔ Test proposeTradesSkipsWhenIdenticalOfferAlreadyPending() passed after 9.212 seconds.
✔ Test aGenerousUnlockOfferIsAcceptedByAPlausibleReceiver() passed after 9.214 seconds.
✔ Test actualDiscoveryIsIndependentDestinationProgress() passed after 9.216 seconds.
✔ Test tradeHeuristicsRejectsTradeAwayFromNextBuild() passed after 9.222 seconds.
✔ Test choosePlayDoesNotPursueLargestArmyWithoutARealShot() passed after 10.340 seconds.
✔ Test telemetryKeepsEveryEvaluatedTradeReplyWithoutCountingTheCommittedReplyTwice() passed after 10.340 seconds.
✔ Test responseIsDeterministicForTheSameOfferID() passed after 10.535 seconds.
◇ Test case passing 1 argument accept → false to manualResponsesTrainButTheSameAutomaticMoveDoesNot(accept:) started.
◇ Test case passing 1 argument accept → true to manualResponsesTrainButTheSameAutomaticMoveDoesNot(accept:) started.
◇ Test case passing 1 argument mode → .classic to aFullGameReachesAWinner(mode:) started.
◇ Test case passing 1 argument mode → .expanded to aFullGameReachesAWinner(mode:) started.
✔ Test aHomeCoastIsNotAnOverseasColony() passed after 21.964 seconds.
✔ Test recomputedMasksAndChoicesIgnoreConcealedWorldChanges(tier:) with 2 test cases passed after 21.964 seconds.
✔ Test tradeHeuristicsAcceptsClearNetGainTowardNextBuild() passed after 21.964 seconds.
✔ Test foundingAColonyJustifiesProductiveBacktracking() passed after 21.964 seconds.
✔ Test anIdleReturnCannotHideBehindResourceStepOrCounterChanges() passed after 21.964 seconds.
✔ Test buildRoadScoreIsHigherWhenItClosesDistanceToTheExpansionTarget() passed after 21.964 seconds.
✔ Test buyingIsPricedWithoutPeekingAtTheDeck() passed after 21.964 seconds.
✔ Test launchAndCaptureWinningPlansRespectTheSavedAllowance() passed after 21.964 seconds.
✔ Test behaviorMetricsCountOnlyTheObservedSeat() passed after 21.964 seconds.
✔ Test choosePlayFollowsCautiousPersonalitysCityPriority() passed after 21.964 seconds.
✔ Test sailingValuesTheUnionOfCanonicalIntermediateSight() passed after 21.964 seconds.
✔ Test proposeTradeRetriesThenEventuallyEndsTheTurn() passed after 21.964 seconds.
◇ Test case passing 1 argument tier → .traditional to externalResponsesCannotLeaveAStaleDurableBotAnswer(tier:) started.
◇ Test case passing 1 argument tier → .expert to externalResponsesCannotLeaveAStaleDurableBotAnswer(tier:) started.
✔ Test aCityUpgradeDoesNotInventNewExpeditionAccess() passed after 25.742 seconds.
◇ Test case passing 1 argument tier → .traditional to aWinningLargestArmyKnightClosesTheGame(tier:) started.
◇ Test case passing 1 argument tier → .expert to aWinningLargestArmyKnightClosesTheGame(tier:) started.
✔ Test highPipVertexScoresHigherThanLowPipVertex() passed after 28.635 seconds.
◇ Test case passing 1 argument tier → .traditional to acceptsFundingButPreservesAnAlreadyFundedRecipe(tier:) started.
◇ Test case passing 1 argument tier → .expert to acceptsFundingButPreservesAnAlreadyFundedRecipe(tier:) started.
✔ Test scoresExcludesTheGivenPlayerAndSortsHighestFirst() passed after 29.457 seconds.
✔ Test everyEmpireHasALargePitchAndResponsePool() passed after 31.931 seconds.
◇ Test case passing 1 argument tier → .traditional to fundedInlandOpeningMakesUsefulRoadProgress(tier:) started.
◇ Test case passing 1 argument tier → .expert to fundedInlandOpeningMakesUsefulRoadProgress(tier:) started.
NAVAL INLAND ROAD tier=traditional coastDistanceBefore=Optional(1) coastDistanceAfter=Optional(1)
◇ Test case passing 1 argument tier → .traditional to responseOnlyMasksPreservePolicyRNG(tier:) started.
◇ Test case passing 1 argument tier → .expert to responseOnlyMasksPreservePolicyRNG(tier:) started.
NAVAL INLAND ROAD tier=expert coastDistanceBefore=Optional(1) coastDistanceAfter=Optional(1)
◇ Test case passing 1 argument tier → .traditional to yearOfPlentyFundsTheMissingExpeditionIngredients(tier:) started.
◇ Test case passing 1 argument tier → .expert to yearOfPlentyFundsTheMissingExpeditionIngredients(tier:) started.
◇ Test case passing 1 argument tier → .traditional to aPubliclyCertainColonyWinBeatsAProductiveNonwinningCity(tier:) started.
◇ Test case passing 1 argument tier → .expert to aPubliclyCertainColonyWinBeatsAProductiveNonwinningCity(tier:) started.
✔ Test buyDevCardScoreDecreasesWithEachUnplayedCardAlreadyHeld() passed after 35.305 seconds.
◇ Test case passing 1 argument tier → .traditional to aPermanentWinningUpgradeBeatsAnotherExpedition(tier:) started.
◇ Test case passing 1 argument tier → .expert to aPermanentWinningUpgradeBeatsAnotherExpedition(tier:) started.
◇ Test case passing 1 argument tier → .traditional to sailsTowardKnownLandingAndFundsAColony(tier:) started.
◇ Test case passing 1 argument tier → .expert to sailsTowardKnownLandingAndFundsAColony(tier:) started.
◇ Test case passing 1 argument tier → .traditional to buysAFirstHullThenExplores(tier:) started.
◇ Test case passing 1 argument tier → .expert to buysAFirstHullThenExplores(tier:) started.
◇ Test case passing 1 argument tier → .traditional to hiddenWorldHandsDeckAndFutureRNGCannotChangeDecision(tier:) started.
◇ Test case passing 1 argument tier → .expert to hiddenWorldHandsDeckAndFutureRNGCannotChangeDecision(tier:) started.
◇ Test case passing 1 argument tier → .traditional to capturePrefersAnOverseasLanding(tier:) started.
◇ Test case passing 1 argument tier → .expert to capturePrefersAnOverseasLanding(tier:) started.
◇ Test case passing 1 argument tier → .traditional to discardsSurplusWithoutDismantlingAFundedVoyage(tier:) started.
◇ Test case passing 1 argument tier → .expert to discardsSurplusWithoutDismantlingAFundedVoyage(tier:) started.
◇ Test case passing 1 argument tier → .traditional to exchangesOnlyTheSurplusToCompleteAShip(tier:) started.
◇ Test case passing 1 argument tier → .expert to exchangesOnlyTheSurplusToCompleteAShip(tier:) started.
◇ Test case passing 1 argument tier → .traditional to owningEveryVictoryCardRemovesTheFalseImmediateDrawPremium(tier:) started.
◇ Test case passing 1 argument tier → .expert to owningEveryVictoryCardRemovesTheFalseImmediateDrawPremium(tier:) started.
◇ Test case passing 1 argument tier → .traditional to flexibleYieldFundsAShipAndRespectsScarceBank(tier:) started.
◇ Test case passing 1 argument tier → .expert to flexibleYieldFundsAShipAndRespectsScarceBank(tier:) started.
✔ Test proposesAGenerousUnlockTradeAfterTheOrdinaryOfferIsDeclined() passed after 41.171 seconds.
◇ Test case passing 1 argument tier → .traditional to anUnfundedVoyageCanImproveAPoorLandingWithoutGivingUpAccess(tier:) started.
◇ Test case passing 1 argument tier → .expert to anUnfundedVoyageCanImproveAPoorLandingWithoutGivingUpAccess(tier:) started.
✔ Test ownStandingIsBelowOneWhenBehindTheField() passed after 41.578 seconds.
◇ Test case passing 2 arguments tier → .traditional, family → .archipelago to inlandOpeningChoicesCompleteOrdinaryUnfilteredSetup(tier:family:) started.
◇ Test case passing 2 arguments tier → .traditional, family → .peninsula to inlandOpeningChoicesCompleteOrdinaryUnfilteredSetup(tier:family:) started.
NAVAL UNFILTERED OPENING tier=traditional family=archipelago harborless=[0, 1, 2, 3]
◇ Test case passing 2 arguments tier → .traditional, family → .twinIslands to inlandOpeningChoicesCompleteOrdinaryUnfilteredSetup(tier:family:) started.
NAVAL UNFILTERED OPENING tier=traditional family=peninsula harborless=[0, 1, 2]
◇ Test case passing 2 arguments tier → .expert, family → .archipelago to inlandOpeningChoicesCompleteOrdinaryUnfilteredSetup(tier:family:) started.
◇ Test case passing 2 arguments tier → .expert, family → .peninsula to inlandOpeningChoicesCompleteOrdinaryUnfilteredSetup(tier:family:) started.
NAVAL UNFILTERED OPENING tier=traditional family=twinIslands harborless=[1, 2]
◇ Test case passing 2 arguments tier → .expert, family → .twinIslands to inlandOpeningChoicesCompleteOrdinaryUnfilteredSetup(tier:family:) started.
◇ Test case passing 1 argument tier → .traditional to unscopedDirectCallsDoNotRepeatAnOutstandingNegotiation(tier:) started.
◇ Test case passing 1 argument tier → .expert to unscopedDirectCallsDoNotRepeatAnOutstandingNegotiation(tier:) started.
NAVAL UNFILTERED OPENING tier=expert family=archipelago harborless=[0, 1, 2, 3]
✔ Test anExternalResponderKeepsTheOfferForTheUI() passed after 44.075 seconds.
✔ Test robberAvoidsOwnTilesWhenAlternativeExists() passed after 44.075 seconds.
NAVAL UNFILTERED OPENING tier=expert family=peninsula harborless=[0, 1, 2]
NAVAL UNFILTERED OPENING tier=expert family=twinIslands harborless=[1, 2]
✔ Test conquestWeightsPriceArmiesAndStandardWeightsDoNot() passed after 44.552 seconds.
✔ Test decisionMetricsRecordChoiceOpportunities() passed after 44.552 seconds.
✔ Test probabilitiesSumToOne() passed after 43.901 seconds.
✔ Test navigationEvidenceCountsBothTravelledHexesOfOneVoyage() passed after 44.714 seconds.
✔ Test neededPaymentStillEarnsCompletionCredit(payment:quantity:) with 24 test cases passed after 43.527 seconds.
✔ Test aTwoHexActionCannotClaimAThirdHexWinningMove() passed after 44.714 seconds.
✔ Test irrelevantPaymentReallyCompletesPurchase(payment:quantity:) with 12 test cases passed after 43.526 seconds.
✔ Test everySupportedRulesConfigurationCompletesWithOnlyLegalMoves(game:) with 24 test cases passed after 44.717 seconds.
✔ Test emptyDeckBlocksPurchaseButNotBaselineCredit(payment:quantity:) with 24 test cases passed after 43.444 seconds.
✔ Test fittingNothingReturnsTheAnchor() passed after 43.443 seconds.
✔ Test aTradeThatCompletesACityIsAccepted() passed after 43.397 seconds.
✔ Test anAcceptanceThatDoesNotClearTheMarginIsRefused() passed after 43.316 seconds.
✔ Test theGradientMatchesTheLikelihoodOnRelinearisedRecords() passed after 43.316 seconds.
✔ Test aFitResumesFromItsStartingPoint() passed after 43.174 seconds.
H6H10 H10 affordable real site policy=evaluation-v1 chosen=buildSettlement(CatanEngine.VertexID(touchingTiles: [CatanEngine.HexCoordinate(q: -1, r: 0), CatanEngine.HexCoordinate(q: 0, r: -1), CatanEngine.HexCoordinate(q: 0, r: 0)])) score=3.0158597222222223
H6H10 seat=0 publicVP=1 standing=2.1448416666666668 production=[0.1388888888888889, 0.0, 0.0, 0.16666666666666666, 0.0] bankRates=[4, 4, 4, 4, 4]
H6H10 seat=1 publicVP=0 standing=0.0 production=[0.0, 0.0, 0.0, 0.0, 0.0] bankRates=[4, 4, 4, 4, 4]
H6H10 seat=2 publicVP=0 standing=0.0 production=[0.0, 0.0, 0.0, 0.0, 0.0] bankRates=[4, 4, 4, 4, 4]
H6H10 seat=3 publicVP=0 standing=0.0 production=[0.0, 0.0, 0.0, 0.0, 0.0] bankRates=[4, 4, 4, 4, 4]
H6H10 candidate=buildRoad(CatanEngine.EdgeID(a: CatanEngine.VertexID(touchingTiles: [CatanEngine.HexCoordinate(q: -1, r: -1), CatanEngine.HexCoordinate(q: -1, r: 0), CatanEngine.HexCoordinate(q: 0, r: -1)]), b: CatanEngine.VertexID(touchingTiles: [CatanEngine.HexCoordinate(q: -1, r: 0), CatanEngine.HexCoordinate(q: 0, r: -1), CatanEngine.HexCoordinate(q: 0, r: 0)]))) deltaVsEnd=-0.0053972222222222754 cardsDelta=-2 roadLengthDelta=1 linearRoadCredit=0.0888 sites=2 approaches=39
H6H10 candidate=buildRoad(CatanEngine.EdgeID(a: CatanEngine.VertexID(touchingTiles: [CatanEngine.HexCoordinate(q: -1, r: 0), CatanEngine.HexCoordinate(q: -1, r: 1), CatanEngine.HexCoordinate(q: 0, r: 0)]), b: CatanEngine.VertexID(touchingTiles: [CatanEngine.HexCoordinate(q: -1, r: 0), CatanEngine.HexCoordinate(q: 0, r: -1), CatanEngine.HexCoordinate(q: 0, r: 0)]))) deltaVsEnd=-0.013924999999999965 cardsDelta=-2 roadLengthDelta=1 linearRoadCredit=0.0888 sites=2 approaches=42
H6H10 candidate=buildSettlement(CatanEngine.VertexID(touchingTiles: [CatanEngine.HexCoordinate(q: -1, r: 0), CatanEngine.HexCoordinate(q: 0, r: -1), CatanEngine.HexCoordinate(q: 0, r: 0)])) deltaVsEnd=0.8710180555555556 cardsDelta=-4 roadLengthDelta=0 linearRoadCredit=0.0 sites=0 approaches=36
H6H10 H6 alternate public army holder policy=evaluation-v1 chosen=moveRobber(CatanEngine.HexCoordinate(q: 2, r: 0), stealFrom: nil) score=-3.871593565277778
H6H10 seat=0 publicVP=0 standing=0.0 production=[0.0, 0.0, 0.0, 0.0, 0.0] bankRates=[4, 4, 4, 4, 4]
H6H10 seat=1 publicVP=4 standing=5.071625 production=[0.16666666666666666, 0.16666666666666666, 0.0, 0.6666666666666667, 0.0] bankRates=[4, 4, 4, 4, 2]
H6H10 seat=2 publicVP=3 standing=4.300793055555555 production=[0.0, 0.1388888888888889, 0.0, 0.0, 0.1388888888888889] bankRates=[4, 4, 4, 4, 4]
H6H10 seat=3 publicVP=0 standing=0.0 production=[0.0, 0.0, 0.0, 0.0, 0.0] bankRates=[4, 4, 4, 4, 4]
H6H10 candidate=moveRobber(CatanEngine.HexCoordinate(q: 2, r: 0), stealFrom: nil) deltaVsEnd=0.0 cardsDelta=0 roadLengthDelta=0 linearRoadCredit=0.0 sites=0 approaches=0
H6H10 H10 affordable real site policy=evaluation-city-production-v1 chosen=buildSettlement(CatanEngine.VertexID(touchingTiles: [CatanEngine.HexCoordinate(q: -1, r: 0), CatanEngine.HexCoordinate(q: 0, r: -1), CatanEngine.HexCoordinate(q: 0, r: 0)])) score=3.0158597222222223
H6H10 seat=0 publicVP=1 standing=2.1448416666666668 production=[0.1388888888888889, 0.0, 0.0, 0.16666666666666666, 0.0] bankRates=[4, 4, 4, 4, 4]
H6H10 seat=1 publicVP=0 standing=0.0 production=[0.0, 0.0, 0.0, 0.0, 0.0] bankRates=[4, 4, 4, 4, 4]
H6H10 seat=2 publicVP=0 standing=0.0 production=[0.0, 0.0, 0.0, 0.0, 0.0] bankRates=[4, 4, 4, 4, 4]
H6H10 seat=3 publicVP=0 standing=0.0 production=[0.0, 0.0, 0.0, 0.0, 0.0] bankRates=[4, 4, 4, 4, 4]
H6H10 candidate=buildRoad(CatanEngine.EdgeID(a: CatanEngine.VertexID(touchingTiles: [CatanEngine.HexCoordinate(q: -1, r: -1), CatanEngine.HexCoordinate(q: -1, r: 0), CatanEngine.HexCoordinate(q: 0, r: -1)]), b: CatanEngine.VertexID(touchingTiles: [CatanEngine.HexCoordinate(q: -1, r: 0), CatanEngine.HexCoordinate(q: 0, r: -1), CatanEngine.HexCoordinate(q: 0, r: 0)]))) deltaVsEnd=-0.0053972222222222754 cardsDelta=-2 roadLengthDelta=1 linearRoadCredit=0.0888 sites=2 approaches=39
H6H10 candidate=buildRoad(CatanEngine.EdgeID(a: CatanEngine.VertexID(touchingTiles: [CatanEngine.HexCoordinate(q: -1, r: 0), CatanEngine.HexCoordinate(q: -1, r: 1), CatanEngine.HexCoordinate(q: 0, r: 0)]), b: CatanEngine.VertexID(touchingTiles: [CatanEngine.HexCoordinate(q: -1, r: 0), CatanEngine.HexCoordinate(q: 0, r: -1), CatanEngine.HexCoordinate(q: 0, r: 0)]))) deltaVsEnd=-0.013924999999999965 cardsDelta=-2 roadLengthDelta=1 linearRoadCredit=0.0888 sites=2 approaches=42
H6H10 candidate=buildSettlement(CatanEngine.VertexID(touchingTiles: [CatanEngine.HexCoordinate(q: -1, r: 0), CatanEngine.HexCoordinate(q: 0, r: -1), CatanEngine.HexCoordinate(q: 0, r: 0)])) deltaVsEnd=0.8710180555555556 cardsDelta=-4 roadLengthDelta=0 linearRoadCredit=0.0 sites=0 approaches=36
◇ Test case passing 2 arguments selfCollateral → false, steal → false to robberPolicyTraceUsesItsCompleteLegalMask(selfCollateral:steal:) started.
◇ Test case passing 2 arguments selfCollateral → false, steal → true to robberPolicyTraceUsesItsCompleteLegalMask(selfCollateral:steal:) started.
H6H10 H6 alternate public army holder policy=evaluation-city-production-v1 chosen=moveRobber(CatanEngine.HexCoordinate(q: 2, r: 0), stealFrom: nil) score=-3.871593565277778
H6H10 seat=0 publicVP=0 standing=0.0 production=[0.0, 0.0, 0.0, 0.0, 0.0] bankRates=[4, 4, 4, 4, 4]
H6H10 seat=1 publicVP=4 standing=5.071625 production=[0.16666666666666666, 0.16666666666666666, 0.0, 0.6666666666666667, 0.0] bankRates=[4, 4, 4, 4, 2]
H6H10 seat=2 publicVP=3 standing=4.300793055555555 production=[0.0, 0.1388888888888889, 0.0, 0.0, 0.1388888888888889] bankRates=[4, 4, 4, 4, 4]
H6H10 seat=3 publicVP=0 standing=0.0 production=[0.0, 0.0, 0.0, 0.0, 0.0] bankRates=[4, 4, 4, 4, 4]
H6H10 candidate=moveRobber(CatanEngine.HexCoordinate(q: 2, r: 0), stealFrom: nil) deltaVsEnd=0.0 cardsDelta=0 roadLengthDelta=0 linearRoadCredit=0.0 sites=0 approaches=0
◇ Test case passing 2 arguments selfCollateral → true, steal → false to robberPolicyTraceUsesItsCompleteLegalMask(selfCollateral:steal:) started.
H6H10 H6 collateral=false steal=true policy=evaluation-v1 chosen=moveRobber(CatanEngine.HexCoordinate(q: 2, r: 0), stealFrom: Optional(CatanEngine.PlayerID(index: 1))) score=-3.786231065277778
H6H10 seat=0 publicVP=0 standing=0.0 production=[0.0, 0.0, 0.0, 0.0, 0.0] bankRates=[4, 4, 4, 4, 4]
H6H10 H6 collateral=false steal=false policy=evaluation-v1 chosen=moveRobber(CatanEngine.HexCoordinate(q: 2, r: 0), stealFrom: nil) score=-3.871593565277778
H6H10 seat=0 publicVP=0 standing=0.0 production=[0.0, 0.0, 0.0, 0.0, 0.0] bankRates=[4, 4, 4, 4, 4]
H6H10 seat=1 publicVP=4 standing=5.159755 production=[0.16666666666666666, 0.16666666666666666, 0.0, 0.6666666666666667, 0.0] bankRates=[4, 4, 4, 4, 2]
H6H10 seat=1 publicVP=4 standing=5.071625 production=[0.16666666666666666, 0.16666666666666666, 0.0, 0.6666666666666667, 0.0] bankRates=[4, 4, 4, 4, 2]
H6H10 seat=2 publicVP=1 standing=1.6056230555555555 production=[0.0, 0.1388888888888889, 0.0, 0.0, 0.1388888888888889] bankRates=[4, 4, 4, 4, 4]
H6H10 seat=3 publicVP=0 standing=0.0 production=[0.0, 0.0, 0.0, 0.0, 0.0] bankRates=[4, 4, 4, 4, 4]
H6H10 seat=2 publicVP=1 standing=1.5174930555555555 production=[0.0, 0.1388888888888889, 0.0, 0.0, 0.1388888888888889] bankRates=[4, 4, 4, 4, 4]
H6H10 candidate=moveRobber(CatanEngine.HexCoordinate(q: -1, r: 1), stealFrom: Optional(CatanEngine.PlayerID(index: 2))) deltaVsEnd=-0.27633347922222073 cardsDelta=1 roadLengthDelta=0 linearRoadCredit=0.0 sites=0 approaches=0
H6H10 seat=3 publicVP=0 standing=0.0 production=[0.0, 0.0, 0.0, 0.0, 0.0] bankRates=[4, 4, 4, 4, 4]
H6H10 candidate=moveRobber(CatanEngine.HexCoordinate(q: 2, r: 0), stealFrom: Optional(CatanEngine.PlayerID(index: 1))) deltaVsEnd=0.0 cardsDelta=1 roadLengthDelta=0 linearRoadCredit=0.0 sites=0 approaches=0
H6H10 candidate=moveRobber(CatanEngine.HexCoordinate(q: -1, r: 1), stealFrom: nil) deltaVsEnd=-0.20548577222222164 cardsDelta=0 roadLengthDelta=0 linearRoadCredit=0.0 sites=0 approaches=0
H6H10 candidate=moveRobber(CatanEngine.HexCoordinate(q: 2, r: 0), stealFrom: nil) deltaVsEnd=0.0 cardsDelta=0 roadLengthDelta=0 linearRoadCredit=0.0 sites=0 approaches=0
H6H10 H6 collateral=false steal=false policy=evaluation-city-production-v1 chosen=moveRobber(CatanEngine.HexCoordinate(q: 2, r: 0), stealFrom: nil) score=-3.871593565277778
H6H10 seat=0 publicVP=0 standing=0.0 production=[0.0, 0.0, 0.0, 0.0, 0.0] bankRates=[4, 4, 4, 4, 4]
H6H10 seat=1 publicVP=4 standing=5.071625 production=[0.16666666666666666, 0.16666666666666666, 0.0, 0.6666666666666667, 0.0] bankRates=[4, 4, 4, 4, 2]
H6H10 seat=2 publicVP=1 standing=1.5174930555555555 production=[0.0, 0.1388888888888889, 0.0, 0.0, 0.1388888888888889] bankRates=[4, 4, 4, 4, 4]
H6H10 seat=3 publicVP=0 standing=0.0 production=[0.0, 0.0, 0.0, 0.0, 0.0] bankRates=[4, 4, 4, 4, 4]
H6H10 candidate=moveRobber(CatanEngine.HexCoordinate(q: -1, r: 1), stealFrom: nil) deltaVsEnd=-0.20548577222222164 cardsDelta=0 roadLengthDelta=0 linearRoadCredit=0.0 sites=0 approaches=0
H6H10 candidate=moveRobber(CatanEngine.HexCoordinate(q: 2, r: 0), stealFrom: nil) deltaVsEnd=0.0 cardsDelta=0 roadLengthDelta=0 linearRoadCredit=0.0 sites=0 approaches=0
H6H10 H6 collateral=false steal=true policy=evaluation-city-production-v1 chosen=moveRobber(CatanEngine.HexCoordinate(q: 2, r: 0), stealFrom: Optional(CatanEngine.PlayerID(index: 1))) score=-3.786231065277778
◇ Test case passing 2 arguments selfCollateral → true, steal → true to robberPolicyTraceUsesItsCompleteLegalMask(selfCollateral:steal:) started.
H6H10 seat=0 publicVP=0 standing=0.0 production=[0.0, 0.0, 0.0, 0.0, 0.0] bankRates=[4, 4, 4, 4, 4]
H6H10 seat=1 publicVP=4 standing=5.159755 production=[0.16666666666666666, 0.16666666666666666, 0.0, 0.6666666666666667, 0.0] bankRates=[4, 4, 4, 4, 2]
H6H10 seat=2 publicVP=1 standing=1.6056230555555555 production=[0.0, 0.1388888888888889, 0.0, 0.0, 0.1388888888888889] bankRates=[4, 4, 4, 4, 4]
H6H10 seat=3 publicVP=0 standing=0.0 production=[0.0, 0.0, 0.0, 0.0, 0.0] bankRates=[4, 4, 4, 4, 4]
H6H10 candidate=moveRobber(CatanEngine.HexCoordinate(q: -1, r: 1), stealFrom: Optional(CatanEngine.PlayerID(index: 2))) deltaVsEnd=-0.27633347922222073 cardsDelta=1 roadLengthDelta=0 linearRoadCredit=0.0 sites=0 approaches=0
H6H10 candidate=moveRobber(CatanEngine.HexCoordinate(q: 2, r: 0), stealFrom: Optional(CatanEngine.PlayerID(index: 1))) deltaVsEnd=0.0 cardsDelta=1 roadLengthDelta=0 linearRoadCredit=0.0 sites=0 approaches=0
H6H10 H6 collateral=true steal=false policy=evaluation-v1 chosen=moveRobber(CatanEngine.HexCoordinate(q: 2, r: -1), stealFrom: nil) score=-1.4512292727777778
◇ Test case passing 1 argument handSize → 7 to roadAndSpendDownTraceUsesActualExpertChoice(handSize:) started.
H6H10 seat=0 publicVP=2 standing=2.4546930555555555 production=[0.0, 0.0, 0.0, 0.2777777777777778, 0.0] bankRates=[3, 3, 3, 3, 3]
H6H10 seat=1 publicVP=4 standing=5.071625 production=[0.16666666666666666, 0.16666666666666666, 0.0, 0.6666666666666667, 0.0] bankRates=[4, 4, 4, 4, 2]
H6H10 seat=2 publicVP=1 standing=1.5174930555555555 production=[0.0, 0.1388888888888889, 0.0, 0.0, 0.1388888888888889] bankRates=[4, 4, 4, 4, 4]
H6H10 seat=3 publicVP=0 standing=0.0 production=[0.0, 0.0, 0.0, 0.0, 0.0] bankRates=[4, 4, 4, 4, 4]
H6H10 candidate=moveRobber(CatanEngine.HexCoordinate(q: -1, r: 1), stealFrom: nil) deltaVsEnd=-0.17115700916666654 cardsDelta=0 roadLengthDelta=0 linearRoadCredit=0.0 sites=0 approaches=6
H6H10 candidate=moveRobber(CatanEngine.HexCoordinate(q: 2, r: 0), stealFrom: nil) deltaVsEnd=-0.2215767925000005 cardsDelta=0 roadLengthDelta=0 linearRoadCredit=0.0 sites=0 approaches=6
H6H10 candidate=moveRobber(CatanEngine.HexCoordinate(q: 2, r: -1), stealFrom: nil) deltaVsEnd=0.0 cardsDelta=0 roadLengthDelta=0 linearRoadCredit=0.0 sites=0 approaches=6
◇ Test case passing 1 argument handSize → 8 to roadAndSpendDownTraceUsesActualExpertChoice(handSize:) started.
H6H10 H10 hand=7 discipline=off policy=evaluation-v1 chosen=buildRoad(CatanEngine.EdgeID(a: CatanEngine.VertexID(touchingTiles: [CatanEngine.HexCoordinate(q: -3, r: 2), CatanEngine.HexCoordinate(q: -3, r: 3), CatanEngine.HexCoordinate(q: -2, r: 2)]), b: CatanEngine.VertexID(touchingTiles: [CatanEngine.HexCoordinate(q: -3, r: 3), CatanEngine.HexCoordinate(q: -2, r: 2), CatanEngine.HexCoordinate(q: -2, r: 3)]))) score=2.2943838349999996
H6H10 seat=0 publicVP=5 standing=6.699601388888889 production=[0.0, 0.3055555555555556, 0.08333333333333333, 0.2222222222222222, 0.08333333333333333] bankRates=[3, 3, 2, 3, 3]
H6H10 seat=1 publicVP=3 standing=5.501794444444444 production=[0.0, 0.0, 0.05555555555555555, 0.0, 0.0] bankRates=[2, 4, 4, 4, 4]
H6H10 seat=2 publicVP=0 standing=0.0 production=[0.0, 0.0, 0.0, 0.0, 0.0] bankRates=[4, 4, 4, 4, 4]
H6H10 seat=3 publicVP=0 standing=0.0 production=[0.0, 0.0, 0.0, 0.0, 0.0] bankRates=[4, 4, 4, 4, 4]
H6H10 candidate=endTurn deltaVsEnd=0.0 cardsDelta=0 roadLengthDelta=0 linearRoadCredit=0.0 sites=0 approaches=0
H6H10 candidate=buildRoad(CatanEngine.EdgeID(a: CatanEngine.VertexID(touchingTiles: [CatanEngine.HexCoordinate(q: -3, r: 2), CatanEngine.HexCoordinate(q: -3, r: 3), CatanEngine.HexCoordinate(q: -2, r: 2)]), b: CatanEngine.VertexID(touchingTiles: [CatanEngine.HexCoordinate(q: -3, r: 3), CatanEngine.HexCoordinate(q: -2, r: 2), CatanEngine.HexCoordinate(q: -2, r: 3)]))) deltaVsEnd=0.017674999999999663 cardsDelta=-2 roadLengthDelta=2 linearRoadCredit=0.1776 sites=0 approaches=0
H6H10 candidate=buildRoad(CatanEngine.EdgeID(a: CatanEngine.VertexID(touchingTiles: [CatanEngine.HexCoordinate(q: -2, r: 1), CatanEngine.HexCoordinate(q: -2, r: 2), CatanEngine.HexCoordinate(q: -1, r: 1)]), b: CatanEngine.VertexID(touchingTiles: [CatanEngine.HexCoordinate(q: -2, r: 1), CatanEngine.HexCoordinate(q: -1, r: 0), CatanEngine.HexCoordinate(q: -1, r: 1)]))) deltaVsEnd=0.017674999999999663 cardsDelta=-2 roadLengthDelta=2 linearRoadCredit=0.1776 sites=0 approaches=0
H6H10 candidate=buildRoad(CatanEngine.EdgeID(a: CatanEngine.VertexID(touchingTiles: [CatanEngine.HexCoordinate(q: -2, r: 1), CatanEngine.HexCoordinate(q: -2, r: 2), CatanEngine.HexCoordinate(q: -1, r: 1)]), b: CatanEngine.VertexID(touchingTiles: [CatanEngine.HexCoordinate(q: -2, r: 2), CatanEngine.HexCoordinate(q: -1, r: 1), CatanEngine.HexCoordinate(q: -1, r: 2)]))) deltaVsEnd=0.017674999999999663 cardsDelta=-2 roadLengthDelta=2 linearRoadCredit=0.1776 sites=0 approaches=0
H6H10 H6 collateral=true steal=true policy=evaluation-v1 chosen=moveRobber(CatanEngine.HexCoordinate(q: 2, r: -1), stealFrom: Optional(CatanEngine.PlayerID(index: 1))) score=-1.3658667727777778
H6H10 seat=0 publicVP=2 standing=2.4546930555555555 production=[0.0, 0.0, 0.0, 0.2777777777777778, 0.0] bankRates=[3, 3, 3, 3, 3]
H6H10 H6 collateral=true steal=false policy=evaluation-city-production-v1 chosen=moveRobber(CatanEngine.HexCoordinate(q: 2, r: -1), stealFrom: nil) score=-1.4512292727777778
H6H10 seat=0 publicVP=2 standing=2.4546930555555555 production=[0.0, 0.0, 0.0, 0.2777777777777778, 0.0] bankRates=[3, 3, 3, 3, 3]
H6H10 seat=1 publicVP=4 standing=5.159755 production=[0.16666666666666666, 0.16666666666666666, 0.0, 0.6666666666666667, 0.0] bankRates=[4, 4, 4, 4, 2]
H6H10 seat=1 publicVP=4 standing=5.071625 production=[0.16666666666666666, 0.16666666666666666, 0.0, 0.6666666666666667, 0.0] bankRates=[4, 4, 4, 4, 2]
H6H10 seat=2 publicVP=1 standing=1.6056230555555555 production=[0.0, 0.1388888888888889, 0.0, 0.0, 0.1388888888888889] bankRates=[4, 4, 4, 4, 4]
H6H10 seat=3 publicVP=0 standing=0.0 production=[0.0, 0.0, 0.0, 0.0, 0.0] bankRates=[4, 4, 4, 4, 4]
H6H10 candidate=moveRobber(CatanEngine.HexCoordinate(q: -1, r: 1), stealFrom: Optional(CatanEngine.PlayerID(index: 2))) deltaVsEnd=-0.24200471616666608 cardsDelta=1 roadLengthDelta=0 linearRoadCredit=0.0 sites=0 approaches=6
H6H10 candidate=moveRobber(CatanEngine.HexCoordinate(q: 2, r: 0), stealFrom: Optional(CatanEngine.PlayerID(index: 1))) deltaVsEnd=-0.2215767925000005 cardsDelta=1 roadLengthDelta=0 linearRoadCredit=0.0 sites=0 approaches=6
H6H10 seat=2 publicVP=1 standing=1.5174930555555555 production=[0.0, 0.1388888888888889, 0.0, 0.0, 0.1388888888888889] bankRates=[4, 4, 4, 4, 4]
H6H10 seat=3 publicVP=0 standing=0.0 production=[0.0, 0.0, 0.0, 0.0, 0.0] bankRates=[4, 4, 4, 4, 4]
H6H10 candidate=moveRobber(CatanEngine.HexCoordinate(q: 2, r: -1), stealFrom: Optional(CatanEngine.PlayerID(index: 1))) deltaVsEnd=0.0 cardsDelta=1 roadLengthDelta=0 linearRoadCredit=0.0 sites=0 approaches=6
H6H10 candidate=moveRobber(CatanEngine.HexCoordinate(q: -1, r: 1), stealFrom: nil) deltaVsEnd=-0.17115700916666654 cardsDelta=0 roadLengthDelta=0 linearRoadCredit=0.0 sites=0 approaches=6
H6H10 candidate=moveRobber(CatanEngine.HexCoordinate(q: 2, r: 0), stealFrom: nil) deltaVsEnd=-0.2215767925000005 cardsDelta=0 roadLengthDelta=0 linearRoadCredit=0.0 sites=0 approaches=6
H6H10 candidate=moveRobber(CatanEngine.HexCoordinate(q: 2, r: -1), stealFrom: nil) deltaVsEnd=0.0 cardsDelta=0 roadLengthDelta=0 linearRoadCredit=0.0 sites=0 approaches=6
◇ Test case passing 1 argument blockWithCity → false to blockedPathsAgreeWithEngineAndKeepLegalDetours(blockWithCity:) started.
H6H10 H10 hand=7 discipline=on policy=evaluation-v1 chosen=buildRoad(CatanEngine.EdgeID(a: CatanEngine.VertexID(touchingTiles: [CatanEngine.HexCoordinate(q: -3, r: 2), CatanEngine.HexCoordinate(q: -3, r: 3), CatanEngine.HexCoordinate(q: -2, r: 2)]), b: CatanEngine.VertexID(touchingTiles: [CatanEngine.HexCoordinate(q: -3, r: 3), CatanEngine.HexCoordinate(q: -2, r: 2), CatanEngine.HexCoordinate(q: -2, r: 3)]))) score=2.2943838349999996
H6H10 seat=0 publicVP=5 standing=6.699601388888889 production=[0.0, 0.3055555555555556, 0.08333333333333333, 0.2222222222222222, 0.08333333333333333] bankRates=[3, 3, 2, 3, 3]
H6H10 seat=1 publicVP=3 standing=5.501794444444444 production=[0.0, 0.0, 0.05555555555555555, 0.0, 0.0] bankRates=[2, 4, 4, 4, 4]
H6H10 seat=2 publicVP=0 standing=0.0 production=[0.0, 0.0, 0.0, 0.0, 0.0] bankRates=[4, 4, 4, 4, 4]
H6H10 seat=3 publicVP=0 standing=0.0 production=[0.0, 0.0, 0.0, 0.0, 0.0] bankRates=[4, 4, 4, 4, 4]
H6H10 candidate=endTurn deltaVsEnd=0.0 cardsDelta=0 roadLengthDelta=0 linearRoadCredit=0.0 sites=0 approaches=0
H6H10 candidate=buildRoad(CatanEngine.EdgeID(a: CatanEngine.VertexID(touchingTiles: [CatanEngine.HexCoordinate(q: -3, r: 2), CatanEngine.HexCoordinate(q: -3, r: 3), CatanEngine.HexCoordinate(q: -2, r: 2)]), b: CatanEngine.VertexID(touchingTiles: [CatanEngine.HexCoordinate(q: -3, r: 3), CatanEngine.HexCoordinate(q: -2, r: 2), CatanEngine.HexCoordinate(q: -2, r: 3)]))) deltaVsEnd=0.017674999999999663 cardsDelta=-2 roadLengthDelta=2 linearRoadCredit=0.1776 sites=0 approaches=0
H6H10 candidate=buildRoad(CatanEngine.EdgeID(a: CatanEngine.VertexID(touchingTiles: [CatanEngine.HexCoordinate(q: -2, r: 1), CatanEngine.HexCoordinate(q: -2, r: 2), CatanEngine.HexCoordinate(q: -1, r: 1)]), b: CatanEngine.VertexID(touchingTiles: [CatanEngine.HexCoordinate(q: -2, r: 1), CatanEngine.HexCoordinate(q: -1, r: 0), CatanEngine.HexCoordinate(q: -1, r: 1)]))) deltaVsEnd=0.017674999999999663 cardsDelta=-2 roadLengthDelta=2 linearRoadCredit=0.1776 sites=0 approaches=0
H6H10 candidate=buildRoad(CatanEngine.EdgeID(a: CatanEngine.VertexID(touchingTiles: [CatanEngine.HexCoordinate(q: -2, r: 1), CatanEngine.HexCoordinate(q: -2, r: 2), CatanEngine.HexCoordinate(q: -1, r: 1)]), b: CatanEngine.VertexID(touchingTiles: [CatanEngine.HexCoordinate(q: -2, r: 2), CatanEngine.HexCoordinate(q: -1, r: 1), CatanEngine.HexCoordinate(q: -1, r: 2)]))) deltaVsEnd=0.017674999999999663 cardsDelta=-2 roadLengthDelta=2 linearRoadCredit=0.1776 sites=0 approaches=0
H6H10 override=false revision=legacy hand=7
H6H10 H10 hand=8 discipline=off policy=evaluation-v1 chosen=buildRoad(CatanEngine.EdgeID(a: CatanEngine.VertexID(touchingTiles: [CatanEngine.HexCoordinate(q: -3, r: 2), CatanEngine.HexCoordinate(q: -3, r: 3), CatanEngine.HexCoordinate(q: -2, r: 2)]), b: CatanEngine.VertexID(touchingTiles: [CatanEngine.HexCoordinate(q: -3, r: 3), CatanEngine.HexCoordinate(q: -2, r: 2), CatanEngine.HexCoordinate(q: -2, r: 3)]))) score=2.3512838350000003
H6H10 seat=0 publicVP=5 standing=6.692351388888889 production=[0.0, 0.3055555555555556, 0.08333333333333333, 0.2222222222222222, 0.08333333333333333] bankRates=[3, 3, 2, 3, 3]
H6H10 seat=1 publicVP=3 standing=5.501794444444444 production=[0.0, 0.0, 0.05555555555555555, 0.0, 0.0] bankRates=[2, 4, 4, 4, 4]
H6H10 seat=2 publicVP=0 standing=0.0 production=[0.0, 0.0, 0.0, 0.0, 0.0] bankRates=[4, 4, 4, 4, 4]
H6H10 seat=3 publicVP=0 standing=0.0 production=[0.0, 0.0, 0.0, 0.0, 0.0] bankRates=[4, 4, 4, 4, 4]
H6H10 candidate=endTurn deltaVsEnd=0.0 cardsDelta=0 roadLengthDelta=0 linearRoadCredit=0.0 sites=0 approaches=0
H6H10 candidate=buildRoad(CatanEngine.EdgeID(a: CatanEngine.VertexID(touchingTiles: [CatanEngine.HexCoordinate(q: -3, r: 2), CatanEngine.HexCoordinate(q: -3, r: 3), CatanEngine.HexCoordinate(q: -2, r: 2)]), b: CatanEngine.VertexID(touchingTiles: [CatanEngine.HexCoordinate(q: -3, r: 3), CatanEngine.HexCoordinate(q: -2, r: 2), CatanEngine.HexCoordinate(q: -2, r: 3)]))) deltaVsEnd=0.08182500000000026 cardsDelta=-2 roadLengthDelta=2 linearRoadCredit=0.1776 sites=0 approaches=0
H6H10 candidate=buildRoad(CatanEngine.EdgeID(a: CatanEngine.VertexID(touchingTiles: [CatanEngine.HexCoordinate(q: -2, r: 1), CatanEngine.HexCoordinate(q: -2, r: 2), CatanEngine.HexCoordinate(q: -1, r: 1)]), b: CatanEngine.VertexID(touchingTiles: [CatanEngine.HexCoordinate(q: -2, r: 1), CatanEngine.HexCoordinate(q: -1, r: 0), CatanEngine.HexCoordinate(q: -1, r: 1)]))) deltaVsEnd=0.08182500000000026 cardsDelta=-2 roadLengthDelta=2 linearRoadCredit=0.1776 sites=0 approaches=0
H6H10 candidate=buildRoad(CatanEngine.EdgeID(a: CatanEngine.VertexID(touchingTiles: [CatanEngine.HexCoordinate(q: -2, r: 1), CatanEngine.HexCoordinate(q: -2, r: 2), CatanEngine.HexCoordinate(q: -1, r: 1)]), b: CatanEngine.VertexID(touchingTiles: [CatanEngine.HexCoordinate(q: -2, r: 2), CatanEngine.HexCoordinate(q: -1, r: 1), CatanEngine.HexCoordinate(q: -1, r: 2)]))) deltaVsEnd=0.08182500000000026 cardsDelta=-2 roadLengthDelta=2 linearRoadCredit=0.1776 sites=0 approaches=0
◇ Test case passing 1 argument blockWithCity → true to blockedPathsAgreeWithEngineAndKeepLegalDetours(blockWithCity:) started.
H6H10 H6 collateral=true steal=true policy=evaluation-city-production-v1 chosen=moveRobber(CatanEngine.HexCoordinate(q: 2, r: -1), stealFrom: Optional(CatanEngine.PlayerID(index: 1))) score=-1.3658667727777778
H6H10 seat=0 publicVP=2 standing=2.4546930555555555 production=[0.0, 0.0, 0.0, 0.2777777777777778, 0.0] bankRates=[3, 3, 3, 3, 3]
H6H10 seat=1 publicVP=4 standing=5.159755 production=[0.16666666666666666, 0.16666666666666666, 0.0, 0.6666666666666667, 0.0] bankRates=[4, 4, 4, 4, 2]
H6H10 seat=2 publicVP=1 standing=1.6056230555555555 production=[0.0, 0.1388888888888889, 0.0, 0.0, 0.1388888888888889] bankRates=[4, 4, 4, 4, 4]
H6H10 seat=3 publicVP=0 standing=0.0 production=[0.0, 0.0, 0.0, 0.0, 0.0] bankRates=[4, 4, 4, 4, 4]
H6H10 candidate=moveRobber(CatanEngine.HexCoordinate(q: -1, r: 1), stealFrom: Optional(CatanEngine.PlayerID(index: 2))) deltaVsEnd=-0.24200471616666608 cardsDelta=1 roadLengthDelta=0 linearRoadCredit=0.0 sites=0 approaches=6
H6H10 H10 hand=7 discipline=off policy=evaluation-city-production-v1 chosen=buildRoad(CatanEngine.EdgeID(a: CatanEngine.VertexID(touchingTiles: [CatanEngine.HexCoordinate(q: -3, r: 2), CatanEngine.HexCoordinate(q: -3, r: 3), CatanEngine.HexCoordinate(q: -2, r: 2)]), b: CatanEngine.VertexID(touchingTiles: [CatanEngine.HexCoordinate(q: -3, r: 3), CatanEngine.HexCoordinate(q: -2, r: 2), CatanEngine.HexCoordinate(q: -2, r: 3)]))) score=2.3138282794444445
H6H10 candidate=moveRobber(CatanEngine.HexCoordinate(q: 2, r: 0), stealFrom: Optional(CatanEngine.PlayerID(index: 1))) deltaVsEnd=-0.2215767925000005 cardsDelta=1 roadLengthDelta=0 linearRoadCredit=0.0 sites=0 approaches=6
H6H10 seat=0 publicVP=5 standing=6.719045833333333 production=[0.0, 0.3055555555555556, 0.08333333333333333, 0.2222222222222222, 0.08333333333333333] bankRates=[3, 3, 2, 3, 3]
H6H10 candidate=moveRobber(CatanEngine.HexCoordinate(q: 2, r: -1), stealFrom: Optional(CatanEngine.PlayerID(index: 1))) deltaVsEnd=0.0 cardsDelta=1 roadLengthDelta=0 linearRoadCredit=0.0 sites=0 approaches=6
H6H10 seat=1 publicVP=3 standing=5.501794444444444 production=[0.0, 0.0, 0.05555555555555555, 0.0, 0.0] bankRates=[2, 4, 4, 4, 4]
H6H10 seat=2 publicVP=0 standing=0.0 production=[0.0, 0.0, 0.0, 0.0, 0.0] bankRates=[4, 4, 4, 4, 4]
H6H10 seat=3 publicVP=0 standing=0.0 production=[0.0, 0.0, 0.0, 0.0, 0.0] bankRates=[4, 4, 4, 4, 4]
H6H10 candidate=endTurn deltaVsEnd=0.0 cardsDelta=0 roadLengthDelta=0 linearRoadCredit=0.0 sites=0 approaches=0
H6H10 candidate=buildRoad(CatanEngine.EdgeID(a: CatanEngine.VertexID(touchingTiles: [CatanEngine.HexCoordinate(q: -3, r: 2), CatanEngine.HexCoordinate(q: -3, r: 3), CatanEngine.HexCoordinate(q: -2, r: 2)]), b: CatanEngine.VertexID(touchingTiles: [CatanEngine.HexCoordinate(q: -3, r: 3), CatanEngine.HexCoordinate(q: -2, r: 2), CatanEngine.HexCoordinate(q: -2, r: 3)]))) deltaVsEnd=0.017674999999999663 cardsDelta=-2 roadLengthDelta=2 linearRoadCredit=0.1776 sites=0 approaches=0
H6H10 candidate=buildRoad(CatanEngine.EdgeID(a: CatanEngine.VertexID(touchingTiles: [CatanEngine.HexCoordinate(q: -2, r: 1), CatanEngine.HexCoordinate(q: -2, r: 2), CatanEngine.HexCoordinate(q: -1, r: 1)]), b: CatanEngine.VertexID(touchingTiles: [CatanEngine.HexCoordinate(q: -2, r: 1), CatanEngine.HexCoordinate(q: -1, r: 0), CatanEngine.HexCoordinate(q: -1, r: 1)]))) deltaVsEnd=0.017674999999999663 cardsDelta=-2 roadLengthDelta=2 linearRoadCredit=0.1776 sites=0 approaches=0
H6H10 candidate=buildRoad(CatanEngine.EdgeID(a: CatanEngine.VertexID(touchingTiles: [CatanEngine.HexCoordinate(q: -2, r: 1), CatanEngine.HexCoordinate(q: -2, r: 2), CatanEngine.HexCoordinate(q: -1, r: 1)]), b: CatanEngine.VertexID(touchingTiles: [CatanEngine.HexCoordinate(q: -2, r: 2), CatanEngine.HexCoordinate(q: -1, r: 1), CatanEngine.HexCoordinate(q: -1, r: 2)]))) deltaVsEnd=0.017674999999999663 cardsDelta=-2 roadLengthDelta=2 linearRoadCredit=0.1776 sites=0 approaches=0
H6H10 H10 hand=8 discipline=on policy=evaluation-v1 chosen=buildRoad(CatanEngine.EdgeID(a: CatanEngine.VertexID(touchingTiles: [CatanEngine.HexCoordinate(q: -3, r: 2), CatanEngine.HexCoordinate(q: -3, r: 3), CatanEngine.HexCoordinate(q: -2, r: 2)]), b: CatanEngine.VertexID(touchingTiles: [CatanEngine.HexCoordinate(q: -3, r: 3), CatanEngine.HexCoordinate(q: -2, r: 2), CatanEngine.HexCoordinate(q: -2, r: 3)]))) score=2.3512838350000003
H6H10 seat=0 publicVP=5 standing=6.692351388888889 production=[0.0, 0.3055555555555556, 0.08333333333333333, 0.2222222222222222, 0.08333333333333333] bankRates=[3, 3, 2, 3, 3]
H6H10 seat=1 publicVP=3 standing=5.501794444444444 production=[0.0, 0.0, 0.05555555555555555, 0.0, 0.0] bankRates=[2, 4, 4, 4, 4]
H6H10 seat=2 publicVP=0 standing=0.0 production=[0.0, 0.0, 0.0, 0.0, 0.0] bankRates=[4, 4, 4, 4, 4]
H6H10 seat=3 publicVP=0 standing=0.0 production=[0.0, 0.0, 0.0, 0.0, 0.0] bankRates=[4, 4, 4, 4, 4]
H6H10 candidate=endTurn deltaVsEnd=0.0 cardsDelta=0 roadLengthDelta=0 linearRoadCredit=0.0 sites=0 approaches=0
H6H10 candidate=buildRoad(CatanEngine.EdgeID(a: CatanEngine.VertexID(touchingTiles: [CatanEngine.HexCoordinate(q: -3, r: 2), CatanEngine.HexCoordinate(q: -3, r: 3), CatanEngine.HexCoordinate(q: -2, r: 2)]), b: CatanEngine.VertexID(touchingTiles: [CatanEngine.HexCoordinate(q: -3, r: 3), CatanEngine.HexCoordinate(q: -2, r: 2), CatanEngine.HexCoordinate(q: -2, r: 3)]))) deltaVsEnd=0.08182500000000026 cardsDelta=-2 roadLengthDelta=2 linearRoadCredit=0.1776 sites=0 approaches=0
H6H10 candidate=buildRoad(CatanEngine.EdgeID(a: CatanEngine.VertexID(touchingTiles: [CatanEngine.HexCoordinate(q: -2, r: 1), CatanEngine.HexCoordinate(q: -2, r: 2), CatanEngine.HexCoordinate(q: -1, r: 1)]), b: CatanEngine.VertexID(touchingTiles: [CatanEngine.HexCoordinate(q: -2, r: 1), CatanEngine.HexCoordinate(q: -1, r: 0), CatanEngine.HexCoordinate(q: -1, r: 1)]))) deltaVsEnd=0.08182500000000026 cardsDelta=-2 roadLengthDelta=2 linearRoadCredit=0.1776 sites=0 approaches=0
H6H10 candidate=buildRoad(CatanEngine.EdgeID(a: CatanEngine.VertexID(touchingTiles: [CatanEngine.HexCoordinate(q: -2, r: 1), CatanEngine.HexCoordinate(q: -2, r: 2), CatanEngine.HexCoordinate(q: -1, r: 1)]), b: CatanEngine.VertexID(touchingTiles: [CatanEngine.HexCoordinate(q: -2, r: 2), CatanEngine.HexCoordinate(q: -1, r: 1), CatanEngine.HexCoordinate(q: -1, r: 2)]))) deltaVsEnd=0.08182500000000026 cardsDelta=-2 roadLengthDelta=2 linearRoadCredit=0.1776 sites=0 approaches=0
H6H10 override=false revision=legacy hand=8
H6H10 H10 hand=8 discipline=off policy=evaluation-city-production-v1 chosen=buildRoad(CatanEngine.EdgeID(a: CatanEngine.VertexID(touchingTiles: [CatanEngine.HexCoordinate(q: -3, r: 2), CatanEngine.HexCoordinate(q: -3, r: 3), CatanEngine.HexCoordinate(q: -2, r: 2)]), b: CatanEngine.VertexID(touchingTiles: [CatanEngine.HexCoordinate(q: -3, r: 3), CatanEngine.HexCoordinate(q: -2, r: 2), CatanEngine.HexCoordinate(q: -2, r: 3)]))) score=2.370728279444445
H6H10 seat=0 publicVP=5 standing=6.711795833333333 production=[0.0, 0.3055555555555556, 0.08333333333333333, 0.2222222222222222, 0.08333333333333333] bankRates=[3, 3, 2, 3, 3]
H6H10 seat=1 publicVP=3 standing=5.501794444444444 production=[0.0, 0.0, 0.05555555555555555, 0.0, 0.0] bankRates=[2, 4, 4, 4, 4]
H6H10 seat=2 publicVP=0 standing=0.0 production=[0.0, 0.0, 0.0, 0.0, 0.0] bankRates=[4, 4, 4, 4, 4]
H6H10 seat=3 publicVP=0 standing=0.0 production=[0.0, 0.0, 0.0, 0.0, 0.0] bankRates=[4, 4, 4, 4, 4]
H6H10 candidate=endTurn deltaVsEnd=0.0 cardsDelta=0 roadLengthDelta=0 linearRoadCredit=0.0 sites=0 approaches=0
H6H10 candidate=buildRoad(CatanEngine.EdgeID(a: CatanEngine.VertexID(touchingTiles: [CatanEngine.HexCoordinate(q: -3, r: 2), CatanEngine.HexCoordinate(q: -3, r: 3), CatanEngine.HexCoordinate(q: -2, r: 2)]), b: CatanEngine.VertexID(touchingTiles: [CatanEngine.HexCoordinate(q: -3, r: 3), CatanEngine.HexCoordinate(q: -2, r: 2), CatanEngine.HexCoordinate(q: -2, r: 3)]))) deltaVsEnd=0.08182500000000026 cardsDelta=-2 roadLengthDelta=2 linearRoadCredit=0.1776 sites=0 approaches=0
H6H10 candidate=buildRoad(CatanEngine.EdgeID(a: CatanEngine.VertexID(touchingTiles: [CatanEngine.HexCoordinate(q: -2, r: 1), CatanEngine.HexCoordinate(q: -2, r: 2), CatanEngine.HexCoordinate(q: -1, r: 1)]), b: CatanEngine.VertexID(touchingTiles: [CatanEngine.HexCoordinate(q: -2, r: 1), CatanEngine.HexCoordinate(q: -1, r: 0), CatanEngine.HexCoordinate(q: -1, r: 1)]))) deltaVsEnd=0.08182500000000026 cardsDelta=-2 roadLengthDelta=2 linearRoadCredit=0.1776 sites=0 approaches=0
H6H10 candidate=buildRoad(CatanEngine.EdgeID(a: CatanEngine.VertexID(touchingTiles: [CatanEngine.HexCoordinate(q: -2, r: 1), CatanEngine.HexCoordinate(q: -2, r: 2), CatanEngine.HexCoordinate(q: -1, r: 1)]), b: CatanEngine.VertexID(touchingTiles: [CatanEngine.HexCoordinate(q: -2, r: 2), CatanEngine.HexCoordinate(q: -1, r: 1), CatanEngine.HexCoordinate(q: -1, r: 2)]))) deltaVsEnd=0.08182500000000026 cardsDelta=-2 roadLengthDelta=2 linearRoadCredit=0.1776 sites=0 approaches=0
H6H10 H10 hand=7 discipline=on policy=evaluation-city-production-v1 chosen=buildRoad(CatanEngine.EdgeID(a: CatanEngine.VertexID(touchingTiles: [CatanEngine.HexCoordinate(q: -3, r: 2), CatanEngine.HexCoordinate(q: -3, r: 3), CatanEngine.HexCoordinate(q: -2, r: 2)]), b: CatanEngine.VertexID(touchingTiles: [CatanEngine.HexCoordinate(q: -3, r: 3), CatanEngine.HexCoordinate(q: -2, r: 2), CatanEngine.HexCoordinate(q: -2, r: 3)]))) score=2.3138282794444445
H6H10 seat=0 publicVP=5 standing=6.719045833333333 production=[0.0, 0.3055555555555556, 0.08333333333333333, 0.2222222222222222, 0.08333333333333333] bankRates=[3, 3, 2, 3, 3]
H6H10 seat=1 publicVP=3 standing=5.501794444444444 production=[0.0, 0.0, 0.05555555555555555, 0.0, 0.0] bankRates=[2, 4, 4, 4, 4]
H6H10 seat=2 publicVP=0 standing=0.0 production=[0.0, 0.0, 0.0, 0.0, 0.0] bankRates=[4, 4, 4, 4, 4]
H6H10 seat=3 publicVP=0 standing=0.0 production=[0.0, 0.0, 0.0, 0.0, 0.0] bankRates=[4, 4, 4, 4, 4]
H6H10 candidate=endTurn deltaVsEnd=0.0 cardsDelta=0 roadLengthDelta=0 linearRoadCredit=0.0 sites=0 approaches=0
H6H10 candidate=buildRoad(CatanEngine.EdgeID(a: CatanEngine.VertexID(touchingTiles: [CatanEngine.HexCoordinate(q: -3, r: 2), CatanEngine.HexCoordinate(q: -3, r: 3), CatanEngine.HexCoordinate(q: -2, r: 2)]), b: CatanEngine.VertexID(touchingTiles: [CatanEngine.HexCoordinate(q: -3, r: 3), CatanEngine.HexCoordinate(q: -2, r: 2), CatanEngine.HexCoordinate(q: -2, r: 3)]))) deltaVsEnd=0.017674999999999663 cardsDelta=-2 roadLengthDelta=2 linearRoadCredit=0.1776 sites=0 approaches=0
H6H10 candidate=buildRoad(CatanEngine.EdgeID(a: CatanEngine.VertexID(touchingTiles: [CatanEngine.HexCoordinate(q: -2, r: 1), CatanEngine.HexCoordinate(q: -2, r: 2), CatanEngine.HexCoordinate(q: -1, r: 1)]), b: CatanEngine.VertexID(touchingTiles: [CatanEngine.HexCoordinate(q: -2, r: 1), CatanEngine.HexCoordinate(q: -1, r: 0), CatanEngine.HexCoordinate(q: -1, r: 1)]))) deltaVsEnd=0.017674999999999663 cardsDelta=-2 roadLengthDelta=2 linearRoadCredit=0.1776 sites=0 approaches=0
H6H10 candidate=buildRoad(CatanEngine.EdgeID(a: CatanEngine.VertexID(touchingTiles: [CatanEngine.HexCoordinate(q: -2, r: 1), CatanEngine.HexCoordinate(q: -2, r: 2), CatanEngine.HexCoordinate(q: -1, r: 1)]), b: CatanEngine.VertexID(touchingTiles: [CatanEngine.HexCoordinate(q: -2, r: 2), CatanEngine.HexCoordinate(q: -1, r: 1), CatanEngine.HexCoordinate(q: -1, r: 2)]))) deltaVsEnd=0.017674999999999663 cardsDelta=-2 roadLengthDelta=2 linearRoadCredit=0.1776 sites=0 approaches=0
✔ Test robbingTheLeaderIsCounted() passed after 44.221 seconds.
✔ Test workedTargetsExplainZeroAndPositiveMarginalValues() passed after 44.221 seconds.
✔ Test offlineExplanationLeavesBotMovesAndRNGUnchanged() passed after 44.219 seconds.
✔ Test radarMeasuresAverageAcrossGames() passed after 44.219 seconds.
✔ Test emptyOffersHaveAvailableEmptyComponentsAndMissingReceiversHaveNoAssessment() passed after 44.219 seconds.
✔ Test otherPhasesPreservePlainPolicyAndRNG(phaseIndex:seed:) with 10 test cases passed after 44.219 seconds.
✔ Test bundleAndQuantityUseFinalInventory(quantity:) with 3 test cases passed after 44.219 seconds.
✔ Test costUsesOriginalHandNotTheDeficitCreatedByLosingCards() passed after 44.219 seconds.
✔ Test mixedAndAcceptOnlyMasksUseUnchangedFallback(acceptOnly:) with 2 test cases passed after 44.150 seconds.
✔ Test diagnosticsAreOptInAndPreserveEveryRecordedScalar() passed after 44.150 seconds.
✔ Test strictNativeThresholdBoundaryIsUnchanged(offset:) with 3 test cases passed after 43.864 seconds.
✔ Test matchesOfflineWorkedExamples(example:) with 3 test cases passed after 43.860 seconds.
✔ Test oldJSONDecodesScalarsVerbatimWithoutInventingComponents() passed after 43.857 seconds.
✔ Test componentsReconstructTheActualReductions() passed after 43.849 seconds.
✔ Test availabilityControlsNeverInventAcceptanceOrBuilds(depletedSeat:) with 3 test cases passed after 43.849 seconds.
✔ Test botAlwaysReturnsALegalMove() passed after 45.823 seconds.
✔ Test blockedCityIngredientEarnsNoExtraStanding() passed after 43.841 seconds.
✔ Test rivalProductionIsValuedWithoutReadingTheirResourceComposition() passed after 43.849 seconds.
✔ Test matchedProductionAddsTheFrozenValueAndCitiesDoubleIt() passed after 43.841 seconds.
✔ Test diagnosticsForwardRevisionWhileUnselectedCallersStayLegacy() passed after 43.841 seconds.
✔ Test aShortGameEndsSooner() passed after 45.824 seconds.
✔ Test revisionsHaveDistinctCheckpointIdentities() passed after 43.841 seconds.
✔ Test threeSeatGamesReachAWinner() passed after 45.825 seconds.
✔ Test randomPolicyOnlyEverPlaysLegalMoves() passed after 45.824 seconds.
✔ Test botsOnlyGameReachesGameOverWithOnlyLegalMoves() passed after 45.822 seconds.
✔ Test expertSpendsDownAHoardedHand() passed after 43.821 seconds.
✔ Test atSevenAGhostMayEndItsTurn() passed after 43.821 seconds.
✔ Test aGhostSpendsDownEvenWhenItsHabitsSayEndTheTurn() passed after 43.833 seconds.
✔ Test botsOnlyGameReachesGameOverAcrossSeveralSeeds() passed after 45.825 seconds.
✔ Test robbingTheBiggestHandIsFlagged() passed after 43.821 seconds.
✔ Test onlyAnOwnTurnOverTheThresholdMustSpend() passed after 43.821 seconds.
✔ Test reOfferingAfterARefusalIsFlagged() passed after 43.821 seconds.
✔ Test everyMoveHasOneValuePerLabel() passed after 43.819 seconds.
✔ Test robbingTheLeaderIsFlagged() passed after 43.819 seconds.
H6H10 override=false revision=cityProductionV1 hand=7
H6H10 H10 hand=8 discipline=on policy=evaluation-city-production-v1 chosen=buildRoad(CatanEngine.EdgeID(a: CatanEngine.VertexID(touchingTiles: [CatanEngine.HexCoordinate(q: -3, r: 2), CatanEngine.HexCoordinate(q: -3, r: 3), CatanEngine.HexCoordinate(q: -2, r: 2)]), b: CatanEngine.VertexID(touchingTiles: [CatanEngine.HexCoordinate(q: -3, r: 3), CatanEngine.HexCoordinate(q: -2, r: 2), CatanEngine.HexCoordinate(q: -2, r: 3)]))) score=2.370728279444445
H6H10 seat=0 publicVP=5 standing=6.711795833333333 production=[0.0, 0.3055555555555556, 0.08333333333333333, 0.2222222222222222, 0.08333333333333333] bankRates=[3, 3, 2, 3, 3]
H6H10 seat=1 publicVP=3 standing=5.501794444444444 production=[0.0, 0.0, 0.05555555555555555, 0.0, 0.0] bankRates=[2, 4, 4, 4, 4]
H6H10 seat=2 publicVP=0 standing=0.0 production=[0.0, 0.0, 0.0, 0.0, 0.0] bankRates=[4, 4, 4, 4, 4]
H6H10 seat=3 publicVP=0 standing=0.0 production=[0.0, 0.0, 0.0, 0.0, 0.0] bankRates=[4, 4, 4, 4, 4]
H6H10 candidate=endTurn deltaVsEnd=0.0 cardsDelta=0 roadLengthDelta=0 linearRoadCredit=0.0 sites=0 approaches=0
H6H10 candidate=buildRoad(CatanEngine.EdgeID(a: CatanEngine.VertexID(touchingTiles: [CatanEngine.HexCoordinate(q: -3, r: 2), CatanEngine.HexCoordinate(q: -3, r: 3), CatanEngine.HexCoordinate(q: -2, r: 2)]), b: CatanEngine.VertexID(touchingTiles: [CatanEngine.HexCoordinate(q: -3, r: 3), CatanEngine.HexCoordinate(q: -2, r: 2), CatanEngine.HexCoordinate(q: -2, r: 3)]))) deltaVsEnd=0.08182500000000026 cardsDelta=-2 roadLengthDelta=2 linearRoadCredit=0.1776 sites=0 approaches=0
H6H10 candidate=buildRoad(CatanEngine.EdgeID(a: CatanEngine.VertexID(touchingTiles: [CatanEngine.HexCoordinate(q: -2, r: 1), CatanEngine.HexCoordinate(q: -2, r: 2), CatanEngine.HexCoordinate(q: -1, r: 1)]), b: CatanEngine.VertexID(touchingTiles: [CatanEngine.HexCoordinate(q: -2, r: 1), CatanEngine.HexCoordinate(q: -1, r: 0), CatanEngine.HexCoordinate(q: -1, r: 1)]))) deltaVsEnd=0.08182500000000026 cardsDelta=-2 roadLengthDelta=2 linearRoadCredit=0.1776 sites=0 approaches=0
H6H10 candidate=buildRoad(CatanEngine.EdgeID(a: CatanEngine.VertexID(touchingTiles: [CatanEngine.HexCoordinate(q: -2, r: 1), CatanEngine.HexCoordinate(q: -2, r: 2), CatanEngine.HexCoordinate(q: -1, r: 1)]), b: CatanEngine.VertexID(touchingTiles: [CatanEngine.HexCoordinate(q: -2, r: 2), CatanEngine.HexCoordinate(q: -1, r: 1), CatanEngine.HexCoordinate(q: -1, r: 2)]))) deltaVsEnd=0.08182500000000026 cardsDelta=-2 roadLengthDelta=2 linearRoadCredit=0.1776 sites=0 approaches=0
H6H10 override=false revision=cityProductionV1 hand=8
✔ Test aLopsidedProposalIsDescribed() passed after 43.839 seconds.
✔ Test aPersonMayOfferTheirLastCardOfAKind() passed after 43.448 seconds.
✔ Test everyNonProposalLegalMoveIsScored() passed after 43.644 seconds.
✔ Test aBadOfferCanStillBeAccepted() passed after 43.442 seconds.
✔ Test aWorseReAskIsRefused() passed after 43.442 seconds.
✔ Test aDifferentTradeIsStillAllowed() passed after 43.442 seconds.
✔ Test aHumanOfferExpertWouldNeverMakeIsScored() passed after 43.445 seconds.
✔ Test aMoveTheEngineAcceptsButNeverListsIsScored() passed after 43.441 seconds.
✔ Test theIdenticalOfferIsNeverAskedTwice() passed after 43.441 seconds.
✔ Test offeringMoreForTheSameAskIsAllowed() passed after 43.419 seconds.
✔ Test aPersonMayOfferMoreThanTheBotLimit() passed after 43.442 seconds.
✔ Test aRegeneratedOfferCountsAsTheSameProposition() passed after 43.416 seconds.
✔ Test handingTheLeaderWhatItNeedsCostsMoreThanHandingItToATrailingSeat() passed after 43.416 seconds.
✔ Test aPayersRealHandDoesNotDecideWhetherATradeIsProjected() passed after 43.416 seconds.
✔ Test aPointTheLeaderAlsoGainsIsWorthLessThanAPointWeGainAlone() passed after 43.406 seconds.
✔ Test anAvailableSettlementBeatsEndingTheTurn() passed after 43.403 seconds.
✔ Test reachingTheTargetOutweighsEveryOtherTerm() passed after 43.401 seconds.
✔ Test aDevelopmentCardInHandIsWorthSomething() passed after 43.397 seconds.
✔ Test aPointOnTheBoardRaisesTheStanding() passed after 43.397 seconds.
✔ Test candidateOrderDoesNotDependOnWeights() passed after 43.416 seconds.
✔ Test weightsRoundTripThroughTheirVector() passed after 43.397 seconds.
✔ Test aHoardedTurnPlaysDownAndEnds() passed after 43.864 seconds.
✔ Test botRulesDropProposalsAfterThreeRefusals() passed after 43.391 seconds.
✔ Test currentExpertCheckpointContinuesTheSameMovesAndRejectsOtherRevisions(revision:) with 2 test cases passed after 43.885 seconds.
✔ Test givingAwayOwnedOreCanDestroyExistingDevCardOption() passed after 43.387 seconds.
✔ Test seededConquestGamesFinishWithOnlyLegalMoves() passed after 45.867 seconds.
✔ Test atomicPaymentDoesNotInventDevelopmentCardAffordability() passed after 43.363 seconds.
✔ Test affordableCityWithNoSettlementIsNotBuildable() passed after 43.363 seconds.
✔ Test productionReflectsNativeBankShortageWithoutChangingState() passed after 43.363 seconds.
✔ Test unaffordableAcceptanceHasNoFabricatedAfterState() passed after 43.363 seconds.
✔ Test woolForOreCompletesPurchaseOnlyWhenPaymentLeavesOre(oreHeld:) with 2 test cases passed after 43.363 seconds.
✔ Test negativeShiftClampsThresholdWithoutAcceptingBreakEven() passed after 43.287 seconds.
✔ Test scopedRejectionOnlyAndAbsentOfferDoNotInventAssessments() passed after 43.285 seconds.
✔ Test reportsWorkedResourceArithmetic() passed after 43.149 seconds.
✔ Test scopedRejectionRecordsTheActualFailedAssessment() passed after 43.149 seconds.
✔ Test buildPathPreservesRNGConsumptionAndOmitsUnvisitedFallback() passed after 43.149 seconds.
✔ Test nonTradePhaseLeavesTraceEmpty() passed after 43.147 seconds.
✔ Test invalidAutomaticMoveStillFailsExtractionWithItsIndex() passed after 43.147 seconds.
✔ Test theHeuristicBotBeatsRandomPlayFromEverySeat() passed after 45.868 seconds.
✔ Test scopedTradeStopsAfterFirstAcceptanceAcrossPersonalities() passed after 43.147 seconds.
✔ Test mainTurnTraceAppendsActualEvaluationsIncludingFallbackPass() passed after 43.144 seconds.
✔ Test theEvaluatorIgnoresWhatItIsNotEntitledToSee() passed after 43.144 seconds.
✔ Test exactThresholdTieRejectsButNextLowerThresholdAccepts() passed after 43.144 seconds.
✔ Test automaticRejectionStillAppliesBeforeTheNextProposalAndHumanChoice() passed after 43.144 seconds.
✔ Test reportsAllThresholdShiftsAndCostOnlyUnlock() passed after 43.144 seconds.
✔ Test missingReceiverHasNoArithmeticAndEvaluatesFalse() passed after 43.144 seconds.
✔ Test manualResponsesTrainButTheSameAutomaticMoveDoesNot(accept:) with 2 test cases passed after 43.144 seconds.
✔ Test greedySeatsActuallyFinishTheirGames() passed after 45.866 seconds.
✔ Test aMoveThatDoesNotReplayThrowsWithItsIndex() passed after 43.397 seconds.
✔ Test frozenSlotsNeverMove() passed after 44.326 seconds.
✔ Test decodesWithoutACivilization() passed after 43.020 seconds.
✔ Test roundTripsThroughJSON() passed after 43.020 seconds.
✔ Test aPersonModelWithoutALapseDecodes() passed after 42.871 seconds.
✔ Test externalResponsesCannotLeaveAStaleDurableBotAnswer(tier:) with 2 test cases passed after 42.486 seconds.
✔ Test unknownComponentConnectionsCannotPromiseAColonyPoint() passed after 42.486 seconds.
✔ Test anIncrementalFitStaysNearThePreviousGhost() passed after 44.549 seconds.
✔ Test anIncrementalFitKeepsBetaNearThePreviousGhost() passed after 44.380 seconds.
✔ Test aWinningLargestArmyKnightClosesTheGame(tier:) with 2 test cases passed after 42.483 seconds.
✔ Test expertFundsAWinnableRoadEvenWithNoSettlementSupplyOrApproach() passed after 42.483 seconds.
✔ Test frozenWeightsHaveZeroGradient() passed after 43.364 seconds.
✔ Test acceptsFundingButPreservesAnAlreadyFundedRecipe(tier:) with 2 test cases passed after 42.483 seconds.
✔ Test expertFundsTheSameFinishingDrawThatItValuesWhenAvailable() passed after 42.483 seconds.
✔ Test flexibleProductionIsAllocatedOnceAcrossRecipeDeficits() passed after 42.480 seconds.
✔ Test expertReplacementHullDoesNotRenewTheFirstExpeditionPremium() passed after 42.480 seconds.
✔ Test fundedInlandOpeningMakesUsefulRoadProgress(tier:) with 2 test cases passed after 42.480 seconds.
✔ Test responseOnlyMasksPreservePolicyRNG(tier:) with 2 test cases passed after 42.480 seconds.
✔ Test aBankTradeThatUnlocksACityIsTaken() passed after 42.480 seconds.
✔ Test expertLaunchPlansAProvableWinningColonyWithinThisTurn() passed after 42.480 seconds.
✔ Test theGreedyAnchorSitsBetweenRandomAndTheHeuristic() passed after 45.870 seconds.
✔ Test aBankTradeThatUnlocksNothingIsRefused() passed after 42.480 seconds.
✔ Test aCertainSailingWinBeatsEvenANinetyOnePercentFinishingDraw() passed after 42.483 seconds.
✔ Test yearOfPlentyFundsTheMissingExpeditionIngredients(tier:) with 2 test cases passed after 42.480 seconds.
✔ Test roadsCannotPromiseASiteWhoseCoastIsStillHidden() passed after 42.480 seconds.
✔ Test expertDiscountsAnUnfundedVoyageExposedToCapture() passed after 42.480 seconds.
✔ Test weightsKeepTheirSignAndStayInTheTrustRegion() passed after 44.402 seconds.
✔ Test aPubliclyCertainColonyWinBeatsAProductiveNonwinningCity(tier:) with 2 test cases passed after 42.480 seconds.
✔ Test aPermanentWinningUpgradeBeatsAnotherExpedition(tier:) with 2 test cases passed after 42.478 seconds.
✔ Test buysAFirstHullThenExplores(tier:) with 2 test cases passed after 42.478 seconds.
✔ Test hiddenWorldHandsDeckAndFutureRNGCannotChangeDecision(tier:) with 2 test cases passed after 42.478 seconds.
✔ Test sailsTowardKnownLandingAndFundsAColony(tier:) with 2 test cases passed after 42.478 seconds.
✔ Test discardsSurplusWithoutDismantlingAFundedVoyage(tier:) with 2 test cases passed after 42.478 seconds.
✔ Test exchangesOnlyTheSurplusToCompleteAShip(tier:) with 2 test cases passed after 42.478 seconds.
✔ Test capturePrefersAnOverseasLanding(tier:) with 2 test cases passed after 42.478 seconds.
✔ Test aCertainPurchaseAndLandingWinBeatsAHigherThanNinetyPercentDraw() passed after 42.478 seconds.
✔ Test flexibleYieldFundsAShipAndRespectsScarceBank(tier:) with 2 test cases passed after 42.478 seconds.
✔ Test inlandOpeningChoicesCompleteOrdinaryUnfilteredSetup(tier:family:) with 6 test cases passed after 42.472 seconds.
✔ Test owningEveryVictoryCardRemovesTheFalseImmediateDrawPremium(tier:) with 2 test cases passed after 42.478 seconds.
✔ Test anUnfundedVoyageCanImproveAPoorLandingWithoutGivingUpAccess(tier:) with 2 test cases passed after 42.476 seconds.
✔ Test unscopedDirectCallsDoNotRepeatAnOutstandingNegotiation(tier:) with 2 test cases passed after 42.472 seconds.
✔ Test pricingTwoHandsEqualsScoringTheSettledPosition() passed after 42.466 seconds.
✔ Test noOfferWhenNothingWouldHelp() passed after 42.467 seconds.
✔ Test theComposerOffersReservedCardsAndLetsScoringDecide() passed after 42.466 seconds.
✔ Test composedOffersIncludeJakesBundle() passed after 42.466 seconds.
✔ Test adaptersDeliberatelySelectNavalBrains() passed after 42.472 seconds.
✔ Test theCascadeNeverProposesATradeThatDoesNotHelpTheBot() passed after 42.467 seconds.
✔ Test worthItKeepsOfferingOnItsOwnTermsAfterARefusal() passed after 42.467 seconds.
✔ Test anUnseenHandIsTreatedAsPossiblyHoldingAnything() passed after 42.463 seconds.
✔ Test aSeatBelievedToHoldNothingIsNeverAskedToPay() passed after 42.463 seconds.
✔ Test oneWheatShortOfACityAsksForTheWheat() passed after 42.467 seconds.
✔ Test oldRevisionsPreRollAndDiscardRemainUnchanged() passed after 42.463 seconds.
✔ Test winningReadinessClosesTheExistingTerminalGap() passed after 42.463 seconds.
✔ Test plentyCompletesACityInsteadOfKeepingTheCardOrTakingAMixedPair() passed after 42.463 seconds.
✔ Test hiddenHandsCardFacesDeckOrderAndRNGDoNotChangeCredit() passed after 42.463 seconds.
✔ Test freeRoadsOpenOnlyAnAffordableLegalSettlement() passed after 42.463 seconds.
✔ Test robberBlocksProbabilityTimesBuildingYield() passed after 41.739 seconds.
✔ Test roadProgressFindsARealDistanceLegalSettlement() passed after 41.740 seconds.
✔ Test anAlreadyAffordablePurchaseOrExhaustedCitySupplyEarnsNoNewCredit() passed after 42.463 seconds.
✔ Test eachRefusalEscalatesTheNextOfferUnderTheLadder() passed after 42.467 seconds.
✔ Test sharedTileChargesTheRobberMoverForItsOwnCity() passed after 41.739 seconds.
✔ Test expertConvertsAnAffordableReachableSiteIntoAPoint() passed after 41.739 seconds.
✔ Test publicRivalStandingAndHiddenVictoryPointsStaySeparate() passed after 41.739 seconds.
✔ Test robberPolicyTraceUsesItsCompleteLegalMask(selfCollateral:steal:) with 4 test cases passed after 41.739 seconds.
✔ Test settlementSupplyFiltersSitesAndACityReturnsAPiece() passed after 41.740 seconds.
✔ Test blockedPathsAgreeWithEngineAndKeepLegalDetours(blockWithCity:) with 2 test cases passed after 41.739 seconds.
✔ Test gradientPredictsARescore() passed after 43.368 seconds.
✔ Test itNamesItselfAfterWhatItWraps() passed after 41.739 seconds.
✔ Test anAcceptanceOnlyMaskIsPassedThroughRatherThanEmptied() passed after 41.739 seconds.
✔ Test approachDistanceCannotExceedRemainingRoadPieces() passed after 41.739 seconds.
✔ Test roadAndSpendDownTraceUsesActualExpertChoice(handSize:) with 2 test cases passed after 41.739 seconds.
✔ Test itHidesAcceptanceFromTheWrappedPolicy() passed after 41.739 seconds.
✔ Test anOpponentsRoadCannotBecomeAnApproachShortcut() passed after 41.739 seconds.
✔ Suite NavalNavigationDiagnosticsTests passed after 45.871 seconds.
✔ Suite NavalSailingPolicyTests passed after 45.871 seconds.
✔ Suite TradeAccountingBoundaryTests passed after 45.871 seconds.
✔ Suite EvaluationTradeGainTests passed after 45.871 seconds.
✔ Suite TradeContributionTests passed after 45.871 seconds.
✔ Suite JointTradeResponsePolicyTests passed after 45.871 seconds.
✔ Suite ExpertRevisionTests passed after 45.871 seconds.
✔ Suite HandDisciplineTests passed after 45.871 seconds.
✔ Suite GhostStyleFeaturesTests passed after 45.871 seconds.
✔ Suite GhostCandidateScoringTests passed after 45.871 seconds.
✔ Suite EvaluationTradeRepeatTests passed after 45.871 seconds.
✔ Suite EvaluationCounterpartyTests passed after 45.871 seconds.
✔ Suite TradeReviewContextTests passed after 45.871 seconds.
✔ Suite TradeAssessmentTests passed after 45.871 seconds.
✔ Suite GhostTrainingProvenanceTests passed after 45.871 seconds.
✔ Suite GhostProfileTests passed after 45.871 seconds.
✔ Suite EvaluationBankTradeTests passed after 45.871 seconds.
✔ Suite TradeCascadeTests passed after 45.871 seconds.
✔ Suite PlannerTradeTests passed after 45.871 seconds.
✔ Suite PointCompletingCardsTests passed after 45.871 seconds.
✔ Suite HumanReviewStrategyDiagnosticsTests passed after 45.871 seconds.
✔ Suite TradeRefusingPolicyTests passed after 45.871 seconds.
✔ Test lambdaZeroIgnoresThePerson() passed after 39.963 seconds.
✔ Test aStrongHabitDominatesAtHighLambda() passed after 39.987 seconds.
✔ Test expertDoesNotBuyDuplicateAccessWhileAnExistingHullCanDoTheJob() passed after 42.725 seconds.
✔ Suite NavalPolicyTests passed after 46.124 seconds.
✔ Test theSameSeedProducesTheSameGame() passed after 47.396 seconds.
✔ Test seededSelfPlayReproducesExactly() passed after 48.807 seconds.
◇ Test replayingTheSameSeedInThisProcessAlsoMatches() started.
✔ Test replayingTheSameSeedInThisProcessAlsoMatches() passed after 3.493 seconds.
◇ Test conquestSeededSelfPlayReproducesExactly() started.
✔ Test everyRecordNamesAChosenCandidateAndHasFullVectors() passed after 54.362 seconds.
✔ Suite GhostDecisionExtractorTests passed after 56.841 seconds.
✔ Test countsAgreeWithTheFinalBoard() passed after 58.358 seconds.
✔ Suite GhostSeatStatsTests passed after 59.962 seconds.
✔ Test conquestSeededSelfPlayReproducesExactly() passed after 4.773 seconds.
◇ Test expandedSeededSelfPlayReproducesExactly() started.
✔ Test concurrentHumanAndBotDiscardTurnsNeverCrash() passed after 64.635 seconds.
✔ Test everyMoveComesFromTheSuppliedMask() passed after 62.609 seconds.
✔ Test theEvaluatorBuysDevelopmentCardsOverAGame() passed after 63.888 seconds.
✔ Suite PositionEvaluatorTests passed after 66.360 seconds.
✔ Test lambdaZeroPlaysExactlyLikeExpert() passed after 69.417 seconds.
✔ Test expandedSeededSelfPlayReproducesExactly() passed after 24.839 seconds.
✔ Suite SelfPlayReproducibility passed after 85.318 seconds.
✔ Test aFewAbsurdlyScoredOptionsDoNotCollapseBeta() passed after 86.414 seconds.
✔ Test aGhostFinishesAGame() passed after 96.089 seconds.
✔ Suite GhostPolicyTests passed after 102.100 seconds.
✔ Test theFitRecoversAKnownPerson() passed after 105.063 seconds.
✔ Suite GhostPersonModelTests passed after 106.266 seconds.
✔ Test aCompleteExternalSeatMatchStaysReloadable(players:) with 2 test cases passed after 106.120 seconds.
✔ Suite NavalMixedSessionTests passed after 108.109 seconds.
✔ Test aFullGameReachesAWinner(mode:) with 2 test cases passed after 374.742 seconds.
✔ Suite EvaluationPolicyTests passed after 377.591 seconds.
✔ Test run with 308 tests in 31 suites passed after 377.592 seconds.

[1m▸ coverage floors[0m
coverage Packages/CatanEngine          96.78%  (floor 95%)
coverage Packages/CatanAI              96.05%  (floor 95%)

[1m▸ gitleaks[0m
7:52AM INF 929 commits scanned.
7:52AM INF scanned ~97950899 bytes (97.95 MB) in 3.29s
7:52AM INF no leaks found

[1m▸ app tests[0m
  QA simulator: 937692FF-BFBF-4683-80E5-2590F5288D56 (1 parallel workers)
** TEST SUCCEEDED **
2026-10-07 07:57:18.253194-0400 Settlers[62236:3448840] [ShareSheet] Failed to request default share mode for fileURL:file:///tmp/replay-share-controller-test.mp4 error:Error Domain=NSOSStatusErrorDomain Code=-10814 "(null)" UserInfo={_LSFile=LSBindingEvaluator.mm, _LSLine=1973, _LSFunction=runEvaluator}
2026-10-07 07:57:18.345498-0400 Settlers[62236:3448840] [ShareSheet] Failed to request default share mode for fileURL:file:///tmp/replay-share-controller-test.mp4 error:Error Domain=NSOSStatusErrorDomain Code=-10814 "(null)" UserInfo={_LSFile=LSBindingEvaluator.mm, _LSLine=1973, _LSFunction=runEvaluator}
2026-10-07 07:57:18.358080-0400 Settlers[62236:3448840] [ShareSheet] Failed to request default share mode for fileURL:file:///tmp/replay-share-controller-test.mp4 error:Error Domain=NSOSStatusErrorDomain Code=-10814 "(null)" UserInfo={_LSFile=LSBindingEvaluator.mm, _LSLine=1973, _LSFunction=runEvaluator}
2026-10-07 07:57:18.370755-0400 Settlers[62236:3448840] [ShareSheet] Failed to request default share mode for fileURL:file:///tmp/replay-share-controller-test.mp4 error:Error Domain=NSOSStatusErrorDomain Code=-10814 "(null)" UserInfo={_LSFile=LSBindingEvaluator.mm, _LSLine=1973, _LSFunction=runEvaluator}
✔ Test run with 581 tests in 82 suites passed after 290.229 seconds.

[1m▸ app build (Release)[0m
** BUILD SUCCEEDED **

[1m─── summary ───[0m
[32mPASS  xcodegen drift  (0s)[0m
[32mPASS  swiftlint --strict  (0s)[0m
[32mPASS  evaluation tooling  (8s)[0m
[32mPASS  packages build (W=E)  (13s)[0m
[32mPASS  CatanEngine tests  (22s)[0m
[32mPASS  CatanAI tests  (386s)[0m
[32mPASS  coverage floors  (1s)[0m
[32mPASS  gitleaks  (3s)[0m
[32mPASS  app tests  (3502s)[0m
[32mPASS  app build (Release)  (25s)[0m
[33mSKIP  app build (Debug)  -- not requested; pass --debug-app[0m

[32mgate: passed[0m
remote: 
remote: Create a pull request for 'codex/naval24-main-integration' on GitHub by visiting:        
remote:      https://github.com/jakebeinart1/Settlers/pull/new/codex/naval24-main-integration        
remote: 
To github.com:jakebeinart1/Settlers.git
 * [new branch]      codex/naval24-main-integration -> codex/naval24-main-integration
branch 'codex/naval24-main-integration' set up to track 'origin/codex/naval24-main-integration'.
