
[1m▸ xcodegen drift[0m
  project.pbxproj matches project.yml

[1m▸ swiftlint --strict[0m

[1m▸ evaluation tooling[0m
....................................................
----------------------------------------------------------------------
Ran 52 tests in 30.804s

OK
classic  a:classic                    + 0 identical  fallback 0.0000 unfinished 0
expert   a:expert                     + 0 identical  fallback 0.0000 unfinished 0
expert   b:expert                     + 0 identical  fallback 0.0000 unfinished 0
expert   local:expert                 + 1 identical  fallback 0.0000 unfinished 0
classic  b:classic                    + 0 identical  fallback 0.0000 unfinished 0
classic  a:classic                    + 0 identical  fallback 0.0000 unfinished 0
3 variants, 3 pairs, 120 games -> /var/folders/_m/cfbn0s7j7zx3sx1lwv6w4mr80000gn/T/tmp1jvuivd7/schedule.jsonl
2 variants, 1 pairs, 8 games -> /var/folders/_m/cfbn0s7j7zx3sx1lwv6w4mr80000gn/T/tmp6boxxbq0/schedule.jsonl

[1m▸ packages build (W=E)[0m
[0/1] Planning build
Building for debugging...
[0/1] Write swift-version--58304C5D6DBC2206.txt
[2/25] Emitting module CatanEngine
[3/25] Compiling CatanEngine Board.swift
[4/25] Compiling CatanEngine BoardGeneration.swift
[5/25] Compiling CatanEngine BoardShape.swift
[6/25] Compiling CatanEngine Building.swift
[7/25] Compiling CatanEngine CatanEngine.swift
[8/25] Compiling CatanEngine Conquest.swift
[9/25] Compiling CatanEngine DevCards.swift
[10/25] Compiling CatanEngine DiceOdds.swift
[11/25] Compiling CatanEngine GameSession.swift
[12/25] Compiling CatanEngine LongestRoad.swift
[13/25] Compiling CatanEngine MainPhase.swift
[14/25] Compiling CatanEngine DevCardPlayStatus.swift
[15/25] Compiling CatanEngine DevCardType.swift
[16/25] Compiling CatanEngine EdgeID.swift
[17/25] Compiling CatanEngine GameEvent.swift
[18/25] Compiling CatanEngine GameMode.swift
[19/25] Compiling CatanEngine GamePhase.swift
[20/25] Compiling CatanEngine GameState.swift
[21/25] Compiling CatanEngine GameVariant.swift
[22/25] Compiling CatanEngine HexCoordinate.swift
[23/25] Compiling CatanEngine Move.swift
[24/25] Compiling CatanEngine Player.swift
[25/25] Compiling CatanEngine PlayerID.swift
[26/48] Compiling CatanEngine Port.swift
[27/48] Compiling CatanEngine RandomSource.swift
[28/48] Compiling CatanEngine Resource.swift
[29/48] Compiling CatanEngine Tile.swift
[30/48] Compiling CatanEngine VertexID.swift
[31/48] Compiling CatanEngine Naval.swift
[32/48] Compiling CatanEngine NavalFallback.swift
[33/48] Compiling CatanEngine NavalMapGenerator.swift
[34/48] Compiling CatanEngine NavalMapValidation.swift
[35/48] Compiling CatanEngine NavalModels.swift
[36/48] Compiling CatanEngine NavalMoves.swift
[37/48] Compiling CatanEngine NavalPorts.swift
[38/48] Compiling CatanEngine NavalProduction.swift
[39/48] Compiling CatanEngine NavalStateValidation.swift
[40/48] Compiling CatanEngine NavalTerrain.swift
[41/48] Compiling CatanEngine NavalVisibility.swift
[42/48] Compiling CatanEngine PublicLedger.swift
[43/48] Compiling CatanEngine Robber.swift
[44/48] Compiling CatanEngine RulesEngine.swift
[45/48] Compiling CatanEngine Ruleset.swift
[46/48] Compiling CatanEngine SetupPhase.swift
[47/48] Compiling CatanEngine Trading.swift
[48/48] Compiling CatanEngine WinCondition.swift
Build complete! (3.59s)
[0/1] Planning build
Building for debugging...
[0/18] Write sources
[2/18] Write swift-version--58304C5D6DBC2206.txt
[4/42] Emitting module CatanEngine
[5/42] Compiling CatanEngine Board.swift
[6/42] Compiling CatanEngine BoardGeneration.swift
[7/42] Compiling CatanEngine BoardShape.swift
[8/42] Compiling CatanEngine Building.swift
[9/42] Compiling CatanEngine CatanEngine.swift
[10/42] Compiling CatanEngine Conquest.swift
[11/42] Compiling CatanEngine DevCards.swift
[12/42] Compiling CatanEngine DiceOdds.swift
[13/42] Compiling CatanEngine GameSession.swift
[14/42] Compiling CatanEngine LongestRoad.swift
[15/42] Compiling CatanEngine MainPhase.swift
[16/42] Compiling CatanEngine DevCardPlayStatus.swift
[17/42] Compiling CatanEngine DevCardType.swift
[18/42] Compiling CatanEngine EdgeID.swift
[19/42] Compiling CatanEngine GameEvent.swift
[20/42] Compiling CatanEngine GameMode.swift
[21/42] Compiling CatanEngine GamePhase.swift
[22/42] Compiling CatanEngine GameState.swift
[23/42] Compiling CatanEngine GameVariant.swift
[24/42] Compiling CatanEngine HexCoordinate.swift
[25/42] Compiling CatanEngine Move.swift
[26/42] Compiling CatanEngine Player.swift
[27/42] Compiling CatanEngine PlayerID.swift
[28/65] Compiling CatanEngine Port.swift
[29/65] Compiling CatanEngine RandomSource.swift
[30/65] Compiling CatanEngine Resource.swift
[31/65] Compiling CatanEngine Tile.swift
[32/65] Compiling CatanEngine VertexID.swift
[33/65] Compiling CatanEngine Naval.swift
[34/65] Compiling CatanEngine NavalFallback.swift
[35/65] Compiling CatanEngine NavalMapGenerator.swift
[36/65] Compiling CatanEngine NavalMapValidation.swift
[37/65] Compiling CatanEngine NavalModels.swift
[38/65] Compiling CatanEngine NavalMoves.swift
[39/65] Compiling CatanEngine NavalPorts.swift
[40/65] Compiling CatanEngine NavalProduction.swift
[41/65] Compiling CatanEngine NavalStateValidation.swift
[42/65] Compiling CatanEngine NavalTerrain.swift
[43/65] Compiling CatanEngine NavalVisibility.swift
[44/65] Compiling CatanEngine PublicLedger.swift
[45/65] Compiling CatanEngine Robber.swift
[46/65] Compiling CatanEngine RulesEngine.swift
[47/65] Compiling CatanEngine Ruleset.swift
[48/65] Compiling CatanEngine SetupPhase.swift
[49/65] Compiling CatanEngine Trading.swift
[50/65] Compiling CatanEngine WinCondition.swift
[51/90] Compiling CatanAI Bot.swift
[52/90] Compiling CatanAI BotPersonality.swift
[53/90] Compiling CatanAI BotWeights.swift
[54/90] Compiling CatanAI BuildPlanner.swift
[55/90] Compiling CatanAI CatanAI.swift
[56/90] Compiling CatanAI ConquestHeuristics.swift
[57/90] Compiling CatanAI DevCardHeuristics.swift
[58/90] Compiling CatanAI BoardIndex.swift
[59/90] Compiling CatanAI EvaluationPolicy.swift
[60/90] Compiling CatanAI EvaluationProjections.swift
[61/90] Compiling CatanAI EvaluationWeights.swift
[62/90] Compiling CatanAI ExpertRevision.swift
[63/90] Compiling CatanAI HandDiscipline.swift
[64/90] Compiling CatanAI PositionEvaluator.swift
[65/90] Compiling CatanAI TradeCascade.swift
[66/90] Compiling CatanAI TradeValuation.swift
[67/90] Compiling CatanAI CandidateScoring.swift
[68/90] Compiling CatanAI DecisionExtractor.swift
[69/90] Compiling CatanAI DecisionRecord.swift
[70/90] Compiling CatanAI GhostPolicy.swift
[71/90] Compiling CatanAI GhostProfile.swift
[72/90] Compiling CatanAI PersonFitter.swift
[73/90] Compiling CatanAI PersonModel.swift
[74/90] Compiling CatanAI SeatStats.swift
[75/90] Emitting module CatanAI
[76/114] Compiling CatanAI StyleFeatures.swift
[77/114] Compiling CatanAI GreedyPolicy.swift
[78/114] Compiling CatanAI HeuristicPolicy.swift
[79/114] Compiling CatanAI JointTradeResponsePolicy.swift
[80/114] Compiling CatanAI NavalCards.swift
[81/114] Compiling CatanAI NavalDecisionContext.swift
[82/114] Compiling CatanAI NavalEconomy.swift
[83/114] Compiling CatanAI NavalLandControl.swift
[84/114] Compiling CatanAI NavalNavigation.swift
[85/114] Compiling CatanAI NavalNavigationDiagnostics.swift
[86/114] Compiling CatanAI NavalPolicy.swift
[87/114] Compiling CatanAI NavalTrading.swift
[88/114] Compiling CatanAI PlacementHeuristics.swift
[89/114] Compiling CatanAI PlannerTradeEvaluator.swift
[90/114] Compiling CatanAI ProductionModel.swift
[91/114] Compiling CatanAI PlanningContext.swift
[92/114] Compiling CatanAI PolicyBehaviorMetrics.swift
[93/114] Compiling CatanAI RobberHeuristics.swift
[94/114] Compiling CatanAI ThreatAssessment.swift
[95/114] Compiling CatanAI TradeAssessment.swift
[96/114] Compiling CatanAI TradeHeuristics.swift
[97/114] Compiling CatanAI TradeMessages.swift
[98/114] Compiling CatanAI TradeRefusingPolicy.swift
[99/114] Compiling CatanAI TradeReviewContext.swift
[100/118] Emitting module trade_bench
[101/118] Compiling trade_bench main.swift
[102/122] Emitting module sim
[103/122] Compiling sim main.swift
[104/125] Emitting module naval_sim
[105/125] Compiling ghost LogFile.swift
[106/125] Compiling ghost Selftest.swift
[107/125] Compiling naval_sim EvaluationProtocol.swift
[108/128] Emitting module ghost
[111/130] Compiling ghost main.swift
[112/130] Compiling naval_sim Rendering.swift
[113/130] Compiling naval_sim main.swift
[114/132] Compiling ghost Strength.swift
[115/132] Write Objects.LinkFileList
[118/132] Emitting module arena
[119/132] Compiling arena main.swift
[119/132] Linking trade-bench
[120/132] Write Objects.LinkFileList
[121/132] Applying trade-bench
[122/132] Linking sim
[123/132] Write Objects.LinkFileList
[124/132] Applying sim
[125/132] Linking naval-sim
[126/132] Write Objects.LinkFileList
[127/132] Applying naval-sim
[128/132] Linking ghost
[129/132] Applying ghost
[130/132] Linking arena
[131/132] Applying arena
Build complete! (9.26s)

[1m▸ CatanEngine tests[0m
[0/1] Planning build
Building for debugging...
[0/4] Write sources
[1/4] Write swift-version--58304C5D6DBC2206.txt
[3/28] Emitting module CatanEngine
[4/28] Compiling CatanEngine Board.swift
[5/28] Compiling CatanEngine BoardGeneration.swift
[6/28] Compiling CatanEngine BoardShape.swift
[7/28] Compiling CatanEngine Building.swift
[8/28] Compiling CatanEngine CatanEngine.swift
[9/28] Compiling CatanEngine Conquest.swift
[10/28] Compiling CatanEngine DevCards.swift
[11/28] Compiling CatanEngine DiceOdds.swift
[12/28] Compiling CatanEngine GameSession.swift
[13/28] Compiling CatanEngine LongestRoad.swift
[14/28] Compiling CatanEngine MainPhase.swift
[15/28] Compiling CatanEngine DevCardPlayStatus.swift
[16/28] Compiling CatanEngine DevCardType.swift
[17/28] Compiling CatanEngine EdgeID.swift
[18/28] Compiling CatanEngine GameEvent.swift
[19/28] Compiling CatanEngine GameMode.swift
[20/28] Compiling CatanEngine GamePhase.swift
[21/28] Compiling CatanEngine GameState.swift
[22/28] Compiling CatanEngine GameVariant.swift
[23/28] Compiling CatanEngine HexCoordinate.swift
[24/28] Compiling CatanEngine Move.swift
[25/28] Compiling CatanEngine Player.swift
[26/28] Compiling CatanEngine PlayerID.swift
[27/51] Compiling CatanEngine Port.swift
[28/51] Compiling CatanEngine RandomSource.swift
[29/51] Compiling CatanEngine Resource.swift
[30/51] Compiling CatanEngine Tile.swift
[31/51] Compiling CatanEngine VertexID.swift
[32/51] Compiling CatanEngine Naval.swift
[33/51] Compiling CatanEngine NavalFallback.swift
[34/51] Compiling CatanEngine NavalMapGenerator.swift
[35/51] Compiling CatanEngine NavalMapValidation.swift
[36/51] Compiling CatanEngine NavalModels.swift
[37/51] Compiling CatanEngine NavalMoves.swift
[38/51] Compiling CatanEngine NavalPorts.swift
[39/51] Compiling CatanEngine NavalProduction.swift
[40/51] Compiling CatanEngine NavalStateValidation.swift
[41/51] Compiling CatanEngine NavalTerrain.swift
[42/51] Compiling CatanEngine NavalVisibility.swift
[43/51] Compiling CatanEngine PublicLedger.swift
[44/51] Compiling CatanEngine Robber.swift
[45/51] Compiling CatanEngine RulesEngine.swift
[46/51] Compiling CatanEngine Ruleset.swift
[47/51] Compiling CatanEngine SetupPhase.swift
[48/51] Compiling CatanEngine Trading.swift
[49/51] Compiling CatanEngine WinCondition.swift
[50/54] Emitting module CatanEngineTests
[51/54] Compiling CatanEngineTests DevCardConservationTests.swift
[52/54] Compiling CatanEngineTests DiceFairnessTests.swift
[53/56] Compiling CatanEngineTests EngineFairnessTests.swift
[54/56] Compiling CatanEngineTests TerminalTradeBookkeepingTests.swift
[54/56] Write Objects.LinkFileList
[55/56] Linking CatanEnginePackageTests
Build complete! (6.59s)
Test Suite 'All tests' started at 2026-10-05 12:04:18.112.
Test Suite 'All tests' passed at 2026-10-05 12:04:18.114.
	 Executed 0 tests, with 0 failures (0 unexpected) in 0.000 (0.002) seconds
◇ Test run started.
↳ Testing Library Version: 1902
↳ Target Platform: arm64e-apple-macos14.0
◇ Suite BankTradeResourceRuleTests started.
◇ Test randomLegalPlayReachesGameOverWithoutErrors() started.
◇ Test yearOfPlentyEnumeratesOnlyPairsTheBankCanSupply() started.
◇ Test aCardBoughtThisTurnCanBeDeployedAtOnce() started.
◇ Suite NavalObservationTests started.
◇ Test deckBuildOrderRanksArePreservedAndDistinct() started.
◇ Test attackingPastATribeTakesTheHexWithTheOverflow() started.
◇ Test aCompositionThatDoesNotFillTheBoardIsRejected() started.
◇ Test theRobberBlocksAnOccupiedHexIncludingTheBonus() started.
◇ Test randomizedBoardIsDeterministicForSameSeed() started.
◇ Test expandedBoardHasThirtySevenTilesAndOneDesert() started.
◇ Test legalMovesOfferEachSingleCardAndTheCheapestWinningSet() started.
◇ Test theDesertCannotBeDeployedTo() started.
◇ Test cannotPlayDevCardBoughtThisTurn() started.
◇ Suite NavalDeterminismTests started.
◇ Test aCompositionExpandsToExactlyTheDeclaredCounts() started.
◇ Test setupPhaseFollowsSnakeOrder() started.
◇ Test aSaveMissingTheBoardIsRejectedRatherThanSilentlyDiscarded() started.
◇ Test noPlayerEverExceedsTheirPieceSupply() started.
◇ Test secondSettlementGrantsResources() started.
◇ Test devCardStatusDistinguishesNewAndOlderCopiesInOneStack() started.
◇ Test rollingSevenWithOverEightCardsRequiresDiscard() started.
◇ Test anEmptyArmyDeckCannotBeBoughtFrom() started.
◇ Suite EngineFairnessTests started.
◇ Test theSameSeedProducesTheSameSession() started.
◇ Test endingATurnReportsIt() started.
◇ Test anyThreePriceIsUnaffordableWithTwoCards() started.
◇ Test expandedRandomizedBoardIsReproducibleFromItsSeed() started.
◇ Suite TradeDraftConstraintTests started.
◇ Test aWinningMoveReportsTheWinExactlyOnce() started.
◇ Test aFreshGameCarriesTheCurrentSchemaVersion() started.
◇ Suite TerminalTradeBookkeepingTests started.
◇ Test aHexYourBuildingsDoNotTouchCannotBeDeployedTo() started.
◇ Test tradingAResourceForItselfIsRejected() started.
◇ Test completedPositionDoesNotReconstructAnOpenTradeResponse() started.
◇ Test aSaveWithoutATargetLoadsAndPlaysToTen() started.
◇ Test aStandardGameListsNoArmyMovesAndRefusesThem() started.
◇ Suite NavalGameplayTests started.
◇ Test victoryPointsMatchesGameStateComputation() started.
◇ Test roadBuildingThrowsIfEitherEdgeIsIllegal() started.
◇ Test validationAgreesWithWhatApplyingActuallyDoes() started.
◇ Suite ComposedProposalTests started.
◇ Test robberTileProducesNothing() started.
◇ Test pipsMatchTheWaysTwoDiceRollEachNumber() started.
◇ Test expandedPieceSuppliesAreNeverExceededOverAFullGame() started.
◇ Test checkForWinnerIsNoOpOnceGameIsAlreadyOver() started.
◇ Test fullSetupSequenceEndsAtRollDiceForPlayerZero() started.
◇ Suite NavalOpeningTests started.
◇ Suite NavalSaveTests started.
◇ Test newTieBetweenTwoPlayersAwardsNoOne() started.
◇ Test distinctOffersGetDistinctIdentifiers() started.
◇ Test movingRobberCanStealFromAdjacentPlayer() started.
◇ Suite DiceFairnessTests started.
◇ Suite VastBoardTests started.
◇ Test expandedHasFourteenPortsOnDistinctCoastalEdges() started.
◇ Suite PublicLedgerTests started.
◇ Suite ExternalActionCheckpointTests started.
◇ Test setupEndDealsEveryPlayerOnePlayableArmyCard() started.
◇ Suite PublicLedgerCheckpointTests started.
◇ Test aStandardGameHasNoConquestStateAndDrawsTheSameRandomSequence() started.
◇ Test deployMovesOfferEveryCardSetOnEveryReachableHex() started.
◇ Test expandedBonusesAreWorthFourPointsInBothFormulas() started.
◇ Suite RulesVersionReplayTests started.
◇ Test onlyMainTurnCountsAsAPlayableTurnForThatSeat() started.
◇ Suite DevCardConservationTests started.
◇ Test bankTradeIsRejectedWhenTheBankCannotSupplyTheWantedResource() started.
◇ Test discardingHalfRoundedDownResolvesPhase() started.
◇ Test anyThreePricePaysFromTheBiggestPilesFirst() started.
◇ Test fastSearchAgreesWithTheExhaustiveOneAtThePlayableRoadCap() started.
◇ Test aSaveMissingFieldsAddedAfterItWasWrittenStillLoads() started.
◇ Suite NavalMapTests started.
◇ Suite TradingTests started.
◇ Suite NavalProductionTests started.
◇ Test aThreeSeatGameSurvivesASaveAndReload() started.
◇ Test vertexCanonicalizationIsConsistentAcrossSharedTiles() started.
◇ Test everyModeIsCoherentAndReachable() started.
◇ Test expandedTokenMultisetIsExactlyTwiceClassic() started.
◇ Test anOccupiedHexPaysOnlyTheOccupierPlusOne() started.
◇ Test aTribeHeldHexPaysEveryoneAsNormal() started.
◇ Test aThreeSeatGameCyclesTurnsAmongThreeSeats() started.
◇ Test fastSearchAgreesWithTheExhaustiveOneOnManyRandomNetworks() started.
◇ Test anyOnePriceTakesASingleCard() started.
◇ Test proposeTradeStopsBeingLegalAtTheTurnRetryLimit() started.
◇ Suite NavalProductionValidationTests started.
◇ Test aCountedCompositionExpandsToOnePinnedInterleavedOrder() started.
◇ Test aSaveWithAnInvalidTargetIsRejectedAsCorrupt() started.
◇ Test aSeatWithNoPolicyStopsTheLoop() started.
◇ Test legalMovesEnumeratesMoveRobberTargetsAndVictims() started.
◇ Test conquestDoesNotChangeTheDevDeckOrDiceSeedOfTheSameSeed() started.
◇ Test deployingCardsNotHeldIsRefusedWithoutMutation() started.
◇ Test newGameShufflesDevCardDeckDifferentlyForDifferentSeeds() started.
◇ Test theRunawayBackstopForcesATurnToEnd() started.
◇ Test expandedAllowsThirtyRoadsWhereClassicStopsAtFifteen() started.
◇ Test scaledFromBoardOnAnExpandedSizedBoardRoundsAwayFromZero() started.
◇ Test multipleDemandingPlayersGetNothingWhenBankCannotCoverAll() started.
◇ Test classicDiscardThresholdIsStillSeven() started.
◇ Test robberMoveCannotSkipAnEligibleVictim() started.
◇ Test onlyOneDevCardMayBePlayedPerTurn() started.
◇ Suite SessionCheckpointValidationTests started.
◇ Test oneOfEachStillNeedsAllFive() started.
◇ Test devCardStatusOwnsTurnTimingAndPassiveCardRules() started.
◇ Suite NavalTradeCheckpointTests started.
◇ Test monopolyReportsHowManyCardsItSweptUp() started.
◇ Test expandedRulesetMatchesTheSpec() started.
◇ Test aConquestGameShufflesTheFullClassicArmyDeck() started.
◇ Test devCardsBoughtThisTurnBecomePlayableAfterEndTurn() started.
◇ Test roadCannotBeBuiltOnAnEdgeAnotherPlayerAlreadyOwns() started.
◇ Test occupierBonusRespectsBankShortage() started.
◇ Test monopolyTransfersAllMatchingCardsFromEveryOtherPlayer() started.
◇ Test anUnsupportedTargetIsRefused() started.
◇ Test deployingOnYourOwnHexReinforcesIt() started.
◇ Test aSaveResumesTheSameRandomSequenceItWouldHaveHad() started.
◇ Test anUnsupportedTableSizeIsRefusedAtConstruction() started.
◇ Test movingTheRobberWithNobodyToRobReportsNoSteal() started.
◇ Test boardHas9Ports() started.
◇ Test fiveConnectedRoadsGrantsLongestRoad() started.
◇ Test aLegalBankTradeReportsNoProblemAndApplies() started.
◇ Test aPlayerAtTheRoadLimitHasNoLegalRoadToBuild() started.
◇ Test serializedSessionRejectsChangingThePolicyRoster() started.
◇ Test cityRequiresExistingOwnSettlement() started.
◇ Test knightPlayedBeforeRollingBlocksAnotherCardThatSameTurn() started.
◇ Test theIdentifierDependsOnEveryPartOfTheOffer() started.
◇ Test aRobberStealReportsWhichCardWasTaken() started.
◇ Test buyingDevCardReportsTheExactCardDrawn(card:) started.
◇ Test anExactlyEqualAttackLeavesTheHexUnoccupied() started.
◇ Test expandedWinsAtTwentyFiveNotTen() started.
◇ Test aClassicSaveCarryingAnExpandedTargetIsRefused() started.
◇ Test fastSearchHandlesTheShapesThatBreakNaiveSearches() started.
◇ Test legalMovesEnumeratesDiscardCombinationsForEachPendingPlayer() started.
◇ Test aPaymentThatIsNotExactlyTheHeldPriceIsRefusedWithoutMutation() started.
◇ Test anUnoccupiedHexPaysEveryoneAsNormal() started.
◇ Test endTurnClearsPendingTradeOffers() started.
◇ Test winningWithAnOpenTradeEndsAutomatedNegotiation() started.
◇ Test engineNameIsSet() started.
◇ Test everyActiveDevCardIsOfferedBeforeRolling() started.
◇ Test numbersThatAreNotOnTheBoardProduceNothing() started.
◇ Test expandedRandomizedBoardNeverAdjoinsSixAndEight() started.
◇ Test armyCardsCostAnyThreeResourcesByDefault() started.
◇ Test aCoherentTerminalTradeQueueCannotReviveTheGame() started.
◇ Test newGameDevCardDeckPreservesStandardComposition() started.
◇ Test devCardPlayLimitResetsAfterEndTurn() started.
◇ Test anExpandedSaveRoundTripsWithItsModeAndTarget() started.
◇ Test buildRoadWithInsufficientResourcesThrows() started.
◇ Test everyPhaseWithASeatReportsIt() started.
◇ Test expandedDeckIsExactlyTwiceClassic() started.
◇ Test belowTenVictoryPointsDoesNotEndGame() started.
◇ Test sameSeedProducesAnIdenticalGame() started.
◇ Test roadBuildingBuildsTwoFreeRoads() started.
◇ Test theAccessorAgreesWithTheSessionsOwnNotionOfWhoActs() started.
◇ Test yearOfPlentyRequiresTwoCardsTheBankCanSupply() started.
◇ Test aConquestSaveRoundTripsGarrisonsAndHands() started.
◇ Test settlementProducesOneResourceOnMatchingRoll() started.
◇ Test anExternalMoveAdvancesTheSameGame() started.
◇ Test anAttackThatFallsShortWeakensTheDefender() started.
◇ Test fragmentedRoadNetworkDoesNotSumAcrossDisconnectedPieces() started.
◇ Test aConquestGameStartsWithEveryProducingHexHeldByATribeAtItsPipCount() started.
◇ Test serializedSessionResumesTheSameDecisionsWithoutRestartingPolicyRandomness() started.
◇ Test expandedTerrainIsExactlyTwiceClassic() started.
◇ Test aSaveWrittenBeforeConquestExistedLoadsAsStandard() started.
◇ Test illegalPlacementTooCloseIsRejected() started.
◇ Test startingBankIsUniformAcrossEveryResource() started.
◇ Test discardingOffersOnlyTheActingSeatsOwnCombinations() started.
◇ Test aFullyOwnedGameRunsToCompletion() started.
◇ Test phasesNoSingleSeatOwnsReportNobody() started.
◇ Test buildRoadDeductsCostAndReturnsResourcesToBank() started.
◇ Test identifiersDoNotShareLongPrefixes() started.
◇ Test settlementRespectsDistanceRuleAndRoadConnection() started.
◇ Test aTargetSurvivesASaveAndReload() started.
◇ Test tiedKnightCountsKeepCurrentLargestArmyHolder() started.
◇ Test scaledFromBoardReproducesClassicOnAClassicSizedBoard() started.
◇ Test scaledFromBoardOnAMuchLargerBoardRoundsDownWhenTheFractionIsBelowHalf() started.
◇ Test serializedSessionKeepsTheAlreadySampledTradeResponse() started.
◇ Test aTwelvePointGameDoesNotEndAtTen() started.
◇ Test aShapeNoShuffleCanSatisfyIsRepairedRatherThanRefused() started.
◇ Test anExpandedGamePlaysToTwentyFiveWithoutStalling() started.
◇ Test theGameEndsAtItsOwnTarget() started.
◇ Test buyingPaysExactlyTheChosenThreeCardsAndDrawsTheTopCard() started.
◇ Test replacingTheStateResetsTurnBookkeeping() started.
◇ Test aSaveWrittenBeforeModesExistedLoadsAsClassic() started.
◇ Test buildCityUpgradesSettlementAndDeductsCost() started.
◇ Test theRejectionMessageNamesTheBankRatherThanThePlayersHand() started.
◇ Test buildingReportsWhatWasBuilt() started.
◇ Test vastDoublesTheArmyDeck() started.
◇ Test playingMonopolyBeforeRollingStillRequiresTheRoll() started.
◇ Test aRecordedMoveListReplaysToTheSameOutcome() started.
◇ Test soleDemandingPlayerGetsWhateverBankHasLeft() started.
◇ Test invalidRobberVictimLeavesTheWholeStateUntouched() started.
◇ Test rollingReportsTheTotalThatWasActuallyRolled() started.
◇ Test randomizedTerminatesForAFeasibleCountedShape() started.
◇ Test branchingNetworkScoresOnlyLongestSimplePath() started.
◇ Test knightCanBePlayedBeforeRolling() started.
◇ Test derivedPortsSitOnDistinctCoastalEdgesOfTheBoard() started.
◇ Test tileCountFollowsTheHexFormulaAtEveryRadius() started.
◇ Test tieKeepsCurrentHolder() started.
◇ Test cityProducesTwoResourcesOnMatchingRoll() started.
◇ Test classicShapeReproducesTheStandardBoardExactly() started.
◇ Test thirdKnightGrantsLargestArmy() started.
◇ Test buildingSettlementOnOpponentRoadRecomputesLongestRoadImmediately() started.
◇ Test unobservedWorldAndFutureRandomnessDoNotChangeAnObservation() started.
◇ Test observationsMaskGeographyAndPrivateCardsWithoutLosingPublicCounts() started.
◇ Test aNegativeRadiusIsRejected() started.
◇ Test buyingDevCardDeductsCostAndDraws() started.
◇ Test publicTranscriptHidesUninvolvedTheftIdentity() started.
◇ Test opponentSettlementBreaksRoadChain() started.
◇ Test decodedRawInputMasksAndKeepsCounts(fog:flexible:) started.
◇ Test responseOnlyInformationDoesNotExposePrivateComposition(fog:flexible:) started.
◇ Test standardBoardHasNoAdjacentSixOrEight() started.
◇ Test standardBoardHas19TilesAndOneDesert() started.
◇ Test everyResourceGetsBankStockAndAFeatureSlot() started.
◇ Test roadCannotExtendThroughAnOpponentsSettlement() started.
◇ Test rollOfSevenProducesNoResources() started.
◇ Test yearOfPlentyRejectsAnUnavailablePairWithoutConsumingTheCard() started.
◇ Test expandedDiscardThresholdIsTenNotSeven() started.
◇ Test settlementNotTouchingTheRolledTileGetsNothing() started.
◇ Test devCardStatusExplainsTurnLimitAndMissingCard() started.
◇ Test negativeDiscardAmountIsRejected() started.
◇ Test aModeWhoseRoadLimitOutrunsTheSearchIsRefused() started.
◇ Test emptyAndNonpositiveBankTradesAreRejectedWithoutMutation() started.
◇ Test sameResourceBankTradeIsRejectedWithoutMutation(rate:quantity:) started.
◇ Test armyCardsRunFromOneToFourSoTribesAreHardToBreak() started.
◇ Test theSameOfferAlwaysCarriesTheSameIdentifier() started.
◇ Test disjointCompoundBankTradeStillAppliesAtEachResourcesRate(rate:) started.
◇ Test mixedBankTradesWithOverlapAreRejectedWithoutMutation(rate:) started.
◇ Test expandedSeatsAThirtyEightCardBankAndAFiftyCardDeck() started.
◇ Test aThreeSeatGameHasThreeSeats() started.
◇ Test yearOfPlentyWithSameResourceTwiceDoesNotCrash() started.
◇ Test tenVictoryPointsEndsGame() started.
◇ Test playingKnightMovesRobberAndConsumesCard() started.
◇ Test classicRulesetMatchesTheValuesTheEngineShippedWith() started.
◇ Test setupPlacementsReportThemselves() started.
◇ Test aTokenCountThatMissesTheProducingTilesIsRejected() started.
◇ Test newTieBetweenTwoOtherPlayersDisplacesCurrentHolder() started.
◇ Test outOfOrderSettlementBeforePendingRoadIsRejected() started.
◇ Test wrongTurnMoveIsRejected() started.
◇ Test roadMustConnectToOwnNetwork() started.
◇ Test devCardStatusExplainsRequiredPlacementAndMissingRoadChoices() started.
◇ Test buyingIsLimitedByDeckSize() started.
◇ Test legalMovesIsAPureFunctionOfTheState() started.
◇ Test aThreeSeatGameCompletesSetupAcrossExactlyThreeSeats() started.
✔ Test deckBuildOrderRanksArePreservedAndDistinct() passed after 0.015 seconds.
✔ Test aCompositionThatDoesNotFillTheBoardIsRejected() passed after 0.018 seconds.
◇ Test mapFingerprintsRemainStableAcrossTestProcesses() started.
✔ Test attackingPastATribeTakesTheHexWithTheOverflow() passed after 0.024 seconds.
✔ Test theDesertCannotBeDeployedTo() passed after 0.024 seconds.
◇ Test wrongSeatCannotPlayAndNeitherCommitPathMutates(fixture:) started.
◇ Test requiredRobberyAndDiscardHaveControllerParity(fixture:) started.
✔ Test theRobberBlocksAnOccupiedHexIncludingTheBonus() passed after 0.026 seconds.
✔ Test cannotPlayDevCardBoughtThisTurn() passed after 0.026 seconds.
◇ Test humanAndPolicyApplyTheSameLegalCardMoves(fixture:) started.
◇ Test bankDraftChecksEachResourcesOwnRateInACompoundTrade() started.
✔ Test aCardBoughtThisTurnCanBeDeployedAtOnce() passed after 0.027 seconds.
◇ Test clearDraftConstraintsAreNotPermissionToCommit() started.
◇ Test bankDraftNamesTheRequiredBundleAtThePlayersActualPortRate(_:) started.
◇ Test sameResourceIsExcludedInEitherDraftMode(_:) started.
◇ Test overlapPrecedesStableResourceOrderForBundleErrorsWithoutMutatingState() started.
◇ Test aLiveHumanOfferStillQueuesAndAppliesAPolicyResponse() started.
◇ Test historicalOverlappingDomesticTradesStillApplyAndReplay(_:) started.
✔ Test endingATurnReportsIt() passed after 0.028 seconds.
✔ Test devCardStatusDistinguishesNewAndOlderCopiesInOneStack() passed after 0.028 seconds.
◇ Test terminalOfferDoesNotRequestAnotherDecision(restoration:) started.
✔ Test yearOfPlentyEnumeratesOnlyPairsTheBankCanSupply() passed after 0.028 seconds.
✔ Test anyThreePriceIsUnaffordableWithTwoCards() passed after 0.028 seconds.
✔ Test legalMovesOfferEachSingleCardAndTheCheapestWinningSet() passed after 0.028 seconds.
✔ Test randomizedBoardIsDeterministicForSameSeed() passed after 0.028 seconds.
✔ Test rollingSevenWithOverEightCardsRequiresDiscard() passed after 0.028 seconds.
✔ Test aHexYourBuildingsDoNotTouchCannotBeDeployedTo() passed after 0.029 seconds.
✔ Test setupPhaseFollowsSnakeOrder() passed after 0.030 seconds.
◇ Test case passing 1 argument card → .knight to buyingDevCardReportsTheExactCardDrawn(card:) started.
◇ Test case passing 1 argument card → .roadBuilding to buyingDevCardReportsTheExactCardDrawn(card:) started.
◇ Test case passing 1 argument card → .yearOfPlenty to buyingDevCardReportsTheExactCardDrawn(card:) started.
◇ Test case passing 1 argument card → .monopoly to buyingDevCardReportsTheExactCardDrawn(card:) started.
◇ Test case passing 1 argument card → .victoryPoint to buyingDevCardReportsTheExactCardDrawn(card:) started.
◇ Test landingRequiresSettlementBeforeRoadAndScoresDistinctIslands() started.
◇ Test captureIsGlobalOptionalAndLastsUntilRecapture() started.
◇ Test aFirstColonyBonusCanCompleteTheFourteenPointWin() started.
✔ Test tradingAResourceForItselfIsRejected() passed after 0.032 seconds.
◇ Test shipsPayExactCostSailAndRefresh(table:) started.
◇ Test shipsCannotTeleportCrossLandOrMoveForAnotherSeat() started.
◇ Test stockBelongsToBuilderAndSeaHexesAllowStacking() started.
◇ Test aComposedOfferMustCarryItsContentDerivedID() started.
✔ Test aWinningMoveReportsTheWinExactlyOnce() passed after 0.032 seconds.
◇ Test noCompositionWhenProposingIsNotAllowed() started.
◇ Test jakesBundleForTheCityIsPermitted() started.
◇ Test malformedOrExcessiveCompositionsAreRefused() started.
✔ Test aCompositionExpandsToExactlyTheDeclaredCounts() passed after 0.032 seconds.
◇ Test aSessionAcceptsAndTablesAPermittedComposedOffer() started.
✔ Test pipsMatchTheWaysTwoDiceRollEachNumber() passed after 0.033 seconds.
✔ Test victoryPointsMatchesGameStateComputation() passed after 0.034 seconds.
✔ Test aFreshGameCarriesTheCurrentSchemaVersion() passed after 0.035 seconds.
◇ Test firstPlacementAndRoadArePlayable(family:) started.
◇ Test malformedMaximumShipIDCanDecodeAndBeRejectedWithoutOverflow() started.
◇ Test queuedNavalTradeResponseUsesMaskedSnapshotAndValidatesCounts() started.
◇ Test decodedCheckpointContinuesIdenticalTranscriptAndLedger(table:) started.
◇ Test corruptNavalAuthoritativeStateIsRejected(corruption:) started.
◇ Test allNewFieldsDecodeDefaultsAndOldModesKeepNilNavalState() started.
✔ Test expandedBoardHasThirtySevenTilesAndOneDesert() passed after 0.053 seconds.
✔ Test robberTileProducesNothing() passed after 0.052 seconds.
✔ Test checkForWinnerIsNoOpOnceGameIsAlreadyOver() passed after 0.052 seconds.
◇ Test diceMatchTwoUnweightedDrawsRegardlessOfSeatOrHand(fixture:) started.
◇ Test choosingAMoveDoesNotAdvanceEngineDiceAndResumePreservesThem(fixture:) started.
✔ Test roadBuildingThrowsIfEitherEdgeIsIllegal() passed after 0.074 seconds.
◇ Test anUnauthorizedRollCannotAdvanceTheRandomSequence(fixture:) started.
◇ Test humanAndBotsWithDifferentPolicyDrawCountsGetIdenticalDice(fixture:) started.
◇ Test thePieceLimitsAloneCanReachTheTarget() started.
◇ Test boardsAreDeterministicForOneSeed() started.
◇ Test thePortsCoverThreeGenericsPerFiveAndEveryResourceTwice() started.
◇ Test theTokenSpreadIsSymmetricAboutSeven() started.
◇ Test theDeckIsNotRequiredToReachTheTarget() started.
◇ Test brickAndOreStayScarcerThanTheOtherThree() started.
◇ Test theBoardIsSixtyOneTilesWithThreeDeserts() started.
◇ Test theBoardHasOneHundredFiftyVertices() started.
◇ Test theRulesetIsPlayable() started.
✔ Test secondSettlementGrantsResources() passed after 0.084 seconds.
◇ Test aBuildSpendsExactlyWhatItCosts() started.
◇ Test theObserverAlwaysKnowsItsOwnHandExactly() started.
◇ Test aKnightStealIsMaskedTheSameWay() started.
◇ Test aFloorSpentToZeroLeavesNoEntryBehind() started.
◇ Test aRollPayoutIsCountedExactly() started.
◇ Test aStealHidesTheResourceFromEveryoneButThiefAndVictim() started.
◇ Test equalLedgersEncodeIdentically() started.
◇ Test aLedgerEqualsItselfAfterARoundTrip() started.
✔ Test newTieBetweenTwoPlayersAwardsNoOne() passed after 0.088 seconds.
◇ Test monopolyEmptiesEveryOtherHandOfThatResource() started.
✔ Test completedPositionDoesNotReconstructAnOpenTradeResponse() passed after 0.088 seconds.
◇ Test theKnownFloorNeverExceedsTheTruth() started.
◇ Test everyEventCarryingAPrivateDetailIsMaskedForABystander() started.
◇ Test aStealLeavesTheVictimsCompositionUncertainButTheCountExact() started.
◇ Test theEncodedLedgerIsOrderedBySeat() started.
◇ Test legacyDuplicateOffersStillReplayUnderRecordedRules(version:) started.
◇ Test case passing 2 arguments fog → true, flexible → true to decodedRawInputMasksAndKeepsCounts(fog:flexible:) started.
✔ Test movingRobberCanStealFromAdjacentPlayer() passed after 0.092 seconds.
◇ Test case passing 2 arguments fog → true, flexible → false to decodedRawInputMasksAndKeepsCounts(fog:flexible:) started.
◇ Test case passing 2 arguments fog → false, flexible → true to decodedRawInputMasksAndKeepsCounts(fog:flexible:) started.
◇ Test case passing 2 arguments fog → false, flexible → false to decodedRawInputMasksAndKeepsCounts(fog:flexible:) started.
◇ Test case passing 2 arguments fog → true, flexible → true to responseOnlyInformationDoesNotExposePrivateComposition(fog:flexible:) started.
◇ Test case passing 2 arguments fog → true, flexible → false to responseOnlyInformationDoesNotExposePrivateComposition(fog:flexible:) started.
◇ Test case passing 2 arguments fog → false, flexible → true to responseOnlyInformationDoesNotExposePrivateComposition(fog:flexible:) started.
◇ Test case passing 2 arguments fog → false, flexible → false to responseOnlyInformationDoesNotExposePrivateComposition(fog:flexible:) started.
◇ Test validHumanActionsBeyondAutomatedCapColdResume(mode:) started.
◇ Test duplicateOfferIDIsExcludedRejectedAndNeverMutates() started.
✔ Test anEmptyArmyDeckCannotBeBoughtFrom() passed after 0.437 seconds.
◇ Test case passing 2 arguments rate → 2, quantity → 1 to sameResourceBankTradeIsRejectedWithoutMutation(rate:quantity:) started.
◇ Test case passing 2 arguments rate → 2, quantity → 2 to sameResourceBankTradeIsRejectedWithoutMutation(rate:quantity:) started.
◇ Test case passing 2 arguments rate → 3, quantity → 1 to sameResourceBankTradeIsRejectedWithoutMutation(rate:quantity:) started.
◇ Test case passing 2 arguments rate → 3, quantity → 2 to sameResourceBankTradeIsRejectedWithoutMutation(rate:quantity:) started.
◇ Test case passing 2 arguments rate → 4, quantity → 1 to sameResourceBankTradeIsRejectedWithoutMutation(rate:quantity:) started.
◇ Test case passing 1 argument rate → 2 to disjointCompoundBankTradeStillAppliesAtEachResourcesRate(rate:) started.
◇ Test case passing 2 arguments rate → 4, quantity → 2 to sameResourceBankTradeIsRejectedWithoutMutation(rate:quantity:) started.
◇ Test case passing 1 argument rate → 3 to disjointCompoundBankTradeStillAppliesAtEachResourcesRate(rate:) started.
◇ Test case passing 1 argument rate → 4 to disjointCompoundBankTradeStillAppliesAtEachResourcesRate(rate:) started.
◇ Test case passing 1 argument rate → 2 to mixedBankTradesWithOverlapAreRejectedWithoutMutation(rate:) started.
◇ Test case passing 1 argument rate → 3 to mixedBankTradesWithOverlapAreRejectedWithoutMutation(rate:) started.
◇ Test case passing 1 argument rate → 4 to mixedBankTradesWithOverlapAreRejectedWithoutMutation(rate:) started.
◇ Test positionOnlyZeroHoldingsSurviveCheckpointRoundTrip(oreCount:) started.
◇ Test monopolySurvivesCheckpointRoundTrip(external:) started.
◇ Test versionOnePreservesPartialYearOfPlentyHistory() started.
◇ Test ordinaryMovesReplayUnderEverySupportedVersion(rulesVersion:) started.
◇ Test unsupportedRulesVersionCannotMutateAReplay() started.
◇ Test versionOnePreservesNilVictimKnightHistory(beforeRoll:) started.
◇ Test versionOneStillReplaysAnExplicitRobberVictimExactly() started.
◇ Test versionOnePreservesNilVictimRobberHistory() started.
◇ Test olderCopyCanBePlayedButNewCopyWaitsUntilNextTurn(fixture:) started.
◇ Test monopolyTransfersOneResourceAndCannotBeReusedAfterResume(fixture:) started.
◇ Test knightTakesExactlyOneCardFromOnlyTheChosenVictim(fixture:) started.
✔ Test onlyMainTurnCountsAsAPlayableTurnForThatSeat() passed after 0.480 seconds.
◇ Test invalidKnightVictimCannotConsumeOrPartiallyApply(fixture:) started.
◇ Test aSecondMatureMonopolyNeedsAnotherTurnAndAZeroGainStillConsumes(fixture:) started.
◇ Test knightWithoutAResourceHoldingNeighbourConsumesOneCardWithoutTheft(fixture:) started.
✔ Test setupEndDealsEveryPlayerOnePlayableArmyCard() passed after 0.481 seconds.
✔ Test aStandardGameListsNoArmyMovesAndRefusesThem() passed after 0.481 seconds.
✔ Test bankTradeIsRejectedWhenTheBankCannotSupplyTheWantedResource() passed after 0.480 seconds.
✔ Test discardingHalfRoundedDownResolvesPhase() passed after 0.480 seconds.
◇ Test rulesEngineAppliesProposeTrade() started.
◇ Test togglesPreserveWorldAndRandomStream(family:) started.
◇ Test legalMovesIncludeGiveCountsUpToTheGenerousCeiling() started.
◇ Test unavailableChoicesAreRejectedAndEmptyBankExpiresObligations() started.
◇ Test sameFamilyFallbackIsValidForEitherProductionOption(family:) started.
◇ Test proposeTradeFailsIfProposerLacksGiveCards() started.
◇ Test seededWorldStudy(family:) started.
◇ Test endTurnClearsDeclinedTradeHistory() started.
◇ Test citiesChooseTwoUnitsClockwiseAfterFixedProduction() started.
◇ Test bankTradeRejectsNegativeGetAmount() started.
◇ Test rulesEngineAppliesBankTrade() started.
◇ Test acceptingATradeIncrementsTheProposersAcceptedCountAndRejectingDoesNot() started.
◇ Test proposeTradeRejectsNegativeAmounts() started.
◇ Test proposeAndRejectLeavesResourcesUntouched() started.
◇ Test acceptFailsIfResponderLacksWantedCards() started.
◇ Test bankTradeRejectedWhenBankLacksResource() started.
◇ Test twoToOneBankTradeWithMatchingResourcePort() started.
◇ Test rulesEngineProposeTradeRejectsWrongProposer() started.
◇ Test bankTradeRejectedWhenRatioWrong() started.
◇ Test threeToOneBankTradeWithGenericPort() started.
◇ Test legalMovesExcludesAcceptWhenResponderCannotAffordWantedCards() started.
◇ Test acceptFailsIfProposerNoLongerHoldsGiveCards() started.
◇ Test bankTradeRejectsNegativeGiveAmount() started.
◇ Test fourToOneBankTradeWithNoPort() started.
◇ Test decliningATradeRecordsItAgainstTheProposer() started.
◇ Test rulesEngineStillRejectsUnrelatedOutOfTurnMoves() started.
◇ Test respondRejectsWhenResponderIsProposer() started.
◇ Test rulesEngineAllowsNonActivePlayerToRespondToTrade() started.
◇ Test proposeAndAcceptTradeSwapsCardsBetweenPlayers() started.
◇ Test endTurnClearsTradesAcceptedThisTurn() started.
◇ Test legalMovesExcludesAcceptWhenProposerNoLongerAffordsGiveCards() started.
◇ Test legalMovesIncludesAcceptWhenBothSidesCanAfford() started.
✔ Test aSaveWithoutATargetLoadsAndPlaysToTen() passed after 0.482 seconds.
✔ Test deployMovesOfferEveryCardSetOnEveryReachableHex() passed after 0.481 seconds.
✔ Test anyThreePricePaysFromTheBiggestPilesFirst() passed after 0.482 seconds.
✔ Test aStandardGameHasNoConquestStateAndDrawsTheSameRandomSequence() passed after 0.482 seconds.
✔ Test expandedHasFourteenPortsOnDistinctCoastalEdges() passed after 0.482 seconds.
✔ Test everyModeIsCoherentAndReachable() passed after 0.481 seconds.
✔ Test vertexCanonicalizationIsConsistentAcrossSharedTiles() passed after 0.481 seconds.
✔ Test anOccupiedHexPaysOnlyTheOccupierPlusOne() passed after 0.481 seconds.
✔ Test expandedBonusesAreWorthFourPointsInBothFormulas() passed after 0.482 seconds.
✔ Test aTribeHeldHexPaysEveryoneAsNormal() passed after 0.481 seconds.
◇ Test captureRequiresElevenButAResolvedElevenHasNoPendingCapture() started.
◇ Test robberBlocksFlexibleProductionAndNeverTargetsFogOrShips() started.
◇ Test impossibleChoiceObligationsAreRejected(corruption:) started.
◇ Test everyPartialChoiceAndClockwiseSuffixSurvivesColdCheckpoint() started.
✔ Test aCountedCompositionExpandsToOnePinnedInterleavedOrder() passed after 0.481 seconds.
✔ Test distinctOffersGetDistinctIdentifiers() passed after 0.482 seconds.
✔ Test anyOnePriceTakesASingleCard() passed after 0.481 seconds.
✔ Test expandedRandomizedBoardIsReproducibleFromItsSeed() passed after 0.482 seconds.
✔ Test expandedTokenMultisetIsExactlyTwiceClassic() passed after 0.481 seconds.
✔ Test aThreeSeatGameSurvivesASaveAndReload() passed after 0.482 seconds.
✔ Test aSeatWithNoPolicyStopsTheLoop() passed after 0.481 seconds.
✔ Test legalMovesEnumeratesMoveRobberTargetsAndVictims() passed after 0.481 seconds.
✔ Test proposeTradeStopsBeingLegalAtTheTurnRetryLimit() passed after 0.482 seconds.
✔ Test scaledFromBoardOnAnExpandedSizedBoardRoundsAwayFromZero() passed after 0.481 seconds.
✔ Test aSaveMissingTheBoardIsRejectedRatherThanSilentlyDiscarded() passed after 0.482 seconds.
✔ Test conquestDoesNotChangeTheDevDeckOrDiceSeedOfTheSameSeed() passed after 0.481 seconds.
✔ Test fullSetupSequenceEndsAtRollDiceForPlayerZero() passed after 0.482 seconds.
✔ Test deployingCardsNotHeldIsRefusedWithoutMutation() passed after 0.481 seconds.
◇ Test legitimateDecodedSnapshotsResume() started.
◇ Test rejectsQueuedResponseWithoutPendingOffer() started.
◇ Test rejectsCountersThatCannotAdvanceWithoutOverflow(field:) started.
◇ Test rejectsUnsupportedCheckpointVersion(version:) started.
◇ Test rejectsInvalidPhasePlayerIndex(phase:index:) started.
◇ Test rejectsQueuedResponseFromProposer() started.
◇ Test rejectsActionsWithoutACurrentTurnSeat() started.
◇ Test rejectsQueuedResponseToUnknownOffer() started.
◇ Test rejectsNegativeCounters(field:) started.
◇ Test rejectsQueuedNonResponseMove() started.
◇ Test rejectsInvalidCurrentTurnSeat(index:) started.
◇ Test rejectsQueuedResponseWithoutActorPolicy() started.
◇ Test rejectsActionsBeyondTurnBackstop(actions:) started.
◇ Test rejectsChangedPolicyRosterAfterDecoding() started.
◇ Test rejectsQueuedEvaluationOutsideRecordedRange(index:) started.
◇ Test rejectsCurrentTurnSeatWithoutActions() started.
◇ Test rejectsZeroEvaluationsWithQueuedDecision() started.
◇ Test acceptsCheckpointAtTurnBackstop() started.
◇ Test rejectsInvalidQueuedResponseActor(index:) started.
✔ Test oneOfEachStillNeedsAllFive() passed after 0.481 seconds.
✔ Test multipleDemandingPlayersGetNothingWhenBankCannotCoverAll() passed after 0.482 seconds.
◇ Test externalBankSpendRefreshesCachedObservationWithoutRandomDraws() started.
◇ Test externalEndTurnCancelsCachedReply() started.
◇ Test externalProposalQueuesAndExternalConsumptionClearsResponse() started.
✔ Test robberMoveCannotSkipAnEligibleVictim() passed after 0.482 seconds.
✔ Test onlyOneDevCardMayBePlayedPerTurn() passed after 0.482 seconds.
✔ Test expandedRulesetMatchesTheSpec() passed after 0.480 seconds.
✔ Test aSaveWithAnInvalidTargetIsRejectedAsCorrupt() passed after 0.482 seconds.
◇ Test case passing 1 argument fixture → EngineFairnessCase(mode: CatanEngine.GameMode.classic, variant: CatanEngine.GameVariant.standard, seat: 0) to wrongSeatCannotPlayAndNeitherCommitPathMutates(fixture:) started.
◇ Test rejectsUnsupportedStateSchema(version:) started.
◇ Test case passing 1 argument fixture → EngineFairnessCase(mode: CatanEngine.GameMode.classic, variant: CatanEngine.GameVariant.standard, seat: 1) to wrongSeatCannotPlayAndNeitherCommitPathMutates(fixture:) started.
◇ Test case passing 1 argument fixture → EngineFairnessCase(mode: CatanEngine.GameMode.classic, variant: CatanEngine.GameVariant.standard, seat: 2) to wrongSeatCannotPlayAndNeitherCommitPathMutates(fixture:) started.
◇ Test case passing 1 argument fixture → EngineFairnessCase(mode: CatanEngine.GameMode.classic, variant: CatanEngine.GameVariant.standard, seat: 3) to wrongSeatCannotPlayAndNeitherCommitPathMutates(fixture:) started.
◇ Test case passing 1 argument fixture → EngineFairnessCase(mode: CatanEngine.GameMode.classic, variant: CatanEngine.GameVariant.conquest, seat: 0) to wrongSeatCannotPlayAndNeitherCommitPathMutates(fixture:) started.
◇ Test case passing 1 argument fixture → EngineFairnessCase(mode: CatanEngine.GameMode.classic, variant: CatanEngine.GameVariant.conquest, seat: 1) to wrongSeatCannotPlayAndNeitherCommitPathMutates(fixture:) started.
◇ Test case passing 1 argument fixture → EngineFairnessCase(mode: CatanEngine.GameMode.classic, variant: CatanEngine.GameVariant.conquest, seat: 2) to wrongSeatCannotPlayAndNeitherCommitPathMutates(fixture:) started.
◇ Test case passing 1 argument fixture → EngineFairnessCase(mode: CatanEngine.GameMode.classic, variant: CatanEngine.GameVariant.conquest, seat: 3) to wrongSeatCannotPlayAndNeitherCommitPathMutates(fixture:) started.
◇ Test case passing 1 argument fixture → EngineFairnessCase(mode: CatanEngine.GameMode.vast, variant: CatanEngine.GameVariant.standard, seat: 0) to wrongSeatCannotPlayAndNeitherCommitPathMutates(fixture:) started.
◇ Test case passing 1 argument fixture → EngineFairnessCase(mode: CatanEngine.GameMode.vast, variant: CatanEngine.GameVariant.standard, seat: 1) to wrongSeatCannotPlayAndNeitherCommitPathMutates(fixture:) started.
✔ Test devCardStatusOwnsTurnTimingAndPassiveCardRules() passed after 0.490 seconds.
◇ Test case passing 1 argument fixture → EngineFairnessCase(mode: CatanEngine.GameMode.vast, variant: CatanEngine.GameVariant.standard, seat: 2) to wrongSeatCannotPlayAndNeitherCommitPathMutates(fixture:) started.
◇ Test case passing 1 argument fixture → EngineFairnessCase(mode: CatanEngine.GameMode.vast, variant: CatanEngine.GameVariant.standard, seat: 3) to wrongSeatCannotPlayAndNeitherCommitPathMutates(fixture:) started.
◇ Test case passing 1 argument fixture → EngineFairnessCase(mode: CatanEngine.GameMode.vast, variant: CatanEngine.GameVariant.conquest, seat: 0) to wrongSeatCannotPlayAndNeitherCommitPathMutates(fixture:) started.
◇ Test case passing 1 argument fixture → EngineFairnessCase(mode: CatanEngine.GameMode.vast, variant: CatanEngine.GameVariant.conquest, seat: 1) to wrongSeatCannotPlayAndNeitherCommitPathMutates(fixture:) started.
◇ Test case passing 1 argument fixture → EngineFairnessCase(mode: CatanEngine.GameMode.vast, variant: CatanEngine.GameVariant.conquest, seat: 2) to wrongSeatCannotPlayAndNeitherCommitPathMutates(fixture:) started.
◇ Test case passing 1 argument fixture → EngineFairnessCase(mode: CatanEngine.GameMode.vast, variant: CatanEngine.GameVariant.conquest, seat: 3) to wrongSeatCannotPlayAndNeitherCommitPathMutates(fixture:) started.
✔ Test classicDiscardThresholdIsStillSeven() passed after 0.502 seconds.
◇ Test case passing 1 argument fixture → EngineFairnessCase(mode: CatanEngine.GameMode.classic, variant: CatanEngine.GameVariant.standard, seat: 0) to requiredRobberyAndDiscardHaveControllerParity(fixture:) started.
◇ Test case passing 1 argument fixture → EngineFairnessCase(mode: CatanEngine.GameMode.classic, variant: CatanEngine.GameVariant.standard, seat: 1) to requiredRobberyAndDiscardHaveControllerParity(fixture:) started.
◇ Test case passing 1 argument fixture → EngineFairnessCase(mode: CatanEngine.GameMode.classic, variant: CatanEngine.GameVariant.standard, seat: 2) to requiredRobberyAndDiscardHaveControllerParity(fixture:) started.
◇ Test case passing 1 argument fixture → EngineFairnessCase(mode: CatanEngine.GameMode.classic, variant: CatanEngine.GameVariant.standard, seat: 3) to requiredRobberyAndDiscardHaveControllerParity(fixture:) started.
◇ Test case passing 1 argument fixture → EngineFairnessCase(mode: CatanEngine.GameMode.classic, variant: CatanEngine.GameVariant.conquest, seat: 0) to requiredRobberyAndDiscardHaveControllerParity(fixture:) started.
◇ Test case passing 1 argument fixture → EngineFairnessCase(mode: CatanEngine.GameMode.classic, variant: CatanEngine.GameVariant.conquest, seat: 1) to requiredRobberyAndDiscardHaveControllerParity(fixture:) started.
◇ Test case passing 1 argument fixture → EngineFairnessCase(mode: CatanEngine.GameMode.classic, variant: CatanEngine.GameVariant.conquest, seat: 2) to requiredRobberyAndDiscardHaveControllerParity(fixture:) started.
◇ Test case passing 1 argument fixture → EngineFairnessCase(mode: CatanEngine.GameMode.classic, variant: CatanEngine.GameVariant.conquest, seat: 3) to requiredRobberyAndDiscardHaveControllerParity(fixture:) started.
◇ Test case passing 1 argument fixture → EngineFairnessCase(mode: CatanEngine.GameMode.vast, variant: CatanEngine.GameVariant.standard, seat: 0) to requiredRobberyAndDiscardHaveControllerParity(fixture:) started.
◇ Test case passing 1 argument fixture → EngineFairnessCase(mode: CatanEngine.GameMode.vast, variant: CatanEngine.GameVariant.standard, seat: 1) to requiredRobberyAndDiscardHaveControllerParity(fixture:) started.
◇ Test case passing 1 argument fixture → EngineFairnessCase(mode: CatanEngine.GameMode.vast, variant: CatanEngine.GameVariant.standard, seat: 2) to requiredRobberyAndDiscardHaveControllerParity(fixture:) started.
◇ Test case passing 1 argument fixture → EngineFairnessCase(mode: CatanEngine.GameMode.vast, variant: CatanEngine.GameVariant.standard, seat: 3) to requiredRobberyAndDiscardHaveControllerParity(fixture:) started.
◇ Test case passing 1 argument fixture → EngineFairnessCase(mode: CatanEngine.GameMode.vast, variant: CatanEngine.GameVariant.conquest, seat: 0) to requiredRobberyAndDiscardHaveControllerParity(fixture:) started.
◇ Test case passing 1 argument fixture → EngineFairnessCase(mode: CatanEngine.GameMode.vast, variant: CatanEngine.GameVariant.conquest, seat: 1) to requiredRobberyAndDiscardHaveControllerParity(fixture:) started.
◇ Test case passing 1 argument fixture → EngineFairnessCase(mode: CatanEngine.GameMode.vast, variant: CatanEngine.GameVariant.conquest, seat: 2) to requiredRobberyAndDiscardHaveControllerParity(fixture:) started.
◇ Test case passing 1 argument fixture → EngineFairnessCase(mode: CatanEngine.GameMode.vast, variant: CatanEngine.GameVariant.conquest, seat: 3) to requiredRobberyAndDiscardHaveControllerParity(fixture:) started.
✔ Test monopolyReportsHowManyCardsItSweptUp() passed after 0.530 seconds.
✔ Test devCardsBoughtThisTurnBecomePlayableAfterEndTurn() passed after 0.530 seconds.
✔ Test anUnsupportedTargetIsRefused() passed after 0.529 seconds.
◇ Test case passing 1 argument fixture → EngineFairnessCase(mode: CatanEngine.GameMode.classic, variant: CatanEngine.GameVariant.standard, seat: 0) to humanAndPolicyApplyTheSameLegalCardMoves(fixture:) started.
◇ Test case passing 1 argument fixture → EngineFairnessCase(mode: CatanEngine.GameMode.classic, variant: CatanEngine.GameVariant.standard, seat: 1) to humanAndPolicyApplyTheSameLegalCardMoves(fixture:) started.
◇ Test case passing 1 argument fixture → EngineFairnessCase(mode: CatanEngine.GameMode.classic, variant: CatanEngine.GameVariant.standard, seat: 2) to humanAndPolicyApplyTheSameLegalCardMoves(fixture:) started.
◇ Test case passing 1 argument fixture → EngineFairnessCase(mode: CatanEngine.GameMode.classic, variant: CatanEngine.GameVariant.standard, seat: 3) to humanAndPolicyApplyTheSameLegalCardMoves(fixture:) started.
◇ Test case passing 1 argument fixture → EngineFairnessCase(mode: CatanEngine.GameMode.classic, variant: CatanEngine.GameVariant.conquest, seat: 0) to humanAndPolicyApplyTheSameLegalCardMoves(fixture:) started.
◇ Test case passing 1 argument fixture → EngineFairnessCase(mode: CatanEngine.GameMode.classic, variant: CatanEngine.GameVariant.conquest, seat: 1) to humanAndPolicyApplyTheSameLegalCardMoves(fixture:) started.
◇ Test case passing 1 argument fixture → EngineFairnessCase(mode: CatanEngine.GameMode.classic, variant: CatanEngine.GameVariant.conquest, seat: 2) to humanAndPolicyApplyTheSameLegalCardMoves(fixture:) started.
◇ Test case passing 1 argument fixture → EngineFairnessCase(mode: CatanEngine.GameMode.classic, variant: CatanEngine.GameVariant.conquest, seat: 3) to humanAndPolicyApplyTheSameLegalCardMoves(fixture:) started.
◇ Test case passing 1 argument fixture → EngineFairnessCase(mode: CatanEngine.GameMode.vast, variant: CatanEngine.GameVariant.standard, seat: 0) to humanAndPolicyApplyTheSameLegalCardMoves(fixture:) started.
◇ Test case passing 1 argument fixture → EngineFairnessCase(mode: CatanEngine.GameMode.vast, variant: CatanEngine.GameVariant.standard, seat: 1) to humanAndPolicyApplyTheSameLegalCardMoves(fixture:) started.
◇ Test case passing 1 argument fixture → EngineFairnessCase(mode: CatanEngine.GameMode.vast, variant: CatanEngine.GameVariant.standard, seat: 2) to humanAndPolicyApplyTheSameLegalCardMoves(fixture:) started.
◇ Test case passing 1 argument fixture → EngineFairnessCase(mode: CatanEngine.GameMode.vast, variant: CatanEngine.GameVariant.standard, seat: 3) to humanAndPolicyApplyTheSameLegalCardMoves(fixture:) started.
◇ Test case passing 1 argument fixture → EngineFairnessCase(mode: CatanEngine.GameMode.vast, variant: CatanEngine.GameVariant.conquest, seat: 0) to humanAndPolicyApplyTheSameLegalCardMoves(fixture:) started.
◇ Test case passing 1 argument fixture → EngineFairnessCase(mode: CatanEngine.GameMode.vast, variant: CatanEngine.GameVariant.conquest, seat: 1) to humanAndPolicyApplyTheSameLegalCardMoves(fixture:) started.
◇ Test case passing 1 argument fixture → EngineFairnessCase(mode: CatanEngine.GameMode.vast, variant: CatanEngine.GameVariant.conquest, seat: 2) to humanAndPolicyApplyTheSameLegalCardMoves(fixture:) started.
◇ Test case passing 1 argument fixture → EngineFairnessCase(mode: CatanEngine.GameMode.vast, variant: CatanEngine.GameVariant.conquest, seat: 3) to humanAndPolicyApplyTheSameLegalCardMoves(fixture:) started.
✔ Test newGameShufflesDevCardDeckDifferentlyForDifferentSeeds() passed after 1.059 seconds.
✔ Test aConquestGameShufflesTheFullClassicArmyDeck() passed after 1.059 seconds.
✔ Test anUnsupportedTableSizeIsRefusedAtConstruction() passed after 1.059 seconds.
◇ Test case passing 1 argument rate → 2 to bankDraftNamesTheRequiredBundleAtThePlayersActualPortRate(_:) started.
◇ Test case passing 1 argument rate → 3 to bankDraftNamesTheRequiredBundleAtThePlayersActualPortRate(_:) started.
◇ Test case passing 1 argument rate → 4 to bankDraftNamesTheRequiredBundleAtThePlayersActualPortRate(_:) started.
◇ Test case passing 1 argument mode → .players to sameResourceIsExcludedInEitherDraftMode(_:) started.
◇ Test case passing 1 argument mode → .bank to sameResourceIsExcludedInEitherDraftMode(_:) started.
✔ Test occupierBonusRespectsBankShortage() passed after 1.069 seconds.
✔ Test monopolyTransfersAllMatchingCardsFromEveryOtherPlayer() passed after 1.069 seconds.
◇ Test case passing 1 argument rulesVersion → 1 to historicalOverlappingDomesticTradesStillApplyAndReplay(_:) started.
◇ Test case passing 1 argument rulesVersion → 2 to historicalOverlappingDomesticTradesStillApplyAndReplay(_:) started.
✔ Test roadCannotBeBuiltOnAnEdgeAnotherPlayerAlreadyOwns() passed after 1.084 seconds.
✔ Test deployingOnYourOwnHexReinforcesIt() passed after 1.083 seconds.
◇ Test case passing 1 argument restoration → .freshInitialization to terminalOfferDoesNotRequestAnotherDecision(restoration:) started.
◇ Test case passing 1 argument restoration → .replacement to terminalOfferDoesNotRequestAnotherDecision(restoration:) started.
✔ Test expandedAllowsThirtyRoadsWhereClassicStopsAtFifteen() passed after 1.113 seconds.
✔ Test movingTheRobberWithNobodyToRobReportsNoSteal() passed after 1.110 seconds.
✔ Test boardHas9Ports() passed after 1.110 seconds.
✔ Test theIdentifierDependsOnEveryPartOfTheOffer() passed after 1.108 seconds.
✔ Test aLegalBankTradeReportsNoProblemAndApplies() passed after 1.109 seconds.
✔ Test serializedSessionRejectsChangingThePolicyRoster() passed after 1.109 seconds.
✔ Test knightPlayedBeforeRollingBlocksAnotherCardThatSameTurn() passed after 1.109 seconds.
✔ Test aRobberStealReportsWhichCardWasTaken() passed after 1.109 seconds.
✔ Test fiveConnectedRoadsGrantsLongestRoad() passed after 1.110 seconds.
✔ Test buyingDevCardReportsTheExactCardDrawn(card:) with 5 test cases passed after 1.108 seconds.
NAVAL DETERMINISM FINGERPRINT 9763491777621528290
◇ Test case passing 1 argument table → 3 to shipsPayExactCostSailAndRefresh(table:) started.
◇ Test case passing 1 argument table → 4 to shipsPayExactCostSailAndRefresh(table:) started.
✔ Test cityRequiresExistingOwnSettlement() passed after 1.992 seconds.
✔ Test aPlayerAtTheRoadLimitHasNoLegalRoadToBuild() passed after 2.227 seconds.
✔ Test anExactlyEqualAttackLeavesTheHexUnoccupied() passed after 2.278 seconds.
✔ Test validationAgreesWithWhatApplyingActuallyDoes() passed after 2.285 seconds.
✔ Test legalMovesEnumeratesDiscardCombinationsForEachPendingPlayer() passed after 2.277 seconds.
✔ Test engineNameIsSet() passed after 2.277 seconds.
✔ Test aPaymentThatIsNotExactlyTheHeldPriceIsRefusedWithoutMutation() passed after 2.277 seconds.
✔ Test numbersThatAreNotOnTheBoardProduceNothing() passed after 2.276 seconds.
✔ Test fastSearchHandlesTheShapesThatBreakNaiveSearches() passed after 2.277 seconds.
✔ Test anUnoccupiedHexPaysEveryoneAsNormal() passed after 2.277 seconds.
✔ Test endTurnClearsPendingTradeOffers() passed after 2.277 seconds.
✔ Test armyCardsCostAnyThreeResourcesByDefault() passed after 2.276 seconds.
✔ Test aCoherentTerminalTradeQueueCannotReviveTheGame() passed after 2.276 seconds.
✔ Test newGameDevCardDeckPreservesStandardComposition() passed after 2.276 seconds.
✔ Test devCardPlayLimitResetsAfterEndTurn() passed after 2.276 seconds.
✔ Test everyPhaseWithASeatReportsIt() passed after 2.276 seconds.
✔ Test expandedDeckIsExactlyTwiceClassic() passed after 2.276 seconds.
✔ Test theRunawayBackstopForcesATurnToEnd() passed after 2.284 seconds.
✔ Test expandedWinsAtTwentyFiveNotTen() passed after 2.278 seconds.
✔ Test buildRoadWithInsufficientResourcesThrows() passed after 2.276 seconds.
◇ Test case passing 1 argument family → .archipelago to firstPlacementAndRoadArePlayable(family:) started.
◇ Test case passing 1 argument family → .peninsula to firstPlacementAndRoadArePlayable(family:) started.
◇ Test case passing 1 argument family → .twinIslands to firstPlacementAndRoadArePlayable(family:) started.
✔ Test belowTenVictoryPointsDoesNotEndGame() passed after 2.367 seconds.
✔ Test roadBuildingBuildsTwoFreeRoads() passed after 2.367 seconds.
✔ Test aClassicSaveCarryingAnExpandedTargetIsRefused() passed after 2.371 seconds.
✔ Test yearOfPlentyRequiresTwoCardsTheBankCanSupply() passed after 2.367 seconds.
✔ Test winningWithAnOpenTradeEndsAutomatedNegotiation() passed after 2.368 seconds.
✔ Test settlementProducesOneResourceOnMatchingRoll() passed after 2.367 seconds.
✔ Test anAttackThatFallsShortWeakensTheDefender() passed after 2.367 seconds.
✔ Test anExternalMoveAdvancesTheSameGame() passed after 2.370 seconds.
✔ Test aConquestGameStartsWithEveryProducingHexHeldByATribeAtItsPipCount() passed after 2.370 seconds.
✔ Test fragmentedRoadNetworkDoesNotSumAcrossDisconnectedPieces() passed after 2.370 seconds.
◇ Test case passing 1 argument table → 3 to decodedCheckpointContinuesIdenticalTranscriptAndLedger(table:) started.
◇ Test case passing 1 argument table → 4 to decodedCheckpointContinuesIdenticalTranscriptAndLedger(table:) started.
◇ Test case passing 1 argument corruption → "nil" to corruptNavalAuthoritativeStateIsRejected(corruption:) started.
◇ Test case passing 1 argument corruption → "rulesVersion" to corruptNavalAuthoritativeStateIsRejected(corruption:) started.
◇ Test case passing 1 argument corruption → "mapVersion" to corruptNavalAuthoritativeStateIsRejected(corruption:) started.
◇ Test case passing 1 argument corruption → "unknownReveal" to corruptNavalAuthoritativeStateIsRejected(corruption:) started.
◇ Test case passing 1 argument corruption → "duplicateShip" to corruptNavalAuthoritativeStateIsRejected(corruption:) started.
◇ Test case passing 1 argument corruption → "shipLand" to corruptNavalAuthoritativeStateIsRejected(corruption:) started.
◇ Test case passing 1 argument corruption → "shipSteps" to corruptNavalAuthoritativeStateIsRejected(corruption:) started.
◇ Test case passing 1 argument corruption → "shipOwner" to corruptNavalAuthoritativeStateIsRejected(corruption:) started.
◇ Test case passing 1 argument corruption → "stock" to corruptNavalAuthoritativeStateIsRejected(corruption:) started.
◇ Test case passing 1 argument corruption → "score" to corruptNavalAuthoritativeStateIsRejected(corruption:) started.
◇ Test case passing 1 argument corruption → "topology" to corruptNavalAuthoritativeStateIsRejected(corruption:) started.
◇ Test case passing 1 argument corruption → "choice" to corruptNavalAuthoritativeStateIsRejected(corruption:) started.
◇ Test case passing 1 argument corruption → "garrison" to corruptNavalAuthoritativeStateIsRejected(corruption:) started.
◇ Test case passing 1 argument corruption → "armyDeck" to corruptNavalAuthoritativeStateIsRejected(corruption:) started.
◇ Test case passing 1 argument corruption → "armyHand" to corruptNavalAuthoritativeStateIsRejected(corruption:) started.
✔ Test everyActiveDevCardIsOfferedBeforeRolling() passed after 2.912 seconds.
✔ Test aConquestSaveRoundTripsGarrisonsAndHands() passed after 2.912 seconds.
✔ Test startingBankIsUniformAcrossEveryResource() passed after 2.911 seconds.
✔ Test illegalPlacementTooCloseIsRejected() passed after 2.911 seconds.
✔ Test discardingOffersOnlyTheActingSeatsOwnCombinations() passed after 2.911 seconds.
✔ Test phasesNoSingleSeatOwnsReportNobody() passed after 2.911 seconds.
✔ Test expandedTerrainIsExactlyTwiceClassic() passed after 2.912 seconds.
✔ Test aSaveWrittenBeforeConquestExistedLoadsAsStandard() passed after 2.912 seconds.
✔ Test anExpandedSaveRoundTripsWithItsModeAndTarget() passed after 2.912 seconds.
✔ Test buildRoadDeductsCostAndReturnsResourcesToBank() passed after 2.911 seconds.
✔ Test tiedKnightCountsKeepCurrentLargestArmyHolder() passed after 2.911 seconds.
✔ Test scaledFromBoardReproducesClassicOnAClassicSizedBoard() passed after 2.911 seconds.
✔ Test scaledFromBoardOnAMuchLargerBoardRoundsDownWhenTheFractionIsBelowHalf() passed after 2.911 seconds.
✔ Test settlementRespectsDistanceRuleAndRoadConnection() passed after 2.911 seconds.
✔ Test aTwelvePointGameDoesNotEndAtTen() passed after 2.911 seconds.
✔ Test aTargetSurvivesASaveAndReload() passed after 2.911 seconds.
✔ Test identifiersDoNotShareLongPrefixes() passed after 2.912 seconds.
✔ Test aSaveMissingFieldsAddedAfterItWasWrittenStillLoads() passed after 2.921 seconds.
✔ Test buyingPaysExactlyTheChosenThreeCardsAndDrawsTheTopCard() passed after 2.911 seconds.
◇ Test case passing 1 argument fixture → EngineFairnessCase(mode: CatanEngine.GameMode.classic, variant: CatanEngine.GameVariant.standard, seat: 0) to diceMatchTwoUnweightedDrawsRegardlessOfSeatOrHand(fixture:) started.
◇ Test case passing 1 argument fixture → EngineFairnessCase(mode: CatanEngine.GameMode.classic, variant: CatanEngine.GameVariant.standard, seat: 1) to diceMatchTwoUnweightedDrawsRegardlessOfSeatOrHand(fixture:) started.
◇ Test case passing 1 argument fixture → EngineFairnessCase(mode: CatanEngine.GameMode.classic, variant: CatanEngine.GameVariant.standard, seat: 2) to diceMatchTwoUnweightedDrawsRegardlessOfSeatOrHand(fixture:) started.
◇ Test case passing 1 argument fixture → EngineFairnessCase(mode: CatanEngine.GameMode.classic, variant: CatanEngine.GameVariant.standard, seat: 3) to diceMatchTwoUnweightedDrawsRegardlessOfSeatOrHand(fixture:) started.
◇ Test case passing 1 argument fixture → EngineFairnessCase(mode: CatanEngine.GameMode.classic, variant: CatanEngine.GameVariant.conquest, seat: 0) to diceMatchTwoUnweightedDrawsRegardlessOfSeatOrHand(fixture:) started.
◇ Test case passing 1 argument fixture → EngineFairnessCase(mode: CatanEngine.GameMode.classic, variant: CatanEngine.GameVariant.conquest, seat: 1) to diceMatchTwoUnweightedDrawsRegardlessOfSeatOrHand(fixture:) started.
◇ Test case passing 1 argument fixture → EngineFairnessCase(mode: CatanEngine.GameMode.classic, variant: CatanEngine.GameVariant.conquest, seat: 2) to diceMatchTwoUnweightedDrawsRegardlessOfSeatOrHand(fixture:) started.
◇ Test case passing 1 argument fixture → EngineFairnessCase(mode: CatanEngine.GameMode.classic, variant: CatanEngine.GameVariant.conquest, seat: 3) to diceMatchTwoUnweightedDrawsRegardlessOfSeatOrHand(fixture:) started.
◇ Test case passing 1 argument fixture → EngineFairnessCase(mode: CatanEngine.GameMode.vast, variant: CatanEngine.GameVariant.standard, seat: 0) to diceMatchTwoUnweightedDrawsRegardlessOfSeatOrHand(fixture:) started.
◇ Test case passing 1 argument fixture → EngineFairnessCase(mode: CatanEngine.GameMode.vast, variant: CatanEngine.GameVariant.standard, seat: 1) to diceMatchTwoUnweightedDrawsRegardlessOfSeatOrHand(fixture:) started.
◇ Test case passing 1 argument fixture → EngineFairnessCase(mode: CatanEngine.GameMode.vast, variant: CatanEngine.GameVariant.standard, seat: 2) to diceMatchTwoUnweightedDrawsRegardlessOfSeatOrHand(fixture:) started.
◇ Test case passing 1 argument fixture → EngineFairnessCase(mode: CatanEngine.GameMode.vast, variant: CatanEngine.GameVariant.standard, seat: 3) to diceMatchTwoUnweightedDrawsRegardlessOfSeatOrHand(fixture:) started.
◇ Test case passing 1 argument fixture → EngineFairnessCase(mode: CatanEngine.GameMode.vast, variant: CatanEngine.GameVariant.conquest, seat: 0) to diceMatchTwoUnweightedDrawsRegardlessOfSeatOrHand(fixture:) started.
◇ Test case passing 1 argument fixture → EngineFairnessCase(mode: CatanEngine.GameMode.vast, variant: CatanEngine.GameVariant.conquest, seat: 1) to diceMatchTwoUnweightedDrawsRegardlessOfSeatOrHand(fixture:) started.
◇ Test case passing 1 argument fixture → EngineFairnessCase(mode: CatanEngine.GameMode.vast, variant: CatanEngine.GameVariant.conquest, seat: 2) to diceMatchTwoUnweightedDrawsRegardlessOfSeatOrHand(fixture:) started.
◇ Test case passing 1 argument fixture → EngineFairnessCase(mode: CatanEngine.GameMode.vast, variant: CatanEngine.GameVariant.conquest, seat: 3) to diceMatchTwoUnweightedDrawsRegardlessOfSeatOrHand(fixture:) started.
✔ Test theAccessorAgreesWithTheSessionsOwnNotionOfWhoActs() passed after 3.122 seconds.
◇ Test case passing 1 argument fixture → EngineFairnessCase(mode: CatanEngine.GameMode.classic, variant: CatanEngine.GameVariant.standard, seat: 0) to choosingAMoveDoesNotAdvanceEngineDiceAndResumePreservesThem(fixture:) started.
◇ Test case passing 1 argument fixture → EngineFairnessCase(mode: CatanEngine.GameMode.classic, variant: CatanEngine.GameVariant.standard, seat: 1) to choosingAMoveDoesNotAdvanceEngineDiceAndResumePreservesThem(fixture:) started.
◇ Test case passing 1 argument fixture → EngineFairnessCase(mode: CatanEngine.GameMode.classic, variant: CatanEngine.GameVariant.standard, seat: 2) to choosingAMoveDoesNotAdvanceEngineDiceAndResumePreservesThem(fixture:) started.
◇ Test case passing 1 argument fixture → EngineFairnessCase(mode: CatanEngine.GameMode.classic, variant: CatanEngine.GameVariant.standard, seat: 3) to choosingAMoveDoesNotAdvanceEngineDiceAndResumePreservesThem(fixture:) started.
◇ Test case passing 1 argument fixture → EngineFairnessCase(mode: CatanEngine.GameMode.classic, variant: CatanEngine.GameVariant.conquest, seat: 0) to choosingAMoveDoesNotAdvanceEngineDiceAndResumePreservesThem(fixture:) started.
◇ Test case passing 1 argument fixture → EngineFairnessCase(mode: CatanEngine.GameMode.classic, variant: CatanEngine.GameVariant.conquest, seat: 1) to choosingAMoveDoesNotAdvanceEngineDiceAndResumePreservesThem(fixture:) started.
◇ Test case passing 1 argument fixture → EngineFairnessCase(mode: CatanEngine.GameMode.classic, variant: CatanEngine.GameVariant.conquest, seat: 2) to choosingAMoveDoesNotAdvanceEngineDiceAndResumePreservesThem(fixture:) started.
◇ Test case passing 1 argument fixture → EngineFairnessCase(mode: CatanEngine.GameMode.classic, variant: CatanEngine.GameVariant.conquest, seat: 3) to choosingAMoveDoesNotAdvanceEngineDiceAndResumePreservesThem(fixture:) started.
◇ Test case passing 1 argument fixture → EngineFairnessCase(mode: CatanEngine.GameMode.vast, variant: CatanEngine.GameVariant.standard, seat: 0) to choosingAMoveDoesNotAdvanceEngineDiceAndResumePreservesThem(fixture:) started.
◇ Test case passing 1 argument fixture → EngineFairnessCase(mode: CatanEngine.GameMode.vast, variant: CatanEngine.GameVariant.standard, seat: 1) to choosingAMoveDoesNotAdvanceEngineDiceAndResumePreservesThem(fixture:) started.
◇ Test case passing 1 argument fixture → EngineFairnessCase(mode: CatanEngine.GameMode.vast, variant: CatanEngine.GameVariant.standard, seat: 2) to choosingAMoveDoesNotAdvanceEngineDiceAndResumePreservesThem(fixture:) started.
◇ Test case passing 1 argument fixture → EngineFairnessCase(mode: CatanEngine.GameMode.vast, variant: CatanEngine.GameVariant.standard, seat: 3) to choosingAMoveDoesNotAdvanceEngineDiceAndResumePreservesThem(fixture:) started.
◇ Test case passing 1 argument fixture → EngineFairnessCase(mode: CatanEngine.GameMode.vast, variant: CatanEngine.GameVariant.conquest, seat: 0) to choosingAMoveDoesNotAdvanceEngineDiceAndResumePreservesThem(fixture:) started.
◇ Test case passing 1 argument fixture → EngineFairnessCase(mode: CatanEngine.GameMode.vast, variant: CatanEngine.GameVariant.conquest, seat: 1) to choosingAMoveDoesNotAdvanceEngineDiceAndResumePreservesThem(fixture:) started.
◇ Test case passing 1 argument fixture → EngineFairnessCase(mode: CatanEngine.GameMode.vast, variant: CatanEngine.GameVariant.conquest, seat: 2) to choosingAMoveDoesNotAdvanceEngineDiceAndResumePreservesThem(fixture:) started.
◇ Test case passing 1 argument fixture → EngineFairnessCase(mode: CatanEngine.GameMode.vast, variant: CatanEngine.GameVariant.conquest, seat: 3) to choosingAMoveDoesNotAdvanceEngineDiceAndResumePreservesThem(fixture:) started.
✔ Test serializedSessionKeepsTheAlreadySampledTradeResponse() passed after 3.198 seconds.
◇ Test case passing 1 argument fixture → EngineFairnessCase(mode: CatanEngine.GameMode.classic, variant: CatanEngine.GameVariant.standard, seat: 0) to anUnauthorizedRollCannotAdvanceTheRandomSequence(fixture:) started.
◇ Test case passing 1 argument fixture → EngineFairnessCase(mode: CatanEngine.GameMode.classic, variant: CatanEngine.GameVariant.standard, seat: 1) to anUnauthorizedRollCannotAdvanceTheRandomSequence(fixture:) started.
◇ Test case passing 1 argument fixture → EngineFairnessCase(mode: CatanEngine.GameMode.classic, variant: CatanEngine.GameVariant.standard, seat: 2) to anUnauthorizedRollCannotAdvanceTheRandomSequence(fixture:) started.
◇ Test case passing 1 argument fixture → EngineFairnessCase(mode: CatanEngine.GameMode.classic, variant: CatanEngine.GameVariant.standard, seat: 3) to anUnauthorizedRollCannotAdvanceTheRandomSequence(fixture:) started.
◇ Test case passing 1 argument fixture → EngineFairnessCase(mode: CatanEngine.GameMode.classic, variant: CatanEngine.GameVariant.conquest, seat: 0) to anUnauthorizedRollCannotAdvanceTheRandomSequence(fixture:) started.
◇ Test case passing 1 argument fixture → EngineFairnessCase(mode: CatanEngine.GameMode.classic, variant: CatanEngine.GameVariant.conquest, seat: 1) to anUnauthorizedRollCannotAdvanceTheRandomSequence(fixture:) started.
◇ Test case passing 1 argument fixture → EngineFairnessCase(mode: CatanEngine.GameMode.classic, variant: CatanEngine.GameVariant.conquest, seat: 2) to anUnauthorizedRollCannotAdvanceTheRandomSequence(fixture:) started.
◇ Test case passing 1 argument fixture → EngineFairnessCase(mode: CatanEngine.GameMode.classic, variant: CatanEngine.GameVariant.conquest, seat: 3) to anUnauthorizedRollCannotAdvanceTheRandomSequence(fixture:) started.
◇ Test case passing 1 argument fixture → EngineFairnessCase(mode: CatanEngine.GameMode.vast, variant: CatanEngine.GameVariant.standard, seat: 0) to anUnauthorizedRollCannotAdvanceTheRandomSequence(fixture:) started.
◇ Test case passing 1 argument fixture → EngineFairnessCase(mode: CatanEngine.GameMode.vast, variant: CatanEngine.GameVariant.standard, seat: 1) to anUnauthorizedRollCannotAdvanceTheRandomSequence(fixture:) started.
◇ Test case passing 1 argument fixture → EngineFairnessCase(mode: CatanEngine.GameMode.vast, variant: CatanEngine.GameVariant.standard, seat: 2) to anUnauthorizedRollCannotAdvanceTheRandomSequence(fixture:) started.
◇ Test case passing 1 argument fixture → EngineFairnessCase(mode: CatanEngine.GameMode.vast, variant: CatanEngine.GameVariant.standard, seat: 3) to anUnauthorizedRollCannotAdvanceTheRandomSequence(fixture:) started.
◇ Test case passing 1 argument fixture → EngineFairnessCase(mode: CatanEngine.GameMode.vast, variant: CatanEngine.GameVariant.conquest, seat: 0) to anUnauthorizedRollCannotAdvanceTheRandomSequence(fixture:) started.
◇ Test case passing 1 argument fixture → EngineFairnessCase(mode: CatanEngine.GameMode.vast, variant: CatanEngine.GameVariant.conquest, seat: 1) to anUnauthorizedRollCannotAdvanceTheRandomSequence(fixture:) started.
◇ Test case passing 1 argument fixture → EngineFairnessCase(mode: CatanEngine.GameMode.vast, variant: CatanEngine.GameVariant.conquest, seat: 2) to anUnauthorizedRollCannotAdvanceTheRandomSequence(fixture:) started.
◇ Test case passing 1 argument fixture → EngineFairnessCase(mode: CatanEngine.GameMode.vast, variant: CatanEngine.GameVariant.conquest, seat: 3) to anUnauthorizedRollCannotAdvanceTheRandomSequence(fixture:) started.
◇ Test case passing 1 argument fixture → EngineFairnessCase(mode: CatanEngine.GameMode.classic, variant: CatanEngine.GameVariant.standard, seat: 0) to humanAndBotsWithDifferentPolicyDrawCountsGetIdenticalDice(fixture:) started.
◇ Test case passing 1 argument fixture → EngineFairnessCase(mode: CatanEngine.GameMode.classic, variant: CatanEngine.GameVariant.standard, seat: 1) to humanAndBotsWithDifferentPolicyDrawCountsGetIdenticalDice(fixture:) started.
◇ Test case passing 1 argument fixture → EngineFairnessCase(mode: CatanEngine.GameMode.classic, variant: CatanEngine.GameVariant.standard, seat: 2) to humanAndBotsWithDifferentPolicyDrawCountsGetIdenticalDice(fixture:) started.
◇ Test case passing 1 argument fixture → EngineFairnessCase(mode: CatanEngine.GameMode.classic, variant: CatanEngine.GameVariant.standard, seat: 3) to humanAndBotsWithDifferentPolicyDrawCountsGetIdenticalDice(fixture:) started.
◇ Test case passing 1 argument fixture → EngineFairnessCase(mode: CatanEngine.GameMode.classic, variant: CatanEngine.GameVariant.conquest, seat: 0) to humanAndBotsWithDifferentPolicyDrawCountsGetIdenticalDice(fixture:) started.
◇ Test case passing 1 argument fixture → EngineFairnessCase(mode: CatanEngine.GameMode.classic, variant: CatanEngine.GameVariant.conquest, seat: 1) to humanAndBotsWithDifferentPolicyDrawCountsGetIdenticalDice(fixture:) started.
◇ Test case passing 1 argument fixture → EngineFairnessCase(mode: CatanEngine.GameMode.classic, variant: CatanEngine.GameVariant.conquest, seat: 2) to humanAndBotsWithDifferentPolicyDrawCountsGetIdenticalDice(fixture:) started.
◇ Test case passing 1 argument fixture → EngineFairnessCase(mode: CatanEngine.GameMode.classic, variant: CatanEngine.GameVariant.conquest, seat: 3) to humanAndBotsWithDifferentPolicyDrawCountsGetIdenticalDice(fixture:) started.
◇ Test case passing 1 argument fixture → EngineFairnessCase(mode: CatanEngine.GameMode.vast, variant: CatanEngine.GameVariant.standard, seat: 0) to humanAndBotsWithDifferentPolicyDrawCountsGetIdenticalDice(fixture:) started.
◇ Test case passing 1 argument fixture → EngineFairnessCase(mode: CatanEngine.GameMode.vast, variant: CatanEngine.GameVariant.standard, seat: 1) to humanAndBotsWithDifferentPolicyDrawCountsGetIdenticalDice(fixture:) started.
◇ Test case passing 1 argument fixture → EngineFairnessCase(mode: CatanEngine.GameMode.vast, variant: CatanEngine.GameVariant.standard, seat: 2) to humanAndBotsWithDifferentPolicyDrawCountsGetIdenticalDice(fixture:) started.
◇ Test case passing 1 argument fixture → EngineFairnessCase(mode: CatanEngine.GameMode.vast, variant: CatanEngine.GameVariant.standard, seat: 3) to humanAndBotsWithDifferentPolicyDrawCountsGetIdenticalDice(fixture:) started.
◇ Test case passing 1 argument fixture → EngineFairnessCase(mode: CatanEngine.GameMode.vast, variant: CatanEngine.GameVariant.conquest, seat: 0) to humanAndBotsWithDifferentPolicyDrawCountsGetIdenticalDice(fixture:) started.
◇ Test case passing 1 argument fixture → EngineFairnessCase(mode: CatanEngine.GameMode.vast, variant: CatanEngine.GameVariant.conquest, seat: 1) to humanAndBotsWithDifferentPolicyDrawCountsGetIdenticalDice(fixture:) started.
◇ Test case passing 1 argument fixture → EngineFairnessCase(mode: CatanEngine.GameMode.vast, variant: CatanEngine.GameVariant.conquest, seat: 2) to humanAndBotsWithDifferentPolicyDrawCountsGetIdenticalDice(fixture:) started.
◇ Test case passing 1 argument fixture → EngineFairnessCase(mode: CatanEngine.GameMode.vast, variant: CatanEngine.GameVariant.conquest, seat: 3) to humanAndBotsWithDifferentPolicyDrawCountsGetIdenticalDice(fixture:) started.
✔ Test theGameEndsAtItsOwnTarget() passed after 3.227 seconds.
✔ Test theRejectionMessageNamesTheBankRatherThanThePlayersHand() passed after 3.227 seconds.
✔ Test replacingTheStateResetsTurnBookkeeping() passed after 3.227 seconds.
✔ Test vastDoublesTheArmyDeck() passed after 3.227 seconds.
✔ Test buildCityUpgradesSettlementAndDeductsCost() passed after 3.227 seconds.
✔ Test aSaveWrittenBeforeModesExistedLoadsAsClassic() passed after 3.227 seconds.
✔ Test buildingReportsWhatWasBuilt() passed after 3.227 seconds.
✔ Test playingMonopolyBeforeRollingStillRequiresTheRoll() passed after 3.229 seconds.
✔ Test aShapeNoShuffleCanSatisfyIsRepairedRatherThanRefused() passed after 3.229 seconds.
✔ Test soleDemandingPlayerGetsWhateverBankHasLeft() passed after 3.229 seconds.
✔ Test invalidRobberVictimLeavesTheWholeStateUntouched() passed after 3.243 seconds.
✔ Test rollingReportsTheTotalThatWasActuallyRolled() passed after 3.243 seconds.
✔ Test knightCanBePlayedBeforeRolling() passed after 3.242 seconds.
✔ Test tileCountFollowsTheHexFormulaAtEveryRadius() passed after 3.242 seconds.
✔ Test derivedPortsSitOnDistinctCoastalEdgesOfTheBoard() passed after 3.242 seconds.
✔ Test branchingNetworkScoresOnlyLongestSimplePath() passed after 3.243 seconds.
✔ Test cityProducesTwoResourcesOnMatchingRoll() passed after 3.242 seconds.
✔ Test randomizedTerminatesForAFeasibleCountedShape() passed after 3.244 seconds.
✔ Test classicShapeReproducesTheStandardBoardExactly() passed after 3.244 seconds.
✔ Test thirdKnightGrantsLargestArmy() passed after 3.246 seconds.
✔ Test tieKeepsCurrentHolder() passed after 3.246 seconds.
✔ Test aNegativeRadiusIsRejected() passed after 3.245 seconds.
✔ Test buyingDevCardDeductsCostAndDraws() passed after 3.245 seconds.
✔ Test publicTranscriptHidesUninvolvedTheftIdentity() passed after 3.251 seconds.
✔ Test buildingSettlementOnOpponentRoadRecomputesLongestRoadImmediately() passed after 3.252 seconds.
◇ Test case passing 1 argument version → 1 to legacyDuplicateOffersStillReplayUnderRecordedRules(version:) started.
◇ Test case passing 1 argument version → 2 to legacyDuplicateOffersStillReplayUnderRecordedRules(version:) started.
✔ Test opponentSettlementBreaksRoadChain() passed after 3.252 seconds.
✔ Test serializedSessionResumesTheSameDecisionsWithoutRestartingPolicyRandomness() passed after 3.254 seconds.
✔ Test decodedRawInputMasksAndKeepsCounts(fog:flexible:) with 4 test cases passed after 3.252 seconds.
✔ Test responseOnlyInformationDoesNotExposePrivateComposition(fog:flexible:) with 4 test cases passed after 3.252 seconds.
✔ Test theSameSeedProducesTheSameSession() passed after 3.264 seconds.
✔ Test standardBoardHasNoAdjacentSixOrEight() passed after 3.252 seconds.
✔ Test standardBoardHas19TilesAndOneDesert() passed after 3.252 seconds.
◇ Test case passing 1 argument mode → .classic to validHumanActionsBeyondAutomatedCapColdResume(mode:) started.
◇ Test case passing 1 argument mode → .naval to validHumanActionsBeyondAutomatedCapColdResume(mode:) started.
✔ Test everyResourceGetsBankStockAndAFeatureSlot() passed after 3.253 seconds.
✔ Test rollOfSevenProducesNoResources() passed after 3.253 seconds.
✔ Test roadCannotExtendThroughAnOpponentsSettlement() passed after 3.253 seconds.
✔ Test yearOfPlentyRejectsAnUnavailablePairWithoutConsumingTheCard() passed after 3.253 seconds.
✔ Test settlementNotTouchingTheRolledTileGetsNothing() passed after 3.253 seconds.
✔ Test expandedDiscardThresholdIsTenNotSeven() passed after 3.253 seconds.
✔ Test devCardStatusExplainsTurnLimitAndMissingCard() passed after 3.253 seconds.
✔ Test aModeWhoseRoadLimitOutrunsTheSearchIsRefused() passed after 3.253 seconds.
✔ Test unobservedWorldAndFutureRandomnessDoNotChangeAnObservation() passed after 3.254 seconds.
✔ Test negativeDiscardAmountIsRejected() passed after 3.253 seconds.
✔ Test observationsMaskGeographyAndPrivateCardsWithoutLosingPublicCounts() passed after 3.254 seconds.
✔ Test armyCardsRunFromOneToFourSoTribesAreHardToBreak() passed after 3.253 seconds.
✔ Test sameResourceBankTradeIsRejectedWithoutMutation(rate:quantity:) with 6 test cases passed after 3.253 seconds.
✔ Test theSameOfferAlwaysCarriesTheSameIdentifier() passed after 3.253 seconds.
✔ Test disjointCompoundBankTradeStillAppliesAtEachResourcesRate(rate:) with 3 test cases passed after 3.253 seconds.
✔ Test aThreeSeatGameHasThreeSeats() passed after 3.253 seconds.
✔ Test expandedSeatsAThirtyEightCardBankAndAFiftyCardDeck() passed after 3.253 seconds.
✔ Test yearOfPlentyWithSameResourceTwiceDoesNotCrash() passed after 3.253 seconds.
◇ Test case passing 1 argument oreCount → 0 to positionOnlyZeroHoldingsSurviveCheckpointRoundTrip(oreCount:) started.
◇ Test case passing 1 argument oreCount → 2 to positionOnlyZeroHoldingsSurviveCheckpointRoundTrip(oreCount:) started.
◇ Test case passing 1 argument external → false to monopolySurvivesCheckpointRoundTrip(external:) started.
◇ Test case passing 1 argument external → true to monopolySurvivesCheckpointRoundTrip(external:) started.
✔ Test tenVictoryPointsEndsGame() passed after 3.265 seconds.
✔ Test classicRulesetMatchesTheValuesTheEngineShippedWith() passed after 3.265 seconds.
✔ Test playingKnightMovesRobberAndConsumesCard() passed after 3.265 seconds.
✔ Test aTokenCountThatMissesTheProducingTilesIsRejected() passed after 3.265 seconds.
✔ Test setupPlacementsReportThemselves() passed after 3.265 seconds.
✔ Test newTieBetweenTwoOtherPlayersDisplacesCurrentHolder() passed after 3.265 seconds.
✔ Test outOfOrderSettlementBeforePendingRoadIsRejected() passed after 3.265 seconds.
✔ Test wrongTurnMoveIsRejected() passed after 3.265 seconds.
✔ Test mixedBankTradesWithOverlapAreRejectedWithoutMutation(rate:) with 3 test cases passed after 3.265 seconds.
✔ Test roadMustConnectToOwnNetwork() passed after 3.265 seconds.
✔ Test buyingIsLimitedByDeckSize() passed after 3.265 seconds.
◇ Test case passing 1 argument rulesVersion → 1 to ordinaryMovesReplayUnderEverySupportedVersion(rulesVersion:) started.
◇ Test case passing 1 argument rulesVersion → 3 to ordinaryMovesReplayUnderEverySupportedVersion(rulesVersion:) started.
◇ Test case passing 1 argument beforeRoll → false to versionOnePreservesNilVictimKnightHistory(beforeRoll:) started.
◇ Test case passing 1 argument beforeRoll → true to versionOnePreservesNilVictimKnightHistory(beforeRoll:) started.
◇ Test case passing 1 argument fixture → EngineFairnessCase(mode: CatanEngine.GameMode.classic, variant: CatanEngine.GameVariant.standard, seat: 0) to olderCopyCanBePlayedButNewCopyWaitsUntilNextTurn(fixture:) started.
◇ Test case passing 1 argument fixture → EngineFairnessCase(mode: CatanEngine.GameMode.classic, variant: CatanEngine.GameVariant.standard, seat: 1) to olderCopyCanBePlayedButNewCopyWaitsUntilNextTurn(fixture:) started.
◇ Test case passing 1 argument fixture → EngineFairnessCase(mode: CatanEngine.GameMode.classic, variant: CatanEngine.GameVariant.standard, seat: 2) to olderCopyCanBePlayedButNewCopyWaitsUntilNextTurn(fixture:) started.
◇ Test case passing 1 argument fixture → EngineFairnessCase(mode: CatanEngine.GameMode.classic, variant: CatanEngine.GameVariant.standard, seat: 3) to olderCopyCanBePlayedButNewCopyWaitsUntilNextTurn(fixture:) started.
◇ Test case passing 1 argument fixture → EngineFairnessCase(mode: CatanEngine.GameMode.classic, variant: CatanEngine.GameVariant.conquest, seat: 0) to olderCopyCanBePlayedButNewCopyWaitsUntilNextTurn(fixture:) started.
◇ Test case passing 1 argument fixture → EngineFairnessCase(mode: CatanEngine.GameMode.classic, variant: CatanEngine.GameVariant.conquest, seat: 1) to olderCopyCanBePlayedButNewCopyWaitsUntilNextTurn(fixture:) started.
◇ Test case passing 1 argument fixture → EngineFairnessCase(mode: CatanEngine.GameMode.classic, variant: CatanEngine.GameVariant.conquest, seat: 2) to olderCopyCanBePlayedButNewCopyWaitsUntilNextTurn(fixture:) started.
◇ Test case passing 1 argument fixture → EngineFairnessCase(mode: CatanEngine.GameMode.classic, variant: CatanEngine.GameVariant.conquest, seat: 3) to olderCopyCanBePlayedButNewCopyWaitsUntilNextTurn(fixture:) started.
◇ Test case passing 1 argument fixture → EngineFairnessCase(mode: CatanEngine.GameMode.vast, variant: CatanEngine.GameVariant.standard, seat: 0) to olderCopyCanBePlayedButNewCopyWaitsUntilNextTurn(fixture:) started.
◇ Test case passing 1 argument fixture → EngineFairnessCase(mode: CatanEngine.GameMode.vast, variant: CatanEngine.GameVariant.standard, seat: 1) to olderCopyCanBePlayedButNewCopyWaitsUntilNextTurn(fixture:) started.
◇ Test case passing 1 argument fixture → EngineFairnessCase(mode: CatanEngine.GameMode.vast, variant: CatanEngine.GameVariant.standard, seat: 2) to olderCopyCanBePlayedButNewCopyWaitsUntilNextTurn(fixture:) started.
◇ Test case passing 1 argument fixture → EngineFairnessCase(mode: CatanEngine.GameMode.vast, variant: CatanEngine.GameVariant.standard, seat: 3) to olderCopyCanBePlayedButNewCopyWaitsUntilNextTurn(fixture:) started.
◇ Test case passing 1 argument fixture → EngineFairnessCase(mode: CatanEngine.GameMode.vast, variant: CatanEngine.GameVariant.conquest, seat: 0) to olderCopyCanBePlayedButNewCopyWaitsUntilNextTurn(fixture:) started.
◇ Test case passing 1 argument fixture → EngineFairnessCase(mode: CatanEngine.GameMode.vast, variant: CatanEngine.GameVariant.conquest, seat: 1) to olderCopyCanBePlayedButNewCopyWaitsUntilNextTurn(fixture:) started.
◇ Test case passing 1 argument fixture → EngineFairnessCase(mode: CatanEngine.GameMode.vast, variant: CatanEngine.GameVariant.conquest, seat: 2) to olderCopyCanBePlayedButNewCopyWaitsUntilNextTurn(fixture:) started.
◇ Test case passing 1 argument fixture → EngineFairnessCase(mode: CatanEngine.GameMode.vast, variant: CatanEngine.GameVariant.conquest, seat: 3) to olderCopyCanBePlayedButNewCopyWaitsUntilNextTurn(fixture:) started.
◇ Test case passing 1 argument fixture → EngineFairnessCase(mode: CatanEngine.GameMode.classic, variant: CatanEngine.GameVariant.standard, seat: 0) to monopolyTransfersOneResourceAndCannotBeReusedAfterResume(fixture:) started.
◇ Test case passing 1 argument fixture → EngineFairnessCase(mode: CatanEngine.GameMode.classic, variant: CatanEngine.GameVariant.standard, seat: 1) to monopolyTransfersOneResourceAndCannotBeReusedAfterResume(fixture:) started.
◇ Test case passing 1 argument fixture → EngineFairnessCase(mode: CatanEngine.GameMode.classic, variant: CatanEngine.GameVariant.standard, seat: 2) to monopolyTransfersOneResourceAndCannotBeReusedAfterResume(fixture:) started.
◇ Test case passing 1 argument fixture → EngineFairnessCase(mode: CatanEngine.GameMode.classic, variant: CatanEngine.GameVariant.standard, seat: 3) to monopolyTransfersOneResourceAndCannotBeReusedAfterResume(fixture:) started.
◇ Test case passing 1 argument fixture → EngineFairnessCase(mode: CatanEngine.GameMode.classic, variant: CatanEngine.GameVariant.conquest, seat: 0) to monopolyTransfersOneResourceAndCannotBeReusedAfterResume(fixture:) started.
◇ Test case passing 1 argument fixture → EngineFairnessCase(mode: CatanEngine.GameMode.classic, variant: CatanEngine.GameVariant.conquest, seat: 1) to monopolyTransfersOneResourceAndCannotBeReusedAfterResume(fixture:) started.
◇ Test case passing 1 argument fixture → EngineFairnessCase(mode: CatanEngine.GameMode.classic, variant: CatanEngine.GameVariant.conquest, seat: 2) to monopolyTransfersOneResourceAndCannotBeReusedAfterResume(fixture:) started.
◇ Test case passing 1 argument fixture → EngineFairnessCase(mode: CatanEngine.GameMode.classic, variant: CatanEngine.GameVariant.conquest, seat: 3) to monopolyTransfersOneResourceAndCannotBeReusedAfterResume(fixture:) started.
◇ Test case passing 1 argument fixture → EngineFairnessCase(mode: CatanEngine.GameMode.vast, variant: CatanEngine.GameVariant.standard, seat: 0) to monopolyTransfersOneResourceAndCannotBeReusedAfterResume(fixture:) started.
◇ Test case passing 1 argument fixture → EngineFairnessCase(mode: CatanEngine.GameMode.vast, variant: CatanEngine.GameVariant.standard, seat: 1) to monopolyTransfersOneResourceAndCannotBeReusedAfterResume(fixture:) started.
◇ Test case passing 1 argument fixture → EngineFairnessCase(mode: CatanEngine.GameMode.vast, variant: CatanEngine.GameVariant.standard, seat: 2) to monopolyTransfersOneResourceAndCannotBeReusedAfterResume(fixture:) started.
◇ Test case passing 1 argument fixture → EngineFairnessCase(mode: CatanEngine.GameMode.vast, variant: CatanEngine.GameVariant.standard, seat: 3) to monopolyTransfersOneResourceAndCannotBeReusedAfterResume(fixture:) started.
◇ Test case passing 1 argument fixture → EngineFairnessCase(mode: CatanEngine.GameMode.vast, variant: CatanEngine.GameVariant.conquest, seat: 0) to monopolyTransfersOneResourceAndCannotBeReusedAfterResume(fixture:) started.
◇ Test case passing 1 argument fixture → EngineFairnessCase(mode: CatanEngine.GameMode.vast, variant: CatanEngine.GameVariant.conquest, seat: 1) to monopolyTransfersOneResourceAndCannotBeReusedAfterResume(fixture:) started.
◇ Test case passing 1 argument fixture → EngineFairnessCase(mode: CatanEngine.GameMode.vast, variant: CatanEngine.GameVariant.conquest, seat: 2) to monopolyTransfersOneResourceAndCannotBeReusedAfterResume(fixture:) started.
◇ Test case passing 1 argument fixture → EngineFairnessCase(mode: CatanEngine.GameMode.vast, variant: CatanEngine.GameVariant.conquest, seat: 3) to monopolyTransfersOneResourceAndCannotBeReusedAfterResume(fixture:) started.
◇ Test case passing 1 argument fixture → EngineFairnessCase(mode: CatanEngine.GameMode.classic, variant: CatanEngine.GameVariant.standard, seat: 0) to knightTakesExactlyOneCardFromOnlyTheChosenVictim(fixture:) started.
◇ Test case passing 1 argument fixture → EngineFairnessCase(mode: CatanEngine.GameMode.classic, variant: CatanEngine.GameVariant.standard, seat: 1) to knightTakesExactlyOneCardFromOnlyTheChosenVictim(fixture:) started.
◇ Test case passing 1 argument fixture → EngineFairnessCase(mode: CatanEngine.GameMode.classic, variant: CatanEngine.GameVariant.standard, seat: 2) to knightTakesExactlyOneCardFromOnlyTheChosenVictim(fixture:) started.
◇ Test case passing 1 argument fixture → EngineFairnessCase(mode: CatanEngine.GameMode.classic, variant: CatanEngine.GameVariant.standard, seat: 3) to knightTakesExactlyOneCardFromOnlyTheChosenVictim(fixture:) started.
◇ Test case passing 1 argument fixture → EngineFairnessCase(mode: CatanEngine.GameMode.classic, variant: CatanEngine.GameVariant.conquest, seat: 0) to knightTakesExactlyOneCardFromOnlyTheChosenVictim(fixture:) started.
◇ Test case passing 1 argument fixture → EngineFairnessCase(mode: CatanEngine.GameMode.classic, variant: CatanEngine.GameVariant.conquest, seat: 1) to knightTakesExactlyOneCardFromOnlyTheChosenVictim(fixture:) started.
◇ Test case passing 1 argument fixture → EngineFairnessCase(mode: CatanEngine.GameMode.classic, variant: CatanEngine.GameVariant.conquest, seat: 2) to knightTakesExactlyOneCardFromOnlyTheChosenVictim(fixture:) started.
◇ Test case passing 1 argument fixture → EngineFairnessCase(mode: CatanEngine.GameMode.classic, variant: CatanEngine.GameVariant.conquest, seat: 3) to knightTakesExactlyOneCardFromOnlyTheChosenVictim(fixture:) started.
◇ Test case passing 1 argument fixture → EngineFairnessCase(mode: CatanEngine.GameMode.vast, variant: CatanEngine.GameVariant.standard, seat: 0) to knightTakesExactlyOneCardFromOnlyTheChosenVictim(fixture:) started.
◇ Test case passing 1 argument fixture → EngineFairnessCase(mode: CatanEngine.GameMode.vast, variant: CatanEngine.GameVariant.standard, seat: 1) to knightTakesExactlyOneCardFromOnlyTheChosenVictim(fixture:) started.
◇ Test case passing 1 argument fixture → EngineFairnessCase(mode: CatanEngine.GameMode.vast, variant: CatanEngine.GameVariant.standard, seat: 2) to knightTakesExactlyOneCardFromOnlyTheChosenVictim(fixture:) started.
◇ Test case passing 1 argument fixture → EngineFairnessCase(mode: CatanEngine.GameMode.vast, variant: CatanEngine.GameVariant.standard, seat: 3) to knightTakesExactlyOneCardFromOnlyTheChosenVictim(fixture:) started.
◇ Test case passing 1 argument fixture → EngineFairnessCase(mode: CatanEngine.GameMode.vast, variant: CatanEngine.GameVariant.conquest, seat: 0) to knightTakesExactlyOneCardFromOnlyTheChosenVictim(fixture:) started.
◇ Test case passing 1 argument fixture → EngineFairnessCase(mode: CatanEngine.GameMode.classic, variant: CatanEngine.GameVariant.standard, seat: 0) to invalidKnightVictimCannotConsumeOrPartiallyApply(fixture:) started.
◇ Test case passing 1 argument fixture → EngineFairnessCase(mode: CatanEngine.GameMode.vast, variant: CatanEngine.GameVariant.conquest, seat: 1) to knightTakesExactlyOneCardFromOnlyTheChosenVictim(fixture:) started.
◇ Test case passing 1 argument fixture → EngineFairnessCase(mode: CatanEngine.GameMode.classic, variant: CatanEngine.GameVariant.standard, seat: 1) to invalidKnightVictimCannotConsumeOrPartiallyApply(fixture:) started.
◇ Test case passing 1 argument fixture → EngineFairnessCase(mode: CatanEngine.GameMode.vast, variant: CatanEngine.GameVariant.conquest, seat: 2) to knightTakesExactlyOneCardFromOnlyTheChosenVictim(fixture:) started.
◇ Test case passing 1 argument fixture → EngineFairnessCase(mode: CatanEngine.GameMode.classic, variant: CatanEngine.GameVariant.standard, seat: 2) to invalidKnightVictimCannotConsumeOrPartiallyApply(fixture:) started.
◇ Test case passing 1 argument fixture → EngineFairnessCase(mode: CatanEngine.GameMode.vast, variant: CatanEngine.GameVariant.conquest, seat: 3) to knightTakesExactlyOneCardFromOnlyTheChosenVictim(fixture:) started.
◇ Test case passing 1 argument fixture → EngineFairnessCase(mode: CatanEngine.GameMode.classic, variant: CatanEngine.GameVariant.standard, seat: 3) to invalidKnightVictimCannotConsumeOrPartiallyApply(fixture:) started.
◇ Test case passing 1 argument fixture → EngineFairnessCase(mode: CatanEngine.GameMode.classic, variant: CatanEngine.GameVariant.conquest, seat: 0) to invalidKnightVictimCannotConsumeOrPartiallyApply(fixture:) started.
◇ Test case passing 1 argument fixture → EngineFairnessCase(mode: CatanEngine.GameMode.classic, variant: CatanEngine.GameVariant.standard, seat: 0) to aSecondMatureMonopolyNeedsAnotherTurnAndAZeroGainStillConsumes(fixture:) started.
◇ Test case passing 1 argument fixture → EngineFairnessCase(mode: CatanEngine.GameMode.classic, variant: CatanEngine.GameVariant.conquest, seat: 1) to invalidKnightVictimCannotConsumeOrPartiallyApply(fixture:) started.
◇ Test case passing 1 argument fixture → EngineFairnessCase(mode: CatanEngine.GameMode.classic, variant: CatanEngine.GameVariant.standard, seat: 1) to aSecondMatureMonopolyNeedsAnotherTurnAndAZeroGainStillConsumes(fixture:) started.
◇ Test case passing 1 argument fixture → EngineFairnessCase(mode: CatanEngine.GameMode.classic, variant: CatanEngine.GameVariant.conquest, seat: 2) to invalidKnightVictimCannotConsumeOrPartiallyApply(fixture:) started.
◇ Test case passing 1 argument fixture → EngineFairnessCase(mode: CatanEngine.GameMode.classic, variant: CatanEngine.GameVariant.standard, seat: 2) to aSecondMatureMonopolyNeedsAnotherTurnAndAZeroGainStillConsumes(fixture:) started.
◇ Test case passing 1 argument fixture → EngineFairnessCase(mode: CatanEngine.GameMode.classic, variant: CatanEngine.GameVariant.conquest, seat: 3) to invalidKnightVictimCannotConsumeOrPartiallyApply(fixture:) started.
◇ Test case passing 1 argument fixture → EngineFairnessCase(mode: CatanEngine.GameMode.classic, variant: CatanEngine.GameVariant.standard, seat: 3) to aSecondMatureMonopolyNeedsAnotherTurnAndAZeroGainStillConsumes(fixture:) started.
◇ Test case passing 1 argument fixture → EngineFairnessCase(mode: CatanEngine.GameMode.vast, variant: CatanEngine.GameVariant.standard, seat: 0) to invalidKnightVictimCannotConsumeOrPartiallyApply(fixture:) started.
◇ Test case passing 1 argument fixture → EngineFairnessCase(mode: CatanEngine.GameMode.classic, variant: CatanEngine.GameVariant.conquest, seat: 0) to aSecondMatureMonopolyNeedsAnotherTurnAndAZeroGainStillConsumes(fixture:) started.
◇ Test case passing 1 argument fixture → EngineFairnessCase(mode: CatanEngine.GameMode.vast, variant: CatanEngine.GameVariant.standard, seat: 1) to invalidKnightVictimCannotConsumeOrPartiallyApply(fixture:) started.
◇ Test case passing 1 argument fixture → EngineFairnessCase(mode: CatanEngine.GameMode.classic, variant: CatanEngine.GameVariant.conquest, seat: 1) to aSecondMatureMonopolyNeedsAnotherTurnAndAZeroGainStillConsumes(fixture:) started.
◇ Test case passing 1 argument fixture → EngineFairnessCase(mode: CatanEngine.GameMode.vast, variant: CatanEngine.GameVariant.standard, seat: 2) to invalidKnightVictimCannotConsumeOrPartiallyApply(fixture:) started.
◇ Test case passing 1 argument fixture → EngineFairnessCase(mode: CatanEngine.GameMode.classic, variant: CatanEngine.GameVariant.conquest, seat: 2) to aSecondMatureMonopolyNeedsAnotherTurnAndAZeroGainStillConsumes(fixture:) started.
◇ Test case passing 1 argument fixture → EngineFairnessCase(mode: CatanEngine.GameMode.classic, variant: CatanEngine.GameVariant.conquest, seat: 3) to aSecondMatureMonopolyNeedsAnotherTurnAndAZeroGainStillConsumes(fixture:) started.
◇ Test case passing 1 argument fixture → EngineFairnessCase(mode: CatanEngine.GameMode.vast, variant: CatanEngine.GameVariant.standard, seat: 3) to invalidKnightVictimCannotConsumeOrPartiallyApply(fixture:) started.
◇ Test case passing 1 argument fixture → EngineFairnessCase(mode: CatanEngine.GameMode.vast, variant: CatanEngine.GameVariant.standard, seat: 0) to aSecondMatureMonopolyNeedsAnotherTurnAndAZeroGainStillConsumes(fixture:) started.
◇ Test case passing 1 argument fixture → EngineFairnessCase(mode: CatanEngine.GameMode.vast, variant: CatanEngine.GameVariant.conquest, seat: 0) to invalidKnightVictimCannotConsumeOrPartiallyApply(fixture:) started.
◇ Test case passing 1 argument fixture → EngineFairnessCase(mode: CatanEngine.GameMode.vast, variant: CatanEngine.GameVariant.standard, seat: 1) to aSecondMatureMonopolyNeedsAnotherTurnAndAZeroGainStillConsumes(fixture:) started.
◇ Test case passing 1 argument fixture → EngineFairnessCase(mode: CatanEngine.GameMode.vast, variant: CatanEngine.GameVariant.conquest, seat: 1) to invalidKnightVictimCannotConsumeOrPartiallyApply(fixture:) started.
◇ Test case passing 1 argument fixture → EngineFairnessCase(mode: CatanEngine.GameMode.vast, variant: CatanEngine.GameVariant.standard, seat: 2) to aSecondMatureMonopolyNeedsAnotherTurnAndAZeroGainStillConsumes(fixture:) started.
◇ Test case passing 1 argument fixture → EngineFairnessCase(mode: CatanEngine.GameMode.vast, variant: CatanEngine.GameVariant.conquest, seat: 2) to invalidKnightVictimCannotConsumeOrPartiallyApply(fixture:) started.
◇ Test case passing 1 argument fixture → EngineFairnessCase(mode: CatanEngine.GameMode.vast, variant: CatanEngine.GameVariant.standard, seat: 3) to aSecondMatureMonopolyNeedsAnotherTurnAndAZeroGainStillConsumes(fixture:) started.
◇ Test case passing 1 argument fixture → EngineFairnessCase(mode: CatanEngine.GameMode.vast, variant: CatanEngine.GameVariant.conquest, seat: 3) to invalidKnightVictimCannotConsumeOrPartiallyApply(fixture:) started.
◇ Test case passing 1 argument fixture → EngineFairnessCase(mode: CatanEngine.GameMode.vast, variant: CatanEngine.GameVariant.conquest, seat: 0) to aSecondMatureMonopolyNeedsAnotherTurnAndAZeroGainStillConsumes(fixture:) started.
◇ Test case passing 1 argument fixture → EngineFairnessCase(mode: CatanEngine.GameMode.vast, variant: CatanEngine.GameVariant.conquest, seat: 1) to aSecondMatureMonopolyNeedsAnotherTurnAndAZeroGainStillConsumes(fixture:) started.
◇ Test case passing 1 argument fixture → EngineFairnessCase(mode: CatanEngine.GameMode.vast, variant: CatanEngine.GameVariant.conquest, seat: 2) to aSecondMatureMonopolyNeedsAnotherTurnAndAZeroGainStillConsumes(fixture:) started.
◇ Test case passing 1 argument fixture → EngineFairnessCase(mode: CatanEngine.GameMode.vast, variant: CatanEngine.GameVariant.conquest, seat: 3) to aSecondMatureMonopolyNeedsAnotherTurnAndAZeroGainStillConsumes(fixture:) started.
◇ Test case passing 1 argument fixture → EngineFairnessCase(mode: CatanEngine.GameMode.classic, variant: CatanEngine.GameVariant.standard, seat: 0) to knightWithoutAResourceHoldingNeighbourConsumesOneCardWithoutTheft(fixture:) started.
◇ Test case passing 1 argument fixture → EngineFairnessCase(mode: CatanEngine.GameMode.classic, variant: CatanEngine.GameVariant.standard, seat: 1) to knightWithoutAResourceHoldingNeighbourConsumesOneCardWithoutTheft(fixture:) started.
◇ Test case passing 1 argument fixture → EngineFairnessCase(mode: CatanEngine.GameMode.classic, variant: CatanEngine.GameVariant.standard, seat: 2) to knightWithoutAResourceHoldingNeighbourConsumesOneCardWithoutTheft(fixture:) started.
◇ Test case passing 1 argument fixture → EngineFairnessCase(mode: CatanEngine.GameMode.classic, variant: CatanEngine.GameVariant.standard, seat: 3) to knightWithoutAResourceHoldingNeighbourConsumesOneCardWithoutTheft(fixture:) started.
◇ Test case passing 1 argument fixture → EngineFairnessCase(mode: CatanEngine.GameMode.classic, variant: CatanEngine.GameVariant.conquest, seat: 0) to knightWithoutAResourceHoldingNeighbourConsumesOneCardWithoutTheft(fixture:) started.
◇ Test case passing 1 argument fixture → EngineFairnessCase(mode: CatanEngine.GameMode.classic, variant: CatanEngine.GameVariant.conquest, seat: 1) to knightWithoutAResourceHoldingNeighbourConsumesOneCardWithoutTheft(fixture:) started.
◇ Test case passing 1 argument fixture → EngineFairnessCase(mode: CatanEngine.GameMode.classic, variant: CatanEngine.GameVariant.conquest, seat: 2) to knightWithoutAResourceHoldingNeighbourConsumesOneCardWithoutTheft(fixture:) started.
◇ Test case passing 1 argument fixture → EngineFairnessCase(mode: CatanEngine.GameMode.classic, variant: CatanEngine.GameVariant.conquest, seat: 3) to knightWithoutAResourceHoldingNeighbourConsumesOneCardWithoutTheft(fixture:) started.
◇ Test case passing 1 argument fixture → EngineFairnessCase(mode: CatanEngine.GameMode.vast, variant: CatanEngine.GameVariant.standard, seat: 0) to knightWithoutAResourceHoldingNeighbourConsumesOneCardWithoutTheft(fixture:) started.
◇ Test case passing 1 argument fixture → EngineFairnessCase(mode: CatanEngine.GameMode.vast, variant: CatanEngine.GameVariant.standard, seat: 1) to knightWithoutAResourceHoldingNeighbourConsumesOneCardWithoutTheft(fixture:) started.
◇ Test case passing 1 argument family → .archipelago to togglesPreserveWorldAndRandomStream(family:) started.
◇ Test case passing 1 argument fixture → EngineFairnessCase(mode: CatanEngine.GameMode.vast, variant: CatanEngine.GameVariant.standard, seat: 2) to knightWithoutAResourceHoldingNeighbourConsumesOneCardWithoutTheft(fixture:) started.
◇ Test case passing 1 argument family → .peninsula to togglesPreserveWorldAndRandomStream(family:) started.
◇ Test case passing 1 argument family → .twinIslands to togglesPreserveWorldAndRandomStream(family:) started.
◇ Test case passing 1 argument fixture → EngineFairnessCase(mode: CatanEngine.GameMode.vast, variant: CatanEngine.GameVariant.standard, seat: 3) to knightWithoutAResourceHoldingNeighbourConsumesOneCardWithoutTheft(fixture:) started.
◇ Test case passing 1 argument fixture → EngineFairnessCase(mode: CatanEngine.GameMode.vast, variant: CatanEngine.GameVariant.conquest, seat: 0) to knightWithoutAResourceHoldingNeighbourConsumesOneCardWithoutTheft(fixture:) started.
◇ Test case passing 1 argument fixture → EngineFairnessCase(mode: CatanEngine.GameMode.vast, variant: CatanEngine.GameVariant.conquest, seat: 1) to knightWithoutAResourceHoldingNeighbourConsumesOneCardWithoutTheft(fixture:) started.
◇ Test case passing 1 argument fixture → EngineFairnessCase(mode: CatanEngine.GameMode.vast, variant: CatanEngine.GameVariant.conquest, seat: 2) to knightWithoutAResourceHoldingNeighbourConsumesOneCardWithoutTheft(fixture:) started.
◇ Test case passing 1 argument fixture → EngineFairnessCase(mode: CatanEngine.GameMode.vast, variant: CatanEngine.GameVariant.conquest, seat: 3) to knightWithoutAResourceHoldingNeighbourConsumesOneCardWithoutTheft(fixture:) started.
◇ Test case passing 1 argument family → .archipelago to sameFamilyFallbackIsValidForEitherProductionOption(family:) started.
◇ Test case passing 1 argument family → .peninsula to sameFamilyFallbackIsValidForEitherProductionOption(family:) started.
◇ Test case passing 1 argument family → .twinIslands to sameFamilyFallbackIsValidForEitherProductionOption(family:) started.
◇ Test case passing 1 argument family → .archipelago to seededWorldStudy(family:) started.
◇ Test case passing 1 argument family → .peninsula to seededWorldStudy(family:) started.
◇ Test case passing 1 argument family → .twinIslands to seededWorldStudy(family:) started.
✔ Test emptyAndNonpositiveBankTradesAreRejectedWithoutMutation() passed after 3.878 seconds.
◇ Test case passing 1 argument corruption → "maximum" to impossibleChoiceObligationsAreRejected(corruption:) started.
◇ Test case passing 1 argument corruption → "overYield" to impossibleChoiceObligationsAreRejected(corruption:) started.
◇ Test case passing 1 argument corruption → "wrongRoll" to impossibleChoiceObligationsAreRejected(corruption:) started.
◇ Test case passing 1 argument corruption → "captureFlag" to impossibleChoiceObligationsAreRejected(corruption:) started.
◇ Test case passing 1 argument corruption → "missingLater" to impossibleChoiceObligationsAreRejected(corruption:) started.
◇ Test case passing 1 argument corruption → "reordered" to impossibleChoiceObligationsAreRejected(corruption:) started.
◇ Test case passing 1 argument corruption → "partialLater" to impossibleChoiceObligationsAreRejected(corruption:) started.
◇ Test case passing 1 argument corruption → "emptyBank" to impossibleChoiceObligationsAreRejected(corruption:) started.
◇ Test case passing 1 argument corruption → "wrongPhaseSeat" to impossibleChoiceObligationsAreRejected(corruption:) started.
◇ Test case passing 1 argument field → "actionsThisTurn" to rejectsCountersThatCannotAdvanceWithoutOverflow(field:) started.
◇ Test case passing 1 argument field → "policyEvaluationCount" to rejectsCountersThatCannotAdvanceWithoutOverflow(field:) started.
◇ Test case passing 1 argument version → -1 to rejectsUnsupportedCheckpointVersion(version:) started.
◇ Test case passing 1 argument version → 0 to rejectsUnsupportedCheckpointVersion(version:) started.
◇ Test case passing 1 argument version → 2 to rejectsUnsupportedCheckpointVersion(version:) started.
◇ Test case passing 2 arguments phase → "setupForward", index → -1 to rejectsInvalidPhasePlayerIndex(phase:index:) started.
◇ Test case passing 2 arguments phase → "setupForward", index → 4 to rejectsInvalidPhasePlayerIndex(phase:index:) started.
◇ Test case passing 2 arguments phase → "setupBackward", index → -1 to rejectsInvalidPhasePlayerIndex(phase:index:) started.
◇ Test case passing 2 arguments phase → "setupBackward", index → 4 to rejectsInvalidPhasePlayerIndex(phase:index:) started.
◇ Test case passing 2 arguments phase → "rollDice", index → -1 to rejectsInvalidPhasePlayerIndex(phase:index:) started.
◇ Test case passing 2 arguments phase → "rollDice", index → 4 to rejectsInvalidPhasePlayerIndex(phase:index:) started.
◇ Test case passing 2 arguments phase → "mainTurn", index → -1 to rejectsInvalidPhasePlayerIndex(phase:index:) started.
◇ Test case passing 2 arguments phase → "mainTurn", index → 4 to rejectsInvalidPhasePlayerIndex(phase:index:) started.
◇ Test case passing 2 arguments phase → "movingRobber", index → -1 to rejectsInvalidPhasePlayerIndex(phase:index:) started.
◇ Test case passing 1 argument field → "actionsThisTurn" to rejectsNegativeCounters(field:) started.
◇ Test case passing 2 arguments phase → "movingRobber", index → 4 to rejectsInvalidPhasePlayerIndex(phase:index:) started.
◇ Test case passing 1 argument field → "policyEvaluationCount" to rejectsNegativeCounters(field:) started.
◇ Test case passing 1 argument index → -1 to rejectsInvalidCurrentTurnSeat(index:) started.
◇ Test case passing 1 argument index → 4 to rejectsInvalidCurrentTurnSeat(index:) started.
◇ Test case passing 1 argument actions → 26 to rejectsActionsBeyondTurnBackstop(actions:) started.
◇ Test case passing 1 argument actions → 1000000 to rejectsActionsBeyondTurnBackstop(actions:) started.
◇ Test case passing 1 argument index → -1 to rejectsQueuedEvaluationOutsideRecordedRange(index:) started.
◇ Test case passing 1 argument index → 1 to rejectsQueuedEvaluationOutsideRecordedRange(index:) started.
◇ Test case passing 1 argument index → 2 to rejectsQueuedEvaluationOutsideRecordedRange(index:) started.
◇ Test case passing 1 argument index → -1 to rejectsInvalidQueuedResponseActor(index:) started.
◇ Test case passing 1 argument index → 4 to rejectsInvalidQueuedResponseActor(index:) started.
◇ Test case passing 1 argument version → -1 to rejectsUnsupportedStateSchema(version:) started.
◇ Test case passing 1 argument version → 7 to rejectsUnsupportedStateSchema(version:) started.
✔ Test devCardStatusExplainsRequiredPlacementAndMissingRoadChoices() passed after 6.221 seconds.
✔ Test aThreeSeatGameCompletesSetupAcrossExactlyThreeSeats() passed after 6.221 seconds.
✔ Test wrongSeatCannotPlayAndNeitherCommitPathMutates(fixture:) with 16 test cases passed after 6.208 seconds.
✔ Test aThreeSeatGameCyclesTurnsAmongThreeSeats() passed after 6.232 seconds.
✔ Test legalMovesIsAPureFunctionOfTheState() passed after 6.221 seconds.
✔ Test requiredRobberyAndDiscardHaveControllerParity(fixture:) with 16 test cases passed after 6.208 seconds.
✔ Test expandedRandomizedBoardNeverAdjoinsSixAndEight() passed after 6.225 seconds.
✔ Test aFullyOwnedGameRunsToCompletion() passed after 6.224 seconds.
✔ Test humanAndPolicyApplyTheSameLegalCardMoves(fixture:) with 16 test cases passed after 6.207 seconds.
✔ Test aSaveResumesTheSameRandomSequenceItWouldHaveHad() passed after 6.229 seconds.
✔ Test bankDraftChecksEachResourcesOwnRateInACompoundTrade() passed after 6.207 seconds.
✔ Test clearDraftConstraintsAreNotPermissionToCommit() passed after 6.206 seconds.
✔ Test bankDraftNamesTheRequiredBundleAtThePlayersActualPortRate(_:) with 3 test cases passed after 6.206 seconds.
✔ Test sameResourceIsExcludedInEitherDraftMode(_:) with 2 test cases passed after 6.206 seconds.
✔ Test overlapPrecedesStableResourceOrderForBundleErrorsWithoutMutatingState() passed after 6.206 seconds.
✔ Test aLiveHumanOfferStillQueuesAndAppliesAPolicyResponse() passed after 6.206 seconds.
✔ Test historicalOverlappingDomesticTradesStillApplyAndReplay(_:) with 2 test cases passed after 6.206 seconds.
✔ Test terminalOfferDoesNotRequestAnotherDecision(restoration:) with 2 test cases passed after 6.205 seconds.
✔ Test landingRequiresSettlementBeforeRoadAndScoresDistinctIslands() passed after 6.202 seconds.
✔ Test mapFingerprintsRemainStableAcrossTestProcesses() passed after 6.212 seconds.
✔ Test randomLegalPlayReachesGameOverWithoutErrors() passed after 6.234 seconds.
✔ Test captureIsGlobalOptionalAndLastsUntilRecapture() passed after 6.202 seconds.
✔ Test fastSearchAgreesWithTheExhaustiveOneAtThePlayableRoadCap() passed after 6.233 seconds.
✔ Test shipsPayExactCostSailAndRefresh(table:) with 2 test cases passed after 6.201 seconds.
✔ Test aFirstColonyBonusCanCompleteTheFourteenPointWin() passed after 6.202 seconds.
✔ Test aComposedOfferMustCarryItsContentDerivedID() passed after 6.201 seconds.
✔ Test noCompositionWhenProposingIsNotAllowed() passed after 6.201 seconds.
✔ Test jakesBundleForTheCityIsPermitted() passed after 6.201 seconds.
✔ Test malformedOrExcessiveCompositionsAreRefused() passed after 6.201 seconds.
✔ Test aSessionAcceptsAndTablesAPermittedComposedOffer() passed after 6.201 seconds.
✔ Test shipsCannotTeleportCrossLandOrMoveForAnotherSeat() passed after 6.201 seconds.
✔ Test firstPlacementAndRoadArePlayable(family:) with 3 test cases passed after 6.193 seconds.
✔ Test malformedMaximumShipIDCanDecodeAndBeRejectedWithoutOverflow() passed after 6.188 seconds.
✔ Test stockBelongsToBuilderAndSeaHexesAllowStacking() passed after 6.201 seconds.
✔ Test queuedNavalTradeResponseUsesMaskedSnapshotAndValidatesCounts() passed after 6.185 seconds.
✔ Test corruptNavalAuthoritativeStateIsRejected(corruption:) with 15 test cases passed after 6.185 seconds.
✔ Test decodedCheckpointContinuesIdenticalTranscriptAndLedger(table:) with 2 test cases passed after 6.185 seconds.
✔ Test diceMatchTwoUnweightedDrawsRegardlessOfSeatOrHand(fixture:) with 16 test cases passed after 6.167 seconds.
✔ Test choosingAMoveDoesNotAdvanceEngineDiceAndResumePreservesThem(fixture:) with 16 test cases passed after 6.164 seconds.
✔ Test anUnauthorizedRollCannotAdvanceTheRandomSequence(fixture:) with 16 test cases passed after 6.159 seconds.
✔ Test allNewFieldsDecodeDefaultsAndOldModesKeepNilNavalState() passed after 6.185 seconds.
✔ Test thePieceLimitsAloneCanReachTheTarget() passed after 6.156 seconds.
✔ Test humanAndBotsWithDifferentPolicyDrawCountsGetIdenticalDice(fixture:) with 16 test cases passed after 6.159 seconds.
✔ Test theDeckIsNotRequiredToReachTheTarget() passed after 6.154 seconds.
✔ Test theRulesetIsPlayable() passed after 6.154 seconds.
✔ Test aBuildSpendsExactlyWhatItCosts() passed after 6.149 seconds.
✔ Test aKnightStealIsMaskedTheSameWay() passed after 6.148 seconds.
✔ Test aFloorSpentToZeroLeavesNoEntryBehind() passed after 6.148 seconds.
✔ Test theObserverAlwaysKnowsItsOwnHandExactly() passed after 6.148 seconds.
✔ Test aStealHidesTheResourceFromEveryoneButThiefAndVictim() passed after 6.147 seconds.
✔ Test equalLedgersEncodeIdentically() passed after 6.146 seconds.
✔ Test aRollPayoutIsCountedExactly() passed after 6.148 seconds.
✔ Test everyEventCarryingAPrivateDetailIsMaskedForABystander() passed after 6.145 seconds.
✔ Test monopolyEmptiesEveryOtherHandOfThatResource() passed after 6.146 seconds.
✔ Test theEncodedLedgerIsOrderedBySeat() passed after 6.145 seconds.
✔ Test aStealLeavesTheVictimsCompositionUncertainButTheCountExact() passed after 6.145 seconds.
✔ Test legacyDuplicateOffersStillReplayUnderRecordedRules(version:) with 2 test cases passed after 6.145 seconds.
✔ Test thePortsCoverThreeGenericsPerFiveAndEveryResourceTwice() passed after 6.154 seconds.
✔ Test positionOnlyZeroHoldingsSurviveCheckpointRoundTrip(oreCount:) with 2 test cases passed after 5.771 seconds.
✔ Test validHumanActionsBeyondAutomatedCapColdResume(mode:) with 2 test cases passed after 5.807 seconds.
✔ Test versionOnePreservesPartialYearOfPlentyHistory() passed after 5.754 seconds.
✔ Test theTokenSpreadIsSymmetricAboutSeven() passed after 6.154 seconds.
✔ Test theBoardHasOneHundredFiftyVertices() passed after 6.154 seconds.
✔ Test brickAndOreStayScarcerThanTheOtherThree() passed after 6.154 seconds.
✔ Test ordinaryMovesReplayUnderEverySupportedVersion(rulesVersion:) with 2 test cases passed after 5.754 seconds.
✔ Test versionOnePreservesNilVictimKnightHistory(beforeRoll:) with 2 test cases passed after 5.754 seconds.
✔ Test theBoardIsSixtyOneTilesWithThreeDeserts() passed after 6.154 seconds.
✔ Test unsupportedRulesVersionCannotMutateAReplay() passed after 5.754 seconds.
✔ Test versionOneStillReplaysAnExplicitRobberVictimExactly() passed after 5.754 seconds.
✔ Test versionOnePreservesNilVictimRobberHistory() passed after 5.754 seconds.
✔ Test monopolySurvivesCheckpointRoundTrip(external:) with 2 test cases passed after 5.771 seconds.
✔ Test boardsAreDeterministicForOneSeed() passed after 6.156 seconds.
✔ Test olderCopyCanBePlayedButNewCopyWaitsUntilNextTurn(fixture:) with 16 test cases passed after 5.754 seconds.
✔ Test aLedgerEqualsItselfAfterARoundTrip() passed after 6.146 seconds.
✔ Test monopolyTransfersOneResourceAndCannotBeReusedAfterResume(fixture:) with 16 test cases passed after 5.754 seconds.
✔ Test knightTakesExactlyOneCardFromOnlyTheChosenVictim(fixture:) with 16 test cases passed after 5.754 seconds.
✔ Test invalidKnightVictimCannotConsumeOrPartiallyApply(fixture:) with 16 test cases passed after 5.753 seconds.
✔ Test theKnownFloorNeverExceedsTheTruth() passed after 6.146 seconds.
✔ Test aSecondMatureMonopolyNeedsAnotherTurnAndAZeroGainStillConsumes(fixture:) with 16 test cases passed after 5.753 seconds.
✔ Test knightWithoutAResourceHoldingNeighbourConsumesOneCardWithoutTheft(fixture:) with 16 test cases passed after 5.753 seconds.
✔ Test duplicateOfferIDIsExcludedRejectedAndNeverMutates() passed after 5.807 seconds.
✔ Test legalMovesIncludeGiveCountsUpToTheGenerousCeiling() passed after 5.753 seconds.
✔ Test rulesEngineAppliesProposeTrade() passed after 5.753 seconds.
✔ Test proposeTradeFailsIfProposerLacksGiveCards() passed after 5.753 seconds.
✔ Test bankTradeRejectsNegativeGetAmount() passed after 5.753 seconds.
✔ Test endTurnClearsDeclinedTradeHistory() passed after 5.753 seconds.
✔ Test rulesEngineAppliesBankTrade() passed after 5.753 seconds.
✔ Test acceptingATradeIncrementsTheProposersAcceptedCountAndRejectingDoesNot() passed after 5.753 seconds.
✔ Test proposeTradeRejectsNegativeAmounts() passed after 5.753 seconds.
✔ Test acceptFailsIfResponderLacksWantedCards() passed after 5.753 seconds.
✔ Test proposeAndRejectLeavesResourcesUntouched() passed after 5.753 seconds.
✔ Test bankTradeRejectedWhenBankLacksResource() passed after 5.753 seconds.
✔ Test twoToOneBankTradeWithMatchingResourcePort() passed after 5.753 seconds.
✔ Test rulesEngineProposeTradeRejectsWrongProposer() passed after 5.753 seconds.
✔ Test threeToOneBankTradeWithGenericPort() passed after 5.753 seconds.
✔ Test bankTradeRejectedWhenRatioWrong() passed after 5.753 seconds.
✔ Test legalMovesExcludesAcceptWhenResponderCannotAffordWantedCards() passed after 5.753 seconds.
✔ Test acceptFailsIfProposerNoLongerHoldsGiveCards() passed after 5.753 seconds.
✔ Test bankTradeRejectsNegativeGiveAmount() passed after 5.753 seconds.
✔ Test fourToOneBankTradeWithNoPort() passed after 5.753 seconds.
✔ Test decliningATradeRecordsItAgainstTheProposer() passed after 5.753 seconds.
✔ Test rulesEngineStillRejectsUnrelatedOutOfTurnMoves() passed after 5.753 seconds.
✔ Test respondRejectsWhenResponderIsProposer() passed after 5.753 seconds.
✔ Test rulesEngineAllowsNonActivePlayerToRespondToTrade() passed after 5.753 seconds.
✔ Test proposeAndAcceptTradeSwapsCardsBetweenPlayers() passed after 5.753 seconds.
✔ Test endTurnClearsTradesAcceptedThisTurn() passed after 5.753 seconds.
✔ Test legalMovesExcludesAcceptWhenProposerNoLongerAffordsGiveCards() passed after 5.753 seconds.
✔ Test legalMovesIncludesAcceptWhenBothSidesCanAfford() passed after 5.753 seconds.
✔ Test unavailableChoicesAreRejectedAndEmptyBankExpiresObligations() passed after 5.754 seconds.
✔ Test citiesChooseTwoUnitsClockwiseAfterFixedProduction() passed after 5.753 seconds.
✔ Test captureRequiresElevenButAResolvedElevenHasNoPendingCapture() passed after 5.753 seconds.
✔ Test robberBlocksFlexibleProductionAndNeverTargetsFogOrShips() passed after 5.754 seconds.
✔ Test everyPartialChoiceAndClockwiseSuffixSurvivesColdCheckpoint() passed after 5.753 seconds.
✔ Test rejectsQueuedResponseWithoutPendingOffer() passed after 5.752 seconds.
✔ Test sameFamilyFallbackIsValidForEitherProductionOption(family:) with 3 test cases passed after 5.754 seconds.
✔ Test legitimateDecodedSnapshotsResume() passed after 5.752 seconds.
✔ Test rejectsCountersThatCannotAdvanceWithoutOverflow(field:) with 2 test cases passed after 5.752 seconds.
✔ Test rejectsUnsupportedCheckpointVersion(version:) with 3 test cases passed after 5.752 seconds.
✔ Test rejectsInvalidPhasePlayerIndex(phase:index:) with 10 test cases passed after 5.752 seconds.
✔ Test rejectsQueuedResponseFromProposer() passed after 5.752 seconds.
✔ Test rejectsActionsWithoutACurrentTurnSeat() passed after 5.752 seconds.
✔ Test rejectsQueuedResponseToUnknownOffer() passed after 5.752 seconds.
✔ Test rejectsNegativeCounters(field:) with 2 test cases passed after 5.752 seconds.
✔ Test rejectsQueuedNonResponseMove() passed after 5.752 seconds.
✔ Test rejectsInvalidCurrentTurnSeat(index:) with 2 test cases passed after 5.752 seconds.
✔ Test rejectsQueuedResponseWithoutActorPolicy() passed after 5.752 seconds.
✔ Test rejectsActionsBeyondTurnBackstop(actions:) with 2 test cases passed after 5.752 seconds.
✔ Test rejectsChangedPolicyRosterAfterDecoding() passed after 5.752 seconds.
✔ Test rejectsCurrentTurnSeatWithoutActions() passed after 5.752 seconds.
✔ Test rejectsZeroEvaluationsWithQueuedDecision() passed after 5.752 seconds.
✔ Test rejectsQueuedEvaluationOutsideRecordedRange(index:) with 3 test cases passed after 5.752 seconds.
✔ Test acceptsCheckpointAtTurnBackstop() passed after 5.752 seconds.
✔ Test rejectsInvalidQueuedResponseActor(index:) with 2 test cases passed after 5.752 seconds.
✔ Test rejectsUnsupportedStateSchema(version:) with 2 test cases passed after 5.752 seconds.
✔ Suite NavalObservationTests passed after 6.236 seconds.
✔ Suite BankTradeResourceRuleTests passed after 6.236 seconds.
✔ Suite EngineFairnessTests passed after 6.236 seconds.
✔ Suite TradeDraftConstraintTests passed after 6.236 seconds.
✔ Suite TerminalTradeBookkeepingTests passed after 6.236 seconds.
✔ Suite NavalGameplayTests passed after 6.236 seconds.
✔ Suite NavalDeterminismTests passed after 6.236 seconds.
✔ Suite ComposedProposalTests passed after 6.236 seconds.
✔ Suite NavalOpeningTests passed after 6.236 seconds.
✔ Suite NavalSaveTests passed after 6.236 seconds.
✔ Suite DiceFairnessTests passed after 6.236 seconds.
✔ Suite VastBoardTests passed after 6.236 seconds.
✔ Suite PublicLedgerTests passed after 6.236 seconds.
✔ Suite ExternalActionCheckpointTests passed after 6.236 seconds.
✔ Suite PublicLedgerCheckpointTests passed after 6.236 seconds.
✔ Suite RulesVersionReplayTests passed after 6.236 seconds.
✔ Suite DevCardConservationTests passed after 6.236 seconds.
✔ Suite NavalProductionTests passed after 6.236 seconds.
✔ Suite TradingTests passed after 6.236 seconds.
✔ Suite SessionCheckpointValidationTests passed after 6.236 seconds.
✔ Test impossibleChoiceObligationsAreRejected(corruption:) with 9 test cases passed after 5.886 seconds.
✔ Suite NavalProductionValidationTests passed after 6.368 seconds.
✔ Test aRecordedMoveListReplaysToTheSameOutcome() passed after 6.578 seconds.
✔ Test externalEndTurnCancelsCachedReply() passed after 6.192 seconds.
✔ Test externalBankSpendRefreshesCachedObservationWithoutRandomDraws() passed after 6.324 seconds.
✔ Test externalProposalQueuesAndExternalConsumptionClearsResponse() passed after 6.334 seconds.
✔ Suite NavalTradeCheckpointTests passed after 6.815 seconds.
✔ Test expandedPieceSuppliesAreNeverExceededOverAFullGame() passed after 8.830 seconds.
NAVAL MAP ECONOMY family=twinIslands ["size3:production=8...14,landing=6...9", "size11:production=28...39,landing=7...9"]
NAVAL MAP STUDY family=twinIslands seeds=25 geometries=25 fallbacks=0 meanAttempts=2.92 minimumBestLandingPips=6 routeSteps=[(key: 1, value: 300), (key: 2, value: 436), (key: 3, value: 295), (key: 4, value: 342), (key: 5, value: 363), (key: 6, value: 295), (key: 7, value: 342), (key: 8, value: 363), (key: 9, value: 192), (key: 10, value: 72)]
NAVAL MAP ECONOMY family=archipelago ["size7:production=15...29,landing=6...9"]
NAVAL MAP STUDY family=archipelago seeds=25 geometries=25 fallbacks=0 meanAttempts=2.92 minimumBestLandingPips=6 routeSteps=[(key: 1, value: 262), (key: 2, value: 484), (key: 3, value: 328), (key: 4, value: 277), (key: 5, value: 399), (key: 6, value: 324), (key: 7, value: 277), (key: 8, value: 399), (key: 9, value: 249), (key: 10, value: 1)]
NAVAL MAP ECONOMY family=peninsula ["size3:production=7...13,landing=6...9", "size4:production=9...16,landing=6...9", "size7:production=17...26,landing=6...9", "size14:production=38...53,landing=7...9"]
NAVAL MAP STUDY family=peninsula seeds=25 geometries=25 fallbacks=0 meanAttempts=4.16 minimumBestLandingPips=6 routeSteps=[(key: 1, value: 180), (key: 2, value: 501), (key: 3, value: 376), (key: 4, value: 279), (key: 5, value: 351), (key: 6, value: 370), (key: 7, value: 279), (key: 8, value: 351), (key: 9, value: 266), (key: 10, value: 47)]
✔ Test seededWorldStudy(family:) with 3 test cases passed after 9.270 seconds.
✔ Test noPlayerEverExceedsTheirPieceSupply() passed after 9.768 seconds.
✔ Test sameSeedProducesAnIdenticalGame() passed after 10.690 seconds.
✔ Test anExpandedGamePlaysToTwentyFiveWithoutStalling() passed after 11.559 seconds.
✔ Test togglesPreserveWorldAndRandomStream(family:) with 3 test cases passed after 11.786 seconds.
✔ Suite NavalMapTests passed after 12.267 seconds.
✔ Test fastSearchAgreesWithTheExhaustiveOneOnManyRandomNetworks() passed after 17.566 seconds.
✔ Test run with 347 tests in 23 suites passed after 17.568 seconds.

[1m▸ CatanAI tests[0m
[0/1] Planning build
Building for debugging...
[0/19] Write sources
[1/19] Write swift-version--58304C5D6DBC2206.txt
[3/43] Compiling CatanEngine Board.swift
[4/43] Compiling CatanEngine BoardGeneration.swift
[5/43] Compiling CatanEngine BoardShape.swift
[6/43] Compiling CatanEngine Building.swift
[7/43] Compiling CatanEngine CatanEngine.swift
[8/43] Compiling CatanEngine Conquest.swift
[9/43] Compiling CatanEngine DevCards.swift
[10/43] Compiling CatanEngine DiceOdds.swift
[11/43] Compiling CatanEngine GameSession.swift
[12/43] Compiling CatanEngine LongestRoad.swift
[13/43] Compiling CatanEngine MainPhase.swift
[14/43] Compiling CatanEngine DevCardPlayStatus.swift
[15/43] Compiling CatanEngine DevCardType.swift
[16/43] Compiling CatanEngine EdgeID.swift
[17/43] Compiling CatanEngine GameEvent.swift
[18/43] Compiling CatanEngine GameMode.swift
[19/43] Compiling CatanEngine GamePhase.swift
[20/43] Compiling CatanEngine GameState.swift
[21/43] Compiling CatanEngine GameVariant.swift
[22/43] Compiling CatanEngine HexCoordinate.swift
[23/43] Compiling CatanEngine Move.swift
[24/43] Compiling CatanEngine Player.swift
[25/43] Compiling CatanEngine PlayerID.swift
[26/43] Emitting module CatanEngine
[27/66] Compiling CatanEngine Port.swift
[28/66] Compiling CatanEngine RandomSource.swift
[29/66] Compiling CatanEngine Resource.swift
[30/66] Compiling CatanEngine Tile.swift
[31/66] Compiling CatanEngine VertexID.swift
[32/66] Compiling CatanEngine Naval.swift
[33/66] Compiling CatanEngine NavalFallback.swift
[34/66] Compiling CatanEngine NavalMapGenerator.swift
[35/66] Compiling CatanEngine NavalMapValidation.swift
[36/66] Compiling CatanEngine NavalModels.swift
[37/66] Compiling CatanEngine NavalMoves.swift
[38/66] Compiling CatanEngine NavalPorts.swift
[39/66] Compiling CatanEngine NavalProduction.swift
[40/66] Compiling CatanEngine NavalStateValidation.swift
[41/66] Compiling CatanEngine NavalTerrain.swift
[42/66] Compiling CatanEngine NavalVisibility.swift
[43/66] Compiling CatanEngine PublicLedger.swift
[44/66] Compiling CatanEngine Robber.swift
[45/66] Compiling CatanEngine RulesEngine.swift
[46/66] Compiling CatanEngine Ruleset.swift
[47/66] Compiling CatanEngine SetupPhase.swift
[48/66] Compiling CatanEngine Trading.swift
[49/66] Compiling CatanEngine WinCondition.swift
[50/91] Emitting module CatanAI
[51/91] Compiling CatanAI Bot.swift
[52/91] Compiling CatanAI BotPersonality.swift
[53/91] Compiling CatanAI BotWeights.swift
[54/91] Compiling CatanAI BuildPlanner.swift
[55/91] Compiling CatanAI CatanAI.swift
[56/91] Compiling CatanAI ConquestHeuristics.swift
[57/91] Compiling CatanAI DevCardHeuristics.swift
[58/91] Compiling CatanAI BoardIndex.swift
[59/91] Compiling CatanAI EvaluationPolicy.swift
[60/91] Compiling CatanAI EvaluationProjections.swift
[61/91] Compiling CatanAI EvaluationWeights.swift
[62/91] Compiling CatanAI ExpertRevision.swift
[63/91] Compiling CatanAI HandDiscipline.swift
[64/91] Compiling CatanAI PositionEvaluator.swift
[65/91] Compiling CatanAI TradeCascade.swift
[66/91] Compiling CatanAI TradeValuation.swift
[67/91] Compiling CatanAI CandidateScoring.swift
[68/91] Compiling CatanAI DecisionExtractor.swift
[69/91] Compiling CatanAI DecisionRecord.swift
[70/91] Compiling CatanAI GhostPolicy.swift
[71/91] Compiling CatanAI GhostProfile.swift
[72/91] Compiling CatanAI PersonFitter.swift
[73/91] Compiling CatanAI PersonModel.swift
[74/91] Compiling CatanAI SeatStats.swift
[75/115] Compiling CatanAI StyleFeatures.swift
[76/115] Compiling CatanAI GreedyPolicy.swift
[77/115] Compiling CatanAI HeuristicPolicy.swift
[78/115] Compiling CatanAI JointTradeResponsePolicy.swift
[79/115] Compiling CatanAI NavalCards.swift
[80/115] Compiling CatanAI NavalDecisionContext.swift
[81/115] Compiling CatanAI NavalEconomy.swift
[82/115] Compiling CatanAI NavalLandControl.swift
[83/115] Compiling CatanAI NavalNavigation.swift
[84/115] Compiling CatanAI NavalNavigationDiagnostics.swift
[85/115] Compiling CatanAI NavalPolicy.swift
[86/115] Compiling CatanAI NavalTrading.swift
[87/115] Compiling CatanAI PlacementHeuristics.swift
[88/115] Compiling CatanAI PlannerTradeEvaluator.swift
[89/115] Compiling CatanAI ProductionModel.swift
[90/115] Compiling CatanAI PlanningContext.swift
[91/115] Compiling CatanAI PolicyBehaviorMetrics.swift
[92/115] Compiling CatanAI RobberHeuristics.swift
[93/115] Compiling CatanAI ThreatAssessment.swift
[94/115] Compiling CatanAI TradeAssessment.swift
[95/115] Compiling CatanAI TradeHeuristics.swift
[96/115] Compiling CatanAI TradeMessages.swift
[97/115] Compiling CatanAI TradeRefusingPolicy.swift
[98/115] Compiling CatanAI TradeReviewContext.swift
[99/119] Compiling trade_bench main.swift
[100/119] Emitting module trade_bench
[101/123] Compiling sim main.swift
[102/123] Emitting module sim
[103/126] Compiling ghost LogFile.swift
[104/126] Compiling ghost Selftest.swift
[105/126] Compiling naval_sim EvaluationProtocol.swift
[106/126] Emitting module naval_sim
[109/129] Emitting module ghost
[110/131] Compiling ghost main.swift
[111/131] Compiling naval_sim Rendering.swift
[112/131] Compiling naval_sim main.swift
[113/133] Compiling ghost Strength.swift
[115/136] Compiling arena main.swift
[116/136] Emitting module arena
[116/136] Write Objects.LinkFileList
[118/136] Linking trade-bench
[119/136] Linking sim
[120/136] Applying trade-bench
[121/136] Applying sim
[122/136] Write Objects.LinkFileList
[124/136] Linking naval-sim
[126/136] Compiling CatanAITests GhostDecisionExtractorTests.swift
[127/136] Compiling CatanAITests GhostSeatStatsTests.swift
[128/136] Emitting module CatanAITests
[128/138] Linking ghost
[129/138] Applying naval-sim
[130/138] Applying ghost
[131/138] Write Objects.LinkFileList
[132/138] Linking arena
[133/138] Applying arena
[135/138] Compiling CatanAITests GhostTrainingProvenanceTests.swift
[136/138] Compiling CatanAITests HumanReviewStrategyDiagnosticsTests.swift
[136/138] Write Objects.LinkFileList
[137/138] Linking CatanAIPackageTests
Build complete! (11.39s)
Test Suite 'All tests' started at 2026-10-05 12:04:47.588.
Test Suite 'All tests' passed at 2026-10-05 12:04:47.589.
	 Executed 0 tests, with 0 failures (0 unexpected) in 0.000 (0.001) seconds
◇ Test run started.
↳ Testing Library Version: 1902
↳ Target Platform: arm64e-apple-macos14.0
◇ Suite EvaluationBankTradeTests started.
◇ Suite NavalPolicyTests started.
◇ Suite GhostSeatStatsTests started.
◇ Test choosePlayPursuesLargestArmyWithARealShotEvenWithoutRobberOnOwnTile() started.
◇ Test choosePlayFollowsCautiousPersonalitysCityPriority() started.
◇ Suite TradeContributionTests started.
◇ Test buildRoadScoreIsHigherWhenItClosesDistanceToTheExpansionTarget() started.
◇ Test claimsLongestRoadIsFalseWhenAlreadyTheHolder() started.
◇ Test scoreCountsCityProductionAtDoubleWeight() started.
◇ Suite GhostStyleFeaturesTests started.
◇ Suite PlannerTradeTests started.
◇ Test conquestWeightsPriceArmiesAndStandardWeightsDoNot() started.
◇ Suite HandDisciplineTests started.
◇ Suite ExpertRevisionTests started.
◇ Suite JointTradeResponsePolicyTests started.
◇ Suite NavalNavigationDiagnosticsTests started.
◇ Suite GhostPersonModelTests started.
◇ Suite TradeCascadeTests started.
◇ Suite NavalMixedSessionTests started.
◇ Suite GhostPolicyTests started.
◇ Suite PositionEvaluatorTests started.
◇ Suite TradeReviewContextTests started.
◇ Suite EvaluationPolicyTests started.
◇ Suite TradeAssessmentTests started.
◇ Test proposeTradesSkipsWhenIdenticalOfferAlreadyPending() started.
◇ Suite GhostTrainingProvenanceTests started.
◇ Suite SelfPlayReproducibility started.
◇ Test relativeWeightIsOneForEveryoneWhenAllScoresAreZero() started.
◇ Suite GhostCandidateScoringTests started.
◇ Suite TradeRefusingPolicyTests started.
◇ Suite TradeAccountingBoundaryTests started.
◇ Test buyDevCardScoreDecreasesWithEachUnplayedCardAlreadyHeld() started.
◇ Suite HumanReviewStrategyDiagnosticsTests started.
◇ Test aBotDoesNotThrowCardsAtAHexItCannotTake() started.
◇ Suite GhostProfileTests started.
◇ Test heuristicPolicyCarriesAnIdentifierNamingItsPersonality() started.
◇ Test replacingStateRestoresAPendingBotResponse() started.
◇ Test aiNameIsSet() started.
◇ Test greedyRefusesEveryTradeItIsOffered() started.
◇ Test bestBankTradeConvertsSurplusTowardTheNearestBuild() started.
◇ Suite GhostDecisionExtractorTests started.
◇ Test tradeWillingnessShiftsTheAcceptanceBar() started.
◇ Test relativeWeightClampsExtremeOutliers() started.
◇ Test monopolyTargetsResourceHeldByTheHigherThreatOpponent() started.
◇ Test differentOffersCanSampleDifferentLinesFromThePool() started.
◇ Test aBotTakesAHexWhenItHoldsEnoughToWinIt() started.
◇ Suite EvaluationTradeGainTests started.
◇ Test generousUnlockOffersAllThreeOreWhenThatsAllThatsHeld() started.
◇ Test longestRoadDefenseBonusRewardsBridgingEvenWithAnUncontestedLead() started.
◇ Test heldVictoryPointCardsAreInvisibleToOpponents() started.
◇ Test opponentFrontierExcludesVerticesTooCloseToAnyExistingBuilding() started.
◇ Suite EvaluationCounterpartyTests started.
◇ Test evaluateSuspicionShiftRejectsARepeatTradeFromTheSameProposerThisTurn() started.
◇ Test newlyReachableVerticesExcludesOneAlreadyReachableViaExistingNetwork() started.
◇ Test claimsLongestRoadWhenAnEdgeWouldReachFiveAndNobodyElseHoldsIt() started.
◇ Test ownStandingIsOneWhenAllScoresAreZero() started.
◇ Test botEndsTurnRatherThanReproposingAnIdenticalPendingOffer() started.
◇ Test choosePlayAlwaysPlaysAHeldRoadBuildingCardWhenARoadIsLegal() started.
◇ Test robberTargetsLeadingOpponentsTile() started.
◇ Test expandedSetupRoadPointsTowardTheBestOutwardEndpoint() started.
◇ Test proposeTradesGivesUpAfterTheTurnRetryLimit() started.
◇ Test expandedDevelopmentCardFallbackHonorsPermanentBuildReserve() started.
◇ Test robberAvoidsOwnTilesWhenAlternativeExists() started.
◇ Test evaluateRequiresAMeaningfulBenefitNotJustAnyPositiveMargin() started.
◇ Test choosePlayDoesNotPursueLargestArmyWithoutARealShot() started.
◇ Test greedySeatsActuallyFinishTheirGames() started.
◇ Test proposeTradeRetriesThenEventuallyEndsTheTurn() started.
◇ Test aBotProposalIsAnsweredBeforeTheProposerContinues() started.
◇ Test evaluateRequiresABetterDealFromAHighThreatProposer() started.
◇ Test buildRoadScoreIsUnaffectedByMerelyTouchingAnOpponentsOwnVertex() started.
◇ Test ownStandingIsAboveOneWhenAheadOfTheField() started.
◇ Test aSeatStillCountsItsOwnHeldVictoryPointCards() started.
◇ Test seededConquestGamesFinishWithOnlyLegalMoves() started.
◇ Test longestRoadClaimBonusIsLargerWhenTakingItFromAHighThreatHolder() started.
◇ Suite EvaluationTradeRepeatTests started.
◇ Test neverAcceptsANetLossEvenAtHighTradeWillingness() started.
◇ Test tradeHeuristicsAcceptsClearNetGainTowardNextBuild() started.
◇ Test choosePlayFollowsAggressivePersonalitysSettlementPriority() started.
◇ Test aShortGameEndsSooner() started.
◇ Test aGenerousUnlockOfferIsAcceptedByAPlausibleReceiver() started.
◇ Test noPoolHasBlankOrDuplicateLines() started.
◇ Test scoresExcludesTheGivenPlayerAndSortsHighestFirst() started.
◇ Test theHeuristicBotBeatsRandomPlayFromEverySeat() started.
◇ Test buildRoadScoreIsHigherWhenItDeniesAHighThreatOpponentsImmediateFrontier() started.
◇ Test decisionMetricsRecordChoiceOpportunities() started.
◇ Test everySupportedRulesConfigurationCompletesWithOnlyLegalMoves(game:) started.
◇ Test aTargetedBotBuysOnlyWhenOneMoreCardWouldTakeAGoodHex() started.
◇ Test robberDisruptionScalesWithRelativeThreatNotJustRawVictoryPoints() started.
◇ Test botsOnlyGameReachesGameOverAcrossSeveralSeeds() started.
◇ Test opponentFrontierIncludesVacantVertexTwoHopsFromTheirSettlementButNotOneHop() started.
◇ Test buyingIsPricedWithoutPeekingAtTheDeck() started.
◇ Test aHandThatCanTakeAPrimeHexIsWorthMoreThanItsCards() started.
◇ Test scoreIncludesHeldDevCardCount() started.
◇ Test threeSeatGamesReachAWinner() started.
◇ Test bridgesOwnFragmentsDetectsAGenuineBridgeBetweenTwoDisconnectedPieces() started.
◇ Test buyDevCardScoreIsNotBoostedWhenTheHolderIsFarAhead() started.
◇ Test generousUnlockCeilingCollapsesWithAGoodPort() started.
◇ Test silencingTheLeaderIsWorthMoreThanSilencingAnyoneElse() started.
◇ Test decisionMetricsRecordDisruptionAndProposalOpportunities() started.
◇ Test chooseBuildIsDeterministicWhenOneMoveClearlyDominates() started.
◇ Test expandedBotReservesNearTermPermanentBuildResourcesBeforeBuyingDevelopmentCards() started.
◇ Test concurrentHumanAndBotDiscardTurnsNeverCrash() started.
◇ Test aThinGarrisonNextToAnArmedRivalCostsSomething() started.
◇ Test ownStandingIsBelowOneWhenBehindTheField() started.
◇ Test anExternalResponderKeepsTheOfferForTheUI() started.
◇ Test longestRoadPursuitBonusCreditsABridgeEvenBelowThePursuitGate() started.
◇ Test highPipVertexScoresHigherThanLowPipVertex() started.
◇ Test theGreedyAnchorSitsBetweenRandomAndTheHeuristic() started.
◇ Test evaluateRequiresABetterDealWhenReceiverIsComfortablyAhead() started.
◇ Test alreadyCoveredResourceScoresLowerThanNewResourceAtEqualPips() started.
◇ Test buildRoadScoreExcludesReachableVertexThatIsAlreadyOccupied() started.
◇ Test aBoldBotBuysAnArmyCardBeforeBuildingAndAnIdleOneDoesNot() started.
◇ Test relativeWeightIsAboveOneForAnAboveAverageOpponent() started.
◇ Test everyEmpireHasALargePitchAndResponsePool() started.
◇ Test responseIsDeterministicForTheSameOfferID() started.
◇ Test decisionMetricsRecordTradeResponsesAndProposalShape() started.
◇ Test evaluateRejectsATradeThatWouldHandTheProposerAnImmediateBuild() started.
◇ Test buyDevCardScoreIsBoostedTwoKnightsFromLargestArmy() started.
◇ Test scoreAddsLargestArmySwingBonusWhenOneKnightAway() started.
◇ Test scoreIncludesProductionStrengthWeightedByPips() started.
◇ Test buyDevCardScoreIgnoresHeldVictoryPointCards() started.
◇ Test proposeTradesRetriesWithADifferentOfferAfterADecline() started.
◇ Test scoreSkipsLongestRoadSwingBonusWhenFarBehindTheHolder() started.
◇ Test theShippedConquestExpertIsTheAdoptedFit() started.
◇ Test aggressivePersonalityProactivelyUsesAKnightButCautiousDoesNot() started.
◇ Test heuristicHonoursATradeResponseOnlyActionMask() started.
◇ Test bestBankTradeIsNilWhenNothingIsBlockingTheNearestBuild() started.
◇ Test expertSpendsItsFreeCardTakingAHex() started.
◇ Test longestRoadDefenseBonusIsAbsentWhenLeadIsUncontested() started.
◇ Test buildSettlementScoreIsHigherWhenItDeniesAHighThreatOpponentsFrontier() started.
◇ Test scoreWeighsVictoryPointsHeavily() started.
◇ Test pitchIsDeterministicForTheSameOfferID() started.
◇ Test aStandardGameNeverAsksForArmyMoves() started.
◇ Test choosePlayDoesNotRushLargestArmyAgainstAFarAheadHolderMidGame() started.
◇ Test tradeHeuristicsRejectsTradeAwayFromNextBuild() started.
◇ Test yearOfPlentyFundsTheMissingExpeditionIngredients(tier:) started.
◇ Test aResumedBotProposalStillReceivesAResponse() started.
◇ Test generousUnlockDoesNotApplyToARoad() started.
◇ Test cautiousBotAsksAPlayerBeforePayingTheBankWhileBalancedUsesTheBank() started.
◇ Test consolidationMetricRecordsEveryDecisionWhereACityIsBuildable() started.
◇ Test aCertainPurchaseAndLandingWinBeatsAHigherThanNinetyPercentDraw() started.
◇ Test exchangesOnlyTheSurplusToCompleteAShip(tier:) started.
◇ Test aBankTradeThatUnlocksACityIsTaken() started.
◇ Test aBankTradeThatUnlocksNothingIsRefused() started.
◇ Test buildRoadScoreIncludesLongestRoadBonusOnlyWhenItWouldBeClaimed() started.
◇ Test expertReplacementHullDoesNotRenewTheFirstExpeditionPremium() started.
◇ Test botAlwaysReturnsALegalMove() started.
◇ Test aCertainSailingWinBeatsEvenANinetyOnePercentFinishingDraw() started.
◇ Test adaptersDeliberatelySelectNavalBrains() started.
◇ Test longestRoadDefenseBonusAppliesWhenARivalIsCloseBehind() started.
◇ Test aWinningLargestArmyKnightClosesTheGame(tier:) started.
◇ Test flexibleProductionIsAllocatedOnceAcrossRecipeDeficits() started.
◇ Test discardsSurplusWithoutDismantlingAFundedVoyage(tier:) started.
◇ Test owningEveryVictoryCardRemovesTheFalseImmediateDrawPremium(tier:) started.
◇ Test expertDoesNotBuyDuplicateAccessWhileAnExistingHullCanDoTheJob() started.
◇ Test capturePrefersAnOverseasLanding(tier:) started.
◇ Test countsAgreeWithTheFinalBoard() started.
◇ Test robbingTheLeaderIsCounted() started.
◇ Test anUnfundedVoyageCanImproveAPoorLandingWithoutGivingUpAccess(tier:) started.
◇ Test acceptedAndRejectedResponsesDrawFromDisjointPools() started.
◇ Test scoreAddsLongestRoadSwingBonusWhenOneSegmentFromQualifying() started.
◇ Test botsOnlyGameReachesGameOverWithOnlyLegalMoves() started.
◇ Test proposesAGenerousUnlockTradeAfterTheOrdinaryOfferIsDeclined() started.
◇ Test radarMeasuresAverageAcrossGames() started.
◇ Test everyLineFitsTheIncomingCardsCharacterBudget() started.
◇ Test unscopedDirectCallsDoNotRepeatAnOutstandingNegotiation(tier:) started.
◇ Test flexibleYieldFundsAShipAndRespectsScarceBank(tier:) started.
◇ Test behaviorMetricsCountOnlyTheObservedSeat() started.
◇ Test expertFundsTheSameFinishingDrawThatItValuesWhenAvailable() started.
◇ Test telemetryKeepsEveryEvaluatedTradeReplyWithoutCountingTheCommittedReplyTwice() started.
◇ Test buyingValuesTheCaptureTheNewCardCouldEnable() started.
◇ Test hiddenWorldHandsDeckAndFutureRNGCannotChangeDecision(tier:) started.
◇ Test aFootholdOnACrowdedPrimeHexIsWorthSettlingFor() started.
◇ Test unknownComponentConnectionsCannotPromiseAColonyPoint() started.
◇ Test productionCountsTheTakeover() started.
◇ Test heuristicHonoursANarrowedRollPhaseActionMask() started.
◇ Test scoreSkipsLargestArmySwingBonusWhenHolderIsFarAhead() started.
◇ Test expertLaunchPlansAProvableWinningColonyWithinThisTurn() started.
◇ Test expertFundsAWinnableRoadEvenWithNoSettlementSupplyOrApproach() started.
◇ Test roadsCannotPromiseASiteWhoseCoastIsStillHidden() started.
◇ Test aPermanentWinningUpgradeBeatsAnotherExpedition(tier:) started.
◇ Test randomPolicyOnlyEverPlaysLegalMoves() started.
◇ Test aPubliclyCertainColonyWinBeatsAProductiveNonwinningCity(tier:) started.
◇ Test sailsTowardKnownLandingAndFundsAColony(tier:) started.
◇ Test buysAFirstHullThenExplores(tier:) started.
◇ Test responseOnlyMasksPreservePolicyRNG(tier:) started.
◇ Test diagnosticsAreOptInAndPreserveEveryRecordedScalar() started.
◇ Test workedTargetsExplainZeroAndPositiveMarginalValues() started.
◇ Test oldJSONDecodesScalarsVerbatimWithoutInventingComponents() started.
◇ Test emptyOffersHaveAvailableEmptyComponentsAndMissingReceiversHaveNoAssessment() started.
◇ Test costUsesOriginalHandNotTheDeficitCreatedByLosingCards() started.
◇ Test componentsReconstructTheActualReductions() started.
◇ Test offlineExplanationLeavesBotMovesAndRNGUnchanged() started.
◇ Test expertDiscountsAnUnfundedVoyageExposedToCapture() started.
◇ Test acceptsFundingButPreservesAnAlreadyFundedRecipe(tier:) started.
◇ Test aLopsidedProposalIsDescribed() started.
◇ Test externalResponsesCannotLeaveAStaleDurableBotAnswer(tier:) started.
◇ Test robbingTheBiggestHandIsFlagged() started.
◇ Test everyMoveHasOneValuePerLabel() started.
◇ Test robbingTheLeaderIsFlagged() started.
◇ Test anUnseenHandIsTreatedAsPossiblyHoldingAnything() started.
◇ Test aSeatBelievedToHoldNothingIsNeverAskedToPay() started.
◇ Test case passing 1 argument game → MatrixGame(playerCount: 3, target: 8, boardMode: CatanAITests.(unknown context at $10a1447b8).MatrixBoardMode.standard, seed: 211) to everySupportedRulesConfigurationCompletesWithOnlyLegalMoves(game:) started.
◇ Test case passing 1 argument game → MatrixGame(playerCount: 3, target: 8, boardMode: CatanAITests.(unknown context at $10a1447b8).MatrixBoardMode.standard, seed: 977) to everySupportedRulesConfigurationCompletesWithOnlyLegalMoves(game:) started.
◇ Test case passing 1 argument game → MatrixGame(playerCount: 3, target: 8, boardMode: CatanAITests.(unknown context at $10a1447b8).MatrixBoardMode.randomized, seed: 211) to everySupportedRulesConfigurationCompletesWithOnlyLegalMoves(game:) started.
◇ Test case passing 1 argument game → MatrixGame(playerCount: 3, target: 8, boardMode: CatanAITests.(unknown context at $10a1447b8).MatrixBoardMode.randomized, seed: 977) to everySupportedRulesConfigurationCompletesWithOnlyLegalMoves(game:) started.
◇ Test case passing 1 argument game → MatrixGame(playerCount: 3, target: 10, boardMode: CatanAITests.(unknown context at $10a1447b8).MatrixBoardMode.standard, seed: 211) to everySupportedRulesConfigurationCompletesWithOnlyLegalMoves(game:) started.
◇ Test case passing 1 argument game → MatrixGame(playerCount: 3, target: 10, boardMode: CatanAITests.(unknown context at $10a1447b8).MatrixBoardMode.standard, seed: 977) to everySupportedRulesConfigurationCompletesWithOnlyLegalMoves(game:) started.
◇ Test case passing 1 argument game → MatrixGame(playerCount: 3, target: 10, boardMode: CatanAITests.(unknown context at $10a1447b8).MatrixBoardMode.randomized, seed: 211) to everySupportedRulesConfigurationCompletesWithOnlyLegalMoves(game:) started.
◇ Test reOfferingAfterARefusalIsFlagged() started.
◇ Test case passing 1 argument game → MatrixGame(playerCount: 3, target: 10, boardMode: CatanAITests.(unknown context at $10a1447b8).MatrixBoardMode.randomized, seed: 977) to everySupportedRulesConfigurationCompletesWithOnlyLegalMoves(game:) started.
◇ Test case passing 1 argument game → MatrixGame(playerCount: 3, target: 12, boardMode: CatanAITests.(unknown context at $10a1447b8).MatrixBoardMode.standard, seed: 211) to everySupportedRulesConfigurationCompletesWithOnlyLegalMoves(game:) started.
◇ Test case passing 1 argument game → MatrixGame(playerCount: 3, target: 12, boardMode: CatanAITests.(unknown context at $10a1447b8).MatrixBoardMode.standard, seed: 977) to everySupportedRulesConfigurationCompletesWithOnlyLegalMoves(game:) started.
◇ Test case passing 1 argument game → MatrixGame(playerCount: 3, target: 12, boardMode: CatanAITests.(unknown context at $10a1447b8).MatrixBoardMode.randomized, seed: 211) to everySupportedRulesConfigurationCompletesWithOnlyLegalMoves(game:) started.
◇ Test case passing 1 argument game → MatrixGame(playerCount: 3, target: 12, boardMode: CatanAITests.(unknown context at $10a1447b8).MatrixBoardMode.randomized, seed: 977) to everySupportedRulesConfigurationCompletesWithOnlyLegalMoves(game:) started.
◇ Test case passing 1 argument game → MatrixGame(playerCount: 4, target: 8, boardMode: CatanAITests.(unknown context at $10a1447b8).MatrixBoardMode.standard, seed: 211) to everySupportedRulesConfigurationCompletesWithOnlyLegalMoves(game:) started.
◇ Test case passing 1 argument game → MatrixGame(playerCount: 4, target: 8, boardMode: CatanAITests.(unknown context at $10a1447b8).MatrixBoardMode.standard, seed: 977) to everySupportedRulesConfigurationCompletesWithOnlyLegalMoves(game:) started.
◇ Test case passing 1 argument game → MatrixGame(playerCount: 4, target: 8, boardMode: CatanAITests.(unknown context at $10a1447b8).MatrixBoardMode.randomized, seed: 211) to everySupportedRulesConfigurationCompletesWithOnlyLegalMoves(game:) started.
◇ Test case passing 1 argument game → MatrixGame(playerCount: 4, target: 8, boardMode: CatanAITests.(unknown context at $10a1447b8).MatrixBoardMode.randomized, seed: 977) to everySupportedRulesConfigurationCompletesWithOnlyLegalMoves(game:) started.
◇ Test case passing 1 argument game → MatrixGame(playerCount: 4, target: 10, boardMode: CatanAITests.(unknown context at $10a1447b8).MatrixBoardMode.standard, seed: 211) to everySupportedRulesConfigurationCompletesWithOnlyLegalMoves(game:) started.
◇ Test case passing 1 argument game → MatrixGame(playerCount: 4, target: 10, boardMode: CatanAITests.(unknown context at $10a1447b8).MatrixBoardMode.standard, seed: 977) to everySupportedRulesConfigurationCompletesWithOnlyLegalMoves(game:) started.
◇ Test case passing 1 argument game → MatrixGame(playerCount: 4, target: 10, boardMode: CatanAITests.(unknown context at $10a1447b8).MatrixBoardMode.randomized, seed: 211) to everySupportedRulesConfigurationCompletesWithOnlyLegalMoves(game:) started.
✔ Test conquestWeightsPriceArmiesAndStandardWeightsDoNot() passed after 1.568 seconds.
◇ Test aGhostSpendsDownEvenWhenItsHabitsSayEndTheTurn() started.
◇ Test case passing 1 argument game → MatrixGame(playerCount: 4, target: 10, boardMode: CatanAITests.(unknown context at $10a1447b8).MatrixBoardMode.randomized, seed: 977) to everySupportedRulesConfigurationCompletesWithOnlyLegalMoves(game:) started.
◇ Test atSevenAGhostMayEndItsTurn() started.
◇ Test case passing 1 argument game → MatrixGame(playerCount: 4, target: 12, boardMode: CatanAITests.(unknown context at $10a1447b8).MatrixBoardMode.standard, seed: 211) to everySupportedRulesConfigurationCompletesWithOnlyLegalMoves(game:) started.
◇ Test case passing 1 argument game → MatrixGame(playerCount: 4, target: 12, boardMode: CatanAITests.(unknown context at $10a1447b8).MatrixBoardMode.standard, seed: 977) to everySupportedRulesConfigurationCompletesWithOnlyLegalMoves(game:) started.
◇ Test case passing 1 argument game → MatrixGame(playerCount: 4, target: 12, boardMode: CatanAITests.(unknown context at $10a1447b8).MatrixBoardMode.randomized, seed: 211) to everySupportedRulesConfigurationCompletesWithOnlyLegalMoves(game:) started.
◇ Test case passing 1 argument game → MatrixGame(playerCount: 4, target: 12, boardMode: CatanAITests.(unknown context at $10a1447b8).MatrixBoardMode.randomized, seed: 977) to everySupportedRulesConfigurationCompletesWithOnlyLegalMoves(game:) started.
◇ Test aHoardedTurnPlaysDownAndEnds() started.
◇ Test expertSpendsDownAHoardedHand() started.
◇ Test onlyAnOwnTurnOverTheThresholdMustSpend() started.
◇ Test revisionsHaveDistinctCheckpointIdentities() started.
◇ Test matchedProductionAddsTheFrozenValueAndCitiesDoubleIt() started.
◇ Test rivalProductionIsValuedWithoutReadingTheirResourceComposition() started.
◇ Test diagnosticsForwardRevisionWhileUnselectedCallersStayLegacy() started.
◇ Test blockedCityIngredientEarnsNoExtraStanding() started.
◇ Test currentExpertCheckpointContinuesTheSameMovesAndRejectsLegacyPolicies() started.
◇ Test strictNativeThresholdBoundaryIsUnchanged(offset:) started.
◇ Test weightsKeepTheirSignAndStayInTheTrustRegion() started.
◇ Test aHomeCoastIsNotAnOverseasColony() started.
◇ Test otherPhasesPreservePlainPolicyAndRNG(phaseIndex:seed:) started.
◇ Test aFewAbsurdlyScoredOptionsDoNotCollapseBeta() started.
◇ Test anIdleReturnCannotHideBehindResourceStepOrCounterChanges() started.
◇ Test mixedAndAcceptOnlyMasksUseUnchangedFallback(acceptOnly:) started.
◇ Test anIncrementalFitKeepsBetaNearThePreviousGhost() started.
◇ Test foundingAColonyJustifiesProductiveBacktracking() started.
◇ Test matchesOfflineWorkedExamples(example:) started.
◇ Test aFitResumesFromItsStartingPoint() started.
◇ Test aCityUpgradeDoesNotInventNewExpeditionAccess() started.
◇ Test theFitRecoversAKnownPerson() started.
◇ Test eachRefusalEscalatesTheNextOfferUnderTheLadder() started.
◇ Test availabilityControlsNeverInventAcceptanceOrBuilds(depletedSeat:) started.
◇ Test bundleAndQuantityUseFinalInventory(quantity:) started.
◇ Test actualDiscoveryIsIndependentDestinationProgress() started.
◇ Test theComposerOffersReservedCardsAndLetsScoringDecide() started.
◇ Test frozenSlotsNeverMove() started.
◇ Test composedOffersIncludeJakesBundle() started.
◇ Test anIncrementalFitStaysNearThePreviousGhost() started.
◇ Test theGradientMatchesTheLikelihoodOnRelinearisedRecords() started.
◇ Test noOfferWhenNothingWouldHelp() started.
◇ Test aCompleteExternalSeatMatchStaysReloadable(players:) started.
◇ Test worthItKeepsOfferingOnItsOwnTermsAfterARefusal() started.
◇ Test probabilitiesSumToOne() started.
◇ Test lambdaZeroPlaysExactlyLikeExpert() started.
◇ Test fittingNothingReturnsTheAnchor() started.
◇ Test aStrongHabitDominatesAtHighLambda() started.
◇ Test pricingTwoHandsEqualsScoringTheSettledPosition() started.
◇ Test aGhostFinishesAGame() started.
◇ Test theCascadeNeverProposesATradeThatDoesNotHelpTheBot() started.
◇ Test oneWheatShortOfACityAsksForTheWheat() started.
◇ Test lambdaZeroIgnoresThePerson() started.
◇ Test theEvaluatorBuysDevelopmentCardsOverAGame() started.
◇ Test givingAwayOwnedOreCanDestroyExistingDevCardOption() started.
◇ Test atomicPaymentDoesNotInventDevelopmentCardAffordability() started.
◇ Test unaffordableAcceptanceHasNoFabricatedAfterState() started.
◇ Test weightsRoundTripThroughTheirVector() started.
◇ Test woolForOreCompletesPurchaseOnlyWhenPaymentLeavesOre(oreHeld:) started.
◇ Test productionReflectsNativeBankShortageWithoutChangingState() started.
◇ Test anAvailableSettlementBeatsEndingTheTurn() started.
◇ Test affordableCityWithNoSettlementIsNotBuildable() started.
◇ Test reachingTheTargetOutweighsEveryOtherTerm() started.
◇ Test aDevelopmentCardInHandIsWorthSomething() started.
◇ Test aPointOnTheBoardRaisesTheStanding() started.
◇ Test aPointTheLeaderAlsoGainsIsWorthLessThanAPointWeGainAlone() started.
◇ Test theEvaluatorIgnoresWhatItIsNotEntitledToSee() started.
◇ Test negativeShiftClampsThresholdWithoutAcceptingBreakEven() started.
◇ Test everyMoveComesFromTheSuppliedMask() started.
◇ Test theSameSeedProducesTheSameGame() started.
◇ Test missingReceiverHasNoArithmeticAndEvaluatesFalse() started.
◇ Test reportsAllThresholdShiftsAndCostOnlyUnlock() started.
◇ Test aFullGameReachesAWinner(mode:) started.
◇ Test scopedRejectionRecordsTheActualFailedAssessment() started.
◇ Test exactThresholdTieRejectsButNextLowerThresholdAccepts() started.
◇ Test scopedRejectionOnlyAndAbsentOfferDoNotInventAssessments() started.
◇ Test nonTradePhaseLeavesTraceEmpty() started.
◇ Test reportsWorkedResourceArithmetic() started.
◇ Test scopedTradeStopsAfterFirstAcceptanceAcrossPersonalities() started.
◇ Test manualResponsesTrainButTheSameAutomaticMoveDoesNot(accept:) started.
◇ Test automaticRejectionStillAppliesBeforeTheNextProposalAndHumanChoice() started.
◇ Test buildPathPreservesRNGConsumptionAndOmitsUnvisitedFallback() started.
◇ Test invalidAutomaticMoveStillFailsExtractionWithItsIndex() started.
◇ Test mainTurnTraceAppendsActualEvaluationsIncludingFallbackPass() started.
◇ Test case passing 1 argument tier → .traditional to yearOfPlentyFundsTheMissingExpeditionIngredients(tier:) started.
◇ Test case passing 1 argument tier → .expert to yearOfPlentyFundsTheMissingExpeditionIngredients(tier:) started.
◇ Test aPersonMayOfferMoreThanTheBotLimit() started.
◇ Test itHidesAcceptanceFromTheWrappedPolicy() started.
◇ Test case passing 1 argument tier → .traditional to exchangesOnlyTheSurplusToCompleteAShip(tier:) started.
✔ Test choosePlayFollowsCautiousPersonalitysCityPriority() passed after 3.686 seconds.
◇ Test neededPaymentStillEarnsCompletionCredit(payment:quantity:) started.
◇ Test case passing 1 argument tier → .expert to exchangesOnlyTheSurplusToCompleteAShip(tier:) started.
◇ Test itNamesItselfAfterWhatItWraps() started.
◇ Test emptyDeckBlocksPurchaseButNotBaselineCredit(payment:quantity:) started.
◇ Test aHumanOfferExpertWouldNeverMakeIsScored() started.
◇ Test anAcceptanceOnlyMaskIsPassedThroughRatherThanEmptied() started.
◇ Test irrelevantPaymentReallyCompletesPurchase(payment:quantity:) started.
◇ Test everyNonProposalLegalMoveIsScored() started.
◇ Test aPersonMayOfferTheirLastCardOfAKind() started.
◇ Test aMoveTheEngineAcceptsButNeverListsIsScored() started.
◇ Test aBadOfferCanStillBeAccepted() started.
◇ Test candidateOrderDoesNotDependOnWeights() started.
◇ Test seededSelfPlayReproducesExactly() started.
◇ Test approachDistanceCannotExceedRemainingRoadPieces() started.
◇ Test robberBlocksProbabilityTimesBuildingYield() started.
◇ Test sharedTileChargesTheRobberMoverForItsOwnCity() started.
◇ Test publicRivalStandingAndHiddenVictoryPointsStaySeparate() started.
◇ Test roadProgressFindsARealDistanceLegalSettlement() started.
◇ Test expertConvertsAnAffordableReachableSiteIntoAPoint() started.
◇ Test robberPolicyTraceUsesItsCompleteLegalMask(selfCollateral:steal:) started.
◇ Test decodesWithoutACivilization() started.
◇ Test case passing 1 argument tier → .traditional to aWinningLargestArmyKnightClosesTheGame(tier:) started.
◇ Test case passing 1 argument tier → .expert to aWinningLargestArmyKnightClosesTheGame(tier:) started.
◇ Test roundTripsThroughJSON() started.
◇ Test roadAndSpendDownTraceUsesActualExpertChoice(handSize:) started.
◇ Test settlementSupplyFiltersSitesAndACityReturnsAPiece() started.
◇ Test aPersonModelWithoutALapseDecodes() started.
◇ Test anOpponentsRoadCannotBecomeAnApproachShortcut() started.
◇ Test blockedPathsAgreeWithEngineAndKeepLegalDetours(blockWithCity:) started.
◇ Test case passing 1 argument tier → .traditional to discardsSurplusWithoutDismantlingAFundedVoyage(tier:) started.
◇ Test case passing 1 argument tier → .expert to discardsSurplusWithoutDismantlingAFundedVoyage(tier:) started.
◇ Test case passing 1 argument tier → .traditional to owningEveryVictoryCardRemovesTheFalseImmediateDrawPremium(tier:) started.
◇ Test case passing 1 argument tier → .expert to owningEveryVictoryCardRemovesTheFalseImmediateDrawPremium(tier:) started.
◇ Test case passing 1 argument tier → .traditional to capturePrefersAnOverseasLanding(tier:) started.
◇ Test case passing 1 argument tier → .expert to capturePrefersAnOverseasLanding(tier:) started.
◇ Test case passing 1 argument tier → .traditional to anUnfundedVoyageCanImproveAPoorLandingWithoutGivingUpAccess(tier:) started.
✔ Test scoreCountsCityProductionAtDoubleWeight() passed after 5.703 seconds.
◇ Test case passing 1 argument tier → .expert to anUnfundedVoyageCanImproveAPoorLandingWithoutGivingUpAccess(tier:) started.
✔ Test choosePlayPursuesLargestArmyWithARealShotEvenWithoutRobberOnOwnTile() passed after 6.594 seconds.
✔ Test claimsLongestRoadIsFalseWhenAlreadyTheHolder() passed after 6.594 seconds.
✔ Test heuristicPolicyCarriesAnIdentifierNamingItsPersonality() passed after 7.100 seconds.
◇ Test gradientPredictsARescore() started.
◇ Test case passing 1 argument tier → .traditional to unscopedDirectCallsDoNotRepeatAnOutstandingNegotiation(tier:) started.
◇ Test case passing 1 argument tier → .expert to unscopedDirectCallsDoNotRepeatAnOutstandingNegotiation(tier:) started.
◇ Test frozenWeightsHaveZeroGradient() started.
◇ Test aMoveThatDoesNotReplayThrowsWithItsIndex() started.
◇ Test everyRecordNamesAChosenCandidateAndHasFullVectors() started.
◇ Test botRulesDropProposalsAfterThreeRefusals() started.
✔ Test relativeWeightIsOneForEveryoneWhenAllScoresAreZero() passed after 7.776 seconds.
◇ Test case passing 1 argument tier → .traditional to flexibleYieldFundsAShipAndRespectsScarceBank(tier:) started.
◇ Test case passing 1 argument tier → .expert to flexibleYieldFundsAShipAndRespectsScarceBank(tier:) started.
◇ Test case passing 1 argument tier → .traditional to hiddenWorldHandsDeckAndFutureRNGCannotChangeDecision(tier:) started.
◇ Test case passing 1 argument tier → .expert to hiddenWorldHandsDeckAndFutureRNGCannotChangeDecision(tier:) started.
✔ Test aiNameIsSet() passed after 8.170 seconds.
◇ Test anAcceptanceThatDoesNotClearTheMarginIsRefused() started.
◇ Test aTradeThatCompletesACityIsAccepted() started.
✔ Test differentOffersCanSampleDifferentLinesFromThePool() passed after 8.740 seconds.
◇ Test case passing 1 argument tier → .traditional to aPermanentWinningUpgradeBeatsAnotherExpedition(tier:) started.
◇ Test case passing 1 argument tier → .expert to aPermanentWinningUpgradeBeatsAnotherExpedition(tier:) started.
✔ Test proposeTradesSkipsWhenIdenticalOfferAlreadyPending() passed after 8.828 seconds.
◇ Test case passing 1 argument tier → .traditional to sailsTowardKnownLandingAndFundsAColony(tier:) started.
◇ Test case passing 1 argument tier → .traditional to aPubliclyCertainColonyWinBeatsAProductiveNonwinningCity(tier:) started.
◇ Test case passing 1 argument tier → .expert to sailsTowardKnownLandingAndFundsAColony(tier:) started.
◇ Test case passing 1 argument tier → .expert to aPubliclyCertainColonyWinBeatsAProductiveNonwinningCity(tier:) started.
◇ Test handingTheLeaderWhatItNeedsCostsMoreThanHandingItToATrailingSeat() started.
◇ Test aPayersRealHandDoesNotDecideWhetherATradeIsProjected() started.
✔ Test buyDevCardScoreDecreasesWithEachUnplayedCardAlreadyHeld() passed after 9.915 seconds.
◇ Test case passing 1 argument tier → .traditional to buysAFirstHullThenExplores(tier:) started.
◇ Test case passing 1 argument tier → .expert to buysAFirstHullThenExplores(tier:) started.
✔ Test bestBankTradeConvertsSurplusTowardTheNearestBuild() passed after 10.755 seconds.
◇ Test case passing 1 argument tier → .traditional to responseOnlyMasksPreservePolicyRNG(tier:) started.
◇ Test case passing 1 argument tier → .expert to responseOnlyMasksPreservePolicyRNG(tier:) started.
✔ Test tradeWillingnessShiftsTheAcceptanceBar() passed after 10.887 seconds.
✔ Test replacingStateRestoresAPendingBotResponse() passed after 10.891 seconds.
✔ Test monopolyTargetsResourceHeldByTheHigherThreatOpponent() passed after 10.891 seconds.
✔ Test opponentFrontierExcludesVerticesTooCloseToAnyExistingBuilding() passed after 10.891 seconds.
✔ Test ownStandingIsOneWhenAllScoresAreZero() passed after 10.892 seconds.
✔ Test relativeWeightClampsExtremeOutliers() passed after 10.895 seconds.
✔ Test generousUnlockOffersAllThreeOreWhenThatsAllThatsHeld() passed after 10.895 seconds.
✔ Test heldVictoryPointCardsAreInvisibleToOpponents() passed after 10.897 seconds.
✔ Test newlyReachableVerticesExcludesOneAlreadyReachableViaExistingNetwork() passed after 10.897 seconds.
✔ Test longestRoadDefenseBonusRewardsBridgingEvenWithAnUncontestedLead() passed after 10.897 seconds.
◇ Test case passing 1 argument tier → .traditional to acceptsFundingButPreservesAnAlreadyFundedRecipe(tier:) started.
◇ Test case passing 1 argument tier → .expert to acceptsFundingButPreservesAnAlreadyFundedRecipe(tier:) started.
✔ Test claimsLongestRoadWhenAnEdgeWouldReachFiveAndNobodyElseHoldsIt() passed after 11.047 seconds.
✔ Test evaluateRequiresAMeaningfulBenefitNotJustAnyPositiveMargin() passed after 11.047 seconds.
✔ Test robberTargetsLeadingOpponentsTile() passed after 11.047 seconds.
✔ Test evaluateSuspicionShiftRejectsARepeatTradeFromTheSameProposerThisTurn() passed after 11.047 seconds.
✔ Test greedyRefusesEveryTradeItIsOffered() passed after 11.047 seconds.
✔ Test botEndsTurnRatherThanReproposingAnIdenticalPendingOffer() passed after 11.047 seconds.
✔ Test robberAvoidsOwnTilesWhenAlternativeExists() passed after 11.047 seconds.
✔ Test buildRoadScoreIsHigherWhenItClosesDistanceToTheExpansionTarget() passed after 11.047 seconds.
◇ Test aWorseReAskIsRefused() started.
◇ Test aRegeneratedOfferCountsAsTheSameProposition() started.
◇ Test theIdenticalOfferIsNeverAskedTwice() started.
◇ Test aDifferentTradeIsStillAllowed() started.
◇ Test offeringMoreForTheSameAskIsAllowed() started.
✔ Test aBotProposalIsAnsweredBeforeTheProposerContinues() passed after 11.047 seconds.
◇ Test case passing 1 argument tier → .traditional to externalResponsesCannotLeaveAStaleDurableBotAnswer(tier:) started.
◇ Test case passing 1 argument tier → .expert to externalResponsesCannotLeaveAStaleDurableBotAnswer(tier:) started.
✔ Test proposeTradesGivesUpAfterTheTurnRetryLimit() passed after 11.492 seconds.
✔ Test proposeTradeRetriesThenEventuallyEndsTheTurn() passed after 11.492 seconds.
✔ Test ownStandingIsAboveOneWhenAheadOfTheField() passed after 11.513 seconds.
✔ Test evaluateRequiresABetterDealFromAHighThreatProposer() passed after 11.527 seconds.
✔ Test buildRoadScoreIsUnaffectedByMerelyTouchingAnOpponentsOwnVertex() passed after 11.527 seconds.
✔ Test noPoolHasBlankOrDuplicateLines() passed after 11.527 seconds.
✔ Test choosePlayFollowsAggressivePersonalitysSettlementPriority() passed after 11.532 seconds.
✔ Test tradeHeuristicsAcceptsClearNetGainTowardNextBuild() passed after 11.532 seconds.
✔ Test aSeatStillCountsItsOwnHeldVictoryPointCards() passed after 11.532 seconds.
✔ Test aGenerousUnlockOfferIsAcceptedByAPlausibleReceiver() passed after 11.532 seconds.
✔ Test expandedSetupRoadPointsTowardTheBestOutwardEndpoint() passed after 11.532 seconds.
✔ Test choosePlayDoesNotPursueLargestArmyWithoutARealShot() passed after 11.532 seconds.
✔ Test neverAcceptsANetLossEvenAtHighTradeWillingness() passed after 11.532 seconds.
✔ Test decisionMetricsRecordChoiceOpportunities() passed after 11.532 seconds.
✔ Test scoresExcludesTheGivenPlayerAndSortsHighestFirst() passed after 11.532 seconds.
✔ Test buildRoadScoreIsHigherWhenItDeniesAHighThreatOpponentsImmediateFrontier() passed after 11.532 seconds.
✔ Test longestRoadClaimBonusIsLargerWhenTakingItFromAHighThreatHolder() passed after 11.532 seconds.
✔ Test robberDisruptionScalesWithRelativeThreatNotJustRawVictoryPoints() passed after 11.532 seconds.
✔ Test expandedDevelopmentCardFallbackHonorsPermanentBuildReserve() passed after 11.538 seconds.
✔ Test choosePlayAlwaysPlaysAHeldRoadBuildingCardWhenARoadIsLegal() passed after 11.538 seconds.
✔ Test aBotTakesAHexWhenItHoldsEnoughToWinIt() passed after 11.538 seconds.
✔ Test opponentFrontierIncludesVacantVertexTwoHopsFromTheirSettlementButNotOneHop() passed after 11.537 seconds.
✔ Test aBotDoesNotThrowCardsAtAHexItCannotTake() passed after 11.538 seconds.
✔ Test aTargetedBotBuysOnlyWhenOneMoreCardWouldTakeAGoodHex() passed after 11.538 seconds.
✔ Test everySupportedRulesConfigurationCompletesWithOnlyLegalMoves(game:) with 24 test cases passed after 11.538 seconds.
✔ Test aHandThatCanTakeAPrimeHexIsWorthMoreThanItsCards() passed after 11.537 seconds.
✔ Test buyingIsPricedWithoutPeekingAtTheDeck() passed after 11.537 seconds.
✔ Test scoreIncludesHeldDevCardCount() passed after 11.548 seconds.
✔ Test bridgesOwnFragmentsDetectsAGenuineBridgeBetweenTwoDisconnectedPieces() passed after 11.553 seconds.
✔ Test buyDevCardScoreIsNotBoostedWhenTheHolderIsFarAhead() passed after 11.649 seconds.
✔ Test generousUnlockCeilingCollapsesWithAGoodPort() passed after 11.693 seconds.
✔ Test decisionMetricsRecordDisruptionAndProposalOpportunities() passed after 11.693 seconds.
✔ Test expandedBotReservesNearTermPermanentBuildResourcesBeforeBuyingDevelopmentCards() passed after 11.693 seconds.
✔ Test chooseBuildIsDeterministicWhenOneMoveClearlyDominates() passed after 11.693 seconds.
✔ Test silencingTheLeaderIsWorthMoreThanSilencingAnyoneElse() passed after 11.701 seconds.
✔ Test ownStandingIsBelowOneWhenBehindTheField() passed after 11.701 seconds.
✔ Test anExternalResponderKeepsTheOfferForTheUI() passed after 11.720 seconds.
◇ Test case passing 1 argument offset → -1 to strictNativeThresholdBoundaryIsUnchanged(offset:) started.
◇ Test case passing 1 argument offset → 0 to strictNativeThresholdBoundaryIsUnchanged(offset:) started.
◇ Test case passing 1 argument offset → 1 to strictNativeThresholdBoundaryIsUnchanged(offset:) started.
✔ Test longestRoadPursuitBonusCreditsABridgeEvenBelowThePursuitGate() passed after 11.728 seconds.
◇ Test case passing 2 arguments phaseIndex → 0, seed → 41 to otherPhasesPreservePlainPolicyAndRNG(phaseIndex:seed:) started.
◇ Test case passing 2 arguments phaseIndex → 0, seed → 43 to otherPhasesPreservePlainPolicyAndRNG(phaseIndex:seed:) started.
◇ Test case passing 2 arguments phaseIndex → 1, seed → 41 to otherPhasesPreservePlainPolicyAndRNG(phaseIndex:seed:) started.
◇ Test case passing 2 arguments phaseIndex → 1, seed → 43 to otherPhasesPreservePlainPolicyAndRNG(phaseIndex:seed:) started.
◇ Test case passing 2 arguments phaseIndex → 2, seed → 41 to otherPhasesPreservePlainPolicyAndRNG(phaseIndex:seed:) started.
◇ Test case passing 2 arguments phaseIndex → 2, seed → 43 to otherPhasesPreservePlainPolicyAndRNG(phaseIndex:seed:) started.
◇ Test case passing 2 arguments phaseIndex → 3, seed → 41 to otherPhasesPreservePlainPolicyAndRNG(phaseIndex:seed:) started.
◇ Test case passing 2 arguments phaseIndex → 3, seed → 43 to otherPhasesPreservePlainPolicyAndRNG(phaseIndex:seed:) started.
◇ Test case passing 2 arguments phaseIndex → 4, seed → 41 to otherPhasesPreservePlainPolicyAndRNG(phaseIndex:seed:) started.
◇ Test case passing 2 arguments phaseIndex → 4, seed → 43 to otherPhasesPreservePlainPolicyAndRNG(phaseIndex:seed:) started.
✔ Test highPipVertexScoresHigherThanLowPipVertex() passed after 11.860 seconds.
◇ Test case passing 1 argument acceptOnly → false to mixedAndAcceptOnlyMasksUseUnchangedFallback(acceptOnly:) started.
◇ Test case passing 1 argument acceptOnly → true to mixedAndAcceptOnlyMasksUseUnchangedFallback(acceptOnly:) started.
✔ Test aThinGarrisonNextToAnArmedRivalCostsSomething() passed after 11.982 seconds.
◇ Test case passing 1 argument example → WorkedExample(before: [CatanEngine.Resource.grain: 1, CatanEngine.Resource.ore: 1], give: [CatanEngine.Resource.wool: 1], want: [CatanEngine.Resource.ore: 1], devDelta: 0.0, totalDelta: 0.25, accepts: false) to matchesOfflineWorkedExamples(example:) started.
◇ Test case passing 1 argument example → WorkedExample(before: [CatanEngine.Resource.grain: 1, CatanEngine.Resource.ore: 2], give: [CatanEngine.Resource.wool: 1], want: [CatanEngine.Resource.ore: 1], devDelta: 1.5, totalDelta: 1.5833333333333333, accepts: true) to matchesOfflineWorkedExamples(example:) started.
◇ Test case passing 1 argument example → WorkedExample(before: [CatanEngine.Resource.ore: 1, CatanEngine.Resource.grain: 1, CatanEngine.Resource.wool: 1], give: [CatanEngine.Resource.lumber: 1], want: [CatanEngine.Resource.ore: 1], devDelta: -1.5, totalDelta: -0.4166666666666667, accepts: false) to matchesOfflineWorkedExamples(example:) started.
✔ Test evaluateRequiresABetterDealWhenReceiverIsComfortablyAhead() passed after 11.990 seconds.
✔ Test alreadyCoveredResourceScoresLowerThanNewResourceAtEqualPips() passed after 12.199 seconds.
◇ Test case passing 1 argument depletedSeat → 0 to availabilityControlsNeverInventAcceptanceOrBuilds(depletedSeat:) started.
◇ Test case passing 1 argument depletedSeat → 1 to availabilityControlsNeverInventAcceptanceOrBuilds(depletedSeat:) started.
◇ Test case passing 1 argument depletedSeat → 2 to availabilityControlsNeverInventAcceptanceOrBuilds(depletedSeat:) started.
✔ Test buildRoadScoreExcludesReachableVertexThatIsAlreadyOccupied() passed after 12.216 seconds.
◇ Test case passing 1 argument quantity → 1 to bundleAndQuantityUseFinalInventory(quantity:) started.
◇ Test case passing 1 argument quantity → 2 to bundleAndQuantityUseFinalInventory(quantity:) started.
◇ Test case passing 1 argument quantity → 3 to bundleAndQuantityUseFinalInventory(quantity:) started.
✔ Test aBoldBotBuysAnArmyCardBeforeBuildingAndAnIdleOneDoesNot() passed after 12.464 seconds.
◇ Test case passing 1 argument players → 3 to aCompleteExternalSeatMatchStaysReloadable(players:) started.
◇ Test case passing 1 argument players → 4 to aCompleteExternalSeatMatchStaysReloadable(players:) started.
✔ Test relativeWeightIsAboveOneForAnAboveAverageOpponent() passed after 12.703 seconds.
✔ Test everyEmpireHasALargePitchAndResponsePool() passed after 13.178 seconds.
✔ Test responseIsDeterministicForTheSameOfferID() passed after 13.484 seconds.
✔ Test decisionMetricsRecordTradeResponsesAndProposalShape() passed after 13.484 seconds.
✔ Test evaluateRejectsATradeThatWouldHandTheProposerAnImmediateBuild() passed after 13.570 seconds.
✔ Test buyDevCardScoreIsBoostedTwoKnightsFromLargestArmy() passed after 13.655 seconds.
✔ Test scoreAddsLargestArmySwingBonusWhenOneKnightAway() passed after 13.655 seconds.
◇ Test case passing 1 argument oreHeld → 1 to woolForOreCompletesPurchaseOnlyWhenPaymentLeavesOre(oreHeld:) started.
◇ Test case passing 1 argument oreHeld → 2 to woolForOreCompletesPurchaseOnlyWhenPaymentLeavesOre(oreHeld:) started.
✔ Test scoreIncludesProductionStrengthWeightedByPips() passed after 13.700 seconds.
✔ Test buyDevCardScoreIgnoresHeldVictoryPointCards() passed after 13.729 seconds.
✔ Test proposeTradesRetriesWithADifferentOfferAfterADecline() passed after 13.729 seconds.
✔ Test scoreSkipsLongestRoadSwingBonusWhenFarBehindTheHolder() passed after 13.745 seconds.
✔ Test theShippedConquestExpertIsTheAdoptedFit() passed after 13.768 seconds.
✔ Test heuristicHonoursATradeResponseOnlyActionMask() passed after 13.811 seconds.
◇ Test case passing 1 argument mode → .classic to aFullGameReachesAWinner(mode:) started.
◇ Test case passing 1 argument mode → .expanded to aFullGameReachesAWinner(mode:) started.
✔ Test aggressivePersonalityProactivelyUsesAKnightButCautiousDoesNot() passed after 16.265 seconds.
✔ Test bestBankTradeIsNilWhenNothingIsBlockingTheNearestBuild() passed after 16.264 seconds.
✔ Test longestRoadDefenseBonusIsAbsentWhenLeadIsUncontested() passed after 16.264 seconds.
◇ Test case passing 1 argument accept → false to manualResponsesTrainButTheSameAutomaticMoveDoesNot(accept:) started.
◇ Test case passing 1 argument accept → true to manualResponsesTrainButTheSameAutomaticMoveDoesNot(accept:) started.
✔ Test buildSettlementScoreIsHigherWhenItDeniesAHighThreatOpponentsFrontier() passed after 16.484 seconds.
✔ Test scoreWeighsVictoryPointsHeavily() passed after 16.484 seconds.
✔ Test pitchIsDeterministicForTheSameOfferID() passed after 16.498 seconds.
✔ Test aStandardGameNeverAsksForArmyMoves() passed after 16.497 seconds.
✔ Test choosePlayDoesNotRushLargestArmyAgainstAFarAheadHolderMidGame() passed after 16.497 seconds.
✔ Test tradeHeuristicsRejectsTradeAwayFromNextBuild() passed after 16.498 seconds.
✔ Test aResumedBotProposalStillReceivesAResponse() passed after 16.497 seconds.
✔ Test expertSpendsItsFreeCardTakingAHex() passed after 16.498 seconds.
✔ Test generousUnlockDoesNotApplyToARoad() passed after 16.497 seconds.
✔ Test cautiousBotAsksAPlayerBeforePayingTheBankWhileBalancedUsesTheBank() passed after 16.498 seconds.
✔ Test consolidationMetricRecordsEveryDecisionWhereACityIsBuildable() passed after 16.497 seconds.
✔ Test yearOfPlentyFundsTheMissingExpeditionIngredients(tier:) with 2 test cases passed after 16.498 seconds.
◇ Test case passing 2 arguments payment → Payment(received: CatanEngine.Resource.ore, sold: CatanEngine.Resource.grain, retainsCost: false), quantity → 1 to neededPaymentStillEarnsCompletionCredit(payment:quantity:) started.
◇ Test case passing 2 arguments payment → Payment(received: CatanEngine.Resource.ore, sold: CatanEngine.Resource.grain, retainsCost: false), quantity → 2 to neededPaymentStillEarnsCompletionCredit(payment:quantity:) started.
◇ Test case passing 2 arguments payment → Payment(received: CatanEngine.Resource.ore, sold: CatanEngine.Resource.grain, retainsCost: true), quantity → 1 to neededPaymentStillEarnsCompletionCredit(payment:quantity:) started.
◇ Test case passing 2 arguments payment → Payment(received: CatanEngine.Resource.ore, sold: CatanEngine.Resource.grain, retainsCost: true), quantity → 2 to neededPaymentStillEarnsCompletionCredit(payment:quantity:) started.
◇ Test case passing 2 arguments payment → Payment(received: CatanEngine.Resource.ore, sold: CatanEngine.Resource.wool, retainsCost: false), quantity → 1 to neededPaymentStillEarnsCompletionCredit(payment:quantity:) started.
◇ Test case passing 2 arguments payment → Payment(received: CatanEngine.Resource.ore, sold: CatanEngine.Resource.wool, retainsCost: false), quantity → 2 to neededPaymentStillEarnsCompletionCredit(payment:quantity:) started.
◇ Test case passing 2 arguments payment → Payment(received: CatanEngine.Resource.ore, sold: CatanEngine.Resource.wool, retainsCost: true), quantity → 1 to neededPaymentStillEarnsCompletionCredit(payment:quantity:) started.
◇ Test case passing 2 arguments payment → Payment(received: CatanEngine.Resource.ore, sold: CatanEngine.Resource.wool, retainsCost: true), quantity → 2 to neededPaymentStillEarnsCompletionCredit(payment:quantity:) started.
◇ Test case passing 2 arguments payment → Payment(received: CatanEngine.Resource.grain, sold: CatanEngine.Resource.ore, retainsCost: false), quantity → 1 to neededPaymentStillEarnsCompletionCredit(payment:quantity:) started.
◇ Test case passing 2 arguments payment → Payment(received: CatanEngine.Resource.grain, sold: CatanEngine.Resource.ore, retainsCost: false), quantity → 2 to neededPaymentStillEarnsCompletionCredit(payment:quantity:) started.
◇ Test case passing 2 arguments payment → Payment(received: CatanEngine.Resource.grain, sold: CatanEngine.Resource.ore, retainsCost: true), quantity → 1 to neededPaymentStillEarnsCompletionCredit(payment:quantity:) started.
◇ Test case passing 2 arguments payment → Payment(received: CatanEngine.Resource.grain, sold: CatanEngine.Resource.ore, retainsCost: true), quantity → 2 to neededPaymentStillEarnsCompletionCredit(payment:quantity:) started.
◇ Test case passing 2 arguments payment → Payment(received: CatanEngine.Resource.grain, sold: CatanEngine.Resource.wool, retainsCost: false), quantity → 1 to neededPaymentStillEarnsCompletionCredit(payment:quantity:) started.
◇ Test case passing 2 arguments payment → Payment(received: CatanEngine.Resource.grain, sold: CatanEngine.Resource.wool, retainsCost: false), quantity → 2 to neededPaymentStillEarnsCompletionCredit(payment:quantity:) started.
◇ Test case passing 2 arguments payment → Payment(received: CatanEngine.Resource.grain, sold: CatanEngine.Resource.wool, retainsCost: true), quantity → 1 to neededPaymentStillEarnsCompletionCredit(payment:quantity:) started.
◇ Test case passing 2 arguments payment → Payment(received: CatanEngine.Resource.grain, sold: CatanEngine.Resource.wool, retainsCost: true), quantity → 2 to neededPaymentStillEarnsCompletionCredit(payment:quantity:) started.
◇ Test case passing 2 arguments payment → Payment(received: CatanEngine.Resource.wool, sold: CatanEngine.Resource.ore, retainsCost: false), quantity → 1 to neededPaymentStillEarnsCompletionCredit(payment:quantity:) started.
◇ Test case passing 2 arguments payment → Payment(received: CatanEngine.Resource.wool, sold: CatanEngine.Resource.ore, retainsCost: false), quantity → 2 to neededPaymentStillEarnsCompletionCredit(payment:quantity:) started.
◇ Test case passing 2 arguments payment → Payment(received: CatanEngine.Resource.wool, sold: CatanEngine.Resource.ore, retainsCost: true), quantity → 1 to neededPaymentStillEarnsCompletionCredit(payment:quantity:) started.
◇ Test case passing 2 arguments payment → Payment(received: CatanEngine.Resource.wool, sold: CatanEngine.Resource.ore, retainsCost: true), quantity → 2 to neededPaymentStillEarnsCompletionCredit(payment:quantity:) started.
◇ Test case passing 2 arguments payment → Payment(received: CatanEngine.Resource.wool, sold: CatanEngine.Resource.grain, retainsCost: false), quantity → 1 to neededPaymentStillEarnsCompletionCredit(payment:quantity:) started.
◇ Test case passing 2 arguments payment → Payment(received: CatanEngine.Resource.wool, sold: CatanEngine.Resource.grain, retainsCost: false), quantity → 2 to neededPaymentStillEarnsCompletionCredit(payment:quantity:) started.
◇ Test case passing 2 arguments payment → Payment(received: CatanEngine.Resource.wool, sold: CatanEngine.Resource.grain, retainsCost: true), quantity → 1 to neededPaymentStillEarnsCompletionCredit(payment:quantity:) started.
◇ Test case passing 2 arguments payment → Payment(received: CatanEngine.Resource.wool, sold: CatanEngine.Resource.grain, retainsCost: true), quantity → 2 to neededPaymentStillEarnsCompletionCredit(payment:quantity:) started.
◇ Test case passing 2 arguments payment → Payment(received: CatanEngine.Resource.ore, sold: CatanEngine.Resource.grain, retainsCost: true), quantity → 1 to emptyDeckBlocksPurchaseButNotBaselineCredit(payment:quantity:) started.
◇ Test case passing 2 arguments payment → Payment(received: CatanEngine.Resource.ore, sold: CatanEngine.Resource.grain, retainsCost: true), quantity → 2 to emptyDeckBlocksPurchaseButNotBaselineCredit(payment:quantity:) started.
◇ Test case passing 2 arguments payment → Payment(received: CatanEngine.Resource.ore, sold: CatanEngine.Resource.wool, retainsCost: true), quantity → 1 to emptyDeckBlocksPurchaseButNotBaselineCredit(payment:quantity:) started.
◇ Test case passing 2 arguments payment → Payment(received: CatanEngine.Resource.ore, sold: CatanEngine.Resource.wool, retainsCost: true), quantity → 2 to emptyDeckBlocksPurchaseButNotBaselineCredit(payment:quantity:) started.
◇ Test case passing 2 arguments payment → Payment(received: CatanEngine.Resource.grain, sold: CatanEngine.Resource.ore, retainsCost: true), quantity → 1 to emptyDeckBlocksPurchaseButNotBaselineCredit(payment:quantity:) started.
◇ Test case passing 2 arguments payment → Payment(received: CatanEngine.Resource.grain, sold: CatanEngine.Resource.ore, retainsCost: true), quantity → 2 to emptyDeckBlocksPurchaseButNotBaselineCredit(payment:quantity:) started.
◇ Test case passing 2 arguments payment → Payment(received: CatanEngine.Resource.grain, sold: CatanEngine.Resource.wool, retainsCost: true), quantity → 1 to emptyDeckBlocksPurchaseButNotBaselineCredit(payment:quantity:) started.
◇ Test case passing 2 arguments payment → Payment(received: CatanEngine.Resource.grain, sold: CatanEngine.Resource.wool, retainsCost: true), quantity → 2 to emptyDeckBlocksPurchaseButNotBaselineCredit(payment:quantity:) started.
◇ Test case passing 2 arguments payment → Payment(received: CatanEngine.Resource.wool, sold: CatanEngine.Resource.ore, retainsCost: true), quantity → 1 to emptyDeckBlocksPurchaseButNotBaselineCredit(payment:quantity:) started.
◇ Test case passing 2 arguments payment → Payment(received: CatanEngine.Resource.wool, sold: CatanEngine.Resource.ore, retainsCost: true), quantity → 2 to emptyDeckBlocksPurchaseButNotBaselineCredit(payment:quantity:) started.
◇ Test case passing 2 arguments payment → Payment(received: CatanEngine.Resource.wool, sold: CatanEngine.Resource.grain, retainsCost: true), quantity → 1 to emptyDeckBlocksPurchaseButNotBaselineCredit(payment:quantity:) started.
◇ Test case passing 2 arguments payment → Payment(received: CatanEngine.Resource.wool, sold: CatanEngine.Resource.grain, retainsCost: true), quantity → 2 to emptyDeckBlocksPurchaseButNotBaselineCredit(payment:quantity:) started.
◇ Test case passing 2 arguments payment → Payment(received: CatanEngine.Resource.ore, sold: CatanEngine.Resource.brick, retainsCost: false), quantity → 1 to emptyDeckBlocksPurchaseButNotBaselineCredit(payment:quantity:) started.
◇ Test case passing 2 arguments payment → Payment(received: CatanEngine.Resource.ore, sold: CatanEngine.Resource.brick, retainsCost: false), quantity → 2 to emptyDeckBlocksPurchaseButNotBaselineCredit(payment:quantity:) started.
◇ Test case passing 2 arguments payment → Payment(received: CatanEngine.Resource.ore, sold: CatanEngine.Resource.lumber, retainsCost: false), quantity → 1 to emptyDeckBlocksPurchaseButNotBaselineCredit(payment:quantity:) started.
◇ Test case passing 2 arguments payment → Payment(received: CatanEngine.Resource.ore, sold: CatanEngine.Resource.lumber, retainsCost: false), quantity → 2 to emptyDeckBlocksPurchaseButNotBaselineCredit(payment:quantity:) started.
◇ Test case passing 2 arguments payment → Payment(received: CatanEngine.Resource.grain, sold: CatanEngine.Resource.brick, retainsCost: false), quantity → 1 to emptyDeckBlocksPurchaseButNotBaselineCredit(payment:quantity:) started.
◇ Test case passing 2 arguments payment → Payment(received: CatanEngine.Resource.grain, sold: CatanEngine.Resource.brick, retainsCost: false), quantity → 2 to emptyDeckBlocksPurchaseButNotBaselineCredit(payment:quantity:) started.
◇ Test case passing 2 arguments payment → Payment(received: CatanEngine.Resource.grain, sold: CatanEngine.Resource.lumber, retainsCost: false), quantity → 1 to emptyDeckBlocksPurchaseButNotBaselineCredit(payment:quantity:) started.
◇ Test case passing 2 arguments payment → Payment(received: CatanEngine.Resource.grain, sold: CatanEngine.Resource.lumber, retainsCost: false), quantity → 2 to emptyDeckBlocksPurchaseButNotBaselineCredit(payment:quantity:) started.
◇ Test case passing 2 arguments payment → Payment(received: CatanEngine.Resource.wool, sold: CatanEngine.Resource.brick, retainsCost: false), quantity → 1 to emptyDeckBlocksPurchaseButNotBaselineCredit(payment:quantity:) started.
◇ Test case passing 2 arguments payment → Payment(received: CatanEngine.Resource.wool, sold: CatanEngine.Resource.brick, retainsCost: false), quantity → 2 to emptyDeckBlocksPurchaseButNotBaselineCredit(payment:quantity:) started.
◇ Test case passing 2 arguments payment → Payment(received: CatanEngine.Resource.wool, sold: CatanEngine.Resource.lumber, retainsCost: false), quantity → 1 to emptyDeckBlocksPurchaseButNotBaselineCredit(payment:quantity:) started.
◇ Test case passing 2 arguments payment → Payment(received: CatanEngine.Resource.wool, sold: CatanEngine.Resource.lumber, retainsCost: false), quantity → 2 to emptyDeckBlocksPurchaseButNotBaselineCredit(payment:quantity:) started.
◇ Test case passing 2 arguments payment → Payment(received: CatanEngine.Resource.ore, sold: CatanEngine.Resource.brick, retainsCost: false), quantity → 1 to irrelevantPaymentReallyCompletesPurchase(payment:quantity:) started.
◇ Test case passing 2 arguments payment → Payment(received: CatanEngine.Resource.ore, sold: CatanEngine.Resource.brick, retainsCost: false), quantity → 2 to irrelevantPaymentReallyCompletesPurchase(payment:quantity:) started.
◇ Test case passing 2 arguments payment → Payment(received: CatanEngine.Resource.ore, sold: CatanEngine.Resource.lumber, retainsCost: false), quantity → 1 to irrelevantPaymentReallyCompletesPurchase(payment:quantity:) started.
◇ Test case passing 2 arguments payment → Payment(received: CatanEngine.Resource.ore, sold: CatanEngine.Resource.lumber, retainsCost: false), quantity → 2 to irrelevantPaymentReallyCompletesPurchase(payment:quantity:) started.
◇ Test case passing 2 arguments payment → Payment(received: CatanEngine.Resource.grain, sold: CatanEngine.Resource.brick, retainsCost: false), quantity → 1 to irrelevantPaymentReallyCompletesPurchase(payment:quantity:) started.
◇ Test case passing 2 arguments payment → Payment(received: CatanEngine.Resource.grain, sold: CatanEngine.Resource.brick, retainsCost: false), quantity → 2 to irrelevantPaymentReallyCompletesPurchase(payment:quantity:) started.
◇ Test case passing 2 arguments payment → Payment(received: CatanEngine.Resource.grain, sold: CatanEngine.Resource.lumber, retainsCost: false), quantity → 1 to irrelevantPaymentReallyCompletesPurchase(payment:quantity:) started.
◇ Test case passing 2 arguments payment → Payment(received: CatanEngine.Resource.grain, sold: CatanEngine.Resource.lumber, retainsCost: false), quantity → 2 to irrelevantPaymentReallyCompletesPurchase(payment:quantity:) started.
◇ Test case passing 2 arguments payment → Payment(received: CatanEngine.Resource.wool, sold: CatanEngine.Resource.brick, retainsCost: false), quantity → 1 to irrelevantPaymentReallyCompletesPurchase(payment:quantity:) started.
◇ Test case passing 2 arguments payment → Payment(received: CatanEngine.Resource.wool, sold: CatanEngine.Resource.brick, retainsCost: false), quantity → 2 to irrelevantPaymentReallyCompletesPurchase(payment:quantity:) started.
◇ Test case passing 2 arguments payment → Payment(received: CatanEngine.Resource.wool, sold: CatanEngine.Resource.lumber, retainsCost: false), quantity → 1 to irrelevantPaymentReallyCompletesPurchase(payment:quantity:) started.
◇ Test case passing 2 arguments payment → Payment(received: CatanEngine.Resource.wool, sold: CatanEngine.Resource.lumber, retainsCost: false), quantity → 2 to irrelevantPaymentReallyCompletesPurchase(payment:quantity:) started.
✔ Test aBankTradeThatUnlocksACityIsTaken() passed after 30.544 seconds.
✔ Test buildRoadScoreIncludesLongestRoadBonusOnlyWhenItWouldBeClaimed() passed after 30.544 seconds.
✔ Test aBankTradeThatUnlocksNothingIsRefused() passed after 30.763 seconds.
✔ Test aShortGameEndsSooner() passed after 30.765 seconds.
✔ Test longestRoadDefenseBonusAppliesWhenARivalIsCloseBehind() passed after 30.818 seconds.
H6H10 H10 affordable real site policy=evaluation-v1 chosen=buildSettlement(CatanEngine.VertexID(touchingTiles: [CatanEngine.HexCoordinate(q: -1, r: 0), CatanEngine.HexCoordinate(q: 0, r: -1), CatanEngine.HexCoordinate(q: 0, r: 0)])) score=3.0158597222222223
H6H10 seat=0 publicVP=1 standing=2.1448416666666668 production=[0.1388888888888889, 0.0, 0.0, 0.16666666666666666, 0.0] bankRates=[4, 4, 4, 4, 4]
H6H10 seat=1 publicVP=0 standing=0.0 production=[0.0, 0.0, 0.0, 0.0, 0.0] bankRates=[4, 4, 4, 4, 4]
H6H10 seat=2 publicVP=0 standing=0.0 production=[0.0, 0.0, 0.0, 0.0, 0.0] bankRates=[4, 4, 4, 4, 4]
H6H10 seat=3 publicVP=0 standing=0.0 production=[0.0, 0.0, 0.0, 0.0, 0.0] bankRates=[4, 4, 4, 4, 4]
H6H10 candidate=buildRoad(CatanEngine.EdgeID(a: CatanEngine.VertexID(touchingTiles: [CatanEngine.HexCoordinate(q: -1, r: -1), CatanEngine.HexCoordinate(q: -1, r: 0), CatanEngine.HexCoordinate(q: 0, r: -1)]), b: CatanEngine.VertexID(touchingTiles: [CatanEngine.HexCoordinate(q: -1, r: 0), CatanEngine.HexCoordinate(q: 0, r: -1), CatanEngine.HexCoordinate(q: 0, r: 0)]))) deltaVsEnd=-0.0053972222222222754 cardsDelta=-2 roadLengthDelta=1 linearRoadCredit=0.0888 sites=2 approaches=39
H6H10 candidate=buildRoad(CatanEngine.EdgeID(a: CatanEngine.VertexID(touchingTiles: [CatanEngine.HexCoordinate(q: -1, r: 0), CatanEngine.HexCoordinate(q: -1, r: 1), CatanEngine.HexCoordinate(q: 0, r: 0)]), b: CatanEngine.VertexID(touchingTiles: [CatanEngine.HexCoordinate(q: -1, r: 0), CatanEngine.HexCoordinate(q: 0, r: -1), CatanEngine.HexCoordinate(q: 0, r: 0)]))) deltaVsEnd=-0.013924999999999965 cardsDelta=-2 roadLengthDelta=1 linearRoadCredit=0.0888 sites=2 approaches=42
H6H10 candidate=buildSettlement(CatanEngine.VertexID(touchingTiles: [CatanEngine.HexCoordinate(q: -1, r: 0), CatanEngine.HexCoordinate(q: 0, r: -1), CatanEngine.HexCoordinate(q: 0, r: 0)])) deltaVsEnd=0.8710180555555556 cardsDelta=-4 roadLengthDelta=0 linearRoadCredit=0.0 sites=0 approaches=36
H6H10 H6 alternate public army holder policy=evaluation-v1 chosen=moveRobber(CatanEngine.HexCoordinate(q: 2, r: 0), stealFrom: nil) score=-3.871593565277778
H6H10 seat=0 publicVP=0 standing=0.0 production=[0.0, 0.0, 0.0, 0.0, 0.0] bankRates=[4, 4, 4, 4, 4]
H6H10 seat=1 publicVP=4 standing=5.071625 production=[0.16666666666666666, 0.16666666666666666, 0.0, 0.6666666666666667, 0.0] bankRates=[4, 4, 4, 4, 2]
H6H10 seat=2 publicVP=3 standing=4.300793055555555 production=[0.0, 0.1388888888888889, 0.0, 0.0, 0.1388888888888889] bankRates=[4, 4, 4, 4, 4]
H6H10 seat=3 publicVP=0 standing=0.0 production=[0.0, 0.0, 0.0, 0.0, 0.0] bankRates=[4, 4, 4, 4, 4]
H6H10 candidate=moveRobber(CatanEngine.HexCoordinate(q: 2, r: 0), stealFrom: nil) deltaVsEnd=0.0 cardsDelta=0 roadLengthDelta=0 linearRoadCredit=0.0 sites=0 approaches=0
H6H10 H10 affordable real site policy=evaluation-city-production-v1 chosen=buildSettlement(CatanEngine.VertexID(touchingTiles: [CatanEngine.HexCoordinate(q: -1, r: 0), CatanEngine.HexCoordinate(q: 0, r: -1), CatanEngine.HexCoordinate(q: 0, r: 0)])) score=3.0158597222222223
H6H10 seat=0 publicVP=1 standing=2.1448416666666668 production=[0.1388888888888889, 0.0, 0.0, 0.16666666666666666, 0.0] bankRates=[4, 4, 4, 4, 4]
H6H10 seat=1 publicVP=0 standing=0.0 production=[0.0, 0.0, 0.0, 0.0, 0.0] bankRates=[4, 4, 4, 4, 4]
H6H10 seat=2 publicVP=0 standing=0.0 production=[0.0, 0.0, 0.0, 0.0, 0.0] bankRates=[4, 4, 4, 4, 4]
H6H10 seat=3 publicVP=0 standing=0.0 production=[0.0, 0.0, 0.0, 0.0, 0.0] bankRates=[4, 4, 4, 4, 4]
H6H10 candidate=buildRoad(CatanEngine.EdgeID(a: CatanEngine.VertexID(touchingTiles: [CatanEngine.HexCoordinate(q: -1, r: -1), CatanEngine.HexCoordinate(q: -1, r: 0), CatanEngine.HexCoordinate(q: 0, r: -1)]), b: CatanEngine.VertexID(touchingTiles: [CatanEngine.HexCoordinate(q: -1, r: 0), CatanEngine.HexCoordinate(q: 0, r: -1), CatanEngine.HexCoordinate(q: 0, r: 0)]))) deltaVsEnd=-0.0053972222222222754 cardsDelta=-2 roadLengthDelta=1 linearRoadCredit=0.0888 sites=2 approaches=39
H6H10 candidate=buildRoad(CatanEngine.EdgeID(a: CatanEngine.VertexID(touchingTiles: [CatanEngine.HexCoordinate(q: -1, r: 0), CatanEngine.HexCoordinate(q: -1, r: 1), CatanEngine.HexCoordinate(q: 0, r: 0)]), b: CatanEngine.VertexID(touchingTiles: [CatanEngine.HexCoordinate(q: -1, r: 0), CatanEngine.HexCoordinate(q: 0, r: -1), CatanEngine.HexCoordinate(q: 0, r: 0)]))) deltaVsEnd=-0.013924999999999965 cardsDelta=-2 roadLengthDelta=1 linearRoadCredit=0.0888 sites=2 approaches=42
H6H10 candidate=buildSettlement(CatanEngine.VertexID(touchingTiles: [CatanEngine.HexCoordinate(q: -1, r: 0), CatanEngine.HexCoordinate(q: 0, r: -1), CatanEngine.HexCoordinate(q: 0, r: 0)])) deltaVsEnd=0.8710180555555556 cardsDelta=-4 roadLengthDelta=0 linearRoadCredit=0.0 sites=0 approaches=36
◇ Test case passing 2 arguments selfCollateral → false, steal → false to robberPolicyTraceUsesItsCompleteLegalMask(selfCollateral:steal:) started.
H6H10 H6 alternate public army holder policy=evaluation-city-production-v1 chosen=moveRobber(CatanEngine.HexCoordinate(q: 2, r: 0), stealFrom: nil) score=-3.871593565277778
H6H10 seat=0 publicVP=0 standing=0.0 production=[0.0, 0.0, 0.0, 0.0, 0.0] bankRates=[4, 4, 4, 4, 4]
H6H10 seat=1 publicVP=4 standing=5.071625 production=[0.16666666666666666, 0.16666666666666666, 0.0, 0.6666666666666667, 0.0] bankRates=[4, 4, 4, 4, 2]
H6H10 seat=2 publicVP=3 standing=4.300793055555555 production=[0.0, 0.1388888888888889, 0.0, 0.0, 0.1388888888888889] bankRates=[4, 4, 4, 4, 4]
H6H10 seat=3 publicVP=0 standing=0.0 production=[0.0, 0.0, 0.0, 0.0, 0.0] bankRates=[4, 4, 4, 4, 4]
H6H10 candidate=moveRobber(CatanEngine.HexCoordinate(q: 2, r: 0), stealFrom: nil) deltaVsEnd=0.0 cardsDelta=0 roadLengthDelta=0 linearRoadCredit=0.0 sites=0 approaches=0
◇ Test case passing 2 arguments selfCollateral → false, steal → true to robberPolicyTraceUsesItsCompleteLegalMask(selfCollateral:steal:) started.
H6H10 H6 collateral=false steal=false policy=evaluation-v1 chosen=moveRobber(CatanEngine.HexCoordinate(q: 2, r: 0), stealFrom: nil) score=-3.871593565277778
H6H10 seat=0 publicVP=0 standing=0.0 production=[0.0, 0.0, 0.0, 0.0, 0.0] bankRates=[4, 4, 4, 4, 4]
H6H10 seat=1 publicVP=4 standing=5.071625 production=[0.16666666666666666, 0.16666666666666666, 0.0, 0.6666666666666667, 0.0] bankRates=[4, 4, 4, 4, 2]
H6H10 seat=2 publicVP=1 standing=1.5174930555555555 production=[0.0, 0.1388888888888889, 0.0, 0.0, 0.1388888888888889] bankRates=[4, 4, 4, 4, 4]
H6H10 seat=3 publicVP=0 standing=0.0 production=[0.0, 0.0, 0.0, 0.0, 0.0] bankRates=[4, 4, 4, 4, 4]
H6H10 candidate=moveRobber(CatanEngine.HexCoordinate(q: -1, r: 1), stealFrom: nil) deltaVsEnd=-0.20548577222222164 cardsDelta=0 roadLengthDelta=0 linearRoadCredit=0.0 sites=0 approaches=0
H6H10 candidate=moveRobber(CatanEngine.HexCoordinate(q: 2, r: 0), stealFrom: nil) deltaVsEnd=0.0 cardsDelta=0 roadLengthDelta=0 linearRoadCredit=0.0 sites=0 approaches=0
H6H10 H6 collateral=false steal=true policy=evaluation-v1 chosen=moveRobber(CatanEngine.HexCoordinate(q: 2, r: 0), stealFrom: Optional(CatanEngine.PlayerID(index: 1))) score=-3.786231065277778
H6H10 seat=0 publicVP=0 standing=0.0 production=[0.0, 0.0, 0.0, 0.0, 0.0] bankRates=[4, 4, 4, 4, 4]
H6H10 seat=1 publicVP=4 standing=5.159755 production=[0.16666666666666666, 0.16666666666666666, 0.0, 0.6666666666666667, 0.0] bankRates=[4, 4, 4, 4, 2]
H6H10 seat=2 publicVP=1 standing=1.6056230555555555 production=[0.0, 0.1388888888888889, 0.0, 0.0, 0.1388888888888889] bankRates=[4, 4, 4, 4, 4]
H6H10 seat=3 publicVP=0 standing=0.0 production=[0.0, 0.0, 0.0, 0.0, 0.0] bankRates=[4, 4, 4, 4, 4]
H6H10 candidate=moveRobber(CatanEngine.HexCoordinate(q: -1, r: 1), stealFrom: Optional(CatanEngine.PlayerID(index: 2))) deltaVsEnd=-0.27633347922222073 cardsDelta=1 roadLengthDelta=0 linearRoadCredit=0.0 sites=0 approaches=0
H6H10 candidate=moveRobber(CatanEngine.HexCoordinate(q: 2, r: 0), stealFrom: Optional(CatanEngine.PlayerID(index: 1))) deltaVsEnd=0.0 cardsDelta=1 roadLengthDelta=0 linearRoadCredit=0.0 sites=0 approaches=0
H6H10 H6 collateral=false steal=false policy=evaluation-city-production-v1 chosen=moveRobber(CatanEngine.HexCoordinate(q: 2, r: 0), stealFrom: nil) score=-3.871593565277778
H6H10 seat=0 publicVP=0 standing=0.0 production=[0.0, 0.0, 0.0, 0.0, 0.0] bankRates=[4, 4, 4, 4, 4]
H6H10 seat=1 publicVP=4 standing=5.071625 production=[0.16666666666666666, 0.16666666666666666, 0.0, 0.6666666666666667, 0.0] bankRates=[4, 4, 4, 4, 2]
H6H10 seat=2 publicVP=1 standing=1.5174930555555555 production=[0.0, 0.1388888888888889, 0.0, 0.0, 0.1388888888888889] bankRates=[4, 4, 4, 4, 4]
H6H10 seat=3 publicVP=0 standing=0.0 production=[0.0, 0.0, 0.0, 0.0, 0.0] bankRates=[4, 4, 4, 4, 4]
H6H10 candidate=moveRobber(CatanEngine.HexCoordinate(q: -1, r: 1), stealFrom: nil) deltaVsEnd=-0.20548577222222164 cardsDelta=0 roadLengthDelta=0 linearRoadCredit=0.0 sites=0 approaches=0
H6H10 candidate=moveRobber(CatanEngine.HexCoordinate(q: 2, r: 0), stealFrom: nil) deltaVsEnd=0.0 cardsDelta=0 roadLengthDelta=0 linearRoadCredit=0.0 sites=0 approaches=0
◇ Test case passing 2 arguments selfCollateral → true, steal → false to robberPolicyTraceUsesItsCompleteLegalMask(selfCollateral:steal:) started.
H6H10 H6 collateral=false steal=true policy=evaluation-city-production-v1 chosen=moveRobber(CatanEngine.HexCoordinate(q: 2, r: 0), stealFrom: Optional(CatanEngine.PlayerID(index: 1))) score=-3.786231065277778
H6H10 seat=0 publicVP=0 standing=0.0 production=[0.0, 0.0, 0.0, 0.0, 0.0] bankRates=[4, 4, 4, 4, 4]
H6H10 seat=1 publicVP=4 standing=5.159755 production=[0.16666666666666666, 0.16666666666666666, 0.0, 0.6666666666666667, 0.0] bankRates=[4, 4, 4, 4, 2]
H6H10 seat=2 publicVP=1 standing=1.6056230555555555 production=[0.0, 0.1388888888888889, 0.0, 0.0, 0.1388888888888889] bankRates=[4, 4, 4, 4, 4]
H6H10 seat=3 publicVP=0 standing=0.0 production=[0.0, 0.0, 0.0, 0.0, 0.0] bankRates=[4, 4, 4, 4, 4]
H6H10 candidate=moveRobber(CatanEngine.HexCoordinate(q: -1, r: 1), stealFrom: Optional(CatanEngine.PlayerID(index: 2))) deltaVsEnd=-0.27633347922222073 cardsDelta=1 roadLengthDelta=0 linearRoadCredit=0.0 sites=0 approaches=0
H6H10 candidate=moveRobber(CatanEngine.HexCoordinate(q: 2, r: 0), stealFrom: Optional(CatanEngine.PlayerID(index: 1))) deltaVsEnd=0.0 cardsDelta=1 roadLengthDelta=0 linearRoadCredit=0.0 sites=0 approaches=0
◇ Test case passing 2 arguments selfCollateral → true, steal → true to robberPolicyTraceUsesItsCompleteLegalMask(selfCollateral:steal:) started.
H6H10 H6 collateral=true steal=false policy=evaluation-v1 chosen=moveRobber(CatanEngine.HexCoordinate(q: 2, r: -1), stealFrom: nil) score=-1.4512292727777778
H6H10 seat=0 publicVP=2 standing=2.4546930555555555 production=[0.0, 0.0, 0.0, 0.2777777777777778, 0.0] bankRates=[3, 3, 3, 3, 3]
H6H10 seat=1 publicVP=4 standing=5.071625 production=[0.16666666666666666, 0.16666666666666666, 0.0, 0.6666666666666667, 0.0] bankRates=[4, 4, 4, 4, 2]
H6H10 seat=2 publicVP=1 standing=1.5174930555555555 production=[0.0, 0.1388888888888889, 0.0, 0.0, 0.1388888888888889] bankRates=[4, 4, 4, 4, 4]
H6H10 seat=3 publicVP=0 standing=0.0 production=[0.0, 0.0, 0.0, 0.0, 0.0] bankRates=[4, 4, 4, 4, 4]
H6H10 candidate=moveRobber(CatanEngine.HexCoordinate(q: -1, r: 1), stealFrom: nil) deltaVsEnd=-0.17115700916666654 cardsDelta=0 roadLengthDelta=0 linearRoadCredit=0.0 sites=0 approaches=6
H6H10 candidate=moveRobber(CatanEngine.HexCoordinate(q: 2, r: 0), stealFrom: nil) deltaVsEnd=-0.2215767925000005 cardsDelta=0 roadLengthDelta=0 linearRoadCredit=0.0 sites=0 approaches=6
H6H10 candidate=moveRobber(CatanEngine.HexCoordinate(q: 2, r: -1), stealFrom: nil) deltaVsEnd=0.0 cardsDelta=0 roadLengthDelta=0 linearRoadCredit=0.0 sites=0 approaches=6
H6H10 H6 collateral=true steal=true policy=evaluation-v1 chosen=moveRobber(CatanEngine.HexCoordinate(q: 2, r: -1), stealFrom: Optional(CatanEngine.PlayerID(index: 1))) score=-1.3658667727777778
H6H10 seat=0 publicVP=2 standing=2.4546930555555555 production=[0.0, 0.0, 0.0, 0.2777777777777778, 0.0] bankRates=[3, 3, 3, 3, 3]
H6H10 seat=1 publicVP=4 standing=5.159755 production=[0.16666666666666666, 0.16666666666666666, 0.0, 0.6666666666666667, 0.0] bankRates=[4, 4, 4, 4, 2]
H6H10 seat=2 publicVP=1 standing=1.6056230555555555 production=[0.0, 0.1388888888888889, 0.0, 0.0, 0.1388888888888889] bankRates=[4, 4, 4, 4, 4]
H6H10 seat=3 publicVP=0 standing=0.0 production=[0.0, 0.0, 0.0, 0.0, 0.0] bankRates=[4, 4, 4, 4, 4]
H6H10 candidate=moveRobber(CatanEngine.HexCoordinate(q: -1, r: 1), stealFrom: Optional(CatanEngine.PlayerID(index: 2))) deltaVsEnd=-0.24200471616666608 cardsDelta=1 roadLengthDelta=0 linearRoadCredit=0.0 sites=0 approaches=6
H6H10 candidate=moveRobber(CatanEngine.HexCoordinate(q: 2, r: 0), stealFrom: Optional(CatanEngine.PlayerID(index: 1))) deltaVsEnd=-0.2215767925000005 cardsDelta=1 roadLengthDelta=0 linearRoadCredit=0.0 sites=0 approaches=6
H6H10 candidate=moveRobber(CatanEngine.HexCoordinate(q: 2, r: -1), stealFrom: Optional(CatanEngine.PlayerID(index: 1))) deltaVsEnd=0.0 cardsDelta=1 roadLengthDelta=0 linearRoadCredit=0.0 sites=0 approaches=6
H6H10 H6 collateral=true steal=false policy=evaluation-city-production-v1 chosen=moveRobber(CatanEngine.HexCoordinate(q: 2, r: -1), stealFrom: nil) score=-1.4512292727777778
H6H10 seat=0 publicVP=2 standing=2.4546930555555555 production=[0.0, 0.0, 0.0, 0.2777777777777778, 0.0] bankRates=[3, 3, 3, 3, 3]
H6H10 seat=1 publicVP=4 standing=5.071625 production=[0.16666666666666666, 0.16666666666666666, 0.0, 0.6666666666666667, 0.0] bankRates=[4, 4, 4, 4, 2]
H6H10 seat=2 publicVP=1 standing=1.5174930555555555 production=[0.0, 0.1388888888888889, 0.0, 0.0, 0.1388888888888889] bankRates=[4, 4, 4, 4, 4]
H6H10 seat=3 publicVP=0 standing=0.0 production=[0.0, 0.0, 0.0, 0.0, 0.0] bankRates=[4, 4, 4, 4, 4]
H6H10 candidate=moveRobber(CatanEngine.HexCoordinate(q: -1, r: 1), stealFrom: nil) deltaVsEnd=-0.17115700916666654 cardsDelta=0 roadLengthDelta=0 linearRoadCredit=0.0 sites=0 approaches=6
H6H10 candidate=moveRobber(CatanEngine.HexCoordinate(q: 2, r: 0), stealFrom: nil) deltaVsEnd=-0.2215767925000005 cardsDelta=0 roadLengthDelta=0 linearRoadCredit=0.0 sites=0 approaches=6
H6H10 candidate=moveRobber(CatanEngine.HexCoordinate(q: 2, r: -1), stealFrom: nil) deltaVsEnd=0.0 cardsDelta=0 roadLengthDelta=0 linearRoadCredit=0.0 sites=0 approaches=6
✔ Test exchangesOnlyTheSurplusToCompleteAShip(tier:) with 2 test cases passed after 31.809 seconds.
◇ Test case passing 1 argument handSize → 7 to roadAndSpendDownTraceUsesActualExpertChoice(handSize:) started.
H6H10 H6 collateral=true steal=true policy=evaluation-city-production-v1 chosen=moveRobber(CatanEngine.HexCoordinate(q: 2, r: -1), stealFrom: Optional(CatanEngine.PlayerID(index: 1))) score=-1.3658667727777778
H6H10 seat=0 publicVP=2 standing=2.4546930555555555 production=[0.0, 0.0, 0.0, 0.2777777777777778, 0.0] bankRates=[3, 3, 3, 3, 3]
H6H10 seat=1 publicVP=4 standing=5.159755 production=[0.16666666666666666, 0.16666666666666666, 0.0, 0.6666666666666667, 0.0] bankRates=[4, 4, 4, 4, 2]
H6H10 seat=2 publicVP=1 standing=1.6056230555555555 production=[0.0, 0.1388888888888889, 0.0, 0.0, 0.1388888888888889] bankRates=[4, 4, 4, 4, 4]
H6H10 seat=3 publicVP=0 standing=0.0 production=[0.0, 0.0, 0.0, 0.0, 0.0] bankRates=[4, 4, 4, 4, 4]
H6H10 candidate=moveRobber(CatanEngine.HexCoordinate(q: -1, r: 1), stealFrom: Optional(CatanEngine.PlayerID(index: 2))) deltaVsEnd=-0.24200471616666608 cardsDelta=1 roadLengthDelta=0 linearRoadCredit=0.0 sites=0 approaches=6
H6H10 candidate=moveRobber(CatanEngine.HexCoordinate(q: 2, r: 0), stealFrom: Optional(CatanEngine.PlayerID(index: 1))) deltaVsEnd=-0.2215767925000005 cardsDelta=1 roadLengthDelta=0 linearRoadCredit=0.0 sites=0 approaches=6
H6H10 candidate=moveRobber(CatanEngine.HexCoordinate(q: 2, r: -1), stealFrom: Optional(CatanEngine.PlayerID(index: 1))) deltaVsEnd=0.0 cardsDelta=1 roadLengthDelta=0 linearRoadCredit=0.0 sites=0 approaches=6
◇ Test case passing 1 argument handSize → 8 to roadAndSpendDownTraceUsesActualExpertChoice(handSize:) started.
H6H10 H10 hand=7 discipline=off policy=evaluation-v1 chosen=buildRoad(CatanEngine.EdgeID(a: CatanEngine.VertexID(touchingTiles: [CatanEngine.HexCoordinate(q: -3, r: 2), CatanEngine.HexCoordinate(q: -3, r: 3), CatanEngine.HexCoordinate(q: -2, r: 2)]), b: CatanEngine.VertexID(touchingTiles: [CatanEngine.HexCoordinate(q: -3, r: 3), CatanEngine.HexCoordinate(q: -2, r: 2), CatanEngine.HexCoordinate(q: -2, r: 3)]))) score=2.2943838349999996
H6H10 seat=0 publicVP=5 standing=6.699601388888889 production=[0.0, 0.3055555555555556, 0.08333333333333333, 0.2222222222222222, 0.08333333333333333] bankRates=[3, 3, 2, 3, 3]
H6H10 seat=1 publicVP=3 standing=5.501794444444444 production=[0.0, 0.0, 0.05555555555555555, 0.0, 0.0] bankRates=[2, 4, 4, 4, 4]
H6H10 seat=2 publicVP=0 standing=0.0 production=[0.0, 0.0, 0.0, 0.0, 0.0] bankRates=[4, 4, 4, 4, 4]
H6H10 seat=3 publicVP=0 standing=0.0 production=[0.0, 0.0, 0.0, 0.0, 0.0] bankRates=[4, 4, 4, 4, 4]
H6H10 candidate=endTurn deltaVsEnd=0.0 cardsDelta=0 roadLengthDelta=0 linearRoadCredit=0.0 sites=0 approaches=0
H6H10 candidate=buildRoad(CatanEngine.EdgeID(a: CatanEngine.VertexID(touchingTiles: [CatanEngine.HexCoordinate(q: -3, r: 2), CatanEngine.HexCoordinate(q: -3, r: 3), CatanEngine.HexCoordinate(q: -2, r: 2)]), b: CatanEngine.VertexID(touchingTiles: [CatanEngine.HexCoordinate(q: -3, r: 3), CatanEngine.HexCoordinate(q: -2, r: 2), CatanEngine.HexCoordinate(q: -2, r: 3)]))) deltaVsEnd=0.017674999999999663 cardsDelta=-2 roadLengthDelta=2 linearRoadCredit=0.1776 sites=0 approaches=0
H6H10 candidate=buildRoad(CatanEngine.EdgeID(a: CatanEngine.VertexID(touchingTiles: [CatanEngine.HexCoordinate(q: -2, r: 1), CatanEngine.HexCoordinate(q: -2, r: 2), CatanEngine.HexCoordinate(q: -1, r: 1)]), b: CatanEngine.VertexID(touchingTiles: [CatanEngine.HexCoordinate(q: -2, r: 1), CatanEngine.HexCoordinate(q: -1, r: 0), CatanEngine.HexCoordinate(q: -1, r: 1)]))) deltaVsEnd=0.017674999999999663 cardsDelta=-2 roadLengthDelta=2 linearRoadCredit=0.1776 sites=0 approaches=0
H6H10 candidate=buildRoad(CatanEngine.EdgeID(a: CatanEngine.VertexID(touchingTiles: [CatanEngine.HexCoordinate(q: -2, r: 1), CatanEngine.HexCoordinate(q: -2, r: 2), CatanEngine.HexCoordinate(q: -1, r: 1)]), b: CatanEngine.VertexID(touchingTiles: [CatanEngine.HexCoordinate(q: -2, r: 2), CatanEngine.HexCoordinate(q: -1, r: 1), CatanEngine.HexCoordinate(q: -1, r: 2)]))) deltaVsEnd=0.017674999999999663 cardsDelta=-2 roadLengthDelta=2 linearRoadCredit=0.1776 sites=0 approaches=0
H6H10 H10 hand=7 discipline=on policy=evaluation-v1 chosen=buildRoad(CatanEngine.EdgeID(a: CatanEngine.VertexID(touchingTiles: [CatanEngine.HexCoordinate(q: -3, r: 2), CatanEngine.HexCoordinate(q: -3, r: 3), CatanEngine.HexCoordinate(q: -2, r: 2)]), b: CatanEngine.VertexID(touchingTiles: [CatanEngine.HexCoordinate(q: -3, r: 3), CatanEngine.HexCoordinate(q: -2, r: 2), CatanEngine.HexCoordinate(q: -2, r: 3)]))) score=2.2943838349999996
H6H10 seat=0 publicVP=5 standing=6.699601388888889 production=[0.0, 0.3055555555555556, 0.08333333333333333, 0.2222222222222222, 0.08333333333333333] bankRates=[3, 3, 2, 3, 3]
H6H10 seat=1 publicVP=3 standing=5.501794444444444 production=[0.0, 0.0, 0.05555555555555555, 0.0, 0.0] bankRates=[2, 4, 4, 4, 4]
H6H10 seat=2 publicVP=0 standing=0.0 production=[0.0, 0.0, 0.0, 0.0, 0.0] bankRates=[4, 4, 4, 4, 4]
H6H10 seat=3 publicVP=0 standing=0.0 production=[0.0, 0.0, 0.0, 0.0, 0.0] bankRates=[4, 4, 4, 4, 4]
H6H10 candidate=endTurn deltaVsEnd=0.0 cardsDelta=0 roadLengthDelta=0 linearRoadCredit=0.0 sites=0 approaches=0
H6H10 candidate=buildRoad(CatanEngine.EdgeID(a: CatanEngine.VertexID(touchingTiles: [CatanEngine.HexCoordinate(q: -3, r: 2), CatanEngine.HexCoordinate(q: -3, r: 3), CatanEngine.HexCoordinate(q: -2, r: 2)]), b: CatanEngine.VertexID(touchingTiles: [CatanEngine.HexCoordinate(q: -3, r: 3), CatanEngine.HexCoordinate(q: -2, r: 2), CatanEngine.HexCoordinate(q: -2, r: 3)]))) deltaVsEnd=0.017674999999999663 cardsDelta=-2 roadLengthDelta=2 linearRoadCredit=0.1776 sites=0 approaches=0
H6H10 candidate=buildRoad(CatanEngine.EdgeID(a: CatanEngine.VertexID(touchingTiles: [CatanEngine.HexCoordinate(q: -2, r: 1), CatanEngine.HexCoordinate(q: -2, r: 2), CatanEngine.HexCoordinate(q: -1, r: 1)]), b: CatanEngine.VertexID(touchingTiles: [CatanEngine.HexCoordinate(q: -2, r: 1), CatanEngine.HexCoordinate(q: -1, r: 0), CatanEngine.HexCoordinate(q: -1, r: 1)]))) deltaVsEnd=0.017674999999999663 cardsDelta=-2 roadLengthDelta=2 linearRoadCredit=0.1776 sites=0 approaches=0
H6H10 candidate=buildRoad(CatanEngine.EdgeID(a: CatanEngine.VertexID(touchingTiles: [CatanEngine.HexCoordinate(q: -2, r: 1), CatanEngine.HexCoordinate(q: -2, r: 2), CatanEngine.HexCoordinate(q: -1, r: 1)]), b: CatanEngine.VertexID(touchingTiles: [CatanEngine.HexCoordinate(q: -2, r: 2), CatanEngine.HexCoordinate(q: -1, r: 1), CatanEngine.HexCoordinate(q: -1, r: 2)]))) deltaVsEnd=0.017674999999999663 cardsDelta=-2 roadLengthDelta=2 linearRoadCredit=0.1776 sites=0 approaches=0
H6H10 override=false revision=legacy hand=7
H6H10 H10 hand=8 discipline=off policy=evaluation-v1 chosen=buildRoad(CatanEngine.EdgeID(a: CatanEngine.VertexID(touchingTiles: [CatanEngine.HexCoordinate(q: -3, r: 2), CatanEngine.HexCoordinate(q: -3, r: 3), CatanEngine.HexCoordinate(q: -2, r: 2)]), b: CatanEngine.VertexID(touchingTiles: [CatanEngine.HexCoordinate(q: -3, r: 3), CatanEngine.HexCoordinate(q: -2, r: 2), CatanEngine.HexCoordinate(q: -2, r: 3)]))) score=2.3512838350000003
H6H10 seat=0 publicVP=5 standing=6.692351388888889 production=[0.0, 0.3055555555555556, 0.08333333333333333, 0.2222222222222222, 0.08333333333333333] bankRates=[3, 3, 2, 3, 3]
H6H10 seat=1 publicVP=3 standing=5.501794444444444 production=[0.0, 0.0, 0.05555555555555555, 0.0, 0.0] bankRates=[2, 4, 4, 4, 4]
H6H10 seat=2 publicVP=0 standing=0.0 production=[0.0, 0.0, 0.0, 0.0, 0.0] bankRates=[4, 4, 4, 4, 4]
H6H10 seat=3 publicVP=0 standing=0.0 production=[0.0, 0.0, 0.0, 0.0, 0.0] bankRates=[4, 4, 4, 4, 4]
H6H10 candidate=endTurn deltaVsEnd=0.0 cardsDelta=0 roadLengthDelta=0 linearRoadCredit=0.0 sites=0 approaches=0
H6H10 candidate=buildRoad(CatanEngine.EdgeID(a: CatanEngine.VertexID(touchingTiles: [CatanEngine.HexCoordinate(q: -3, r: 2), CatanEngine.HexCoordinate(q: -3, r: 3), CatanEngine.HexCoordinate(q: -2, r: 2)]), b: CatanEngine.VertexID(touchingTiles: [CatanEngine.HexCoordinate(q: -3, r: 3), CatanEngine.HexCoordinate(q: -2, r: 2), CatanEngine.HexCoordinate(q: -2, r: 3)]))) deltaVsEnd=0.08182500000000026 cardsDelta=-2 roadLengthDelta=2 linearRoadCredit=0.1776 sites=0 approaches=0
H6H10 candidate=buildRoad(CatanEngine.EdgeID(a: CatanEngine.VertexID(touchingTiles: [CatanEngine.HexCoordinate(q: -2, r: 1), CatanEngine.HexCoordinate(q: -2, r: 2), CatanEngine.HexCoordinate(q: -1, r: 1)]), b: CatanEngine.VertexID(touchingTiles: [CatanEngine.HexCoordinate(q: -2, r: 1), CatanEngine.HexCoordinate(q: -1, r: 0), CatanEngine.HexCoordinate(q: -1, r: 1)]))) deltaVsEnd=0.08182500000000026 cardsDelta=-2 roadLengthDelta=2 linearRoadCredit=0.1776 sites=0 approaches=0
H6H10 candidate=buildRoad(CatanEngine.EdgeID(a: CatanEngine.VertexID(touchingTiles: [CatanEngine.HexCoordinate(q: -2, r: 1), CatanEngine.HexCoordinate(q: -2, r: 2), CatanEngine.HexCoordinate(q: -1, r: 1)]), b: CatanEngine.VertexID(touchingTiles: [CatanEngine.HexCoordinate(q: -2, r: 2), CatanEngine.HexCoordinate(q: -1, r: 1), CatanEngine.HexCoordinate(q: -1, r: 2)]))) deltaVsEnd=0.08182500000000026 cardsDelta=-2 roadLengthDelta=2 linearRoadCredit=0.1776 sites=0 approaches=0
H6H10 H10 hand=7 discipline=off policy=evaluation-city-production-v1 chosen=buildRoad(CatanEngine.EdgeID(a: CatanEngine.VertexID(touchingTiles: [CatanEngine.HexCoordinate(q: -3, r: 2), CatanEngine.HexCoordinate(q: -3, r: 3), CatanEngine.HexCoordinate(q: -2, r: 2)]), b: CatanEngine.VertexID(touchingTiles: [CatanEngine.HexCoordinate(q: -3, r: 3), CatanEngine.HexCoordinate(q: -2, r: 2), CatanEngine.HexCoordinate(q: -2, r: 3)]))) score=2.3138282794444445
H6H10 seat=0 publicVP=5 standing=6.719045833333333 production=[0.0, 0.3055555555555556, 0.08333333333333333, 0.2222222222222222, 0.08333333333333333] bankRates=[3, 3, 2, 3, 3]
H6H10 seat=1 publicVP=3 standing=5.501794444444444 production=[0.0, 0.0, 0.05555555555555555, 0.0, 0.0] bankRates=[2, 4, 4, 4, 4]
H6H10 seat=2 publicVP=0 standing=0.0 production=[0.0, 0.0, 0.0, 0.0, 0.0] bankRates=[4, 4, 4, 4, 4]
H6H10 seat=3 publicVP=0 standing=0.0 production=[0.0, 0.0, 0.0, 0.0, 0.0] bankRates=[4, 4, 4, 4, 4]
H6H10 candidate=endTurn deltaVsEnd=0.0 cardsDelta=0 roadLengthDelta=0 linearRoadCredit=0.0 sites=0 approaches=0
H6H10 candidate=buildRoad(CatanEngine.EdgeID(a: CatanEngine.VertexID(touchingTiles: [CatanEngine.HexCoordinate(q: -3, r: 2), CatanEngine.HexCoordinate(q: -3, r: 3), CatanEngine.HexCoordinate(q: -2, r: 2)]), b: CatanEngine.VertexID(touchingTiles: [CatanEngine.HexCoordinate(q: -3, r: 3), CatanEngine.HexCoordinate(q: -2, r: 2), CatanEngine.HexCoordinate(q: -2, r: 3)]))) deltaVsEnd=0.017674999999999663 cardsDelta=-2 roadLengthDelta=2 linearRoadCredit=0.1776 sites=0 approaches=0
H6H10 candidate=buildRoad(CatanEngine.EdgeID(a: CatanEngine.VertexID(touchingTiles: [CatanEngine.HexCoordinate(q: -2, r: 1), CatanEngine.HexCoordinate(q: -2, r: 2), CatanEngine.HexCoordinate(q: -1, r: 1)]), b: CatanEngine.VertexID(touchingTiles: [CatanEngine.HexCoordinate(q: -2, r: 1), CatanEngine.HexCoordinate(q: -1, r: 0), CatanEngine.HexCoordinate(q: -1, r: 1)]))) deltaVsEnd=0.017674999999999663 cardsDelta=-2 roadLengthDelta=2 linearRoadCredit=0.1776 sites=0 approaches=0
H6H10 candidate=buildRoad(CatanEngine.EdgeID(a: CatanEngine.VertexID(touchingTiles: [CatanEngine.HexCoordinate(q: -2, r: 1), CatanEngine.HexCoordinate(q: -2, r: 2), CatanEngine.HexCoordinate(q: -1, r: 1)]), b: CatanEngine.VertexID(touchingTiles: [CatanEngine.HexCoordinate(q: -2, r: 2), CatanEngine.HexCoordinate(q: -1, r: 1), CatanEngine.HexCoordinate(q: -1, r: 2)]))) deltaVsEnd=0.017674999999999663 cardsDelta=-2 roadLengthDelta=2 linearRoadCredit=0.1776 sites=0 approaches=0
H6H10 H10 hand=8 discipline=on policy=evaluation-v1 chosen=buildRoad(CatanEngine.EdgeID(a: CatanEngine.VertexID(touchingTiles: [CatanEngine.HexCoordinate(q: -3, r: 2), CatanEngine.HexCoordinate(q: -3, r: 3), CatanEngine.HexCoordinate(q: -2, r: 2)]), b: CatanEngine.VertexID(touchingTiles: [CatanEngine.HexCoordinate(q: -3, r: 3), CatanEngine.HexCoordinate(q: -2, r: 2), CatanEngine.HexCoordinate(q: -2, r: 3)]))) score=2.3512838350000003
H6H10 seat=0 publicVP=5 standing=6.692351388888889 production=[0.0, 0.3055555555555556, 0.08333333333333333, 0.2222222222222222, 0.08333333333333333] bankRates=[3, 3, 2, 3, 3]
H6H10 seat=1 publicVP=3 standing=5.501794444444444 production=[0.0, 0.0, 0.05555555555555555, 0.0, 0.0] bankRates=[2, 4, 4, 4, 4]
H6H10 seat=2 publicVP=0 standing=0.0 production=[0.0, 0.0, 0.0, 0.0, 0.0] bankRates=[4, 4, 4, 4, 4]
H6H10 seat=3 publicVP=0 standing=0.0 production=[0.0, 0.0, 0.0, 0.0, 0.0] bankRates=[4, 4, 4, 4, 4]
H6H10 candidate=endTurn deltaVsEnd=0.0 cardsDelta=0 roadLengthDelta=0 linearRoadCredit=0.0 sites=0 approaches=0
H6H10 candidate=buildRoad(CatanEngine.EdgeID(a: CatanEngine.VertexID(touchingTiles: [CatanEngine.HexCoordinate(q: -3, r: 2), CatanEngine.HexCoordinate(q: -3, r: 3), CatanEngine.HexCoordinate(q: -2, r: 2)]), b: CatanEngine.VertexID(touchingTiles: [CatanEngine.HexCoordinate(q: -3, r: 3), CatanEngine.HexCoordinate(q: -2, r: 2), CatanEngine.HexCoordinate(q: -2, r: 3)]))) deltaVsEnd=0.08182500000000026 cardsDelta=-2 roadLengthDelta=2 linearRoadCredit=0.1776 sites=0 approaches=0
H6H10 candidate=buildRoad(CatanEngine.EdgeID(a: CatanEngine.VertexID(touchingTiles: [CatanEngine.HexCoordinate(q: -2, r: 1), CatanEngine.HexCoordinate(q: -2, r: 2), CatanEngine.HexCoordinate(q: -1, r: 1)]), b: CatanEngine.VertexID(touchingTiles: [CatanEngine.HexCoordinate(q: -2, r: 1), CatanEngine.HexCoordinate(q: -1, r: 0), CatanEngine.HexCoordinate(q: -1, r: 1)]))) deltaVsEnd=0.08182500000000026 cardsDelta=-2 roadLengthDelta=2 linearRoadCredit=0.1776 sites=0 approaches=0
H6H10 candidate=buildRoad(CatanEngine.EdgeID(a: CatanEngine.VertexID(touchingTiles: [CatanEngine.HexCoordinate(q: -2, r: 1), CatanEngine.HexCoordinate(q: -2, r: 2), CatanEngine.HexCoordinate(q: -1, r: 1)]), b: CatanEngine.VertexID(touchingTiles: [CatanEngine.HexCoordinate(q: -2, r: 2), CatanEngine.HexCoordinate(q: -1, r: 1), CatanEngine.HexCoordinate(q: -1, r: 2)]))) deltaVsEnd=0.08182500000000026 cardsDelta=-2 roadLengthDelta=2 linearRoadCredit=0.1776 sites=0 approaches=0
H6H10 override=false revision=legacy hand=8
H6H10 H10 hand=7 discipline=on policy=evaluation-city-production-v1 chosen=buildRoad(CatanEngine.EdgeID(a: CatanEngine.VertexID(touchingTiles: [CatanEngine.HexCoordinate(q: -3, r: 2), CatanEngine.HexCoordinate(q: -3, r: 3), CatanEngine.HexCoordinate(q: -2, r: 2)]), b: CatanEngine.VertexID(touchingTiles: [CatanEngine.HexCoordinate(q: -3, r: 3), CatanEngine.HexCoordinate(q: -2, r: 2), CatanEngine.HexCoordinate(q: -2, r: 3)]))) score=2.3138282794444445
H6H10 seat=0 publicVP=5 standing=6.719045833333333 production=[0.0, 0.3055555555555556, 0.08333333333333333, 0.2222222222222222, 0.08333333333333333] bankRates=[3, 3, 2, 3, 3]
H6H10 seat=1 publicVP=3 standing=5.501794444444444 production=[0.0, 0.0, 0.05555555555555555, 0.0, 0.0] bankRates=[2, 4, 4, 4, 4]
H6H10 seat=2 publicVP=0 standing=0.0 production=[0.0, 0.0, 0.0, 0.0, 0.0] bankRates=[4, 4, 4, 4, 4]
H6H10 seat=3 publicVP=0 standing=0.0 production=[0.0, 0.0, 0.0, 0.0, 0.0] bankRates=[4, 4, 4, 4, 4]
H6H10 candidate=endTurn deltaVsEnd=0.0 cardsDelta=0 roadLengthDelta=0 linearRoadCredit=0.0 sites=0 approaches=0
H6H10 candidate=buildRoad(CatanEngine.EdgeID(a: CatanEngine.VertexID(touchingTiles: [CatanEngine.HexCoordinate(q: -3, r: 2), CatanEngine.HexCoordinate(q: -3, r: 3), CatanEngine.HexCoordinate(q: -2, r: 2)]), b: CatanEngine.VertexID(touchingTiles: [CatanEngine.HexCoordinate(q: -3, r: 3), CatanEngine.HexCoordinate(q: -2, r: 2), CatanEngine.HexCoordinate(q: -2, r: 3)]))) deltaVsEnd=0.017674999999999663 cardsDelta=-2 roadLengthDelta=2 linearRoadCredit=0.1776 sites=0 approaches=0
H6H10 candidate=buildRoad(CatanEngine.EdgeID(a: CatanEngine.VertexID(touchingTiles: [CatanEngine.HexCoordinate(q: -2, r: 1), CatanEngine.HexCoordinate(q: -2, r: 2), CatanEngine.HexCoordinate(q: -1, r: 1)]), b: CatanEngine.VertexID(touchingTiles: [CatanEngine.HexCoordinate(q: -2, r: 1), CatanEngine.HexCoordinate(q: -1, r: 0), CatanEngine.HexCoordinate(q: -1, r: 1)]))) deltaVsEnd=0.017674999999999663 cardsDelta=-2 roadLengthDelta=2 linearRoadCredit=0.1776 sites=0 approaches=0
H6H10 candidate=buildRoad(CatanEngine.EdgeID(a: CatanEngine.VertexID(touchingTiles: [CatanEngine.HexCoordinate(q: -2, r: 1), CatanEngine.HexCoordinate(q: -2, r: 2), CatanEngine.HexCoordinate(q: -1, r: 1)]), b: CatanEngine.VertexID(touchingTiles: [CatanEngine.HexCoordinate(q: -2, r: 2), CatanEngine.HexCoordinate(q: -1, r: 1), CatanEngine.HexCoordinate(q: -1, r: 2)]))) deltaVsEnd=0.017674999999999663 cardsDelta=-2 roadLengthDelta=2 linearRoadCredit=0.1776 sites=0 approaches=0
H6H10 override=false revision=cityProductionV1 hand=7
H6H10 H10 hand=8 discipline=off policy=evaluation-city-production-v1 chosen=buildRoad(CatanEngine.EdgeID(a: CatanEngine.VertexID(touchingTiles: [CatanEngine.HexCoordinate(q: -3, r: 2), CatanEngine.HexCoordinate(q: -3, r: 3), CatanEngine.HexCoordinate(q: -2, r: 2)]), b: CatanEngine.VertexID(touchingTiles: [CatanEngine.HexCoordinate(q: -3, r: 3), CatanEngine.HexCoordinate(q: -2, r: 2), CatanEngine.HexCoordinate(q: -2, r: 3)]))) score=2.370728279444445
H6H10 seat=0 publicVP=5 standing=6.711795833333333 production=[0.0, 0.3055555555555556, 0.08333333333333333, 0.2222222222222222, 0.08333333333333333] bankRates=[3, 3, 2, 3, 3]
H6H10 seat=1 publicVP=3 standing=5.501794444444444 production=[0.0, 0.0, 0.05555555555555555, 0.0, 0.0] bankRates=[2, 4, 4, 4, 4]
H6H10 seat=2 publicVP=0 standing=0.0 production=[0.0, 0.0, 0.0, 0.0, 0.0] bankRates=[4, 4, 4, 4, 4]
H6H10 seat=3 publicVP=0 standing=0.0 production=[0.0, 0.0, 0.0, 0.0, 0.0] bankRates=[4, 4, 4, 4, 4]
H6H10 candidate=endTurn deltaVsEnd=0.0 cardsDelta=0 roadLengthDelta=0 linearRoadCredit=0.0 sites=0 approaches=0
H6H10 candidate=buildRoad(CatanEngine.EdgeID(a: CatanEngine.VertexID(touchingTiles: [CatanEngine.HexCoordinate(q: -3, r: 2), CatanEngine.HexCoordinate(q: -3, r: 3), CatanEngine.HexCoordinate(q: -2, r: 2)]), b: CatanEngine.VertexID(touchingTiles: [CatanEngine.HexCoordinate(q: -3, r: 3), CatanEngine.HexCoordinate(q: -2, r: 2), CatanEngine.HexCoordinate(q: -2, r: 3)]))) deltaVsEnd=0.08182500000000026 cardsDelta=-2 roadLengthDelta=2 linearRoadCredit=0.1776 sites=0 approaches=0
H6H10 candidate=buildRoad(CatanEngine.EdgeID(a: CatanEngine.VertexID(touchingTiles: [CatanEngine.HexCoordinate(q: -2, r: 1), CatanEngine.HexCoordinate(q: -2, r: 2), CatanEngine.HexCoordinate(q: -1, r: 1)]), b: CatanEngine.VertexID(touchingTiles: [CatanEngine.HexCoordinate(q: -2, r: 1), CatanEngine.HexCoordinate(q: -1, r: 0), CatanEngine.HexCoordinate(q: -1, r: 1)]))) deltaVsEnd=0.08182500000000026 cardsDelta=-2 roadLengthDelta=2 linearRoadCredit=0.1776 sites=0 approaches=0
H6H10 candidate=buildRoad(CatanEngine.EdgeID(a: CatanEngine.VertexID(touchingTiles: [CatanEngine.HexCoordinate(q: -2, r: 1), CatanEngine.HexCoordinate(q: -2, r: 2), CatanEngine.HexCoordinate(q: -1, r: 1)]), b: CatanEngine.VertexID(touchingTiles: [CatanEngine.HexCoordinate(q: -2, r: 2), CatanEngine.HexCoordinate(q: -1, r: 1), CatanEngine.HexCoordinate(q: -1, r: 2)]))) deltaVsEnd=0.08182500000000026 cardsDelta=-2 roadLengthDelta=2 linearRoadCredit=0.1776 sites=0 approaches=0
H6H10 H10 hand=8 discipline=on policy=evaluation-city-production-v1 chosen=buildRoad(CatanEngine.EdgeID(a: CatanEngine.VertexID(touchingTiles: [CatanEngine.HexCoordinate(q: -3, r: 2), CatanEngine.HexCoordinate(q: -3, r: 3), CatanEngine.HexCoordinate(q: -2, r: 2)]), b: CatanEngine.VertexID(touchingTiles: [CatanEngine.HexCoordinate(q: -3, r: 3), CatanEngine.HexCoordinate(q: -2, r: 2), CatanEngine.HexCoordinate(q: -2, r: 3)]))) score=2.370728279444445
H6H10 seat=0 publicVP=5 standing=6.711795833333333 production=[0.0, 0.3055555555555556, 0.08333333333333333, 0.2222222222222222, 0.08333333333333333] bankRates=[3, 3, 2, 3, 3]
H6H10 seat=1 publicVP=3 standing=5.501794444444444 production=[0.0, 0.0, 0.05555555555555555, 0.0, 0.0] bankRates=[2, 4, 4, 4, 4]
H6H10 seat=2 publicVP=0 standing=0.0 production=[0.0, 0.0, 0.0, 0.0, 0.0] bankRates=[4, 4, 4, 4, 4]
H6H10 seat=3 publicVP=0 standing=0.0 production=[0.0, 0.0, 0.0, 0.0, 0.0] bankRates=[4, 4, 4, 4, 4]
H6H10 candidate=endTurn deltaVsEnd=0.0 cardsDelta=0 roadLengthDelta=0 linearRoadCredit=0.0 sites=0 approaches=0
H6H10 candidate=buildRoad(CatanEngine.EdgeID(a: CatanEngine.VertexID(touchingTiles: [CatanEngine.HexCoordinate(q: -3, r: 2), CatanEngine.HexCoordinate(q: -3, r: 3), CatanEngine.HexCoordinate(q: -2, r: 2)]), b: CatanEngine.VertexID(touchingTiles: [CatanEngine.HexCoordinate(q: -3, r: 3), CatanEngine.HexCoordinate(q: -2, r: 2), CatanEngine.HexCoordinate(q: -2, r: 3)]))) deltaVsEnd=0.08182500000000026 cardsDelta=-2 roadLengthDelta=2 linearRoadCredit=0.1776 sites=0 approaches=0
H6H10 candidate=buildRoad(CatanEngine.EdgeID(a: CatanEngine.VertexID(touchingTiles: [CatanEngine.HexCoordinate(q: -2, r: 1), CatanEngine.HexCoordinate(q: -2, r: 2), CatanEngine.HexCoordinate(q: -1, r: 1)]), b: CatanEngine.VertexID(touchingTiles: [CatanEngine.HexCoordinate(q: -2, r: 1), CatanEngine.HexCoordinate(q: -1, r: 0), CatanEngine.HexCoordinate(q: -1, r: 1)]))) deltaVsEnd=0.08182500000000026 cardsDelta=-2 roadLengthDelta=2 linearRoadCredit=0.1776 sites=0 approaches=0
H6H10 candidate=buildRoad(CatanEngine.EdgeID(a: CatanEngine.VertexID(touchingTiles: [CatanEngine.HexCoordinate(q: -2, r: 1), CatanEngine.HexCoordinate(q: -2, r: 2), CatanEngine.HexCoordinate(q: -1, r: 1)]), b: CatanEngine.VertexID(touchingTiles: [CatanEngine.HexCoordinate(q: -2, r: 2), CatanEngine.HexCoordinate(q: -1, r: 1), CatanEngine.HexCoordinate(q: -1, r: 2)]))) deltaVsEnd=0.08182500000000026 cardsDelta=-2 roadLengthDelta=2 linearRoadCredit=0.1776 sites=0 approaches=0
H6H10 override=false revision=cityProductionV1 hand=8
◇ Test case passing 1 argument blockWithCity → false to blockedPathsAgreeWithEngineAndKeepLegalDetours(blockWithCity:) started.
◇ Test case passing 1 argument blockWithCity → true to blockedPathsAgreeWithEngineAndKeepLegalDetours(blockWithCity:) started.
✔ Test adaptersDeliberatelySelectNavalBrains() passed after 33.096 seconds.
✔ Test aWinningLargestArmyKnightClosesTheGame(tier:) with 2 test cases passed after 33.096 seconds.
✔ Test botAlwaysReturnsALegalMove() passed after 33.096 seconds.
✔ Test robbingTheLeaderIsCounted() passed after 33.096 seconds.
✔ Test discardsSurplusWithoutDismantlingAFundedVoyage(tier:) with 2 test cases passed after 33.096 seconds.
✔ Test acceptedAndRejectedResponsesDrawFromDisjointPools() passed after 33.096 seconds.
✔ Test aCertainPurchaseAndLandingWinBeatsAHigherThanNinetyPercentDraw() passed after 33.097 seconds.
✔ Test scoreAddsLongestRoadSwingBonusWhenOneSegmentFromQualifying() passed after 33.096 seconds.
✔ Test expertReplacementHullDoesNotRenewTheFirstExpeditionPremium() passed after 33.096 seconds.
✔ Test proposesAGenerousUnlockTradeAfterTheOrdinaryOfferIsDeclined() passed after 33.096 seconds.
✔ Test radarMeasuresAverageAcrossGames() passed after 33.096 seconds.
✔ Test everyLineFitsTheIncomingCardsCharacterBudget() passed after 33.096 seconds.
✔ Test flexibleProductionIsAllocatedOnceAcrossRecipeDeficits() passed after 33.139 seconds.
✔ Test threeSeatGamesReachAWinner() passed after 33.140 seconds.
✔ Test behaviorMetricsCountOnlyTheObservedSeat() passed after 43.216 seconds.
✔ Test owningEveryVictoryCardRemovesTheFalseImmediateDrawPremium(tier:) with 2 test cases passed after 43.217 seconds.
✔ Test seededConquestGamesFinishWithOnlyLegalMoves() passed after 43.219 seconds.
✔ Test unscopedDirectCallsDoNotRepeatAnOutstandingNegotiation(tier:) with 2 test cases passed after 43.217 seconds.
✔ Test telemetryKeepsEveryEvaluatedTradeReplyWithoutCountingTheCommittedReplyTwice() passed after 43.217 seconds.
✔ Test buyingValuesTheCaptureTheNewCardCouldEnable() passed after 43.217 seconds.
✔ Test aFootholdOnACrowdedPrimeHexIsWorthSettlingFor() passed after 43.216 seconds.
✔ Test capturePrefersAnOverseasLanding(tier:) with 2 test cases passed after 43.217 seconds.
✔ Test heuristicHonoursANarrowedRollPhaseActionMask() passed after 43.216 seconds.
✔ Test productionCountsTheTakeover() passed after 43.216 seconds.
✔ Test scoreSkipsLargestArmySwingBonusWhenHolderIsFarAhead() passed after 43.268 seconds.
✔ Test expertDoesNotBuyDuplicateAccessWhileAnExistingHullCanDoTheJob() passed after 43.269 seconds.
✔ Test flexibleYieldFundsAShipAndRespectsScarceBank(tier:) with 2 test cases passed after 43.269 seconds.
✔ Test anUnfundedVoyageCanImproveAPoorLandingWithoutGivingUpAccess(tier:) with 2 test cases passed after 43.269 seconds.
✔ Test botsOnlyGameReachesGameOverAcrossSeveralSeeds() passed after 43.271 seconds.
✔ Test hiddenWorldHandsDeckAndFutureRNGCannotChangeDecision(tier:) with 2 test cases passed after 43.268 seconds.
✔ Test theHeuristicBotBeatsRandomPlayFromEverySeat() passed after 43.271 seconds.
✔ Test botsOnlyGameReachesGameOverWithOnlyLegalMoves() passed after 43.302 seconds.
✔ Test expertFundsTheSameFinishingDrawThatItValuesWhenAvailable() passed after 43.302 seconds.
✔ Test buysAFirstHullThenExplores(tier:) with 2 test cases passed after 43.300 seconds.
✔ Test greedySeatsActuallyFinishTheirGames() passed after 43.305 seconds.
✔ Test unknownComponentConnectionsCannotPromiseAColonyPoint() passed after 43.302 seconds.
✔ Test diagnosticsAreOptInAndPreserveEveryRecordedScalar() passed after 43.300 seconds.
✔ Test oldJSONDecodesScalarsVerbatimWithoutInventingComponents() passed after 43.299 seconds.
✔ Test workedTargetsExplainZeroAndPositiveMarginalValues() passed after 43.299 seconds.
✔ Test emptyOffersHaveAvailableEmptyComponentsAndMissingReceiversHaveNoAssessment() passed after 43.299 seconds.
✔ Test costUsesOriginalHandNotTheDeficitCreatedByLosingCards() passed after 43.299 seconds.
✔ Test offlineExplanationLeavesBotMovesAndRNGUnchanged() passed after 43.299 seconds.
✔ Test componentsReconstructTheActualReductions() passed after 43.299 seconds.
✔ Test aCertainSailingWinBeatsEvenANinetyOnePercentFinishingDraw() passed after 43.303 seconds.
✔ Test aLopsidedProposalIsDescribed() passed after 43.341 seconds.
✔ Test roadsCannotPromiseASiteWhoseCoastIsStillHidden() passed after 43.347 seconds.
✔ Test expertFundsAWinnableRoadEvenWithNoSettlementSupplyOrApproach() passed after 43.348 seconds.
✔ Test aPermanentWinningUpgradeBeatsAnotherExpedition(tier:) with 2 test cases passed after 43.347 seconds.
✔ Test robbingTheBiggestHandIsFlagged() passed after 43.340 seconds.
✔ Test responseOnlyMasksPreservePolicyRNG(tier:) with 2 test cases passed after 43.347 seconds.
✔ Test everyMoveHasOneValuePerLabel() passed after 43.340 seconds.
✔ Test robbingTheLeaderIsFlagged() passed after 43.340 seconds.
✔ Test anUnseenHandIsTreatedAsPossiblyHoldingAnything() passed after 43.340 seconds.
✔ Test aSeatBelievedToHoldNothingIsNeverAskedToPay() passed after 43.340 seconds.
✔ Test reOfferingAfterARefusalIsFlagged() passed after 43.334 seconds.
✔ Test atSevenAGhostMayEndItsTurn() passed after 41.628 seconds.
✔ Test revisionsHaveDistinctCheckpointIdentities() passed after 40.760 seconds.
✔ Test matchedProductionAddsTheFrozenValueAndCitiesDoubleIt() passed after 40.760 seconds.
✔ Test onlyAnOwnTurnOverTheThresholdMustSpend() passed after 40.777 seconds.
✔ Test rivalProductionIsValuedWithoutReadingTheirResourceComposition() passed after 40.760 seconds.
✔ Test diagnosticsForwardRevisionWhileUnselectedCallersStayLegacy() passed after 40.754 seconds.
✔ Test blockedCityIngredientEarnsNoExtraStanding() passed after 40.754 seconds.
✔ Test strictNativeThresholdBoundaryIsUnchanged(offset:) with 3 test cases passed after 40.752 seconds.
✔ Test acceptsFundingButPreservesAnAlreadyFundedRecipe(tier:) with 2 test cases passed after 43.347 seconds.
✔ Test expertSpendsDownAHoardedHand() passed after 40.778 seconds.
✔ Test otherPhasesPreservePlainPolicyAndRNG(phaseIndex:seed:) with 10 test cases passed after 40.749 seconds.
✔ Test aPubliclyCertainColonyWinBeatsAProductiveNonwinningCity(tier:) with 2 test cases passed after 43.349 seconds.
✔ Test aHomeCoastIsNotAnOverseasColony() passed after 40.750 seconds.
✔ Test mixedAndAcceptOnlyMasksUseUnchangedFallback(acceptOnly:) with 2 test cases passed after 40.748 seconds.
✔ Test externalResponsesCannotLeaveAStaleDurableBotAnswer(tier:) with 2 test cases passed after 43.341 seconds.
✔ Test matchesOfflineWorkedExamples(example:) with 3 test cases passed after 40.744 seconds.
✔ Test aFitResumesFromItsStartingPoint() passed after 40.744 seconds.
✔ Test anIdleReturnCannotHideBehindResourceStepOrCounterChanges() passed after 40.749 seconds.
✔ Test foundingAColonyJustifiesProductiveBacktracking() passed after 40.749 seconds.
✔ Test aCityUpgradeDoesNotInventNewExpeditionAccess() passed after 40.742 seconds.
✔ Test availabilityControlsNeverInventAcceptanceOrBuilds(depletedSeat:) with 3 test cases passed after 40.741 seconds.
✔ Test bundleAndQuantityUseFinalInventory(quantity:) with 3 test cases passed after 40.738 seconds.
✔ Test actualDiscoveryIsIndependentDestinationProgress() passed after 40.738 seconds.
✔ Test theComposerOffersReservedCardsAndLetsScoringDecide() passed after 40.738 seconds.
✔ Test composedOffersIncludeJakesBundle() passed after 40.738 seconds.
✔ Test aGhostSpendsDownEvenWhenItsHabitsSayEndTheTurn() passed after 41.709 seconds.
✔ Test eachRefusalEscalatesTheNextOfferUnderTheLadder() passed after 40.742 seconds.
✔ Test theGradientMatchesTheLikelihoodOnRelinearisedRecords() passed after 40.671 seconds.
✔ Test noOfferWhenNothingWouldHelp() passed after 40.671 seconds.
✔ Test sailsTowardKnownLandingAndFundsAColony(tier:) with 2 test cases passed after 43.348 seconds.
✔ Test probabilitiesSumToOne() passed after 40.671 seconds.
✔ Test fittingNothingReturnsTheAnchor() passed after 40.668 seconds.
✔ Test worthItKeepsOfferingOnItsOwnTermsAfterARefusal() passed after 40.671 seconds.
✔ Test pricingTwoHandsEqualsScoringTheSettledPosition() passed after 40.668 seconds.
✔ Test aStrongHabitDominatesAtHighLambda() passed after 40.668 seconds.
✔ Test expertDiscountsAnUnfundedVoyageExposedToCapture() passed after 43.348 seconds.
✔ Test theCascadeNeverProposesATradeThatDoesNotHelpTheBot() passed after 40.668 seconds.
✔ Test aHoardedTurnPlaysDownAndEnds() passed after 40.779 seconds.
✔ Test oneWheatShortOfACityAsksForTheWheat() passed after 40.666 seconds.
✔ Test givingAwayOwnedOreCanDestroyExistingDevCardOption() passed after 40.664 seconds.
✔ Test atomicPaymentDoesNotInventDevelopmentCardAffordability() passed after 40.662 seconds.
✔ Test unaffordableAcceptanceHasNoFabricatedAfterState() passed after 40.662 seconds.
✔ Test weightsRoundTripThroughTheirVector() passed after 40.662 seconds.
✔ Test lambdaZeroIgnoresThePerson() passed after 40.666 seconds.
✔ Test woolForOreCompletesPurchaseOnlyWhenPaymentLeavesOre(oreHeld:) with 2 test cases passed after 40.662 seconds.
✔ Test productionReflectsNativeBankShortageWithoutChangingState() passed after 40.662 seconds.
✔ Test affordableCityWithNoSettlementIsNotBuildable() passed after 40.654 seconds.
✔ Test anAvailableSettlementBeatsEndingTheTurn() passed after 40.658 seconds.
✔ Test reachingTheTargetOutweighsEveryOtherTerm() passed after 40.654 seconds.
✔ Test aDevelopmentCardInHandIsWorthSomething() passed after 40.650 seconds.
✔ Test aPointOnTheBoardRaisesTheStanding() passed after 40.649 seconds.
✔ Test aPointTheLeaderAlsoGainsIsWorthLessThanAPointWeGainAlone() passed after 40.649 seconds.
✔ Test negativeShiftClampsThresholdWithoutAcceptingBreakEven() passed after 40.647 seconds.
✔ Test randomPolicyOnlyEverPlaysLegalMoves() passed after 43.350 seconds.
✔ Test theEvaluatorIgnoresWhatItIsNotEntitledToSee() passed after 40.649 seconds.
✔ Test missingReceiverHasNoArithmeticAndEvaluatesFalse() passed after 40.647 seconds.
✔ Test reportsAllThresholdShiftsAndCostOnlyUnlock() passed after 40.647 seconds.
✔ Test expertLaunchPlansAProvableWinningColonyWithinThisTurn() passed after 43.350 seconds.
✔ Test currentExpertCheckpointContinuesTheSameMovesAndRejectsLegacyPolicies() passed after 40.755 seconds.
✔ Test scopedRejectionRecordsTheActualFailedAssessment() passed after 40.647 seconds.
✔ Test exactThresholdTieRejectsButNextLowerThresholdAccepts() passed after 40.647 seconds.
✔ Test scopedRejectionOnlyAndAbsentOfferDoNotInventAssessments() passed after 40.647 seconds.
✔ Test nonTradePhaseLeavesTraceEmpty() passed after 40.647 seconds.
✔ Test reportsWorkedResourceArithmetic() passed after 40.642 seconds.
✔ Test scopedTradeStopsAfterFirstAcceptanceAcrossPersonalities() passed after 40.642 seconds.
✔ Test manualResponsesTrainButTheSameAutomaticMoveDoesNot(accept:) with 2 test cases passed after 40.642 seconds.
✔ Test automaticRejectionStillAppliesBeforeTheNextProposalAndHumanChoice() passed after 40.642 seconds.
✔ Test buildPathPreservesRNGConsumptionAndOmitsUnvisitedFallback() passed after 40.635 seconds.
✔ Test invalidAutomaticMoveStillFailsExtractionWithItsIndex() passed after 40.635 seconds.
✔ Test mainTurnTraceAppendsActualEvaluationsIncludingFallbackPass() passed after 40.635 seconds.
✔ Test aPersonMayOfferMoreThanTheBotLimit() passed after 39.743 seconds.
✔ Test itHidesAcceptanceFromTheWrappedPolicy() passed after 39.743 seconds.
✔ Test neededPaymentStillEarnsCompletionCredit(payment:quantity:) with 24 test cases passed after 39.667 seconds.
✔ Test itNamesItselfAfterWhatItWraps() passed after 39.657 seconds.
✔ Test emptyDeckBlocksPurchaseButNotBaselineCredit(payment:quantity:) with 24 test cases passed after 39.657 seconds.
✔ Test aHumanOfferExpertWouldNeverMakeIsScored() passed after 39.657 seconds.
✔ Test anAcceptanceOnlyMaskIsPassedThroughRatherThanEmptied() passed after 39.644 seconds.
✔ Test irrelevantPaymentReallyCompletesPurchase(payment:quantity:) with 12 test cases passed after 39.644 seconds.
✔ Test everyNonProposalLegalMoveIsScored() passed after 39.643 seconds.
✔ Test aPersonMayOfferTheirLastCardOfAKind() passed after 39.643 seconds.
✔ Test aMoveTheEngineAcceptsButNeverListsIsScored() passed after 39.643 seconds.
✔ Test aBadOfferCanStillBeAccepted() passed after 39.643 seconds.
✔ Test candidateOrderDoesNotDependOnWeights() passed after 39.643 seconds.
✔ Test frozenSlotsNeverMove() passed after 40.740 seconds.
✔ Test approachDistanceCannotExceedRemainingRoadPieces() passed after 39.594 seconds.
✔ Test robberBlocksProbabilityTimesBuildingYield() passed after 39.594 seconds.
✔ Test sharedTileChargesTheRobberMoverForItsOwnCity() passed after 38.912 seconds.
✔ Test seededSelfPlayReproducesExactly() passed after 39.643 seconds.
✔ Test roadProgressFindsARealDistanceLegalSettlement() passed after 38.912 seconds.
✔ Test expertConvertsAnAffordableReachableSiteIntoAPoint() passed after 38.908 seconds.
✔ Test publicRivalStandingAndHiddenVictoryPointsStaySeparate() passed after 38.912 seconds.
✔ Test robberPolicyTraceUsesItsCompleteLegalMask(selfCollateral:steal:) with 4 test cases passed after 38.908 seconds.
✔ Test decodesWithoutACivilization() passed after 38.908 seconds.
✔ Test roundTripsThroughJSON() passed after 38.587 seconds.
✔ Test roadAndSpendDownTraceUsesActualExpertChoice(handSize:) with 2 test cases passed after 38.587 seconds.
✔ Test aPersonModelWithoutALapseDecodes() passed after 38.587 seconds.
✔ Test anOpponentsRoadCannotBecomeAnApproachShortcut() passed after 38.587 seconds.
✔ Test blockedPathsAgreeWithEngineAndKeepLegalDetours(blockWithCity:) with 2 test cases passed after 38.587 seconds.
✔ Test settlementSupplyFiltersSitesAndACityReturnsAPiece() passed after 38.587 seconds.
✔ Test anIncrementalFitKeepsBetaNearThePreviousGhost() passed after 40.751 seconds.
✔ Test anIncrementalFitStaysNearThePreviousGhost() passed after 40.673 seconds.
✔ Test theGreedyAnchorSitsBetweenRandomAndTheHeuristic() passed after 43.353 seconds.
✔ Test botRulesDropProposalsAfterThreeRefusals() passed after 35.578 seconds.
✔ Test aMoveThatDoesNotReplayThrowsWithItsIndex() passed after 35.578 seconds.
✔ Test anAcceptanceThatDoesNotClearTheMarginIsRefused() passed after 35.152 seconds.
✔ Test aTradeThatCompletesACityIsAccepted() passed after 35.152 seconds.
✔ Test aPayersRealHandDoesNotDecideWhetherATradeIsProjected() passed after 33.439 seconds.
✔ Test handingTheLeaderWhatItNeedsCostsMoreThanHandingItToATrailingSeat() passed after 33.439 seconds.
✔ Test aWorseReAskIsRefused() passed after 32.307 seconds.
✔ Test aRegeneratedOfferCountsAsTheSameProposition() passed after 32.307 seconds.
✔ Test aDifferentTradeIsStillAllowed() passed after 32.307 seconds.
✔ Test theIdenticalOfferIsNeverAskedTwice() passed after 32.307 seconds.
✔ Suite NavalPolicyTests passed after 43.355 seconds.
✔ Suite EvaluationBankTradeTests passed after 43.356 seconds.
✔ Suite TradeContributionTests passed after 43.356 seconds.
✔ Suite GhostStyleFeaturesTests passed after 43.355 seconds.
✔ Suite PlannerTradeTests passed after 43.356 seconds.
✔ Suite HandDisciplineTests passed after 43.355 seconds.
✔ Suite ExpertRevisionTests passed after 43.356 seconds.
✔ Suite JointTradeResponsePolicyTests passed after 43.356 seconds.
✔ Suite NavalNavigationDiagnosticsTests passed after 43.356 seconds.
✔ Suite TradeCascadeTests passed after 43.356 seconds.
✔ Suite TradeReviewContextTests passed after 43.356 seconds.
✔ Suite TradeAssessmentTests passed after 43.356 seconds.
✔ Suite GhostTrainingProvenanceTests passed after 43.356 seconds.
✔ Suite GhostCandidateScoringTests passed after 43.356 seconds.
✔ Suite TradeRefusingPolicyTests passed after 43.356 seconds.
✔ Suite TradeAccountingBoundaryTests passed after 43.356 seconds.
✔ Suite HumanReviewStrategyDiagnosticsTests passed after 43.356 seconds.
✔ Suite GhostProfileTests passed after 43.356 seconds.
✔ Suite EvaluationTradeGainTests passed after 43.356 seconds.
✔ Suite EvaluationCounterpartyTests passed after 43.356 seconds.
◇ Test replayingTheSameSeedInThisProcessAlsoMatches() started.
✔ Test offeringMoreForTheSameAskIsAllowed() passed after 32.324 seconds.
✔ Suite EvaluationTradeRepeatTests passed after 43.372 seconds.
✔ Test weightsKeepTheirSignAndStayInTheTrustRegion() passed after 42.225 seconds.
✔ Test replayingTheSameSeedInThisProcessAlsoMatches() passed after 4.730 seconds.
◇ Test conquestSeededSelfPlayReproducesExactly() started.
✔ Test conquestSeededSelfPlayReproducesExactly() passed after 6.669 seconds.
◇ Test expandedSeededSelfPlayReproducesExactly() started.
✔ Test frozenWeightsHaveZeroGradient() passed after 49.886 seconds.
✔ Test theSameSeedProducesTheSameGame() passed after 56.792 seconds.
✔ Test lambdaZeroPlaysExactlyLikeExpert() passed after 57.778 seconds.
✔ Test concurrentHumanAndBotDiscardTurnsNeverCrash() passed after 66.723 seconds.
✔ Test countsAgreeWithTheFinalBoard() passed after 70.795 seconds.
✔ Suite GhostSeatStatsTests passed after 70.798 seconds.
✔ Test gradientPredictsARescore() passed after 67.481 seconds.
✔ Test everyMoveComesFromTheSuppliedMask() passed after 78.137 seconds.
✔ Test theEvaluatorBuysDevelopmentCardsOverAGame() passed after 80.342 seconds.
✔ Suite PositionEvaluatorTests passed after 83.031 seconds.
✔ Test everyRecordNamesAChosenCandidateAndHasFullVectors() passed after 78.375 seconds.
✔ Suite GhostDecisionExtractorTests passed after 86.151 seconds.
✔ Test expandedSeededSelfPlayReproducesExactly() passed after 35.996 seconds.
✔ Suite SelfPlayReproducibility passed after 90.753 seconds.
✔ Test aFewAbsurdlyScoredOptionsDoNotCollapseBeta() passed after 97.018 seconds.
✔ Test aGhostFinishesAGame() passed after 99.905 seconds.
✔ Suite GhostPolicyTests passed after 102.590 seconds.
✔ Test theFitRecoversAKnownPerson() passed after 114.951 seconds.
✔ Suite GhostPersonModelTests passed after 117.562 seconds.
✔ Test aCompleteExternalSeatMatchStaysReloadable(players:) with 2 test cases passed after 117.377 seconds.
✔ Suite NavalMixedSessionTests passed after 120.059 seconds.
✔ Test aFullGameReachesAWinner(mode:) with 2 test cases passed after 402.388 seconds.
✔ Suite EvaluationPolicyTests passed after 405.095 seconds.
✔ Test run with 295 tests in 29 suites passed after 405.095 seconds.

[1m▸ coverage floors[0m
coverage Packages/CatanEngine          96.61%  (floor 95%)
coverage Packages/CatanAI              96.03%  (floor 95%)

[1m▸ gitleaks[0m
12:11PM INF 826 commits scanned.
12:11PM INF scanned ~63441623 bytes (63.44 MB) in 3.69s
12:11PM INF no leaks found

[1m▸ app tests[0m
  QA simulator: 937692FF-BFBF-4683-80E5-2590F5288D56 (2 parallel workers)
** TEST FAILED **
Test case 'BotProgressTests/aSlowBotDoesNotBlockTheMainRunLoop()' failed on 'Clone 2 of Empires QA - Settlers (49259)' (61.039 seconds)
Test case 'BotProgressTests/readerReopeningDoesNotLoseTheResumeKick(reopenBeforeDrain:)' failed on 'Clone 2 of Empires QA - Settlers (49259)' (58.116 seconds)
Test case 'NavalFlowTests.testStackedWorldChooserIncludesAdjacentHullAndMovesOnlyChosenIdentity()' failed on 'Clone 1 of Empires QA - SettlersUITests-Runner (48885)' (16.783 seconds)
Test case 'ReplayExportModelTests/closingDuringActualEncodingCleansUpBeforeAllowingRetry()' failed on 'Clone 2 of Empires QA - Settlers (49259)' (92.730 seconds)

[1m▸ app build (Release)[0m
** BUILD SUCCEEDED **

[1m▸ app build (Debug)[0m
** BUILD SUCCEEDED **

[1m─── summary ───[0m
[32mPASS  xcodegen drift  (0s)[0m
[32mPASS  swiftlint --strict  (0s)[0m
[32mPASS  evaluation tooling  (31s)[0m
[32mPASS  packages build (W=E)  (13s)[0m
[32mPASS  CatanEngine tests  (25s)[0m
[32mPASS  CatanAI tests  (417s)[0m
[32mPASS  coverage floors  (1s)[0m
[32mPASS  gitleaks  (4s)[0m
[31mFAIL  app tests  (1790s)[0m
[32mPASS  app build (Release)  (52s)[0m
[32mPASS  app build (Debug)  (3s)[0m

[31mgate: FAILED[0m
